unit_name,faction,Unit Type,health,save,ward,keywords,weapon_name,weapon_type,attacks,hit,wound,rend,damage,range,ability,Points,Unit Size,move,control,Loadout,Weapon Models,Bought With,warscroll_abilities,rules_source
Beastlord,Beasts of Chaos,Hero,6,4,,"HERO,BEASTS OF CHAOS,BRAYHERD,INFANTRY,CHAOS",Paired Man-ripper Axes,melee,5,3,3,1,2,,"Anti-**^^Hero^^** (+1 Rend), Crit (2 Hits)",150,1,6,2,Default,1,,Hatred of Heroes [Passive] | Call of Battle [Activated · Reaction: You declared a Fight ability for this unit],Beasts of Chaos - Library.cat#9652-a6eb-7e57-9761
Beasts of Chaos Chaos Spawn,Beasts of Chaos,Beast,5,5,,"BEASTS OF CHAOS,CHAOS,BEAST",Freakish Mutations,melee,6,5,4,0,1,,"Crit (2 Hits), Companion",70,1,2D6,1,Default,1,,,Beasts of Chaos - Library.cat#58a2-3a6d-8f77-5f36
Bestigors,Beasts of Chaos,Infantry,2,4,,"CHAOS,INFANTRY,CHAMPION,STANDARD BEARER (1/10),MUSICIAN (1/10),BEASTS OF CHAOS,BRAYHERD",Despoiler Axe,melee,3,4,3,1,1,,Crit (2 Hits),220,10,6,1,Default,10,,"Ferocious Advance [Passive] | Despoilers [Activated · Reaction: Opponent declared the 'All-out Defence' command for a unit within 6"" of this unit]",Beasts of Chaos - Library.cat#e81b-8963-7fe4-f5ed
Bullgors,Beasts of Chaos,Infantry,4,5,,"CHAOS,INFANTRY,CHAMPION,BEASTS OF CHAOS,WARHERD,MUSICIAN (1/3),STANDARD BEARER (1/3)",Man-splitter Axes,melee,4,4,2,1,2,,-,170,3,6,1,Default,3,,Warherd Charge [Activated · Any Charge Phase],Beasts of Chaos - Library.cat#d994-d366-3e28-c304
Bullgors,Beasts of Chaos,Infantry,4,5,,"CHAOS,INFANTRY,CHAMPION,BEASTS OF CHAOS,WARHERD,MUSICIAN (1/3),STANDARD BEARER (1/3)",Iron-capped Horns,melee,2,5,3,0,2,,Charge (+1 Damage),170,3,6,1,Default,3,,Warherd Charge [Activated · Any Charge Phase],Beasts of Chaos - Library.cat#d994-d366-3e28-c304
Centigors,Beasts of Chaos,Cavalry,2,5,,"CHAOS,CHAMPION,BEASTS OF CHAOS,BRAYHERD,STANDARD BEARER (1/5),MUSICIAN (1/5),CAVALRY",Gutpiercer Spear,ranged,1,4,3,1,D3,8,-,170,5,10,1,Default,5,,"Drunken Revelry [Activated · Once Per Turn (Army), Your Movement Phase]",Beasts of Chaos - Library.cat#49ea-b4e5-abbc-7c73
Centigors,Beasts of Chaos,Cavalry,2,5,,"CHAOS,CHAMPION,BEASTS OF CHAOS,BRAYHERD,STANDARD BEARER (1/5),MUSICIAN (1/5),CAVALRY",Gutpiercer Spear,melee,3,4,3,1,1,,"Anti-**^^Cavalry^^** (+1 Rend), Charge (+1 Damage)",170,5,10,1,Default,5,,"Drunken Revelry [Activated · Once Per Turn (Army), Your Movement Phase]",Beasts of Chaos - Library.cat#49ea-b4e5-abbc-7c73
Centigors,Beasts of Chaos,Cavalry,2,5,,"CHAOS,CHAMPION,BEASTS OF CHAOS,BRAYHERD,STANDARD BEARER (1/5),MUSICIAN (1/5),CAVALRY",Clawed Forelimbs,melee,2,5,3,0,1,,-,170,5,10,1,Default,5,,"Drunken Revelry [Activated · Once Per Turn (Army), Your Movement Phase]",Beasts of Chaos - Library.cat#49ea-b4e5-abbc-7c73
Chaos Gargant,Beasts of Chaos,Monster,12,5,,"BEASTS OF CHAOS,CHAOS,MONSTER",Throwin’ Rocks,ranged,1,5,2,2,2,12,-,140,1,8,5,Default,1,,"Whipped Into a Frenzy [Activated · Once Per Turn (Army), Any Combat Phase · Rampage] | Timberrrrr! [Passive]",Beasts of Chaos - Library.cat#a95c-3447-894b-43a3
Chaos Gargant,Beasts of Chaos,Monster,12,5,,"BEASTS OF CHAOS,CHAOS,MONSTER",’Eadbutt,melee,1,4,2,2,4,,-,140,1,8,5,Default,1,,"Whipped Into a Frenzy [Activated · Once Per Turn (Army), Any Combat Phase · Rampage] | Timberrrrr! [Passive]",Beasts of Chaos - Library.cat#a95c-3447-894b-43a3
Chaos Gargant,Beasts of Chaos,Monster,12,5,,"BEASTS OF CHAOS,CHAOS,MONSTER",Massive Club,melee,4,4,2,1,2,,-,140,1,8,5,Default,1,,"Whipped Into a Frenzy [Activated · Once Per Turn (Army), Any Combat Phase · Rampage] | Timberrrrr! [Passive]",Beasts of Chaos - Library.cat#a95c-3447-894b-43a3
Chaos Gargant,Beasts of Chaos,Monster,12,5,,"BEASTS OF CHAOS,CHAOS,MONSTER",Mighty Kick,melee,1,4,2,2,2,,-,140,1,8,5,Default,1,,"Whipped Into a Frenzy [Activated · Once Per Turn (Army), Any Combat Phase · Rampage] | Timberrrrr! [Passive]",Beasts of Chaos - Library.cat#a95c-3447-894b-43a3
Chaos Warhounds,Beasts of Chaos,Beast,2,6,,"CHAOS,BEASTS OF CHAOS,BEAST",Canine Jaws,melee,2,4,3,0,1,,Companion,130,10,10,1,Default,10,,Outrunners of Chaos [Activated · Reaction: You declared a Charge ability for this unit],Beasts of Chaos - Library.cat#7c3c-ad38-60b3-7c30
Chimera,Beasts of Chaos,Monster,12,5,,"BEASTS OF CHAOS,CHAOS,MONSTER,FLY",Brimstone Breath,ranged,6,2,4,0,1,12,"Shoot in Combat, Companion",200,1,10,5,Default,1,,"Thricefold Savagery [Activated · Once Per Turn (Army), Any Combat Phase · Rampage]",Beasts of Chaos - Library.cat#92c9-1353-bc81-7814
Chimera,Beasts of Chaos,Monster,12,5,,"BEASTS OF CHAOS,CHAOS,MONSTER,FLY",Mauling Claws,melee,6,4,2,0,2,,"Crit (2 Hits), Companion",200,1,10,5,Default,1,,"Thricefold Savagery [Activated · Once Per Turn (Army), Any Combat Phase · Rampage]",Beasts of Chaos - Library.cat#92c9-1353-bc81-7814
Chimera,Beasts of Chaos,Monster,12,5,,"BEASTS OF CHAOS,CHAOS,MONSTER,FLY",Chimeric Heads,melee,6,4,2,1,2,,Companion,200,1,10,5,Default,1,,"Thricefold Savagery [Activated · Once Per Turn (Army), Any Combat Phase · Rampage]",Beasts of Chaos - Library.cat#92c9-1353-bc81-7814
Cockatrice,Beasts of Chaos,Beast,8,5,,"BEASTS OF CHAOS,CHAOS,BEAST",Stabbing Beak and Talons,melee,5,4,2,1,2,,Companion,150,1,12,1,Default,1,,"Petrifying Gaze [Activated · Once Per Turn (Army,) Your Shooting Phase]",Beasts of Chaos - Library.cat#a80a-b7c0-c7d5-9b9f
Cygor,Beasts of Chaos,Monster,15,5,,"BEASTS OF CHAOS,CHAOS,MONSTER",Desecrated Boulder,ranged,1,4,2,2,5,15,Shoot in Combat,170,1,8,5,Default,1,,"Consume Endless Spell [Activated · Once Per Turn (Army), Any Combat Phase · Rampage] | Battle Damaged [Passive] | Soul-eater [Passive]",Beasts of Chaos - Library.cat#ce4c-4ffa-418c-adc6
Cygor,Beasts of Chaos,Monster,15,5,,"BEASTS OF CHAOS,CHAOS,MONSTER",Massive Horns,melee,6,4,2,1,2,,Anti-**^^Manifestation^^** (+1 Rend),170,1,8,5,Default,1,,"Consume Endless Spell [Activated · Once Per Turn (Army), Any Combat Phase · Rampage] | Battle Damaged [Passive] | Soul-eater [Passive]",Beasts of Chaos - Library.cat#ce4c-4ffa-418c-adc6
Doombull,Beasts of Chaos,Hero,8,5,,"HERO,BEASTS OF CHAOS,INFANTRY,CHAOS,WARHERD",Slaughterer’s Axe,melee,4,4,2,1,3,,-,170,1,6,2,Default,1,,"Slaughterer's Call [Activated · Once Per Turn (Army), Any Charge Phase] | Alpha Charge [Activated · Any Charge Phase]",Beasts of Chaos - Library.cat#f8d6-201f-bb35-942c
Doombull,Beasts of Chaos,Hero,8,5,,"HERO,BEASTS OF CHAOS,INFANTRY,CHAOS,WARHERD",Alphabeast Horns,melee,2,4,2,0,2,,Charge (+1 Damage),170,1,6,2,Default,1,,"Slaughterer's Call [Activated · Once Per Turn (Army), Any Charge Phase] | Alpha Charge [Activated · Any Charge Phase]",Beasts of Chaos - Library.cat#f8d6-201f-bb35-942c
Dragon Ogor Shaggoth,Beasts of Chaos,Monster Hero,10,4,,"HERO,BEASTS OF CHAOS,CHAOS,MONSTER,WIZARD (1),THUNDERSCORN",Storm-forged Axe,melee,6,3,2,1,3,,Crit (Mortal),220,1,8,2,Default,1,,"Beneath the Tempest [Activated · Once Per Turn (Army), End of Any Turn · Rampage] | Scion of the Primordial Storm [Activated · Reaction: Opponent declared a Spell ability]",Beasts of Chaos - Library.cat#5f38-255a-16a0-e4dc
Dragon Ogor Shaggoth,Beasts of Chaos,Monster Hero,10,4,,"HERO,BEASTS OF CHAOS,CHAOS,MONSTER,WIZARD (1),THUNDERSCORN",Crackling Bolts,ranged,6,4,3,1,1,12,"Crit (2 Hits), Shoot in Combat",220,1,8,2,Default,1,,"Beneath the Tempest [Activated · Once Per Turn (Army), End of Any Turn · Rampage] | Scion of the Primordial Storm [Activated · Reaction: Opponent declared a Spell ability]",Beasts of Chaos - Library.cat#5f38-255a-16a0-e4dc
Dragon Ogors,Beasts of Chaos,Cavalry,5,4,,"CHAOS,BEASTS OF CHAOS,THUNDERSCORN,CAVALRY",Storm-forged Weapons,melee,4,4,2,1,2,,Crit (Mortal),200,3,8,2,Default,3,,Speed of an Avalanche [Activated · Any Combat Phase],Beasts of Chaos - Library.cat#9bbe-6fe3-2117-7dca
Dragon Ogors,Beasts of Chaos,Cavalry,5,4,,"CHAOS,BEASTS OF CHAOS,THUNDERSCORN,CAVALRY",Raking Foreclaws,melee,2,5,3,0,1,,-,200,3,8,2,Default,3,,Speed of an Avalanche [Activated · Any Combat Phase],Beasts of Chaos - Library.cat#9bbe-6fe3-2117-7dca
Ghorgon,Beasts of Chaos,Monster,15,5,,"BEASTS OF CHAOS,CHAOS,MONSTER",Butchering Blades,melee,7,4,2,1,3,,Anti-**^^Infantry^^**(+1 Rend),180,1,8,5,Default,1,,"Swallow Whole [Activated · Once Per Turn (Army), Any Combat Phase · Rampage] | Battle Damaged [Passive]",Beasts of Chaos - Library.cat#de53-89d8-87aa-d8d1
Ghorgon,Beasts of Chaos,Monster,15,5,,"BEASTS OF CHAOS,CHAOS,MONSTER",Huge Slavering Maw,melee,2,4,2,1,3,,-,180,1,8,5,Default,1,,"Swallow Whole [Activated · Once Per Turn (Army), Any Combat Phase · Rampage] | Battle Damaged [Passive]",Beasts of Chaos - Library.cat#de53-89d8-87aa-d8d1
Gors,Beasts of Chaos,Infantry,1,5,,"CHAOS,INFANTRY,CHAMPION,STANDARD BEARER (1/10),MUSICIAN (1/10),BEASTS OF CHAOS,BRAYHERD",Hacking Blades,melee,2,4,3,0,1,,Crit (2 Hits),100,10,6,1,Default,10,,Gor Stampede [Activated · Your Charge Phase],Beasts of Chaos - Library.cat#2497-0d67-1bcc-e895
Grashrak's Despoilers,Beasts of Chaos,,2,6,,"INFANTRY,UNIQUE,CHAMPION,BEASTS OF CHAOS,BRAYHERD",Despoiler Weapons,melee,2,4,4,0,1,,-,100,6,8,1,Default,6,,Grashrak Fellhoof [Passive] | Violent Despoilers [Passive],Beasts of Chaos - Library.cat#c675-1d79-171f-4047
Grashrak's Despoilers,Beasts of Chaos,,2,6,,"INFANTRY,UNIQUE,CHAMPION,BEASTS OF CHAOS,BRAYHERD",Despoiler Shortbow,ranged,2,4,4,0,1,15,-,100,6,8,1,Default,2,,Grashrak Fellhoof [Passive] | Violent Despoilers [Passive],Beasts of Chaos - Library.cat#c675-1d79-171f-4047
Great Bray-Shaman,Beasts of Chaos,Hero,5,5,,"HERO,BEASTS OF CHAOS,BRAYHERD,WIZARD (1),INFANTRY,CHAOS",Fetish Staff,melee,3,4,3,0,2,,-,140,1,6,2,Default,1,,"Infuse with Bestial Vigour [Activated · Once Per Turn (Army), Your Movement Phase]",Beasts of Chaos - Library.cat#dbb1-5ebf-28ce-eb6e
Jabberslythe,Beasts of Chaos,Monster,12,4,,"BEASTS OF CHAOS,CHAOS,MONSTER",Slythey Tongue,ranged,3,4,2,1,2,8,"Shoot in Combat, Companion",190,1,10,5,Default,1,,"Aura of Madness [Activated · Once Per Turn (Army), Any Combat Phase · Rampage]",Beasts of Chaos - Library.cat#e692-609a-09fa-d49b
Jabberslythe,Beasts of Chaos,Monster,12,4,,"BEASTS OF CHAOS,CHAOS,MONSTER",Vorpal Claws and Tail,melee,6,4,2,1,2,,Companion,190,1,10,5,Default,1,,"Aura of Madness [Activated · Once Per Turn (Army), Any Combat Phase · Rampage]",Beasts of Chaos - Library.cat#e692-609a-09fa-d49b
Ravening Direflock,Beasts of Chaos,,1,6,6,"WARD (6+),MANIFESTATION,ENDLESS SPELL,CHAOS,BEASTS OF CHAOS,FLY",Murderous Beaks,melee,6,4,5,1,1,,-,,1,,,,,,Multiple Parts [Passive] | Harbingers of Dark Omens [Passive],Beasts of Chaos - Library.cat#26b3-4020-3cb9-1970
Razorgor,Beasts of Chaos,Beast,4,5,,"BEASTS OF CHAOS,CHAOS,BEAST",Large Tusks and Hooves,melee,5,4,2,0,2,,Charge (+1 Damage),70,1,10,1,Default,1,,Feed on Mangled Remains [Passive],Beasts of Chaos - Library.cat#5efa-c95d-80d7-bec9
Tuskgor Chariots,Beasts of Chaos,War Machine,7,4,,"BEASTS OF CHAOS,BRAYHERD,CHAOS,WAR MACHINE",Despoiler Weapons,melee,4,4,3,1,1,,Crit (2 Hits),110,1,10,2,Default,1,,Tuskgor Charge [Activated · Any Charge Phase],Beasts of Chaos - Library.cat#21de-ca00-a110-b175
Tuskgor Chariots,Beasts of Chaos,War Machine,7,4,,"BEASTS OF CHAOS,BRAYHERD,CHAOS,WAR MACHINE",Tuskgors’ Iron-hard Tusks,melee,4,5,3,1,1,,Companion,110,1,10,2,Default,1,,Tuskgor Charge [Activated · Any Charge Phase],Beasts of Chaos - Library.cat#21de-ca00-a110-b175
Ungor Raiders,Beasts of Chaos,Infantry,1,6,,"CHAOS,INFANTRY,CHAMPION,STANDARD BEARER (1/10),MUSICIAN (1/10),BEASTS OF CHAOS,BRAYHERD",Raider Bow,ranged,2,4,5,0,1,18,-,90,10,6,1,Default,10,,"Hidden Volley [Activated · Once Per Turn (Army), Your Hero Phase]",Beasts of Chaos - Library.cat#3771-efac-15d0-cc5b
Ungor Raiders,Beasts of Chaos,Infantry,1,6,,"CHAOS,INFANTRY,CHAMPION,STANDARD BEARER (1/10),MUSICIAN (1/10),BEASTS OF CHAOS,BRAYHERD",Jagged Shank,melee,1,4,5,0,1,,Crit (2 Hits),90,10,6,1,Default,10,,"Hidden Volley [Activated · Once Per Turn (Army), Your Hero Phase]",Beasts of Chaos - Library.cat#3771-efac-15d0-cc5b
Ungors,Beasts of Chaos,Infantry,1,5,,"CHAOS,INFANTRY,CHAMPION,STANDARD BEARER (1/10),MUSICIAN (1/10),BEASTS OF CHAOS,BRAYHERD",Gnarled Weapon,melee,2,4,5,0,1,,Crit (2 Hits),90,10,6,1,Default,10,,"Fleet of Hoof [Activated · Once Per Turn (Army), Any Combat Phase]",Beasts of Chaos - Library.cat#920d-c7ac-1a68-8337
Wildfire Taurus,Beasts of Chaos,,1,6,6,"WARD (6+),MANIFESTATION,ENDLESS SPELL,CHAOS,BEASTS OF CHAOS,FLY",Taurine Horns,melee,6,4,2,2,D3,,Charge (+1 Damage),,1,,,,,,Trail of Destruction [Activated · Any Charge Phase],Beasts of Chaos - Library.cat#342e-5191-631c-915f
Blood Warriors,Blades of Khorne,Infantry,2,3,,"CHAMPION,INFANTRY,CHAOS,BLADES OF KHORNE,BLOODBOUND,STANDARD BEARER (1/10)",Goreweapons,melee,3,4,3,1,1,,"Blood-hungry, Crit (Auto-wound)",180,10,5,1,Default,10,,No Respite [Passive],Blades of Khorne - Library.cat#560e-1939-d927-c961
Bloodcrushers,Blades of Khorne,Cavalry,5,4,6,"WARD (6+),CHAOS,DAEMON,CHAMPION,MUSICIAN (1/3),STANDARD BEARER (1/3),CAVALRY,BLADES OF KHORNE",Bloodcrusher Hellblade,melee,3,3,3,1,1,,"Blood-hungry, Crit (Mortal)",130,3,10,2,Default,3,,Crushing Onslaught [Passive],Blades of Khorne - Library.cat#713c-ba47-3b7f-b1d3
Bloodcrushers,Blades of Khorne,Cavalry,5,4,6,"WARD (6+),CHAOS,DAEMON,CHAMPION,MUSICIAN (1/3),STANDARD BEARER (1/3),CAVALRY,BLADES OF KHORNE",Juggernaut’s Brazen Hooves,melee,2,4,3,1,2,,"Anti-**^^Cavalry^^** (+1 Rend), Companion",130,3,10,2,Default,3,,Crushing Onslaught [Passive],Blades of Khorne - Library.cat#713c-ba47-3b7f-b1d3
Bloodletters,Blades of Khorne,Infantry,2,5,6,"WARD (6+),CHAOS,DAEMON,INFANTRY,CHAMPION,STANDARD BEARER (1/10),MUSICIAN (1/10),BLADES OF KHORNE",Hellblade,melee,2,3,3,1,1,,"Blood-hungry, Crit (Mortal)",150,10,5,1,Default,10,,"Ceaseless Violence [Activated · Once Per Turn (Army), Any Combat Phase]",Blades of Khorne - Library.cat#ceca-2c22-4282-1f0d
"Bloodmaster, Herald of Khorne",Blades of Khorne,Infantry Hero,6,4,6,"HERO,CHAOS,DAEMON,BLADES OF KHORNE,INFANTRY,WARD (6+),PRIEST (1)",Blade of Blood,melee,5,3,3,2,2,,"Blood-hungry, Crit (2 Hits)",120,1,5,2,Default,1,,The Blood Must Flow [Activated · Reaction: You declared a Fight ability for this unit],Blades of Khorne - Library.cat#2724-10df-1094-e344
Bloodreavers,Blades of Khorne,Infantry,1,6,,"CHAOS,INFANTRY,CHAMPION,STANDARD BEARER (1/10),MUSICIAN (1/10),BLOODBOUND,BLADES OF KHORNE",Reaver Blades and Axes,melee,2,4,3,0,1,,Blood-hungry,80,10,5,1,Default,10,,Blood for the Blood God! [Passive],Blades of Khorne - Library.cat#187b-b09b-5efa-c1e5
Bloodsecrator,Blades of Khorne,Infantry Hero,6,3,,"HERO,CHAOS,BLADES OF KHORNE,INFANTRY,BLOODBOUND",Ensorcelled Axe,melee,4,3,3,1,2,,Blood-hungry,110,1,5,5,Default,1,,"Icon of the Blood God [Passive] | Rage of Khorne [Activated · Once Per Battle (Army), Any Combat Phase]",Blades of Khorne - Library.cat#9943-f207-9aef-190c
Bloodstoker,Blades of Khorne,Infantry Hero,5,4,,"HERO,CHAOS,BLADES OF KHORNE,INFANTRY,BLOODBOUND",Torture Blade and Blood Whip,melee,4,3,4,1,2,,Blood-hungry,100,1,5,2,Default,1,,"Whipped to Fury [Activated · Once Per Turn (Army), Your Movement Phase]",Blades of Khorne - Library.cat#bed-461e-b0ef-6bc3
Bloodthirster of Insensate Rage,Blades of Khorne,Monster Hero,16,4,5,"HERO,CHAOS,DAEMON,MONSTER,WARD (5+),FLY,BLADES OF KHORNE,BLOODTHIRSTER",Great Axe of Khorne,melee,5,3,2,2,5,,"Anti-**^^Infantry^^** (+1 Rend), Blood-hungry",410,1,12,5,Default,1,,"Battle Damaged [Passive] | Shattering Charge [Activated · Once Per Turn (Army), Any Charge Phase · Rampage] | Outrageous Carnage [Passive]",Blades of Khorne - Library.cat#ac0a-f4e1-99b-9562
Bloodthirster of Unfettered Fury,Blades of Khorne,Monster Hero,16,4,5,"HERO,CHAOS,DAEMON,MONSTER,WARD (5+),FLY,BLADES OF KHORNE,BLOODTHIRSTER",Mighty Axe of Khorne,melee,6,3,2,2,4,,"Anti-**^^Monster^^** (+1 Rend), Blood-hungry",390,1,12,5,Default,1,,"Battle Damaged [Passive] | Ensnaring Lash [Activated · Once Per Turn (Army), Any Combat Phase · Rampage] | Beckon the Hunt [Activated · Once Per Turn (Army), Your Movement Phase]",Blades of Khorne - Library.cat#9aae-e077-190b-d63b
Bloodthirster of Unfettered Fury,Blades of Khorne,Monster Hero,16,4,5,"HERO,CHAOS,DAEMON,MONSTER,WARD (5+),FLY,BLADES OF KHORNE,BLOODTHIRSTER",Lash of Khorne,ranged,4,3,3,1,2,8,Shoot in Combat,390,1,12,5,Default,1,,"Battle Damaged [Passive] | Ensnaring Lash [Activated · Once Per Turn (Army), Any Combat Phase · Rampage] | Beckon the Hunt [Activated · Once Per Turn (Army), Your Movement Phase]",Blades of Khorne - Library.cat#9aae-e077-190b-d63b
Claws of Karanak,Blades of Khorne,Infantry,1,5,,"CHAOS,INFANTRY,CHAMPION (1/8),BLOODBOUND,BLADES OF KHORNE",Weapons of the Hunt,melee,3,4,3,0,1,,"Blood-hungry, Crit (2 Hits)",100,8,6,1,Default,8,,The Scent of Blood [Activated · Deployment Phase] | Pack Hunters [Passive],Blades of Khorne - Library.cat#e7fd-3790-fce1-2de9
Deathbringer,Blades of Khorne,Infantry Hero,6,3,,"HERO,CHAOS,BLADES OF KHORNE,INFANTRY,BLOODBOUND",Kingslayer Axe,melee,4,3,3,1,3,,"Blood-hungry, Crit (2 Hits)",120,1,5,2,Default,1,,"Trophies of Glorious Deaths [Activated · Reaction: Opponent declared a command for a unit within 8"" of this unit] | Killer of Kings [Activated · Once Per Turn (Army), End of Any Turn]",Blades of Khorne - Library.cat#9c54-dbf9-f5be-a8b3
Flesh Hounds,Blades of Khorne,Beast,2,6,6,"WARD (6+),BEAST,CHAMPION (1/5),CHAOS,DAEMON,BLADES OF KHORNE",Blood-dark Claws,melee,4,4,3,0,1,,"Blood-hungry, Companion",100,5,8,1,Default,5,,Hunters of Mystics [Passive],Blades of Khorne - Library.cat#4c6b-352c-715-cda7
Garrek's Reavers,Blades of Khorne,,2,6,,"INFANTRY,UNIQUE,CHAMPION,BLADES OF KHORNE,BLOODBOUND,CHAOS",Reaver Blades and Axes,melee,2,4,3,0,1,,-,70,5,5,1,Default,5,,Blood for the Blood God! [Passive] | Grisly Trophies [Activated · End of Any Turn],Blades of Khorne - Library.cat#94e7-4cd1-fb6e-77b2
Gorechosen of Dromm,Blades of Khorne,,3,4,,"INFANTRY,UNIQUE,CHAMPION,BLADES OF KHORNE,BLOODBOUND,CHAOS",Weapons of Wrath,melee,4,4,3,1,2,,Crit (Mortal),190,3,5,1,Default,3,,Grisly Trophies [Passive],Blades of Khorne - Library.cat#a5a3-d0d5-fc50-9020
Herald of Khorne on Blood Throne,Blades of Khorne,War Machine Hero,10,4,6,"HERO,CHAOS,DAEMON,BLADES OF KHORNE,PRIEST (1),WAR MACHINE,WARD (6+)",Blade of Blood and Hellblades,melee,7,3,3,1,2,,"Blood-hungry, Crit (Mortal)",160,1,8,2,Default,1,,"Blood Marked [Passive] | Offering of Blood [Activated · Once Per Turn (Army), Your Hero Phase]",Blades of Khorne - Library.cat#1c5f-4b09-e2da-7a0c
Hexgorger Skulls,Blades of Khorne,,1,6,6,"WARD (6+),MANIFESTATION,INVOCATION,FLY,CHAOS,BLADES OF KHORNE",Stream of Molten Blood,melee,2,4,3,0,2,,-,,1,,,,,,Hexgorgers [Passive] | Multiple Parts [Passive],Blades of Khorne - Library.cat#8499-3fb6-56fa-7b71
Kamandora's Blades,Blades of Khorne,,2,6,,"INFANTRY,UNIQUE,CHAMPION,BLADES OF KHORNE,BLOODBOUND,CHAOS",Bloodied Weapons,melee,2,4,3,0,1,,Blood-hungry,90,4,6,1,Default,4,,"Khornate Hound [Passive] | Gather the Skulls [Activated · Once Per Turn (Army), End of Any Turn]",Blades of Khorne - Library.cat#44b3-c646-68ef-8dad
Karanak,Blades of Khorne,Beast Hero,7,5,6,"HERO,UNIQUE,CHAOS,DAEMON,BLADES OF KHORNE,BEAST,WARD (6+)",Savage Maws and Goreslick Claws,melee,6,4,3,1,2,,"Anti-**^^Hero^^** (+1 Rend), Blood-hungry",110,1,8,2,Default,1,,"Prey of the Blood God [Activated · Once Per Turn, Your Movement Phase] | Stalk the Prey [Activated · Your Movement Phase · Core] | First of the Pack [Passive]",Blades of Khorne - Library.cat#182c-a6ee-9890-fe8e
Khorgorath,Blades of Khorne,Monster,8,5,,"CHAOS,BLADES OF KHORNE,MONSTER,BLOODBOUND",Claws and Fangs,melee,5,4,2,1,2,,Companion,120,1,8,2,Default,1,,"Horrific Predators [Activated · Once Per Turn (Army), Any Combat Phase · Rampage] | Feast Upon Their Bones [Activated · End of Any Turn]",Blades of Khorne - Library.cat#56a4-8ffd-c124-2c3f
Khorgos Khul,Blades of Khorne,,8,3,6,"HERO,CHAOS,BLADES OF KHORNE,INFANTRY,BLOODBOUND,WARMASTER,UNIQUE,WARD (6+)",Axe of Khorne,melee,6,3,3,2,2,,"Crit (Mortal), Blood-hungry",220,1,5,2,Default,1,,"Retinue of Blood [Activated · Once Per Battle, Any Charge Phase] | Master of the Goretide [Activated · Once Per Turn (Army), Your Movement Phase] | Reality-Splitting Axe [Activated · End of Any Turn]",Blades of Khorne - Library.cat#9340-45e2-8463-cfb9
Khorgos Khul,Blades of Khorne,,8,3,6,"HERO,CHAOS,BLADES OF KHORNE,INFANTRY,BLOODBOUND,WARMASTER,UNIQUE,WARD (6+)",Grizzlemaw’s Blood-dark Claws,melee,4,4,3,0,1,,"Anti-**^^Wizard^^** (+1 Rend), Companion",220,1,5,2,Default,1,,"Retinue of Blood [Activated · Once Per Battle, Any Charge Phase] | Master of the Goretide [Activated · Once Per Turn (Army), Your Movement Phase] | Reality-Splitting Axe [Activated · End of Any Turn]",Blades of Khorne - Library.cat#9340-45e2-8463-cfb9
Khul Ascended,Blades of Khorne,,10,3,5,"HERO,CHAOS,BLADES OF KHORNE,WARMASTER,UNIQUE,INFANTRY,DAEMON,WARD (5+)",Axe of Khorne,melee,6,3,3,2,3,,"Crit (Mortal), Blood-hungry",310,1,10,5,Default,1,,"Loathe the Arcane [Activated · Reaction: Opponent declared a Spell ability] | Ascended Warlord [Activated · Once Per Turn (Army), Any Combat Phase · Rampage] | Reality-Splitting Axe [Activated · End of Any Turn]",Blades of Khorne - Library.cat#9341-45e2-8463-cfb7
Lord of Khorne on Juggernaut,Blades of Khorne,Cavalry Hero,8,2,,"HERO,CHAOS,BLADES OF KHORNE,BLOODBOUND,CAVALRY",Wrathforged Axe,melee,6,3,3,1,2,,Blood-hungry,200,1,8,2,Default,1,,Lord of the Brass Stampede [Passive] | Slaughterous Charge [Activated · Any Charge Phase],Blades of Khorne - Library.cat#ce66-7711-3047-4195
Lord of Khorne on Juggernaut,Blades of Khorne,Cavalry Hero,8,2,,"HERO,CHAOS,BLADES OF KHORNE,BLOODBOUND,CAVALRY",Juggernaut’s Brazen Hooves,melee,2,4,3,1,2,,Companion,200,1,8,2,Default,1,,Lord of the Brass Stampede [Passive] | Slaughterous Charge [Activated · Any Charge Phase],Blades of Khorne - Library.cat#ce66-7711-3047-4195
Magore's Fiends,Blades of Khorne,,3,3,,"INFANTRY,UNIQUE,CHAMPION,BLADES OF KHORNE,BLOODBOUND,CHAOS",Goreaxe,melee,3,4,3,1,1,,-,120,4,5,1,Default,3,,No Respite [Passive],Blades of Khorne - Library.cat#e17c-89f4-8d3a-a652
Magore's Fiends,Blades of Khorne,,3,3,,"INFANTRY,UNIQUE,CHAMPION,BLADES OF KHORNE,BLOODBOUND,CHAOS",Blood-dark Claws,melee,4,4,3,0,1,,"Anti-**^^Wizard^^** (+1 Rend), Companion",120,4,5,1,Default,1,,No Respite [Passive],Blades of Khorne - Library.cat#e17c-89f4-8d3a-a652
Mighty Lord of Khorne,Blades of Khorne,Infantry Hero,7,3,,"HERO,CHAOS,BLADES OF KHORNE,INFANTRY,BLOODBOUND",Axe of Khorne,melee,5,3,3,2,2,,Blood-hungry,110,1,5,2,Default,1,,"Lord of the Bloodbound [Passive] | 'Bring Me Their Skull!' [Activated · Once Per Turn (Army), Your Combat Phase]",Blades of Khorne - Library.cat#d9d9-55ad-2a9f-acf9
Mighty Lord of Khorne,Blades of Khorne,Infantry Hero,7,3,,"HERO,CHAOS,BLADES OF KHORNE,INFANTRY,BLOODBOUND",Flesh Hound’s Blood-dark Claws,melee,4,4,3,0,1,,Companion,110,1,5,2,Default,1,,"Lord of the Bloodbound [Passive] | 'Bring Me Their Skull!' [Activated · Once Per Turn (Army), Your Combat Phase]",Blades of Khorne - Library.cat#d9d9-55ad-2a9f-acf9
Mighty Skullcrushers,Blades of Khorne,Cavalry,5,2,,"CHAOS,CHAMPION,MUSICIAN (1/3),STANDARD BEARER (1/3),CAVALRY,BLOODBOUND,BLADES OF KHORNE",Gorebathed Glaive or Axe,melee,3,3,3,1,1,,"Blood-hungry, Charge (+1 Damage)",200,3,10,2,Default,3,,Slaughterous Charge [Activated · Any Charge Phase],Blades of Khorne - Library.cat#f1ab-e54f-103c-3c0b
Mighty Skullcrushers,Blades of Khorne,Cavalry,5,2,,"CHAOS,CHAMPION,MUSICIAN (1/3),STANDARD BEARER (1/3),CAVALRY,BLOODBOUND,BLADES OF KHORNE",Juggernaut’s Brazen Hooves,melee,2,4,3,1,2,,Companion,200,3,10,2,Default,3,,Slaughterous Charge [Activated · Any Charge Phase],Blades of Khorne - Library.cat#f1ab-e54f-103c-3c0b
Realmgore Ritualist,Blades of Khorne,Infantry Hero,5,5,,"HERO,CHAOS,BLADES OF KHORNE,PRIEST (1),INFANTRY,BLOODBOUND",Ritual Athame,melee,2,3,3,2,2,,Blood-hungry,110,1,5,2,Default,1,,"Desecrating Blood Runes [Activated · Once Per Battle (Army), Your Movement Phase]",Blades of Khorne - Library.cat#2592-295e-eed8-361b
Scyla Anfingrimm,Blades of Khorne,,8,5,,"HERO,UNIQUE,CHAOS,BLADES OF KHORNE,BEAST,BLOODBOUND",Brutal Fists,melee,8,4,2,0,2,,Crit (2 Hits),130,1,8,2,Default,1,,Bestial Leap [Activated · Any Charge Phase] | Brass Collar of Khorne [Passive],Blades of Khorne - Library.cat#cb9f-454f-469e-a785
Skarbrand,Blades of Khorne,Monster Hero,16,4,5,"HERO,UNIQUE,CHAOS,DAEMON,MONSTER,WARD (5+),BLADES OF KHORNE,BLOODTHIRSTER",Slaughter,melee,4,3,2,2,4,,Blood-hungry,430,1,8,5,Default,1,,"Skarbrand's Rage [Passive] | Roar of Total Rage [Activated · Once Per Turn (Army), Any Combat Phase · Rampage] | Inescapable Wrath [Passive]",Blades of Khorne - Library.cat#b1a1-2377-3fa4-f264
Skarbrand,Blades of Khorne,Monster Hero,16,4,5,"HERO,UNIQUE,CHAOS,DAEMON,MONSTER,WARD (5+),BLADES OF KHORNE,BLOODTHIRSTER",Carnage,melee,2,3,2,2,8,,Crit (Mortal),430,1,8,5,Default,1,,"Skarbrand's Rage [Passive] | Roar of Total Rage [Activated · Once Per Turn (Army), Any Combat Phase · Rampage] | Inescapable Wrath [Passive]",Blades of Khorne - Library.cat#b1a1-2377-3fa4-f264
Skarr Bloodwrath,Blades of Khorne,Infantry Hero,7,4,5,"HERO,UNIQUE,CHAOS,BLADES OF KHORNE,INFANTRY,WARD (5+),BLOODBOUND",The Bloodstorm Blades,melee,6,3,3,1,2,,"Blood-hungry, Crit (2 Hits)",140,1,5,2,Default,1,,The Slaughterborn [Activated · Any Movement Phase · Core] | Murderous Paragon [Passive],Blades of Khorne - Library.cat#79a6-3d8a-8302-cc13
Skull Cannon,Blades of Khorne,War Machine,8,4,6,"CHAOS,DAEMON,BLADES OF KHORNE,WARD (6+),WAR MACHINE",Burning Skulls,ranged,4,4,3,1,2,15,Shoot in Combat,130,1,8,2,Default,1,,"Gruesome Bombardment [Passive] | Grind Their Bones, Seize Their Skulls [Passive]",Blades of Khorne - Library.cat#597f-3928-bede-9c43
Skull Cannon,Blades of Khorne,War Machine,8,4,6,"CHAOS,DAEMON,BLADES OF KHORNE,WARD (6+),WAR MACHINE",Gnashing Maw,melee,1,4,3,1,2,,"Blood-hungry, Companion",130,1,8,2,Default,1,,"Gruesome Bombardment [Passive] | Grind Their Bones, Seize Their Skulls [Passive]",Blades of Khorne - Library.cat#597f-3928-bede-9c43
Skull Cannon,Blades of Khorne,War Machine,8,4,6,"CHAOS,DAEMON,BLADES OF KHORNE,WARD (6+),WAR MACHINE",Hellblades,melee,4,3,3,1,1,,"Blood-hungry, Crit (Mortal)",130,1,8,2,Default,1,,"Gruesome Bombardment [Passive] | Grind Their Bones, Seize Their Skulls [Passive]",Blades of Khorne - Library.cat#597f-3928-bede-9c43
Skullgrinder,Blades of Khorne,Infantry Hero,6,3,,"HERO,CHAOS,BLADES OF KHORNE,INFANTRY,BLOODBOUND",Brazen Anvil,melee,4,4,2,1,3,,"Anti-**^^Monster^^** (+1 Rend), Blood-hungry",110,1,5,5,Default,1,,"Bone-crushing Strikes [Activated · Once Per Turn (Army), Any Combat Phase] | Tempered by Fury [Activated · Once Per Battle (Army), Deployment Phase]",Blades of Khorne - Library.cat#1232-f6cb-9900-bcba
"Skullmaster, Herald of Khorne",Blades of Khorne,Cavalry Hero,7,4,6,"HERO,CHAOS,DAEMON,BLADES OF KHORNE,WARD (6+),CAVALRY",Blade of Blood,melee,5,3,3,2,2,,"Blood-hungry, Crit (2 Hits)",130,1,8,2,Default,1,,"Slaughterous Charge [Activated · Any Charge Phase] | Herald of Trampling Death [Activated · Once Per Battle, Any Charge Phase]",Blades of Khorne - Library.cat#383d-692c-7457-a03c
"Skullmaster, Herald of Khorne",Blades of Khorne,Cavalry Hero,7,4,6,"HERO,CHAOS,DAEMON,BLADES OF KHORNE,WARD (6+),CAVALRY",Juggernaut’s Brazen Hooves,melee,2,4,3,1,2,,"Anti-**^^Cavalry^^** +1 Rend), Companion",130,1,8,2,Default,1,,"Slaughterous Charge [Activated · Any Charge Phase] | Herald of Trampling Death [Activated · Once Per Battle, Any Charge Phase]",Blades of Khorne - Library.cat#383d-692c-7457-a03c
Skullreapers,Blades of Khorne,Infantry,3,4,,"CHAOS,CHAMPION,BLOODBOUND,INFANTRY,STANDARD BEARER (1/5),BLADES OF KHORNE",Daemonforged Weapons,melee,4,4,3,1,2,,"Blood-hungry, Crit (2 Hits)",170,5,5,1,Default,5,,Trial of Skulls [Passive],Blades of Khorne - Library.cat#60f-d859-6aac-6dc6
Skulltaker,Blades of Khorne,Infantry Hero,7,4,5,"HERO,UNIQUE,CHAOS,DAEMON,BLADES OF KHORNE,INFANTRY,WARD (5+)",The Slayer Sword,melee,6,2,3,2,2,,"Anti-**^^Hero^^** (+1 Rend), Blood-hungry",120,1,5,2,Default,1,,"Heroes' Bane [Activated · Any Combat Phase] | The Eternal Duel [Activated · End of Any Turn] | Drawn by Blood [Activated · Once Per Battle (Army), End of Enemy Turn]",Blades of Khorne - Library.cat#62-1d37-fc6c-515f
Slaughterpriest,Blades of Khorne,Infantry Hero,6,5,,"HERO,CHAOS,BLADES OF KHORNE,INFANTRY,BLOODBOUND,PRIEST (1)",Bloodbathed Weapon,melee,4,3,3,1,2,,Blood-hungry,120,1,5,2,Default,1,,"Scorn of Sorcery [Passive] | Blood Sacrifice [Activated · Once Per Turn, Any Hero Phase]",Blades of Khorne - Library.cat#d612-30cd-6166-f751
Valkia the Bloody,Blades of Khorne,,6,3,,"HERO,UNIQUE,CHAOS,BLADES OF KHORNE,BLOODBOUND,INFANTRY,FLY",Slaupnir,melee,5,3,3,2,2,,Charge (+1 Damage),180,1,12,2,Default,1,,Borne on Wings of Blood [Activated · Deployment Phase · Deploy] | The Red Angel of Slaughter [Activated · Your Movement Phase] | The Gaze of Khorne [Passive],Blades of Khorne - Library.cat#6bd2-bd18-aef2-ef44
Wrath of Khorne Bloodthirster,Blades of Khorne,,16,4,5,"HERO,CHAOS,DAEMON,MONSTER,WARD (5+),FLY,BLADES OF KHORNE,BLOODTHIRSTER",Mighty Axe of Khorne and Bloodflail,melee,6,3,2,2,4,,"Anti-**^^Hero^^** (+1 Rend), Blood-hungry",400,1,12,5,Default,1,,"Battle Damaged [Passive] | Vengeance of Khorne [Activated · Once Per Turn (Army), Any Combat Phase · Rampage] | Commander of Tyrants [Activated · Once Per Turn (Army), Any Combat Phase] | Wrathful Dominance [Passive]",Blades of Khorne - Library.cat#3759-4ff4-40bf-6f48
Wrath of Khorne Bloodthirster,Blades of Khorne,,16,4,5,"HERO,CHAOS,DAEMON,MONSTER,WARD (5+),FLY,BLADES OF KHORNE,BLOODTHIRSTER",Hellfire Breath,ranged,6,2,3,1,1,8,Shoot in Combat,400,1,12,5,Default,1,,"Battle Damaged [Passive] | Vengeance of Khorne [Activated · Once Per Turn (Army), Any Combat Phase · Rampage] | Commander of Tyrants [Activated · Once Per Turn (Army), Any Combat Phase] | Wrathful Dominance [Passive]",Blades of Khorne - Library.cat#3759-4ff4-40bf-6f48
Wrath-axe,Blades of Khorne,,1,6,6,"WARD (6+),MANIFESTATION,INVOCATION,FLY,CHAOS,BLADES OF KHORNE",Wrath-axe,melee,4,4,2,2,2,,-,,1,,,,,,Hatred's Edge [Activated · Any Combat Phase],Blades of Khorne - Library.cat#2186-5d86-2a34-1f6e
Wrathmongers,Blades of Khorne,Infantry,3,5,,"CHAOS,CHAMPION,BLOODBOUND,INFANTRY,BLADES OF KHORNE",Wrath-flails,melee,4,4,3,1,1,,"Blood-hungry, Crit (2 Hits)",130,5,5,1,Default,5,,"Bloodfury [Activated · Once Per Turn (Army), End of Any Turn] | Crimson Haze [Passive]",Blades of Khorne - Library.cat#8aed-ea87-e4c8-97ea
Hedkrakka's Madmob,Bonesplitterz,,3,6,6,"UNIQUE,CHAMPION,DESTRUCTION,INFANTRY,WARD (6+),BONESPLITTERZ,ORRUK",Madmob Weapons,melee,3,4,3,0,1,,-,100,4,5,1,Default,4,,"Hedkrakka, Gob of Gork [Passive] | Go For da Eyes [Activated · Once Per Turn (Army), Your Shooting Phase]",Bonesplitterz - Library.cat#6259-3dda-45b2-5380
"Kragnos, the End of Empires",Bonesplitterz,,18,4,5,"HERO,UNIQUE,MONSTER,WARMASTER,WARD (5+),DESTRUCTION,BONESPLITTERZ",The Dread Mace,melee,6,3,2,3,4,,-,580,1,10,15,Default,1,,"Battle Damaged [Passive] | Avatar of Destruction [Passive] | Rampaging Destruction [Activated · Once Per Turn (Army), Any Charge Phase · Rampage] | The End of Empires [Activated · Your Charge Phase] | The Shield Inviolate [Activated · Reaction: Opponent declared a Spell ability]",Bonesplitterz - Library.cat#62b3-9802-6d16-32c1
"Kragnos, the End of Empires",Bonesplitterz,,18,4,5,"HERO,UNIQUE,MONSTER,WARMASTER,WARD (5+),DESTRUCTION,BONESPLITTERZ",Tuskbreaker,melee,3,4,2,2,2,,Crit (2 Hits),580,1,10,15,Default,1,,"Battle Damaged [Passive] | Avatar of Destruction [Passive] | Rampaging Destruction [Activated · Once Per Turn (Army), Any Charge Phase · Rampage] | The End of Empires [Activated · Your Charge Phase] | The Shield Inviolate [Activated · Reaction: Opponent declared a Spell ability]",Bonesplitterz - Library.cat#62b3-9802-6d16-32c1
"Kragnos, the End of Empires",Bonesplitterz,,18,4,5,"HERO,UNIQUE,MONSTER,WARMASTER,WARD (5+),DESTRUCTION,BONESPLITTERZ",Hooves of Wrack and Ruin,melee,6,3,2,1,2,,-,580,1,10,15,Default,1,,"Battle Damaged [Passive] | Avatar of Destruction [Passive] | Rampaging Destruction [Activated · Once Per Turn (Army), Any Charge Phase · Rampage] | The End of Empires [Activated · Your Charge Phase] | The Shield Inviolate [Activated · Reaction: Opponent declared a Spell ability]",Bonesplitterz - Library.cat#62b3-9802-6d16-32c1
Maniak Weirdnob,Bonesplitterz,,6,5,6,"HERO,DESTRUCTION,BONESPLITTERZ,WARD (6+),ORRUK,CAVALRY,WIZARD (1)",Bonebeast Staff,melee,3,4,3,0,2,,-,160,1,10,2,Default,1,,"Bone Spirit [Activated · Once Per Turn (Army), Any Combat Phase]",Bonesplitterz - Library.cat#92c0-61bf-de34-6f10
Maniak Weirdnob,Bonesplitterz,,6,5,6,"HERO,DESTRUCTION,BONESPLITTERZ,WARD (6+),ORRUK,CAVALRY,WIZARD (1)",War Boar’s Tusks and Hooves,melee,2,5,3,0,1,,Charge (+1 Damage),160,1,10,2,Default,1,,"Bone Spirit [Activated · Once Per Turn (Army), Any Combat Phase]",Bonesplitterz - Library.cat#92c0-61bf-de34-6f10
Savage Big Boss,Bonesplitterz,,6,6,6,"HERO,DESTRUCTION,BONESPLITTERZ,WARD (6+),INFANTRY,ORRUK",Boss Chompa,melee,6,4,3,1,3,,Anti-**^^Monster^^** (+1 Rend),110,1,5,2,Default,1,,Havin' a Good Old Rukk [Activated · Reaction: You declared a Fight ability for this unit],Bonesplitterz - Library.cat#7290-64c8-6572-2acb
Savage Big Stabbas,Bonesplitterz,,4,6,6,"WARD (6+),DESTRUCTION,ORRUK,BONESPLITTERZ,INFANTRY",Gorktoof,melee,3,4,2,1,2,,"Charge (+1 Damage), Crit (Mortal)",130,2,5,1,Default,2,,Da Final Fling [Passive],Bonesplitterz - Library.cat#54d1-2695-3a76-6435
Savage Boarboy Maniaks,Bonesplitterz,,3,5,6,"CHAMPION,WARD (6+),DESTRUCTION,ORRUK,BONESPLITTERZ,STANDARD BEARER (1/5),MUSICIAN (1/5),CAVALRY",Chompas,melee,4,4,3,0,1,,-,140,5,10,1,Default,5,,"On a Tear [Activated · Once Per Turn (Army), Reaction: You declared a Charge ability for this unit]",Bonesplitterz - Library.cat#0a8a-5a9a-5d44-f834
Savage Boarboy Maniaks,Bonesplitterz,,3,5,6,"CHAMPION,WARD (6+),DESTRUCTION,ORRUK,BONESPLITTERZ,STANDARD BEARER (1/5),MUSICIAN (1/5),CAVALRY",War Boar’s Tusks and Hooves,melee,2,5,3,0,1,,Charge (+1 Damage),140,5,10,1,Default,5,,"On a Tear [Activated · Once Per Turn (Army), Reaction: You declared a Charge ability for this unit]",Bonesplitterz - Library.cat#0a8a-5a9a-5d44-f834
Savage Boarboys,Bonesplitterz,,3,5,6,"CHAMPION,WARD (6+),DESTRUCTION,ORRUK,BONESPLITTERZ,STANDARD BEARER (1/5),MUSICIAN (1/5),CAVALRY",Boarboy Weapons,melee,3,4,3,1,1,,-,140,5,10,1,Default,5,,Wild Enthusiasm [Passive],Bonesplitterz - Library.cat#1905-bd6d-f4bc-c40b
Savage Boarboys,Bonesplitterz,,3,5,6,"CHAMPION,WARD (6+),DESTRUCTION,ORRUK,BONESPLITTERZ,STANDARD BEARER (1/5),MUSICIAN (1/5),CAVALRY",War Boar’s Tusks and Hooves,melee,2,5,3,0,1,,Charge (+1 Damage),140,5,10,1,Default,5,,Wild Enthusiasm [Passive],Bonesplitterz - Library.cat#1905-bd6d-f4bc-c40b
Savage Orruk Arrowboys,Bonesplitterz,,2,6,6,"INFANTRY,CHAMPION,STANDARD BEARER (1/10),MUSICIAN (1/10),WARD (6+),DESTRUCTION,ORRUK,BONESPLITTERZ",Stinga Bow,ranged,2,5,4,0,1,15,Crit (Auto-wound),140,10,5,1,Default,10,,"Aim Fer Its Eyes [Activated · Once Per Battle Round (Army), Any Shooting Phase]",Bonesplitterz - Library.cat#216b-eb05-8ced-7df8
Savage Orruk Arrowboys,Bonesplitterz,,2,6,6,"INFANTRY,CHAMPION,STANDARD BEARER (1/10),MUSICIAN (1/10),WARD (6+),DESTRUCTION,ORRUK,BONESPLITTERZ",Paired Savage Weapons,melee,3,4,3,0,1,,-,140,10,5,1,Default,10,,"Aim Fer Its Eyes [Activated · Once Per Battle Round (Army), Any Shooting Phase]",Bonesplitterz - Library.cat#216b-eb05-8ced-7df8
Savage Orruk Morboys,Bonesplitterz,,2,6,6,"INFANTRY,CHAMPION,STANDARD BEARER (1/10),MUSICIAN (1/10),WARD (6+),DESTRUCTION,ORRUK,BONESPLITTERZ",Paired Savage Weapons,melee,3,4,3,0,1,,-,160,10,5,1,Default,10,,Morboy Fury [Passive],Bonesplitterz - Library.cat#39e7-2eb1-7dd4-9f18
Savage Orruks,Bonesplitterz,,2,6,6,"INFANTRY,CHAMPION,STANDARD BEARER (1/10),MUSICIAN (1/10),WARD (6+),DESTRUCTION,ORRUK,BONESPLITTERZ",Savage Weapons,melee,2,4,3,0,1,,-,140,10,5,1,Default,10,,The Savage Hordes [Passive],Bonesplitterz - Library.cat#df8a-87fb-1705-8691
Wardokk,Bonesplitterz,,5,6,6,"HERO,DESTRUCTION,BONESPLITTERZ,WARD (6+),ORRUK,INFANTRY,PRIEST (1)",Bonebeast Stikk,melee,3,4,3,0,2,,-,100,1,5,2,Default,1,,"Primal Hex [Activated · Once Per Turn (Army), Your Hero Phase]",Bonesplitterz - Library.cat#c5c4-a443-f0e4-c69e
Wurrgog Prophet,Bonesplitterz,,6,6,6,"HERO,DESTRUCTION,BONESPLITTERZ,WARD (6+),INFANTRY,WIZARD (2),ORRUK",Wurrgog Staff,melee,4,4,3,0,2,,-,160,1,5,2,Default,1,,"Squiggly Curse [Spell · Your Hero Phase · casting value 4 · Spell, Unlimited] | Wurrgog Mask [Activated · Once Per Battle (Army), Your Shooting Phase]",Bonesplitterz - Library.cat#129a-a4c6-8bd6-c612
Wurrgog Prophet,Bonesplitterz,,6,6,6,"HERO,DESTRUCTION,BONESPLITTERZ,WARD (6+),INFANTRY,WIZARD (2),ORRUK",Deadly Green Bolts,ranged,3,4,2,1,2,10,Shoot in Combat,160,1,5,2,Default,1,,"Squiggly Curse [Spell · Your Hero Phase · casting value 4 · Spell, Unlimited] | Wurrgog Mask [Activated · Once Per Battle (Army), Your Shooting Phase]",Bonesplitterz - Library.cat#129a-a4c6-8bd6-c612
Alchemite Warforger,Cities of Sigmar,Infantry Hero,5,5,,"HERO,ORDER,CITIES OF SIGMAR,HUMAN,INFANTRY,WIZARD (1)",Tongstaff,melee,3,4,4,1,2,,-,130,1,5,2,Default,1,,"Runic Crucible [Activated · Once Per Turn (Army), Your Hero Phase]",Cities of Sigmar - Library.cat#2678-d067-8e12-84dc
Assassin,Cities of Sigmar,Infantry Hero,5,5,,"HERO,ORDER,CITIES OF SIGMAR,INFANTRY,AELF",Poison-coated Blades,melee,6,3,4,1,2,,"Anti-**^^Hero^^** (+1 Rend), Crit (Mortal)",150,1,6,2,Default,1,,"Hidden Murderer [Passive] | In for the Kill [Activated · Once Per Turn (Army), Any Combat Phase]",Cities of Sigmar - Library.cat#41db-4a11-69e4-4f72
Battlemage,Cities of Sigmar,Infantry Hero,5,6,,"HERO,ORDER,CITIES OF SIGMAR,HUMAN,INFANTRY,WIZARD (1)",Wizard’s Staff,melee,3,4,4,1,2,,-,100,1,5,2,Default,1,,"Protective Focus [Activated · Once Per Battle (Army), Deployment Phase]",Cities of Sigmar - Library.cat#d1f3-97e9-f50a-d1a4
Battlemage on Celestial Hurricanum,Cities of Sigmar,War Machine Hero,12,4,,"HERO,ORDER,CITIES OF SIGMAR,HUMAN,WIZARD (1),WAR MACHINE",Wizard’s Staff,melee,3,4,4,1,2,,-,230,1,8,5,Default,1,,"Storm of Shemtek [Activated · Once Per Turn (Army), Your Shooting Phase] | Portents of Battle [Activated · Once Per Turn (Army), Your Hero Phase]",Cities of Sigmar - Library.cat#52f-1bc0-e898-f1a2
Battlemage on Celestial Hurricanum,Cities of Sigmar,War Machine Hero,12,4,,"HERO,ORDER,CITIES OF SIGMAR,HUMAN,WIZARD (1),WAR MACHINE",Warhorses' Steel-shod Hooves,melee,4,5,3,0,1,,Companion,230,1,8,5,Default,1,,"Storm of Shemtek [Activated · Once Per Turn (Army), Your Shooting Phase] | Portents of Battle [Activated · Once Per Turn (Army), Your Hero Phase]",Cities of Sigmar - Library.cat#52f-1bc0-e898-f1a2
Battlemage on Griffon,Cities of Sigmar,Monster Hero,15,4,,"HERO,MONSTER,FLY,ORDER,CITIES OF SIGMAR,HUMAN,WIZARD (1)",Amber Spear,ranged,3,4,3,1,2,12,Anti‑**^^Monster^^** (+1 Rend),260,1,12,5,Default,1,,"Ghurish Ferocity [Activated · Once Per Turn (Army), Any Combat Phase · Rampage] | Battle Damaged [Passive]",Cities of Sigmar - Library.cat#d11e-a9e7-b74b-2643
Battlemage on Griffon,Cities of Sigmar,Monster Hero,15,4,,"HERO,MONSTER,FLY,ORDER,CITIES OF SIGMAR,HUMAN,WIZARD (1)",Beaststaff,melee,3,4,3,1,2,,-,260,1,12,5,Default,1,,"Ghurish Ferocity [Activated · Once Per Turn (Army), Any Combat Phase · Rampage] | Battle Damaged [Passive]",Cities of Sigmar - Library.cat#d11e-a9e7-b74b-2643
Battlemage on Griffon,Cities of Sigmar,Monster Hero,15,4,,"HERO,MONSTER,FLY,ORDER,CITIES OF SIGMAR,HUMAN,WIZARD (1)",Griffon’s Razor Claws and Twin Beaks,melee,6,4,2,2,3,,Companion,260,1,12,5,Default,1,,"Ghurish Ferocity [Activated · Once Per Turn (Army), Any Combat Phase · Rampage] | Battle Damaged [Passive]",Cities of Sigmar - Library.cat#d11e-a9e7-b74b-2643
Battlemage on Luminark of Hysh,Cities of Sigmar,War Machine Hero,12,4,,"HERO,ORDER,CITIES OF SIGMAR,HUMAN,WIZARD (1),WAR MACHINE",Warhorses' Steel-shod Hooves,melee,4,5,3,0,1,,Companion,280,1,8,5,Default,1,,"Searing Beam of Light [Passive] | Aura of Protection [Activated · Once Per Turn (Army), Your Hero Phase]",Cities of Sigmar - Library.cat#b1b8-a094-36c3-b25e
Battlemage on Luminark of Hysh,Cities of Sigmar,War Machine Hero,12,4,,"HERO,ORDER,CITIES OF SIGMAR,HUMAN,WIZARD (1),WAR MACHINE",Wizard’s Staff,melee,3,4,4,1,2,,-,280,1,8,5,Default,1,,"Searing Beam of Light [Passive] | Aura of Protection [Activated · Once Per Turn (Army), Your Hero Phase]",Cities of Sigmar - Library.cat#b1b8-a094-36c3-b25e
Black Ark Corsairs,Cities of Sigmar,Infantry,1,5,,"INFANTRY,CHAMPION,ORDER,CITIES OF SIGMAR,AELF,STANDARD BEARER (1/10),MUSICIAN (1/10)",Repeater Handbow,ranged,2,4,4,0,1,10,Shoot in Combat,120,10,6,1,Default,10,,"Swift Shots [Activated · Once Per Turn (Army), Any Charge Phase]",Cities of Sigmar - Library.cat#e0b6-cd1a-833e-3ff3
Black Ark Corsairs,Cities of Sigmar,Infantry,1,5,,"INFANTRY,CHAMPION,ORDER,CITIES OF SIGMAR,AELF,STANDARD BEARER (1/10),MUSICIAN (1/10)",Vicious Blades,melee,2,3,4,0,1,,-,120,10,6,1,Default,10,,"Swift Shots [Activated · Once Per Turn (Army), Any Charge Phase]",Cities of Sigmar - Library.cat#e0b6-cd1a-833e-3ff3
Black Ark Fleetmaster,Cities of Sigmar,Infantry Hero,5,4,,"HERO,ORDER,CITIES OF SIGMAR,INFANTRY,AELF",Wicked Cutlass and Murder Hook,melee,5,3,4,1,2,,Crit (Mortal),90,1,6,2,Default,1,,"'At Them, You Curs!' [Activated · Reaction: You declared a Fight ability for this unit]",Cities of Sigmar - Library.cat#f2f1-e20a-f709-15a
Black Guard,Cities of Sigmar,Infantry,1,4,,"INFANTRY,CHAMPION,ORDER,CITIES OF SIGMAR,AELF,STANDARD BEARER (1/10),MUSICIAN (1/10)",Ebon Halberd,melee,2,3,4,1,1,,-,130,10,6,1,Default,10,,Steel and Sorcery [Passive],Cities of Sigmar - Library.cat#4041-4683-8028-c73a
Bleakswords,Cities of Sigmar,Infantry,1,4,,"INFANTRY,CHAMPION,ORDER,CITIES OF SIGMAR,AELF,STANDARD BEARER (1/10),MUSICIAN (1/10)",Darkling Sword,melee,2,3,4,0,1,,Crit (2 Hits),100,10,6,1,Default,10,,Merciless Conquerors [Activated],Cities of Sigmar - Library.cat#67d2-d2ce-84c1-70b3
"Bren Tylis, the Renegade Saint",Cities of Sigmar,Infantry Hero,5,3,,"UNIQUE,HERO,ORDER,CITIES OF SIGMAR,HUMAN,INFANTRY",Hand-and-a-half Sword,melee,5,3,4,2,2,,-,120,1,5,2,Default,1,,"Well Travelled [Activated · Once Per Battle, Deployment Phase] | Yondara's Guidance [Passive]",Cities of Sigmar - Library.cat#910b-de3b-92c7-2940
Brethren of the Bolt,Cities of Sigmar,,2,6,,"ORDER,CITIES OF SIGMAR,HUMAN,INFANTRY,UNIQUE,CHAMPION",Brethren Weapons,melee,3,4,4,0,1,,Crit (Mortal),100,5,5,1,Default,5,,Pater Filius [Passive] | Crackling with Faith [Passive] | Bolt from the Blue [Prayer · Your Hero Phase · chanting value 5 · Prayer],Cities of Sigmar - Library.cat#d136-5b89-0d88-cb37
Callis and Toll,Cities of Sigmar,Infantry Hero,5,4,5,"HERO,ORDER,CITIES OF SIGMAR,HUMAN,INFANTRY,WARD (5+),UNIQUE",Flintlock Pistols,ranged,3,3,3,1,1,10,"Anti‑**^^Wizard^^** (+1 Rend), Shoot in Combat",240,2,5,2,Default,2,,Relentless Hunters [Activated · Start of Battle Round] | Right Tools for the Job [Passive],Cities of Sigmar - Library.cat#bead-f727-a5cc-fde1
Callis and Toll,Cities of Sigmar,Infantry Hero,5,4,5,"HERO,ORDER,CITIES OF SIGMAR,HUMAN,INFANTRY,WARD (5+),UNIQUE",Azyrite Blades,melee,4,3,4,1,2,,Anti‑**^^Wizard^^** (+1 Rend),240,2,5,2,Default,2,,Relentless Hunters [Activated · Start of Battle Round] | Right Tools for the Job [Passive],Cities of Sigmar - Library.cat#bead-f727-a5cc-fde1
Celestial Hurricanum,Cities of Sigmar,War Machine,10,4,,"ORDER,CITIES OF SIGMAR,HUMAN,WAR MACHINE",Warhorses' Steel-shod Hooves,melee,4,5,3,0,1,,Companion,170,1,8,5,Default,1,,"Storm of Shemtek [Activated · Once Per Turn (Army), Your Shooting Phase] | Portents of Battle [Activated · Once Per Turn (Army), Your Hero Phase]",Cities of Sigmar - Library.cat#d5a5-3182-b4f8-52a
Cogsmith,Cities of Sigmar,Infantry Hero,5,3,,"HERO,ORDER,CITIES OF SIGMAR,INFANTRY,DUARDIN",Cogsmith’s Firearms,ranged,4,3,3,1,1,15,-,110,1,4,2,Default,1,,"Direct the Gyrocorps [Activated · Once Per Turn (Army), Your Hero Phase]",Cities of Sigmar - Library.cat#89d6-1612-ce3c-50e9
Cogsmith,Cities of Sigmar,Infantry Hero,5,3,,"HERO,ORDER,CITIES OF SIGMAR,INFANTRY,DUARDIN",Gun Butt and Cog Axe,melee,3,4,4,1,2,,-,110,1,4,2,Default,1,,"Direct the Gyrocorps [Activated · Once Per Turn (Army), Your Hero Phase]",Cities of Sigmar - Library.cat#89d6-1612-ce3c-50e9
Dark Riders,Cities of Sigmar,Cavalry,3,4,,"CHAMPION,ORDER,CITIES OF SIGMAR,CAVALRY,STANDARD BEARER (1/5),AELF,MUSICIAN (1/5)",Dark Steed’s Vicious Bite,melee,2,5,3,0,1,,Companion,170,5,12,1,Default,5,,"Sow Havoc [Activated · Once Per Turn (Army), End of Any Turn]",Cities of Sigmar - Library.cat#b118-28da-4ebc-615b
Dark Riders,Cities of Sigmar,Cavalry,3,4,,"CHAMPION,ORDER,CITIES OF SIGMAR,CAVALRY,STANDARD BEARER (1/5),AELF,MUSICIAN (1/5)",Repeater Crossbow,ranged,2,4,4,0,1,12,Crit (2 Hits),170,5,12,1,Default,5,,"Sow Havoc [Activated · Once Per Turn (Army), End of Any Turn]",Cities of Sigmar - Library.cat#b118-28da-4ebc-615b
Dark Riders,Cities of Sigmar,Cavalry,3,4,,"CHAMPION,ORDER,CITIES OF SIGMAR,CAVALRY,STANDARD BEARER (1/5),AELF,MUSICIAN (1/5)",Barbed Spear,melee,2,3,4,1,1,,Charge (+1 Damage),170,5,12,1,Default,5,,"Sow Havoc [Activated · Once Per Turn (Army), End of Any Turn]",Cities of Sigmar - Library.cat#b118-28da-4ebc-615b
Darkshards,Cities of Sigmar,Infantry,1,5,,"INFANTRY,CHAMPION,ORDER,CITIES OF SIGMAR,AELF,STANDARD BEARER (1/10),MUSICIAN (1/10)",Master-crafted Repeater Crossbow,ranged,2,3,4,0,1,15,Anti-**^^Infantry^^** (+1 Rend),150,10,6,1,Default,10,,Storm of Iron-tipped Bolts [Activated · Your Shooting Phase],Cities of Sigmar - Library.cat#4c41-9957-d6c2-78e3
Darkshards,Cities of Sigmar,Infantry,1,5,,"INFANTRY,CHAMPION,ORDER,CITIES OF SIGMAR,AELF,STANDARD BEARER (1/10),MUSICIAN (1/10)",Cruel Dagger,melee,1,3,4,0,1,,-,150,10,6,1,Default,10,,Storm of Iron-tipped Bolts [Activated · Your Shooting Phase],Cities of Sigmar - Library.cat#4c41-9957-d6c2-78e3
Doralia ven Denst,Cities of Sigmar,Infantry Hero,5,4,,"UNIQUE,HERO,ORDER,CITIES OF SIGMAR,HUMAN,INFANTRY",Consecrated Blade,melee,3,3,4,1,2,,-,0,1,5,2,,,Galen ven Denst,Guardian and Mentor [Passive] | Weapons of Banishment [Activated · Your Hero Phase],Cities of Sigmar - Library.cat#d898-284d-8946-d04f
Doralia ven Denst,Cities of Sigmar,Infantry Hero,5,4,,"UNIQUE,HERO,ORDER,CITIES OF SIGMAR,HUMAN,INFANTRY",Anti‑thaumic Crossbow,ranged,2,3,3,1,2,18,Anti‑**^^Wizard^^** (+1 Rend),0,1,5,2,,,Galen ven Denst,Guardian and Mentor [Passive] | Weapons of Banishment [Activated · Your Hero Phase],Cities of Sigmar - Library.cat#d898-284d-8946-d04f
Drakespawn Chariot,Cities of Sigmar,War Machine,8,4,,"ORDER,CITIES OF SIGMAR,AELF,WAR MACHINE",Barbed Spear,melee,2,3,4,1,1,,Charge (+1 Damage),110,1,10,5,Default,1,,Scythed Runners [Activated · Any Charge Phase],Cities of Sigmar - Library.cat#672e-438c-24a6-5fc4
Drakespawn Chariot,Cities of Sigmar,War Machine,8,4,,"ORDER,CITIES OF SIGMAR,AELF,WAR MACHINE",Drakespawn’s Ferocious Jaws,melee,6,4,3,1,1,,Companion,110,1,10,5,Default,1,,Scythed Runners [Activated · Any Charge Phase],Cities of Sigmar - Library.cat#672e-438c-24a6-5fc4
Drakespawn Knights,Cities of Sigmar,Cavalry,3,3,,"CHAMPION,ORDER,CITIES OF SIGMAR,CAVALRY,STANDARD BEARER (1/5),AELF,MUSICIAN (1/5)",Drakespawn’s Ferocious Jaws,melee,3,4,3,1,1,,Companion,190,5,10,1,Default,5,,"Bestial Instincts [Activated · Once Per Turn (Army), Any Combat Phase]",Cities of Sigmar - Library.cat#5507-3979-c08f-1f0d
Drakespawn Knights,Cities of Sigmar,Cavalry,3,3,,"CHAMPION,ORDER,CITIES OF SIGMAR,CAVALRY,STANDARD BEARER (1/5),AELF,MUSICIAN (1/5)",Barbed Lance,melee,2,3,4,1,1,,Charge (+1 Damage),190,5,10,1,Default,5,,"Bestial Instincts [Activated · Once Per Turn (Army), Any Combat Phase]",Cities of Sigmar - Library.cat#5507-3979-c08f-1f0d
"Drasher Vorn, the Rampaging Beast",Cities of Sigmar,,6,5,6,"UNIQUE,HERO,ORDER,CITIES OF SIGMAR,INFANTRY,HUMAN,WARD (6+)",Feral Claws,melee,6,4,2,2,2,,Crit (2 Hits),150,1,6,2,Default,1,,Fury of the Wildlands [Activated · End of Any Turn] | Ebon Claw [Activated · Any Hero Phase],Cities of Sigmar - Library.cat#d0d1-1d9e-e29c-e5e5
Dreadlord on Black Dragon,Cities of Sigmar,Monster Hero,14,4,,"HERO,MONSTER,FLY,ORDER,CITIES OF SIGMAR,AELF",Black Dragon's Noxious Breath,ranged,2D6,2,4,1,1,10,"Shoot in Combat, Companion",260,1,12,5,Default,1,,"Battle Damaged [Passive] | Indiscriminate Slaughter [Activated · Once Per Turn (Army), Any Combat Phase · Rampage] | Under the Shadow of Black Wings [Passive]",Cities of Sigmar - Library.cat#3f66-4297-15aa-e6e
Dreadlord on Black Dragon,Cities of Sigmar,Monster Hero,14,4,,"HERO,MONSTER,FLY,ORDER,CITIES OF SIGMAR,AELF",Black Dragon's Claws,melee,7,4,2,1,2,,Companion,260,1,12,5,Default,1,,"Battle Damaged [Passive] | Indiscriminate Slaughter [Activated · Once Per Turn (Army), Any Combat Phase · Rampage] | Under the Shadow of Black Wings [Passive]",Cities of Sigmar - Library.cat#3f66-4297-15aa-e6e
Dreadlord on Black Dragon,Cities of Sigmar,Monster Hero,14,4,,"HERO,MONSTER,FLY,ORDER,CITIES OF SIGMAR,AELF",Dreadlord's Weapons,melee,5,3,4,1,2,,Charge (+1 Damage),260,1,12,5,Default,1,,"Battle Damaged [Passive] | Indiscriminate Slaughter [Activated · Once Per Turn (Army), Any Combat Phase · Rampage] | Under the Shadow of Black Wings [Passive]",Cities of Sigmar - Library.cat#3f66-4297-15aa-e6e
Dreadlord on Black Dragon,Cities of Sigmar,Monster Hero,14,4,,"HERO,MONSTER,FLY,ORDER,CITIES OF SIGMAR,AELF",Black Dragon's Jaws,melee,3,4,2,2,3,,Companion,260,1,12,5,Default,1,,"Battle Damaged [Passive] | Indiscriminate Slaughter [Activated · Once Per Turn (Army), Any Combat Phase · Rampage] | Under the Shadow of Black Wings [Passive]",Cities of Sigmar - Library.cat#3f66-4297-15aa-e6e
Dreadspears,Cities of Sigmar,Infantry,1,4,,"INFANTRY,CHAMPION,ORDER,CITIES OF SIGMAR,AELF,STANDARD BEARER (1/10),MUSICIAN (1/10)",Darkling Spear,melee,2,3,4,0,1,,Anti-charge (+1 Rend),110,10,6,1,Default,10,,"Coven Guard [Activated · Once Per Turn (Army), Any Combat Phase]",Cities of Sigmar - Library.cat#a787-69e-f77f-18d9
"Drolf Ironhead, the Grizzled Explorer",Cities of Sigmar,Infantry Hero,5,4,,"UNIQUE,HERO,ORDER,CITIES OF SIGMAR,INFANTRY,DUARDIN",Snaplock Crossbow,ranged,3,3,4,1,2,10,-,100,1,4,2,Default,1,,Expert Ranger [Activated · Your Movement Phase] | Runic Axes [Passive],Cities of Sigmar - Library.cat#f194-4ebe-8eed-41b3
"Drolf Ironhead, the Grizzled Explorer",Cities of Sigmar,Infantry Hero,5,4,,"UNIQUE,HERO,ORDER,CITIES OF SIGMAR,INFANTRY,DUARDIN",Runic Axes,melee,5,3,4,1,2,,-,100,1,4,2,Default,1,,Expert Ranger [Activated · Your Movement Phase] | Runic Axes [Passive],Cities of Sigmar - Library.cat#f194-4ebe-8eed-41b3
"Edmark Valoran, the Manticore Knight",Cities of Sigmar,Infantry Hero,5,3,,"UNIQUE,HERO,ORDER,CITIES OF SIGMAR,HUMAN,INFANTRY",Knightly Battleaxe,melee,5,3,4,1,2,,-,110,1,5,2,Default,1,,Shield of the Manticore [Passive] | Emberstone-riddled Flesh [Passive],Cities of Sigmar - Library.cat#5040-202c-ea4c-ee3d
Executioners,Cities of Sigmar,Infantry,1,4,,"INFANTRY,CHAMPION,ORDER,CITIES OF SIGMAR,AELF,STANDARD BEARER (1/10),MUSICIAN (1/10)",Executioner’s Draich,melee,2,3,4,1,1,,Crit (Mortal),150,10,6,1,Default,10,,"Severing Strike [Activated · Once Per Turn (Army), Any Combat Phase]",Cities of Sigmar - Library.cat#dc42-b5e2-69cb-8cd7
Flagellants,Cities of Sigmar,Infantry,1,6,,"INFANTRY,CHAMPION,ORDER,CITIES OF SIGMAR,HUMAN",Castigating Flails and Clubs,melee,2,4,4,0,1,,-,80,10,6,1,Default,10,,Glorious Martyrs [Passive],Cities of Sigmar - Library.cat#6da4-e6bc-e5f6-3751
Freeguild Cavalier-Marshal,Cities of Sigmar,Cavalry Hero,7,3,,"HERO,ORDER,CITIES OF SIGMAR,HUMAN,CAVALRY",Dragoon Pistol,ranged,2,3,4,1,1,10,Shoot in Combat,120,1,10,2,Default,1,,"'For Sigmar, For Glory!' [Activated · Reaction: You declared the 'Counter-charge' command for this unit.] | Run Down the Foe [Activated · Once Per Turn (Army), Any Charge Phase]",Cities of Sigmar - Library.cat#f921-535b-9f7d-615f
Freeguild Cavalier-Marshal,Cities of Sigmar,Cavalry Hero,7,3,,"HERO,ORDER,CITIES OF SIGMAR,HUMAN,CAVALRY",Master-forged Cavalier Sword,melee,5,3,4,1,2,,-,120,1,10,2,Default,1,,"'For Sigmar, For Glory!' [Activated · Reaction: You declared the 'Counter-charge' command for this unit.] | Run Down the Foe [Activated · Once Per Turn (Army), Any Charge Phase]",Cities of Sigmar - Library.cat#f921-535b-9f7d-615f
Freeguild Cavalier-Marshal,Cities of Sigmar,Cavalry Hero,7,3,,"HERO,ORDER,CITIES OF SIGMAR,HUMAN,CAVALRY",Warhorse’s Steel-shod Hooves,melee,2,5,3,0,1,,Companion,120,1,10,2,Default,1,,"'For Sigmar, For Glory!' [Activated · Reaction: You declared the 'Counter-charge' command for this unit.] | Run Down the Foe [Activated · Once Per Turn (Army), Any Charge Phase]",Cities of Sigmar - Library.cat#f921-535b-9f7d-615f
Freeguild Cavaliers,Cities of Sigmar,Cavalry,3,3,,"CHAMPION,ORDER,CITIES OF SIGMAR,HUMAN,CAVALRY,STANDARD BEARER (1/5)",Warhorse’s Steel‑shod Hooves,melee,2,5,3,0,1,,Companion,150,5,10,1,Default,5,,"Storm of Steel [Activated · Once Per Turn (Army), Any Charge Phase]",Cities of Sigmar - Library.cat#80f5-4df3-c41b-f6f7
Freeguild Cavaliers,Cities of Sigmar,Cavalry,3,3,,"CHAMPION,ORDER,CITIES OF SIGMAR,HUMAN,CAVALRY,STANDARD BEARER (1/5)",Cavalier Weapon,melee,3,4,4,1,1,,Charge (+1 Damage),150,5,10,1,Default,5,,"Storm of Steel [Activated · Once Per Turn (Army), Any Charge Phase]",Cities of Sigmar - Library.cat#80f5-4df3-c41b-f6f7
Freeguild Cavaliers (Scourge of Ghyran),Cities of Sigmar,Cavalry,3,3,,"CHAMPION,ORDER,CITIES OF SIGMAR,HUMAN,CAVALRY,STANDARD BEARER (1/5)",Warhorse’s Steel‑shod Hooves,melee,2,5,3,0,1,,Companion,150,5,10,1,Default,5,,The Red Work [Activated · Any Charge Phase],Cities of Sigmar - Library.cat#1d9d-c777-641c-68ba
Freeguild Cavaliers (Scourge of Ghyran),Cities of Sigmar,Cavalry,3,3,,"CHAMPION,ORDER,CITIES OF SIGMAR,HUMAN,CAVALRY,STANDARD BEARER (1/5)",Cavalier Weapon,melee,2,3,4,1,1,,Charge (+1 Damage),150,5,10,1,Default,5,,The Red Work [Activated · Any Charge Phase],Cities of Sigmar - Library.cat#1d9d-c777-641c-68ba
Freeguild Command Corps Adjutants,Cities of Sigmar,Infantry,3,4,,"INFANTRY,ORDER,CITIES OF SIGMAR,SIGMARITE",Adjutant Weapons,melee,3,4,4,1,2,,-,200,3,5,1,Default,3,,"Freeguild Adjutants [Activated · Once Per Turn (Army), Your Hero Phase]",Cities of Sigmar - Library.cat#9e34-2f0c-69ff-e722
Freeguild Command Corps Auxiliaries,Cities of Sigmar,Infantry,3,6,,"INFANTRY,ORDER,CITIES OF SIGMAR,SIGMARITE,MUSICIAN (1/2)",Assortment of Weapons,melee,2,4,4,0,1,,-,0,2,5,1,Default,2,Freeguild Command Corps Adjutants,"Seize the Souls [Activated · Once Per Turn (Army), Your Hero Phase] | Field Surgery [Activated · Once Per Turn (Army), End of Any Turn]",Cities of Sigmar - Library.cat#6c35-5d85-17e7-7800
Freeguild Command Corps Whisperblade,Cities of Sigmar,Infantry,3,6,,"INFANTRY,ORDER,CITIES OF SIGMAR,SIGMARITE",Enchanted Rapier,melee,4,3,4,2,2,,Crit (Mortal),0,1,5,2,Default,1,Freeguild Command Corps Adjutants,Lurking Spymaster [Passive],Cities of Sigmar - Library.cat#a8a0-8b9e-2108-e7d1
Freeguild Fusiliers,Cities of Sigmar,Infantry,1,4,,"INFANTRY,CHAMPION,ORDER,CITIES OF SIGMAR,STANDARD BEARER (1/10),SIGMARITE",Fusil-cannon,ranged,1,4,2,2,1,18,-,120,10,5,1,Default,10,,"Blackpowder Squire [Activated · Once Per Battle, Reaction: You declared a Shoot ability for this unit and this unit is in combat] | Fortified Position [Passive]",Cities of Sigmar - Library.cat#5fac-f8bc-2c88-9252
Freeguild Fusiliers,Cities of Sigmar,Infantry,1,4,,"INFANTRY,CHAMPION,ORDER,CITIES OF SIGMAR,STANDARD BEARER (1/10),SIGMARITE",Bayonet,melee,1,4,4,0,1,,-,120,10,5,1,Default,10,,"Blackpowder Squire [Activated · Once Per Battle, Reaction: You declared a Shoot ability for this unit and this unit is in combat] | Fortified Position [Passive]",Cities of Sigmar - Library.cat#5fac-f8bc-2c88-9252
Freeguild Marshal and Relic Envoy,Cities of Sigmar,Infantry Hero,5,3,,"HERO,ORDER,CITIES OF SIGMAR,INFANTRY,SIGMARITE",Master-forged Weapon,melee,5,3,4,1,2,,-,110,1,5,2,Default,1,,"Front-line Commander [Command · Once Per Battle (Army), Reaction: You declared a Fight ability for this unit · cost 1] | Attendant Relic Envoy [Activated · Once Per Turn (Army), Your Hero Phase]",Cities of Sigmar - Library.cat#326c-d13-626c-cfd
Freeguild Marshal and Relic Envoy,Cities of Sigmar,Infantry Hero,5,3,,"HERO,ORDER,CITIES OF SIGMAR,INFANTRY,SIGMARITE",Duelling Pistols,ranged,4,3,4,1,1,10,Shoot in Combat,110,1,5,2,Default,1,,"Front-line Commander [Command · Once Per Battle (Army), Reaction: You declared a Fight ability for this unit · cost 1] | Attendant Relic Envoy [Activated · Once Per Turn (Army), Your Hero Phase]",Cities of Sigmar - Library.cat#326c-d13-626c-cfd
Freeguild Marshal on Griffon,Cities of Sigmar,Monster Hero,15,4,,"HERO,MONSTER,FLY,ORDER,CITIES OF SIGMAR,HUMAN",Marshal’s Armaments,melee,5,3,4,1,2,,Charge (+1 Damage),230,1,12,5,Default,1,,"Battle Damaged [Passive] | Tactical Acumen [Activated · Reaction: You declared the 'Redeploy' command for a friendly Cities of Sigmar Human unit wholly within 12"" of this unit] | Piercing Bloodroar [Activated · Once Per Turn (Army), Any Combat Phase · Rampage]",Cities of Sigmar - Library.cat#c0d6-b8a8-c799-e09e
Freeguild Marshal on Griffon,Cities of Sigmar,Monster Hero,15,4,,"HERO,MONSTER,FLY,ORDER,CITIES OF SIGMAR,HUMAN",Griffon’s Razor Claws and Deadly Beak,melee,6,4,2,2,3,,Companion,230,1,12,5,Default,1,,"Battle Damaged [Passive] | Tactical Acumen [Activated · Reaction: You declared the 'Redeploy' command for a friendly Cities of Sigmar Human unit wholly within 12"" of this unit] | Piercing Bloodroar [Activated · Once Per Turn (Army), Any Combat Phase · Rampage]",Cities of Sigmar - Library.cat#c0d6-b8a8-c799-e09e
Freeguild Steelhelms,Cities of Sigmar,Infantry,1,4,,"INFANTRY,CHAMPION,ORDER,CITIES OF SIGMAR,HUMAN,MUSICIAN (1/10),STANDARD BEARER (1/10)",Freeguild Weapons,melee,2,4,4,0,1,,-,90,10,5,1,Default,10,,"Steel of Helm and Heart [Activated · Once Per Turn (Army), Any Combat Phase]",Cities of Sigmar - Library.cat#db97-62b-745a-8db7
Fusil-Major on Ogor Warhulk,Cities of Sigmar,Infantry Hero,8,3,,"HERO,ORDER,CITIES OF SIGMAR,HUMAN,INFANTRY",Long Fusil,ranged,3,3,3,1,2,24,"Crit (Auto-wound), Anti-**^^Hero^^** (+1 Rend)",160,1,5,2,Default,1,,"Coordinate Attacks [Activated · Once Per Turn (Army), Your Shooting Phase]",Cities of Sigmar - Library.cat#7934-6325-c7ed-3d7b
Fusil-Major on Ogor Warhulk,Cities of Sigmar,Infantry Hero,8,3,,"HERO,ORDER,CITIES OF SIGMAR,HUMAN,INFANTRY",Warhulk’s Mace,melee,4,4,2,2,2,,-,160,1,5,2,Default,1,,"Coordinate Attacks [Activated · Once Per Turn (Army), Your Shooting Phase]",Cities of Sigmar - Library.cat#7934-6325-c7ed-3d7b
Galen ven Denst,Cities of Sigmar,Infantry Hero,5,4,,"UNIQUE,HERO,ORDER,CITIES OF SIGMAR,HUMAN,INFANTRY",Runic Broadsword,melee,4,3,4,1,2,,Anti-**^^Wizard^^** (+1 Rend),170,1,5,2,,,,Guardian and Mentor [Passive] | Weapons of Banishment [Activated · Your Hero Phase],Cities of Sigmar - Library.cat#d898-284d-8946-d04f
Galen ven Denst,Cities of Sigmar,Infantry Hero,5,4,,"UNIQUE,HERO,ORDER,CITIES OF SIGMAR,HUMAN,INFANTRY",Spell-banishing Pistol,ranged,3,3,3,1,1,10,Shoot in Combat,170,1,5,2,,,,Guardian and Mentor [Passive] | Weapons of Banishment [Activated · Your Hero Phase],Cities of Sigmar - Library.cat#d898-284d-8946-d04f
Gyrobomber,Cities of Sigmar,War Machine,6,3,,"ORDER,CITIES OF SIGMAR,DUARDIN,WAR MACHINE,FLY",Clattergun,ranged,3,4,3,1,2,12,-,120,1,12,2,Default,1,,Grudgebuster Bombs [Activated · Your Movement Phase],Cities of Sigmar - Library.cat#f6b5-64f8-206a-1789
Gyrobomber,Cities of Sigmar,War Machine,6,3,,"ORDER,CITIES OF SIGMAR,DUARDIN,WAR MACHINE,FLY",Rotor Blades,melee,3,4,4,1,2,,-,120,1,12,2,Default,1,,Grudgebuster Bombs [Activated · Your Movement Phase],Cities of Sigmar - Library.cat#f6b5-64f8-206a-1789
Gyrocopter,Cities of Sigmar,War Machine,5,3,,"ORDER,CITIES OF SIGMAR,DUARDIN,WAR MACHINE,FLY",Gyrocopter Guns,ranged,5,4,3,1,2,12,-,120,1,12,2,Default,1,,"Guild Bombs [Activated · Once Per Battle, Your Movement Phase]",Cities of Sigmar - Library.cat#a641-c2fa-e6d1-40ff
Gyrocopter,Cities of Sigmar,War Machine,5,3,,"ORDER,CITIES OF SIGMAR,DUARDIN,WAR MACHINE,FLY",Rotor Blades,melee,3,4,4,1,2,,-,120,1,12,2,Default,1,,"Guild Bombs [Activated · Once Per Battle, Your Movement Phase]",Cities of Sigmar - Library.cat#a641-c2fa-e6d1-40ff
Hammerers,Cities of Sigmar,Infantry,1,3,,"INFANTRY,ORDER,CITIES OF SIGMAR,DUARDIN",Gromril Great Hammer,melee,2,4,3,1,2,,-,170,10,4,1,Default,10,,Oathsworn [Passive],Cities of Sigmar - Library.cat#e8a7-8dbf-12ec-5753
Hexbane's Hunters,Cities of Sigmar,,2,5,5,"ORDER,CITIES OF SIGMAR,HUMAN,INFANTRY,UNIQUE,CHAMPION,WARD (5+)",Blackpowder Pistols,ranged,3,3,4,0,1,8,"Shoot in Combat, Anti-**^^Wizard^^** (+1 Rend)",120,6,5,1,Default,2,,Flamewood Stakes [Activated · End of Any Turn] | Hunt with Conviction [Activated · Start of First Battle Round],Cities of Sigmar - Library.cat#f5eb-ec64-66d7-0df9
Hexbane's Hunters,Cities of Sigmar,,2,5,5,"ORDER,CITIES OF SIGMAR,HUMAN,INFANTRY,UNIQUE,CHAMPION,WARD (5+)",Witch Hunter Weapons,melee,2,4,4,0,1,,Anti-**^^Wizard^^** (+1 Rend),120,6,5,1,Default,6,,Flamewood Stakes [Activated · End of Any Turn] | Hunt with Conviction [Activated · Start of First Battle Round],Cities of Sigmar - Library.cat#f5eb-ec64-66d7-0df9
Hexbane's Hunters,Cities of Sigmar,,2,5,5,"ORDER,CITIES OF SIGMAR,HUMAN,INFANTRY,UNIQUE,CHAMPION,WARD (5+)",Crossbow Launcher,ranged,2,4,3,1,2,15,Anti-**^^Wizard^^** (+1 Rend),120,6,5,1,Default,1,,Flamewood Stakes [Activated · End of Any Turn] | Hunt with Conviction [Activated · Start of First Battle Round],Cities of Sigmar - Library.cat#f5eb-ec64-66d7-0df9
"Inara Sion, the Cleansing Blade",Cities of Sigmar,Infantry Hero,5,5,,"UNIQUE,HERO,ORDER,CITIES OF SIGMAR,HUMAN,INFANTRY,WIZARD (1)",Purified Water Blast,ranged,3,3,4,1,2,10,Crit (Auto-wound),120,1,6,2,Default,1,,"Barrier of Water [Spell · Your Hero Phase · casting value 7 · Spell] | Sacred Amphora [Activated · Once Per Battle, Any Hero Phase]",Cities of Sigmar - Library.cat#50d7-0c75-927d-7025
"Inara Sion, the Cleansing Blade",Cities of Sigmar,Infantry Hero,5,5,,"UNIQUE,HERO,ORDER,CITIES OF SIGMAR,HUMAN,INFANTRY,WIZARD (1)",Blade of Flowing Waters,melee,3,3,4,1,2,,-,120,1,6,2,Default,1,,"Barrier of Water [Spell · Your Hero Phase · casting value 7 · Spell] | Sacred Amphora [Activated · Once Per Battle, Any Hero Phase]",Cities of Sigmar - Library.cat#50d7-0c75-927d-7025
Ironbreakers,Cities of Sigmar,Infantry,1,3,,"INFANTRY,ORDER,CITIES OF SIGMAR,DUARDIN,CHAMPION,MUSICIAN (1/10),STANDARD BEARER (1/10)",Ironbreaker Weapon,melee,2,3,4,0,1,,-,120,10,4,1,Default,10,,Gromril Shieldwall [Passive],Cities of Sigmar - Library.cat#d831-4103-fb92-eb5b
Ironbreakers,Cities of Sigmar,Infantry,1,3,,"INFANTRY,ORDER,CITIES OF SIGMAR,DUARDIN,CHAMPION,MUSICIAN (1/10),STANDARD BEARER (1/10)",Drakefire Pistols,ranged,1,3,3,1,1,10,Shoot in Combat,120,10,4,1,Option,,,Gromril Shieldwall [Passive],Cities of Sigmar - Library.cat#d831-4103-fb92-eb5b
Irondrakes,Cities of Sigmar,Infantry,1,3,,"INFANTRY,ORDER,CITIES OF SIGMAR,DUARDIN",Drakegun,ranged,1,3,3,1,1,15,Anti‑**^^Infantry^^** (+1 Rend),140,10,4,1,Default,10,,"Cinderblast Bomb [Activated · Once Per Turn (Army), Your Shooting Phase]",Cities of Sigmar - Library.cat#a4a9-4579-5a50-9ddb
Irondrakes,Cities of Sigmar,Infantry,1,3,,"INFANTRY,ORDER,CITIES OF SIGMAR,DUARDIN",Plated Fists,melee,1,4,4,0,1,,-,140,10,4,1,Default,10,,"Cinderblast Bomb [Activated · Once Per Turn (Army), Your Shooting Phase]",Cities of Sigmar - Library.cat#a4a9-4579-5a50-9ddb
Irondrakes,Cities of Sigmar,Infantry,1,3,,"INFANTRY,ORDER,CITIES OF SIGMAR,DUARDIN",Grudgehammer Torpedo,ranged,1,3,3,1,2,15,Anti‑**^^Monster^^** (+1 Rend),140,10,4,1,Option,,,"Cinderblast Bomb [Activated · Once Per Turn (Army), Your Shooting Phase]",Cities of Sigmar - Library.cat#a4a9-4579-5a50-9ddb
Ironweld Great Cannon,Cities of Sigmar,War Machine,6,4,,"ORDER,CITIES OF SIGMAR,WAR MACHINE,SIGMARITE",Great Cannon,ranged,3,4,2,2,D3+2,24,-,140,1,3,2,Default,1,,"Relentless Bombardment [Activated · Once Per Turn (Army), Any Shooting Phase]",Cities of Sigmar - Library.cat#8186-4957-8449-590c
Ironweld Great Cannon,Cities of Sigmar,War Machine,6,4,,"ORDER,CITIES OF SIGMAR,WAR MACHINE,SIGMARITE",Crew's Tools and Sidearms,melee,2,4,4,0,1,,-,140,1,3,2,Default,1,,"Relentless Bombardment [Activated · Once Per Turn (Army), Any Shooting Phase]",Cities of Sigmar - Library.cat#8186-4957-8449-590c
"Jacobus Vyne, the Jade Wizard",Cities of Sigmar,Infantry Hero,5,6,,"UNIQUE,HERO,ORDER,CITIES OF SIGMAR,INFANTRY,HUMAN,WIZARD (1)",Vineroot Staff,ranged,2,3,3,2,3,9,Anti-**^^Faction Terrain^^** (+1 Rend),130,1,5,2,Default,1,,Verdant Growth [Spell · Your Hero Phase · casting value 6] | Summon Wisper [Activated · Your Movement Phase],Cities of Sigmar - Library.cat#121a-c8d2-648a-c1be
"Jacobus Vyne, the Jade Wizard",Cities of Sigmar,Infantry Hero,5,6,,"UNIQUE,HERO,ORDER,CITIES OF SIGMAR,INFANTRY,HUMAN,WIZARD (1)",Enchanted Sickle,melee,3,4,4,1,2,,-,130,1,5,2,Default,1,,Verdant Growth [Spell · Your Hero Phase · casting value 6] | Summon Wisper [Activated · Your Movement Phase],Cities of Sigmar - Library.cat#121a-c8d2-648a-c1be
Kharibdyss,Cities of Sigmar,Monster,12,5,,"MONSTER,ORDER,CITIES OF SIGMAR,AELF",Crew’s Goads and Whips,melee,3,3,4,1,2,,-,150,1,8,5,Option,,,"Goaded and Whipped [Activated · Once Per Turn (Army), Any Combat Phase] | Abyssal Howl [Activated · Once Per Turn (Army), End of Any Turn · Rampage]",Cities of Sigmar - Library.cat#ae46-44ae-4d68-6386
Kharibdyss,Cities of Sigmar,Monster,12,5,,"MONSTER,ORDER,CITIES OF SIGMAR,AELF",Fanged Tentacles and Spiked Tail,melee,6,4,2,1,2,,Companion,150,1,8,5,Default,1,,"Goaded and Whipped [Activated · Once Per Turn (Army), Any Combat Phase] | Abyssal Howl [Activated · Once Per Turn (Army), End of Any Turn · Rampage]",Cities of Sigmar - Library.cat#ae46-44ae-4d68-6386
Longbeards,Cities of Sigmar,Infantry,1,3,,"INFANTRY,CHAMPION,ORDER,CITIES OF SIGMAR,STANDARD BEARER (1/10),MUSICIAN (1/10),DUARDIN",Venerable Weapons,melee,2,3,4,1,1,,-,130,10,4,1,Default,10,,"`I Thought Duardin Were Made of Sterner Stuff!` [Activated · Once Per Turn (Army), Any Combat Phase]",Cities of Sigmar - Library.cat#8ee5-3161-46c0-d0a2
Luminark of Hysh,Cities of Sigmar,War Machine,10,4,,"ORDER,CITIES OF SIGMAR,HUMAN,WAR MACHINE",Warhorses' Steel-shod Hooves,melee,4,5,3,0,1,,Companion,230,1,8,5,Default,1,,"Searing Beam of Light [Passive] | Aura of Protection [Activated · Once Per Turn (Army), Your Hero Phase]",Cities of Sigmar - Library.cat#9d8a-508e-c6e4-b096
"Pontifex Zenestra, Matriarch of the Great Wheel",Cities of Sigmar,Infantry Hero,9,5,4,"UNIQUE,HERO,ORDER,CITIES OF SIGMAR,HUMAN,PRIEST (2),INFANTRY,WARD (4+)",Sceptre of the Wheel,melee,3,4,4,0,2,,-,190,1,5,2,Default,1,,The Great Wheel Turns [Passive] | Vessel of Sigmar [Prayer · Your Hero Phase · chanting value 5 · Prayer],Cities of Sigmar - Library.cat#708d-414f-a3f-3734
"Pontifex Zenestra, Matriarch of the Great Wheel",Cities of Sigmar,Infantry Hero,9,5,4,"UNIQUE,HERO,ORDER,CITIES OF SIGMAR,HUMAN,PRIEST (2),INFANTRY,WARD (4+)",Acolytes’ Club and Axe,melee,4,4,4,0,1,,-,190,1,5,2,Default,1,,The Great Wheel Turns [Passive] | Vessel of Sigmar [Prayer · Your Hero Phase · chanting value 5 · Prayer],Cities of Sigmar - Library.cat#708d-414f-a3f-3734
"Pontifex Zenestra, Matriarch of the Great Wheel (Scourge of Ghyran)",Cities of Sigmar,Infantry Hero,9,5,4,"UNIQUE,HERO,ORDER,CITIES OF SIGMAR,HUMAN,PRIEST (2),INFANTRY,WARD (4+)",Sceptre of the Wheel and Acolytes' Weapons,melee,5,4,4,0,2,,-,260,1,5,2,Default,1,,Word of the God-King [Activated · Any Hero Phase] | Sigmar's Will [Prayer · Your Hero Phase · chanting value 4 · Prayer],Cities of Sigmar - Library.cat#2e94-0acc-b29b-fb64
Runelord,Cities of Sigmar,Infantry Hero,5,3,,"HERO,ORDER,CITIES OF SIGMAR,INFANTRY,DUARDIN,PRIEST (1)",Rune Staff and Forgehammer,melee,3,4,3,1,2,,-,130,1,4,2,Default,1,,Runes of Spellbreaking [Passive] | Forgefire [Prayer · Your Hero Phase · chanting value 5 · Prayer],Cities of Sigmar - Library.cat#e21a-cca6-9f40-1891
Scourgerunner Chariot,Cities of Sigmar,War Machine,8,4,,"ORDER,CITIES OF SIGMAR,AELF,WAR MACHINE",Ravager Harpoon,ranged,2,3,3,1,2,16,Anti‑**^^Monster^^** (+1 Rend),110,1,10,5,Default,1,,Lay the Beast Low [Passive],Cities of Sigmar - Library.cat#e03f-92f0-5e5d-924a
Scourgerunner Chariot,Cities of Sigmar,War Machine,8,4,,"ORDER,CITIES OF SIGMAR,AELF,WAR MACHINE",Dark Steeds’ Vicious Bites,melee,4,5,3,0,1,,Companion,110,1,10,5,Default,1,,Lay the Beast Low [Passive],Cities of Sigmar - Library.cat#e03f-92f0-5e5d-924a
Scourgerunner Chariot,Cities of Sigmar,War Machine,8,4,,"ORDER,CITIES OF SIGMAR,AELF,WAR MACHINE",Hook Spear,melee,2,3,4,1,1,,Anti‑**^^Monster^^** (+1 Rend),110,1,10,5,Default,1,,Lay the Beast Low [Passive],Cities of Sigmar - Library.cat#e03f-92f0-5e5d-924a
Sorceress,Cities of Sigmar,Infantry Hero,5,6,,"HERO,ORDER,CITIES OF SIGMAR,INFANTRY,WIZARD (1),AELF",Witchstaff,melee,1,3,4,1,2,,-,130,1,6,2,Default,1,,"Cruel Sacrifice [Activated · Once Per Turn (Army), Your Hero Phase] | Word of Pain [Activated · Once Per Turn (Army), Any Combat Phase]",Cities of Sigmar - Library.cat#6537-603a-884b-312b
Sorceress on Black Dragon,Cities of Sigmar,Monster Hero,14,4,,"HERO,MONSTER,FLY,ORDER,CITIES OF SIGMAR,AELF,WIZARD (1)",Cruel Weapons,melee,3,3,4,1,D3,,-,280,1,12,5,Default,1,,"Battle Damaged [Passive] | Command Underlings [Activated · Once Per Turn (Army), Your Hero Phase] | Feed on Life Force [Activated · Once Per Turn (Army), End of Any Turn · Rampage] | Dark Sorcery [Passive]",Cities of Sigmar - Library.cat#97d9-f0bf-ad89-37eb
Sorceress on Black Dragon,Cities of Sigmar,Monster Hero,14,4,,"HERO,MONSTER,FLY,ORDER,CITIES OF SIGMAR,AELF,WIZARD (1)",Black Dragon's Noxious Breath,ranged,2D6,2,4,1,1,10,"Shoot in Combat, Companion",280,1,12,5,Default,1,,"Battle Damaged [Passive] | Command Underlings [Activated · Once Per Turn (Army), Your Hero Phase] | Feed on Life Force [Activated · Once Per Turn (Army), End of Any Turn · Rampage] | Dark Sorcery [Passive]",Cities of Sigmar - Library.cat#97d9-f0bf-ad89-37eb
Sorceress on Black Dragon,Cities of Sigmar,Monster Hero,14,4,,"HERO,MONSTER,FLY,ORDER,CITIES OF SIGMAR,AELF,WIZARD (1)",Black Dragon's Claws,melee,7,4,2,1,2,,Companion,280,1,12,5,Default,1,,"Battle Damaged [Passive] | Command Underlings [Activated · Once Per Turn (Army), Your Hero Phase] | Feed on Life Force [Activated · Once Per Turn (Army), End of Any Turn · Rampage] | Dark Sorcery [Passive]",Cities of Sigmar - Library.cat#97d9-f0bf-ad89-37eb
Sorceress on Black Dragon,Cities of Sigmar,Monster Hero,14,4,,"HERO,MONSTER,FLY,ORDER,CITIES OF SIGMAR,AELF,WIZARD (1)",Black Dragon's Jaws,melee,3,4,2,2,3,,Companion,280,1,12,5,Default,1,,"Battle Damaged [Passive] | Command Underlings [Activated · Once Per Turn (Army), Your Hero Phase] | Feed on Life Force [Activated · Once Per Turn (Army), End of Any Turn · Rampage] | Dark Sorcery [Passive]",Cities of Sigmar - Library.cat#97d9-f0bf-ad89-37eb
Steam Tank,Cities of Sigmar,War Machine,12,2,,"ORDER,CITIES OF SIGMAR,HUMAN,WAR MACHINE",Steam Cannon,ranged,1,4,2,2,4,18,-,240,1,8,5,Default,1,,More Pressure! [Activated · Your Hero Phase],Cities of Sigmar - Library.cat#293f-584a-25a2-c45c
Steam Tank,Cities of Sigmar,War Machine,12,2,,"ORDER,CITIES OF SIGMAR,HUMAN,WAR MACHINE",Crushing Wheels,melee,6,4,2,1,2,,Companion,240,1,8,5,Default,1,,More Pressure! [Activated · Your Hero Phase],Cities of Sigmar - Library.cat#293f-584a-25a2-c45c
Steam Tank,Cities of Sigmar,War Machine,12,2,,"ORDER,CITIES OF SIGMAR,HUMAN,WAR MACHINE",Steam Gun,ranged,6,2,4,0,1,12,-,240,1,8,5,Default,1,,More Pressure! [Activated · Your Hero Phase],Cities of Sigmar - Library.cat#293f-584a-25a2-c45c
Steam Tank Commander,Cities of Sigmar,War Machine Hero,12,2,,"HERO,ORDER,CITIES OF SIGMAR,HUMAN,WAR MACHINE",Steam Cannon,ranged,1,4,2,2,4,18,-,250,1,8,5,Default,1,,"Division Commander [Activated · Once Per Battle, Your Shooting Phase] | More Pressure! [Activated · Your Hero Phase]",Cities of Sigmar - Library.cat#6bc7-2301-7561-6983
Steam Tank Commander,Cities of Sigmar,War Machine Hero,12,2,,"HERO,ORDER,CITIES OF SIGMAR,HUMAN,WAR MACHINE",Crushing Wheels,melee,6,4,2,1,2,,Companion,250,1,8,5,Default,1,,"Division Commander [Activated · Once Per Battle, Your Shooting Phase] | More Pressure! [Activated · Your Hero Phase]",Cities of Sigmar - Library.cat#6bc7-2301-7561-6983
Steam Tank Commander,Cities of Sigmar,War Machine Hero,12,2,,"HERO,ORDER,CITIES OF SIGMAR,HUMAN,WAR MACHINE",Commander’s Sword,melee,3,3,4,1,2,,-,250,1,8,5,Default,1,,"Division Commander [Activated · Once Per Battle, Your Shooting Phase] | More Pressure! [Activated · Your Hero Phase]",Cities of Sigmar - Library.cat#6bc7-2301-7561-6983
Steam Tank Commander,Cities of Sigmar,War Machine Hero,12,2,,"HERO,ORDER,CITIES OF SIGMAR,HUMAN,WAR MACHINE",Commander’s Rifle,ranged,3,3,3,1,2,18,-,250,1,8,5,Default,1,,"Division Commander [Activated · Once Per Battle, Your Shooting Phase] | More Pressure! [Activated · Your Hero Phase]",Cities of Sigmar - Library.cat#6bc7-2301-7561-6983
Steam Tank Commander,Cities of Sigmar,War Machine Hero,12,2,,"HERO,ORDER,CITIES OF SIGMAR,HUMAN,WAR MACHINE",Steam Gun,ranged,6,2,4,0,1,12,-,250,1,8,5,Default,1,,"Division Commander [Activated · Once Per Battle, Your Shooting Phase] | More Pressure! [Activated · Your Hero Phase]",Cities of Sigmar - Library.cat#6bc7-2301-7561-6983
"Tahlia Vedra, Lioness of the Parch",Cities of Sigmar,Monster Hero,15,4,6,"UNIQUE,HERO,MONSTER,FLY,WARMASTER,WARD (6+),ORDER,CITIES OF SIGMAR,HUMAN",Infernadine’s Scorpid Stinger,melee,2,4,2,3,5,,Companion,340,1,12,5,Default,1,,"Battle Damaged [Passive] | Combat Tactician [Activated · Enemy Hero Phase] | Lead from the Front [Activated · Once Per Battle, Any Combat Phase] | Paralysing Venom [Activated · Any Combat Phase · Rampage]",Cities of Sigmar - Library.cat#16c9-ff28-9e7d-8702
"Tahlia Vedra, Lioness of the Parch",Cities of Sigmar,Monster Hero,15,4,6,"UNIQUE,HERO,MONSTER,FLY,WARMASTER,WARD (6+),ORDER,CITIES OF SIGMAR,HUMAN",Weapon of Office,melee,6,3,4,1,2,,-,340,1,12,5,Default,1,,"Battle Damaged [Passive] | Combat Tactician [Activated · Enemy Hero Phase] | Lead from the Front [Activated · Once Per Battle, Any Combat Phase] | Paralysing Venom [Activated · Any Combat Phase · Rampage]",Cities of Sigmar - Library.cat#16c9-ff28-9e7d-8702
"Tahlia Vedra, Lioness of the Parch",Cities of Sigmar,Monster Hero,15,4,6,"UNIQUE,HERO,MONSTER,FLY,WARMASTER,WARD (6+),ORDER,CITIES OF SIGMAR,HUMAN",Infernadine’s Leonine Jaws,melee,3,3,2,2,3,,"Anti-**^^Monster^^** (+1 Rend), Companion",340,1,12,5,Default,1,,"Battle Damaged [Passive] | Combat Tactician [Activated · Enemy Hero Phase] | Lead from the Front [Activated · Once Per Battle, Any Combat Phase] | Paralysing Venom [Activated · Any Combat Phase · Rampage]",Cities of Sigmar - Library.cat#16c9-ff28-9e7d-8702
Toll's Companions,Cities of Sigmar,Infantry,3,4,,"ORDER,CITIES OF SIGMAR,HUMAN,INFANTRY,UNIQUE",Exotic Assortment of Weapons,melee,4,3,4,1,1,,Anti‑**^^Wizard^^** (+1 Rend),0,4,5,1,Default,4,Callis and Toll,Hidden Agents [Activated · Deployment Phase · Deploy] | Emerge from the Shadows [Activated · Your Movement Phase] | Saviours of Cinderfall [Passive],Cities of Sigmar - Library.cat#b41d-d073-1ba9-1728
War Hydra,Cities of Sigmar,Monster,12,5,,"MONSTER,ORDER,CITIES OF SIGMAR,AELF",Crew’s Goads and Whips,melee,3,3,4,1,2,,-,170,1,8,5,Option,,,"Impossible To Destroy [Passive] | Six-headed Strike [Activated · Once Per Turn (Army), Any Combat Phase · Rampage]",Cities of Sigmar - Library.cat#7031-9a79-bad7-203a
War Hydra,Cities of Sigmar,Monster,12,5,,"MONSTER,ORDER,CITIES OF SIGMAR,AELF",Fiery Breath,ranged,6,4,3,0,2,10,"Shoot in Combat, Companion",170,1,8,5,Default,1,,"Impossible To Destroy [Passive] | Six-headed Strike [Activated · Once Per Turn (Army), Any Combat Phase · Rampage]",Cities of Sigmar - Library.cat#7031-9a79-bad7-203a
War Hydra,Cities of Sigmar,Monster,12,5,,"MONSTER,ORDER,CITIES OF SIGMAR,AELF",Razor-sharp Fangs,melee,6,4,2,1,2,,"Anti-**^^Infantry^^** (+1 Rend), Companion",170,1,8,5,Default,1,,"Impossible To Destroy [Passive] | Six-headed Strike [Activated · Once Per Turn (Army), Any Combat Phase · Rampage]",Cities of Sigmar - Library.cat#7031-9a79-bad7-203a
Warden King,Cities of Sigmar,Infantry Hero,5,3,,"HERO,ORDER,CITIES OF SIGMAR,INFANTRY,DUARDIN",Runic Hammer,melee,5,3,3,2,2,,-,120,1,4,2,Default,1,,"Fearless Leader [Activated · Reaction: You declared a Fight ability for this unit] | Ancestral Grudgebearer [Activated · Once Per Battle (Army), Deployment Phase]",Cities of Sigmar - Library.cat#962e-f3fb-717c-d408
Wildercorps Hunters,Cities of Sigmar,Infantry,1,5,,"INFANTRY,ORDER,CITIES OF SIGMAR,CHAMPION (1/11),SIGMARITE",Trailhound's Ferocious Bite,melee,2,4,4,0,1,,Companion,120,11,5,1,Default,4,,"Expert Pathfinders [Activated · Once Per Turn (Army), Deployment Phase · Deploy] | Prepared Arrival [Activated · Once Per Turn (Army), Your Movement Phase]",Cities of Sigmar - Library.cat#f9e7-7b02-8660-65f7
Wildercorps Hunters,Cities of Sigmar,Infantry,1,5,,"INFANTRY,ORDER,CITIES OF SIGMAR,CHAMPION (1/11),SIGMARITE",Wildercorps Hunting Weapons,melee,2,4,4,0,1,,-,120,11,5,1,Default,6,,"Expert Pathfinders [Activated · Once Per Turn (Army), Deployment Phase · Deploy] | Prepared Arrival [Activated · Once Per Turn (Army), Your Movement Phase]",Cities of Sigmar - Library.cat#f9e7-7b02-8660-65f7
Wildercorps Hunters,Cities of Sigmar,Infantry,1,5,,"INFANTRY,ORDER,CITIES OF SIGMAR,CHAMPION (1/11),SIGMARITE",Hunting Crossbow,ranged,2,4,4,1,1,15,-,120,11,5,1,Default,7,,"Expert Pathfinders [Activated · Once Per Turn (Army), Deployment Phase · Deploy] | Prepared Arrival [Activated · Once Per Turn (Army), Your Movement Phase]",Cities of Sigmar - Library.cat#f9e7-7b02-8660-65f7
Wildercorps Hunters,Cities of Sigmar,Infantry,1,5,,"INFANTRY,ORDER,CITIES OF SIGMAR,CHAMPION (1/11),SIGMARITE",Hunting Weapons,melee,2,4,4,0,1,,-,120,11,5,1,Default,1,,"Expert Pathfinders [Activated · Once Per Turn (Army), Deployment Phase · Deploy] | Prepared Arrival [Activated · Once Per Turn (Army), Your Movement Phase]",Cities of Sigmar - Library.cat#f9e7-7b02-8660-65f7
Wisper,Cities of Sigmar,,1,6,6,"WARD (6+),MANIFESTATION,ENDLESS SPELL,ORDER,CITIES OF SIGMAR",Vulpine Fangs,melee,2,4,5,0,1,,-,,1,,,,,,Unnatural Edge [Activated · Any Combat Phase],Cities of Sigmar - Library.cat#150e-df11-e973-4918
Avatar of Khaine,Daughters of Khaine,Monster,7,3,6,"WARD (6+),ORDER,DAUGHTERS OF KHAINE,MONSTER",Avatar’s Sword,melee,5,3,3,2,3,,-,110,1,6,2,,,,Lord of Murder Incarnate [Passive] | Wrath of Khaine [Passive],Daughters of Khaine - Library.cat#b4e1-75b3-227b-1a8d
Avatar of Khaine,Daughters of Khaine,Monster,7,3,6,"WARD (6+),ORDER,DAUGHTERS OF KHAINE,MONSTER",Torrent of Burning Blood,ranged,6,3,3,1,1,10,Shoot in Combat,110,1,6,2,,,,Lord of Murder Incarnate [Passive] | Wrath of Khaine [Passive],Daughters of Khaine - Library.cat#b4e1-75b3-227b-1a8d
Bladewind,Daughters of Khaine,,1,6,6,"WARD (6+),MANIFESTATION,ENDLESS SPELL,FLY,ORDER,DAUGHTERS OF KHAINE",Bladed Vortex,melee,9,3,3,1,1,,Crit (2 Hits),,1,,,,,,Unnatural Edge [Activated · Any Combat Phase],Daughters of Khaine - Library.cat#a031-d36-2ec0-9f6a
Blood Sisters,Daughters of Khaine,Infantry,2,5,6,"WARD (6+),CHAMPION,ORDER,DAUGHTERS OF KHAINE,INFANTRY,MELUSAI",Heartshard Glaive,melee,2,3,4,1,2,,Crit (Mortal),160,5,8,1,Default,5,,"Crystal Touch [Activated · Once Per Turn (Army), Any Combat Phase]",Daughters of Khaine - Library.cat#dfe7-6633-f21a-6ba3
Blood Stalkers,Daughters of Khaine,Infantry,2,5,6,"WARD (6+),CHAMPION,ORDER,DAUGHTERS OF KHAINE,INFANTRY,MELUSAI",Heartseeker Bow,ranged,3,3,4,1,1,18,Crit (Auto-wound),150,5,8,1,Default,5,,"Heartseekers [Activated · Once Per Turn (Army), Reaction: You declared a Shoot ability for this unit]",Daughters of Khaine - Library.cat#1c2f-f798-5544-d556
Blood Stalkers,Daughters of Khaine,Infantry,2,5,6,"WARD (6+),CHAMPION,ORDER,DAUGHTERS OF KHAINE,INFANTRY,MELUSAI",Scianlar,melee,2,3,4,0,1,,-,150,5,8,1,Default,5,,"Heartseekers [Activated · Once Per Turn (Army), Reaction: You declared a Shoot ability for this unit]",Daughters of Khaine - Library.cat#1c2f-f798-5544-d556
Bloodwrack Medusa,Daughters of Khaine,Infantry Hero,6,5,6,"HERO,WARD (6+),ORDER,DAUGHTERS OF KHAINE,WIZARD (1),MELUSAI,INFANTRY",Bloodwrack Spear and Whisperclaw,melee,5,3,4,1,2,,-,140,1,8,2,Default,1,,"Exsanguinating Glare [Activated · Once Per Turn (Army), Your Shooting Phase] | Arcane Resonance [Passive · Exalted]",Daughters of Khaine - Library.cat#b5a7-3a7d-1481-bbda
Bloodwrack Shrine,Daughters of Khaine,War Machine Hero,12,4,6,"HERO,WARD (6+),ORDER,DAUGHTERS OF KHAINE,WAR MACHINE,WIZARD (2)",Bloodwrack Stare,ranged,4,3,3,2,3,15,"Crit (2 Hits), Shoot in Combat",270,1,6,5,Default,1,,"Aura of Agony [Activated · Once Per Turn (Army), Your Hero Phase · Exalted] | Born of Slaughter [Spell · Your Hero Phase · casting value 6 · Spell, Summon] | Agonising Spasms [Activated · Reaction: You declared a Shoot ability for this unit]",Daughters of Khaine - Library.cat#c881-aa4e-db19-f0a
Bloodwrack Shrine,Daughters of Khaine,War Machine Hero,12,4,6,"HERO,WARD (6+),ORDER,DAUGHTERS OF KHAINE,WAR MACHINE,WIZARD (2)",Shrine Guardians' Blades,melee,9,3,4,1,2,,-,270,1,6,5,Default,1,,"Aura of Agony [Activated · Once Per Turn (Army), Your Hero Phase · Exalted] | Born of Slaughter [Spell · Your Hero Phase · casting value 6 · Spell, Summon] | Agonising Spasms [Activated · Reaction: You declared a Shoot ability for this unit]",Daughters of Khaine - Library.cat#c881-aa4e-db19-f0a
Bloodwrack Shrine (Scourge of Ghyran),Daughters of Khaine,War Machine Hero,12,4,6,"HERO,WARD (6+),ORDER,DAUGHTERS OF KHAINE,WAR MACHINE,MELUSAI,WIZARD (2)",Bloodwrack Gaze,ranged,4,3,3,2,3,15,"Crit (2 Hits), Shoot in Combat",250,1,6,5,Default,1,,"Wracking Gaze [Activated · Once Per Turn (Army), Any Shooting Phase] | Reflected Agony [Spell · Your Hero Phase · casting value 5]",Daughters of Khaine - Library.cat#d171-03d5-bbc5-9fae
Bloodwrack Shrine (Scourge of Ghyran),Daughters of Khaine,War Machine Hero,12,4,6,"HERO,WARD (6+),ORDER,DAUGHTERS OF KHAINE,WAR MACHINE,MELUSAI,WIZARD (2)",Medusa's Spear and Shrinekeepers’ Goadstaves,melee,8,3,4,1,2,,-,250,1,6,5,Default,1,,"Wracking Gaze [Activated · Once Per Turn (Army), Any Shooting Phase] | Reflected Agony [Spell · Your Hero Phase · casting value 5]",Daughters of Khaine - Library.cat#d171-03d5-bbc5-9fae
Bloodwrack Viper,Daughters of Khaine,Monster,1,6,6,"WARD (6+),MANIFESTATION,ENDLESS SPELL,FLY,ORDER,DAUGHTERS OF KHAINE,MONSTER",Fanged Strikes,melee,3,4,2,1,3,,"Anti-**^^Hero^^** (+1 Rend), Crit (Mortal)",,1,,,,,,Crushing Coils [Activated · Any Combat Phase] | Bind and Bite [Passive],Daughters of Khaine - Library.cat#263f-60be-7369-dedb
Doomfire Warlocks,Daughters of Khaine,Cavalry,3,5,6,"WARD (6+),CHAMPION,CAVALRY,WIZARD (1),ORDER,DAUGHTERS OF KHAINE,AELF",Doomfire Crossbow,ranged,2,3,4,0,1,10,-,150,5,14,1,Default,5,,Outmanoeuvre [Passive],Daughters of Khaine - Library.cat#5afa-9dc7-894b-854b
Doomfire Warlocks,Daughters of Khaine,Cavalry,3,5,6,"WARD (6+),CHAMPION,CAVALRY,WIZARD (1),ORDER,DAUGHTERS OF KHAINE,AELF",Dark Steed’s Vicious Bite,melee,2,5,3,0,1,,Companion,150,5,14,1,Default,5,,Outmanoeuvre [Passive],Daughters of Khaine - Library.cat#5afa-9dc7-894b-854b
Doomfire Warlocks,Daughters of Khaine,Cavalry,3,5,6,"WARD (6+),CHAMPION,CAVALRY,WIZARD (1),ORDER,DAUGHTERS OF KHAINE,AELF",Cursed Scimitar,melee,2,3,4,1,1,,-,150,5,14,1,Default,5,,Outmanoeuvre [Passive],Daughters of Khaine - Library.cat#5afa-9dc7-894b-854b
Gryselle's Arenai,Daughters of Khaine,,2,6,6,"ORDER,INFANTRY,UNIQUE,CHAMPION,WARD (6+),AELF,DAUGHTERS OF KHAINE",Gladiatorial Weapons,melee,3,3,4,0,1,,Crit (Auto-wound),70,5,6,1,Default,5,,Acrobatic Bloodshed [Activated · Any Combat Phase],Daughters of Khaine - Library.cat#1b40-a642-bb25-f40a
Hag Queen,Daughters of Khaine,Infantry Hero,5,5,6,"HERO,WARD (6+),ORDER,DAUGHTERS OF KHAINE,PRIEST (1),AELF,INFANTRY",Blade of Khaine,melee,4,3,4,1,2,,Crit (Mortal),110,1,6,2,Default,1,,"Catechisms of Violence [Activated · Once Per Turn (Army), Any Combat Phase · Exalted]",Daughters of Khaine - Library.cat#4443-5875-af71-96a4
Hag Queen on Cauldron of Blood,Daughters of Khaine,War Machine Hero,12,4,6,"HERO,WARD (6+),ORDER,DAUGHTERS OF KHAINE,WAR MACHINE,PRIEST (1),AELF",Avatar's Sword,melee,5,3,3,2,3,,Companion,290,1,6,5,Default,1,,Wrathful Repulsion [Activated · Any Charge Phase · Exalted] | Roaring Idol [Activated · Your Hero Phase],Daughters of Khaine - Library.cat#ab31-ab88-aa20-70d4
Hag Queen on Cauldron of Blood,Daughters of Khaine,War Machine Hero,12,4,6,"HERO,WARD (6+),ORDER,DAUGHTERS OF KHAINE,WAR MACHINE,PRIEST (1),AELF",Shrine Guardians' Blades,melee,9,3,4,1,2,,-,290,1,6,5,Default,1,,Wrathful Repulsion [Activated · Any Charge Phase · Exalted] | Roaring Idol [Activated · Your Hero Phase],Daughters of Khaine - Library.cat#ab31-ab88-aa20-70d4
High Gladiatrix,Daughters of Khaine,Infantry Hero,5,5,6,"HERO,WARD (6+),ORDER,DAUGHTERS OF KHAINE,AELF,INFANTRY",Barbed Whip and Gladiatrix’s Blade,melee,6,3,4,1,2,,-,120,1,6,2,Default,1,,"Paragon of Slaughter [Activated · Once Per Turn (Army), Your Hero Phase · Exalted]",Daughters of Khaine - Library.cat#93e8-210a-cc3-ef22
Khainite Shadowstalkers,Daughters of Khaine,Infantry,1,5,6,"WARD (6+),ORDER,DAUGHTERS OF KHAINE,INFANTRY,AELF,CHAMPION (1/9)",Cursed Bolts and Missiles,ranged,2,3,4,1,1,10,-,130,9,6,1,Default,9,,"Shadow Leap [Activated · Once Per Turn (Army), Your Movement Phase]",Daughters of Khaine - Library.cat#ab64-d97a-ac5e-a8b4
Khainite Shadowstalkers,Daughters of Khaine,Infantry,1,5,6,"WARD (6+),ORDER,DAUGHTERS OF KHAINE,INFANTRY,AELF,CHAMPION (1/9)",Blades of Murder,melee,2,3,4,1,1,,-,130,9,6,1,Default,9,,"Shadow Leap [Activated · Once Per Turn (Army), Your Movement Phase]",Daughters of Khaine - Library.cat#ab64-d97a-ac5e-a8b4
Khinerai Heartrenders,Daughters of Khaine,Infantry,2,5,6,"WARD (6+),CHAMPION,ORDER,DAUGHTERS OF KHAINE,INFANTRY,FLY",Barbed Javelin,ranged,2,3,4,1,1,12,-,100,5,12,1,Default,5,,"Fire and Flight [Activated · Once Per Turn (Army), Reaction: You declared a Shoot ability for this unit]",Daughters of Khaine - Library.cat#192e-9619-7359-2e5c
Khinerai Heartrenders,Daughters of Khaine,Infantry,2,5,6,"WARD (6+),CHAMPION,ORDER,DAUGHTERS OF KHAINE,INFANTRY,FLY",Barbed Javelin,melee,1,3,4,0,1,,-,100,5,12,1,Default,5,,"Fire and Flight [Activated · Once Per Turn (Army), Reaction: You declared a Shoot ability for this unit]",Daughters of Khaine - Library.cat#192e-9619-7359-2e5c
Khinerai Lifetakers,Daughters of Khaine,Infantry,2,5,6,"WARD (6+),CHAMPION,ORDER,DAUGHTERS OF KHAINE,INFANTRY,FLY,KHINERAI",Barbed Sickle,melee,2,3,4,1,1,,Crit (Auto-wound),110,5,12,1,Default,5,,"Fight and Flight [Activated · Once Per Turn (Army), Any Combat Phase · Core, Attack, Fight]",Daughters of Khaine - Library.cat#2194-f219-8c36-54d2
Knives of the Crone,Daughters of Khaine,,3,5,6,"ORDER,INFANTRY,UNIQUE,WARD (6+),AELF,DAUGHTERS OF KHAINE",Haruspicy Blades,melee,3,3,4,1,2,,-,220,4,6,2,Default,4,,Rituals of Prophecy [Activated · Your Hero Phase],Daughters of Khaine - Library.cat#84cb-39d7-3f2d-efd0
Knives of the Crone,Daughters of Khaine,,3,5,6,"ORDER,INFANTRY,UNIQUE,WARD (6+),AELF,DAUGHTERS OF KHAINE",Aelven Crossbow,ranged,3,3,4,0,1,10,Crit (Auto-wound),220,4,6,2,Default,1,,Rituals of Prophecy [Activated · Your Hero Phase],Daughters of Khaine - Library.cat#84cb-39d7-3f2d-efd0
Krethusa the Croneseer,Daughters of Khaine,Infantry Hero,6,5,6,"UNIQUE,HERO,WARD (6+),ORDER,DAUGHTERS OF KHAINE,FLY,INFANTRY,PRIEST (1),AELF",Staff of Morai-Heg,melee,4,3,4,1,2,,-,220,1,12,2,Default,1,,The Croneseer [Passive] | Omens of Doom [Prayer · Your Hero Phase · chanting value 4 · Prayer],Daughters of Khaine - Library.cat#9fbc-1533-9db5-1195
Krethusa the Croneseer (Scourge of Ghyran),Daughters of Khaine,Infantry Hero,6,5,6,"UNIQUE,HERO,WARD (6+),ORDER,DAUGHTERS OF KHAINE,FLY,INFANTRY,AELF,PRIEST (2)",Staff of Morai-Heg,melee,5,3,4,1,2,,Crit (Auto-wound),260,1,12,2,Default,1,,"Gift of Foresight [Command · Once Per Battle, Your Movement Phase · cost 1] | Blood Ritual [Prayer · Your Hero Phase · chanting value 3 · Prayer] | The Croneseer [Activated · Enemy Hero Phase]",Daughters of Khaine - Library.cat#a82e-fdd6-9a05-fe91
Maleneth Witchblade,Daughters of Khaine,,5,5,6,"WARD (6+),ORDER,DAUGHTERS OF KHAINE,HERO,INFANTRY,AELF,UNIQUE",Deadly Blades,melee,6,2,5,1,2,,Anti-**^^Hero^^** (+1 Rend),170,1,6,2,Default,1,,Hidden Agent [Activated · Deployment Phase · Deploy] | Strike from the Shadows [Activated · Any Combat Phase] | Vial of Secrets [Passive],Daughters of Khaine - Library.cat#64eb-e9a4-5c42-c483
Maleneth Witchblade,Daughters of Khaine,,5,5,6,"WARD (6+),ORDER,DAUGHTERS OF KHAINE,HERO,INFANTRY,AELF,UNIQUE",Poisoned Throwing Knives,ranged,3,2,4,1,2,10,"Crit (Auto-wound), Shoot in Combat",170,1,6,2,Default,1,,Hidden Agent [Activated · Deployment Phase · Deploy] | Strike from the Shadows [Activated · Any Combat Phase] | Vial of Secrets [Passive],Daughters of Khaine - Library.cat#64eb-e9a4-5c42-c483
Melusai Ironscale,Daughters of Khaine,Infantry Hero,6,5,6,"HERO,WARD (6+),ORDER,DAUGHTERS OF KHAINE,MELUSAI,INFANTRY",Keldrisaíth,melee,6,3,4,1,2,,Crit (Mortal),110,1,8,2,Default,1,,"Ironscale's Fury [Activated · Once Per Turn (Army), Any Combat Phase · Exalted]",Daughters of Khaine - Library.cat#e2f5-8245-8313-43b2
Morathi-Khaine,Daughters of Khaine,Infantry Hero,6,5,6,"UNIQUE,HERO,WARMASTER,WARD (6+),ORDER,WIZARD (3),INFANTRY,AELF,DAUGHTERS OF KHAINE",Heartrender and Bladed Wings,melee,5,3,4,2,2,,-,750,1,6,2,Default,1,,Surge of Hatred [Spell · Your Hero Phase · casting value 7 · Spell] | The Iron Heart of Khaine [Passive] | Divine Matriarch [Activated · Your Hero Phase],Daughters of Khaine - Library.cat#cb92-4063-ab41-97d5
Morgwaeth's Blade-coven,Daughters of Khaine,,2,6,6,"ORDER,INFANTRY,UNIQUE,CHAMPION,WARD (6+),AELF,DAUGHTERS OF KHAINE",Heartseeker Bow,ranged,3,3,4,1,1,18,Crit (Auto-wound),120,5,6,1,Default,1,,"Morgwaeth the Bloodied [Passive] | Witchbrew [Activated · Once Per Turn (Army), Any Hero Phase]",Daughters of Khaine - Library.cat#a6fa-58b7-1d9c-2b6b
Morgwaeth's Blade-coven,Daughters of Khaine,,2,6,6,"ORDER,INFANTRY,UNIQUE,CHAMPION,WARD (6+),AELF,DAUGHTERS OF KHAINE",Sacrificial Weapons,melee,3,4,4,0,1,,Crit (Mortal),120,5,6,1,Default,5,,"Morgwaeth the Bloodied [Passive] | Witchbrew [Activated · Once Per Turn (Army), Any Hero Phase]",Daughters of Khaine - Library.cat#a6fa-58b7-1d9c-2b6b
Sisters of Slaughter with Bladed Bucklers,Daughters of Khaine,Infantry,1,5,6,"WARD (6+),CHAMPION,ORDER,DAUGHTERS OF KHAINE,AELF,MUSICIAN (1/5),STANDARD BEARER (1/5),INFANTRY",Kruiplash,melee,2,3,4,0,1,,Anti-**^^Infantry^^** (+1 Rend),120,10,6,1,,,,"Dance of Death [Activated · Once Per Turn (Army), Any Combat Phase]",Daughters of Khaine - Library.cat#0683-943c-7667-2b67
Sisters of Slaughter with Sacrificial Knives,Daughters of Khaine,Infantry,1,6,6,"WARD (6+),CHAMPION,ORDER,DAUGHTERS OF KHAINE,AELF,MUSICIAN (1/5),STANDARD BEARER (1/5),INFANTRY",Kruiplash and Sacrificial Knife,melee,3,3,4,0,1,,Anti-**^^Infantry^^** (+1 Rend),110,10,6,1,,,,"Dance of Death [Activated · Once Per Turn (Army), Any Combat Phase]",Daughters of Khaine - Library.cat#0683-943c-7667-2b67
Slaughter Queen,Daughters of Khaine,Infantry Hero,5,5,6,"HERO,WARD (6+),ORDER,DAUGHTERS OF KHAINE,PRIEST (1),AELF,INFANTRY",Deathsword and Blade of Khaine,melee,6,3,4,1,2,,-,130,1,6,2,Default,1,,"Fanatical Blademaster [Activated · Once Per Turn (Army), Your Hero Phase · Exalted]",Daughters of Khaine - Library.cat#e228-7274-8e97-b97f
Slaughter Queen on Cauldron of Blood,Daughters of Khaine,War Machine Hero,12,4,6,"HERO,WARD (6+),ORDER,DAUGHTERS OF KHAINE,WAR MACHINE,PRIEST (1),AELF",Avatar's Sword,melee,5,3,3,2,3,,Companion,300,1,6,5,Default,1,,Consecrated Revulsion [Passive] | Icon of Slaughter [Passive · Exalted],Daughters of Khaine - Library.cat#11fb-eddc-dfd7-498b
Slaughter Queen on Cauldron of Blood,Daughters of Khaine,War Machine Hero,12,4,6,"HERO,WARD (6+),ORDER,DAUGHTERS OF KHAINE,WAR MACHINE,PRIEST (1),AELF",Shrine Guardians' Blades,melee,9,3,4,1,2,,-,300,1,6,5,Default,1,,Consecrated Revulsion [Passive] | Icon of Slaughter [Passive · Exalted],Daughters of Khaine - Library.cat#11fb-eddc-dfd7-498b
The Shadeborn,Daughters of Khaine,,2,5,6,"ORDER,INFANTRY,UNIQUE,CHAMPION,WARD (6+),AELF,DAUGHTERS OF KHAINE",Shadowstalker Blades,melee,2,3,4,0,1,,-,80,4,6,1,Default,4,,Mask of Shadowed Mirrors [Activated · Any Combat Phase] | Shadow Leap [Activated · Your Movement Phase],Daughters of Khaine - Library.cat#be03-8adf-f090-3c3e
The Shadeborn,Daughters of Khaine,,2,5,6,"ORDER,INFANTRY,UNIQUE,CHAMPION,WARD (6+),AELF,DAUGHTERS OF KHAINE",Cursed Missiles,ranged,1,3,3,1,1,10,-,80,4,6,1,Default,4,,Mask of Shadowed Mirrors [Activated · Any Combat Phase] | Shadow Leap [Activated · Your Movement Phase],Daughters of Khaine - Library.cat#be03-8adf-f090-3c3e
The Shadow Queen,Daughters of Khaine,,12,4,6,"UNIQUE,HERO,WARD (6+),ORDER,DAUGHTERS OF KHAINE,MONSTER,FLY",Gaze of the Shadow Queen,ranged,1,2,2,3,3,12,Shoot in Combat,760,1,12,10,Option,,,"Coils of the Shadow [Activated · Once Per Turn (Army), Any Combat Phase · Rampage] | Battle Damaged [Passive] | Crown of Serpents [Activated · Any Combat Phase] | Two Bodies, One Soul [Activated · Once Per Battle (Army), Your Hero Phase]",Daughters of Khaine - Library.cat#c732-c4e6-a2ad-371
The Shadow Queen,Daughters of Khaine,Monster Hero,12,4,6,"UNIQUE,HERO,WARD (6+),ORDER,DAUGHTERS OF KHAINE,MONSTER,FLY",Heartrender,melee,8,3,3,2,3,,Crit (Mortal),760,1,12,10,Default,1,,"Coils of the Shadow [Activated · Once Per Turn (Army), Any Combat Phase · Rampage] | Battle Damaged [Passive] | Crown of Serpents [Activated · Any Combat Phase] | Two Bodies, One Soul [Activated · Once Per Battle (Army), Your Hero Phase]",Daughters of Khaine - Library.cat#c732-c4e6-a2ad-371
The Shadow Queen,Daughters of Khaine,Monster Hero,12,4,6,"UNIQUE,HERO,WARD (6+),ORDER,DAUGHTERS OF KHAINE,MONSTER,FLY",Crown of Serpents,melee,6,4,4,0,1,,-,760,1,12,10,Option,,,"Coils of the Shadow [Activated · Once Per Turn (Army), Any Combat Phase · Rampage] | Battle Damaged [Passive] | Crown of Serpents [Activated · Any Combat Phase] | Two Bodies, One Soul [Activated · Once Per Battle (Army), Your Hero Phase]",Daughters of Khaine - Library.cat#c732-c4e6-a2ad-371
The Shadow Queen,Daughters of Khaine,Monster Hero,12,4,6,"UNIQUE,HERO,WARD (6+),ORDER,DAUGHTERS OF KHAINE,MONSTER,FLY",Envenomed Tail,melee,1,3,3,2,6,,-,760,1,12,10,Default,1,,"Coils of the Shadow [Activated · Once Per Turn (Army), Any Combat Phase · Rampage] | Battle Damaged [Passive] | Crown of Serpents [Activated · Any Combat Phase] | Two Bodies, One Soul [Activated · Once Per Battle (Army), Your Hero Phase]",Daughters of Khaine - Library.cat#c732-c4e6-a2ad-371
Witch Aelves with Bladed Bucklers,Daughters of Khaine,Infantry,1,5,6,"WARD (6+),CHAMPION,ORDER,DAUGHTERS OF KHAINE,AELF,MUSICIAN (1/5),STANDARD BEARER (1/5),INFANTRY",Sciansá,melee,2,3,4,0,1,,Crit (Auto-wound),90,10,6,1,,,,Frenzied Fervour [Passive],Daughters of Khaine - Library.cat#f3b2-f764-110e-fbe5
Witch Aelves with Paired Sciansá,Daughters of Khaine,Infantry,1,6,6,"WARD (6+),CHAMPION,ORDER,DAUGHTERS OF KHAINE,AELF,MUSICIAN (1/5),STANDARD BEARER (1/5),INFANTRY",Paired Sciansá,melee,3,3,4,0,1,,Crit (Auto-wound),120,10,6,1,,,,Frenzied Fervour [Passive],Daughters of Khaine - Library.cat#f3b2-f764-110e-fbe5
Blue Horrors and Brimstone Horrors,Disciples of Tzeentch,Infantry,1,6,6,"INFANTRY,CHAOS,DISCIPLES OF TZEENTCH,DAEMON,WARD (6+)",Arcane Flames,ranged,2,4,4,0,1,12,Crit (Auto-wound),120,10,6,1,Default,10,,Split Again [Activated · End of Any Turn] | Immolation [Passive],Disciples of Tzeentch - Library.cat#6cb0-cc58-9cee-f204
Blue Horrors and Brimstone Horrors,Disciples of Tzeentch,Infantry,1,6,6,"INFANTRY,CHAOS,DISCIPLES OF TZEENTCH,DAEMON,WARD (6+)",Spiteful Talons,melee,2,4,4,0,1,,-,120,10,6,1,Default,10,,Split Again [Activated · End of Any Turn] | Immolation [Passive],Disciples of Tzeentch - Library.cat#6cb0-cc58-9cee-f204
Burning Chariot of Tzeentch,Disciples of Tzeentch,War Machine,8,5,6,"CHAOS,DAEMON,FLY,DISCIPLES OF TZEENTCH,WARD (6+),WAR MACHINE",Wyrdflame Blast,ranged,4,2,4,0,2,16,"Anti-**^Infantry^^** (+1 Rend), Shoot in Combat",120,1,12,2,Default,1,,"Fiery Death From Above [Activated · Once Per Turn (Army), Any Charge Phase]",Disciples of Tzeentch - Library.cat#6521-3929-9006-d830
Burning Chariot of Tzeentch,Disciples of Tzeentch,War Machine,8,5,6,"CHAOS,DAEMON,FLY,DISCIPLES OF TZEENTCH,WARD (6+),WAR MACHINE",Flaming Maws and Blue Horrors’ Jabs,melee,6,4,3,0,1,,-,120,1,12,2,Default,1,,"Fiery Death From Above [Activated · Once Per Turn (Army), Any Charge Phase]",Disciples of Tzeentch - Library.cat#6521-3929-9006-d830
Burning Chariot of Tzeentch,Disciples of Tzeentch,War Machine,8,5,6,"CHAOS,DAEMON,FLY,DISCIPLES OF TZEENTCH,WARD (6+),WAR MACHINE",Screamers’ Lamprey Bites,melee,6,4,3,1,1,,"Charge (+1 Damage), Companion",120,1,12,2,Default,1,,"Fiery Death From Above [Activated · Once Per Turn (Army), Any Charge Phase]",Disciples of Tzeentch - Library.cat#6521-3929-9006-d830
"Changecaster, Herald of Tzeentch",Disciples of Tzeentch,Infantry Hero,5,6,6,"HERO,CHAOS,DAEMON,DISCIPLES OF TZEENTCH,WARD (6+),WIZARD (1),INFANTRY",Staff of Change and Ritual Dagger,melee,3,4,3,1,2,,-,140,1,5,2,Default,1,,"Locus of Command [Passive] | Weapon Curse [Activated · Once Per Turn (Army), Your Hero Phase]",Disciples of Tzeentch - Library.cat#f83d-1a6a-a9-bb54
Chaos Spawn of Tzeentch,Disciples of Tzeentch,Beast,5,5,,"CHAOS,DISCIPLES OF TZEENTCH,BEAST",Freakish Mutations,melee,6,5,4,0,1,,"Crit (2 Hits), Companion",60,1,6,1,Default,1,,A Twisted Fate [Activated · Deployment Phase · Deploy] | Waves of Mutation [Passive],Disciples of Tzeentch - Library.cat#d804-1f1-49e2-880
"Curseling, Eye of Tzeentch",Disciples of Tzeentch,Infantry Hero,6,3,,"HERO,CHAOS,DISCIPLES OF TZEENTCH,WIZARD (2),INFANTRY,ARCANITE",Hurled Arcane Energy,ranged,3,3,3,1,1,18,-,170,1,5,2,Default,1,,"Armour-bane Curse [Spell · Your Hero Phase · casting value 6 · Spell] | With Spell and Sword [Activated · Once Per Turn (Army), Any Combat Phase]",Disciples of Tzeentch - Library.cat#edf7-573d-15c9-cce4
"Curseling, Eye of Tzeentch",Disciples of Tzeentch,Infantry Hero,6,3,,"HERO,CHAOS,DISCIPLES OF TZEENTCH,WIZARD (2),INFANTRY,ARCANITE",Staff of Tzeentch and Blazing Sword,melee,5,3,4,1,2,,-,170,1,5,2,Default,1,,"Armour-bane Curse [Spell · Your Hero Phase · casting value 6 · Spell] | With Spell and Sword [Activated · Once Per Turn (Army), Any Combat Phase]",Disciples of Tzeentch - Library.cat#edf7-573d-15c9-cce4
Daemonic Simulacrum,Disciples of Tzeentch,,1,6,6,"WARD (6+),MANIFESTATION,ENDLESS SPELL,FLY,DISCIPLES OF TZEENTCH,CHAOS",Snapping Jaws,melee,6,4,3,1,1,,"Anti-**^^Wizard^^ (+1 Rend)**, Crit (Mortal)",,1,,,,,,Jaws of Fate [Passive],Disciples of Tzeentch - Library.cat#18b7-6de-cb9-ddfb
Ephilim's Pandaemonium,Disciples of Tzeentch,,2,6,6,"INFANTRY,UNIQUE,CHAMPION,WIZARD (1),WARD (6+),DISCIPLES OF TZEENTCH,DAEMON,CHAOS",Daemonic Talons,melee,2,4,5,0,1,,-,100,5,6,1,Default,5,,"Power Leech [Activated · Once Per Turn, Any Shooting Phase] | Keeper of the Pandaemonium [Passive]",Disciples of Tzeentch - Library.cat#16f4-4752-ac83-17ae
Ephilim's Pandaemonium,Disciples of Tzeentch,,2,6,6,"INFANTRY,UNIQUE,CHAMPION,WIZARD (1),WARD (6+),DISCIPLES OF TZEENTCH,DAEMON,CHAOS",Warping Wyrdfire,ranged,2,4,4,0,1,12,"Wyrdfame, Anti-**^^Unique^^** (+1 Rend)",100,5,6,1,Default,5,,"Power Leech [Activated · Once Per Turn, Any Shooting Phase] | Keeper of the Pandaemonium [Passive]",Disciples of Tzeentch - Library.cat#16f4-4752-ac83-17ae
Exalted Flamer of Tzeentch,Disciples of Tzeentch,Infantry,5,5,6,"CHAOS,DAEMON,FLY,DISCIPLES OF TZEENTCH,WARD (6+),INFANTRY",Wyrdflame Blast,ranged,4,2,4,0,2,16,"Anti-**^^Infantry^^** (+1 Rend), Shoot in Combat",120,1,9,1,Default,1,,"Unnatural Heat [Activated · Once Per Turn (Army), Any Shooting Phase] | Heart of the Inferno [Activated · Once Per Turn (Army), Your Shooting Phase]",Disciples of Tzeentch - Library.cat#92ca-fe8b-73fd-6ff2
Exalted Flamer of Tzeentch,Disciples of Tzeentch,Infantry,5,5,6,"CHAOS,DAEMON,FLY,DISCIPLES OF TZEENTCH,WARD (6+),INFANTRY",Flaming Maws,melee,3,3,4,0,1,,-,120,1,9,1,Default,1,,"Unnatural Heat [Activated · Once Per Turn (Army), Any Shooting Phase] | Heart of the Inferno [Activated · Once Per Turn (Army), Your Shooting Phase]",Disciples of Tzeentch - Library.cat#92ca-fe8b-73fd-6ff2
Eyes of the Nine,Disciples of Tzeentch,,2,5,,"INFANTRY,UNIQUE,CHAMPION,DISCIPLES OF TZEENTCH,ARCANITE,CHAOS",Arcanite Weapons,melee,2,4,4,0,1,,-,100,5,6,1,Default,5,,Brimstone Horror [Passive],Disciples of Tzeentch - Library.cat#b399-11ba-9505-07ff
Eyes of the Nine,Disciples of Tzeentch,,2,5,,"INFANTRY,UNIQUE,CHAMPION,DISCIPLES OF TZEENTCH,ARCANITE,CHAOS",Mighty Sorcerous Bolt,ranged,1,4,3,1,1,18,Wyrdfame,100,5,6,1,Default,5,,Brimstone Horror [Passive],Disciples of Tzeentch - Library.cat#b399-11ba-9505-07ff
Fatemaster,Disciples of Tzeentch,Infantry Hero,6,4,,"HERO,CHAOS,DISCIPLES OF TZEENTCH,ARCANITE,INFANTRY,WIZARD (1)",Cursewrought Glaive,melee,4,3,4,2,2,,-,150,1,5,2,Default,1,,"Bound Retinue [Activated · Once Per Turn (Army), Your Movement Phase] | Long in the Planning [Fate · Once Per Turn (Army), Enemy Hero Phase]",Disciples of Tzeentch - Library.cat#b352-db5e-477a-5db6
"Fateskimmer, Herald of Tzeentch on Burning Chariot",Disciples of Tzeentch,War Machine Hero,8,5,6,"HERO,CHAOS,DAEMON,FLY,DISCIPLES OF TZEENTCH,WARD (6+),WAR MACHINE,WIZARD (1)",Staff of Change and Ritual Dagger,melee,3,4,3,1,2,,-,140,1,12,2,Default,1,,"Fuel for the Flames [Activated · Once Per Turn (Army), Any Hero Phase] | Spread the Inferno [Passive]",Disciples of Tzeentch - Library.cat#99f-d096-7c77-a7f
"Fateskimmer, Herald of Tzeentch on Burning Chariot",Disciples of Tzeentch,War Machine Hero,8,5,6,"HERO,CHAOS,DAEMON,FLY,DISCIPLES OF TZEENTCH,WARD (6+),WAR MACHINE,WIZARD (1)",Screamers’ Lamprey Bites,melee,6,4,4,1,1,,"Charge (+1 Damage), Companion",140,1,12,2,Default,1,,"Fuel for the Flames [Activated · Once Per Turn (Army), Any Hero Phase] | Spread the Inferno [Passive]",Disciples of Tzeentch - Library.cat#99f-d096-7c77-a7f
Flamers of Tzeentch,Disciples of Tzeentch,Infantry,2,5,6,"INFANTRY,CHAOS,DISCIPLES OF TZEENTCH,DAEMON,WARD (6+),FLY,CHAMPION",Flaming Maws,melee,3,3,4,0,1,,-,130,3,9,1,Default,3,,"Capricious Wyrdflame [Activated · Once Per Turn (Army), Any Shooting Phase] | Lingering Burns [Activated · Once Per Turn (Army), End of Any Turn]",Disciples of Tzeentch - Library.cat#734-1521-c440-d919
Flamers of Tzeentch,Disciples of Tzeentch,Infantry,2,5,6,"INFANTRY,CHAOS,DISCIPLES OF TZEENTCH,DAEMON,WARD (6+),FLY,CHAMPION",Warping Flames,ranged,3,2,4,0,2,12,"Anti-**^^Infantry^^** (+1 Rend), Shoot in Combat",130,3,9,1,Default,3,,"Capricious Wyrdflame [Activated · Once Per Turn (Army), Any Shooting Phase] | Lingering Burns [Activated · Once Per Turn (Army), End of Any Turn]",Disciples of Tzeentch - Library.cat#734-1521-c440-d919
"Fluxmaster, Herald of Tzeentch on Disc",Disciples of Tzeentch,,6,4,6,"HERO,UNIQUE,CHAOS,WIZARD (1),CAVALRY,FLY,WARD (6+),DISCIPLES OF TZEENTCH,DAEMON",Iridescent Flames,ranged,3,4,4,1,2,12,Wyrdflame,180,1,14,2,Default,1,,"Arcane Tome [Activated · Once Per Turn (Army), Reaction: You declared a Spell ability for this unit]",Disciples of Tzeentch - Library.cat#6cc5-f54c-2ca6-78cf
"Fluxmaster, Herald of Tzeentch on Disc",Disciples of Tzeentch,,6,4,6,"HERO,UNIQUE,CHAOS,WIZARD (1),CAVALRY,FLY,WARD (6+),DISCIPLES OF TZEENTCH,DAEMON",Staff of Change and Ritual Dagger,melee,3,4,3,1,2,,-,180,1,14,2,Default,1,,"Arcane Tome [Activated · Once Per Turn (Army), Reaction: You declared a Spell ability for this unit]",Disciples of Tzeentch - Library.cat#6cc5-f54c-2ca6-78cf
"Fluxmaster, Herald of Tzeentch on Disc",Disciples of Tzeentch,,6,4,6,"HERO,UNIQUE,CHAOS,WIZARD (1),CAVALRY,FLY,WARD (6+),DISCIPLES OF TZEENTCH,DAEMON",Disc’s Teeth and Horns,melee,2,4,3,1,2,,Companion,180,1,14,2,Default,1,,"Arcane Tome [Activated · Once Per Turn (Army), Reaction: You declared a Spell ability for this unit]",Disciples of Tzeentch - Library.cat#6cc5-f54c-2ca6-78cf
Gaunt Summoner,Disciples of Tzeentch,Infantry Hero,5,5,5,"HERO,CHAOS,DAEMON,DISCIPLES OF TZEENTCH,WIZARD (2),INFANTRY,WARD (5+)",Changestaff,ranged,3,4,3,1,2,12,Crit (Mortal),180,1,5,2,Default,1,,"Leaden Limbs [Spell · Your Hero Phase · casting value 7] | Masters of the Silver Towers [Passive] | All Belongs to Tzeentch [Activated · Once Per Battle (Army), Start of Any Turn]",Disciples of Tzeentch - Library.cat#eae6-5b5d-5057-d94b
Gaunt Summoner,Disciples of Tzeentch,Infantry Hero,5,5,5,"HERO,CHAOS,DAEMON,DISCIPLES OF TZEENTCH,WIZARD (2),INFANTRY,WARD (5+)",Warptongue Blade,melee,3,3,3,1,2,,-,180,1,5,2,Default,1,,"Leaden Limbs [Spell · Your Hero Phase · casting value 7] | Masters of the Silver Towers [Passive] | All Belongs to Tzeentch [Activated · Once Per Battle (Army), Start of Any Turn]",Disciples of Tzeentch - Library.cat#eae6-5b5d-5057-d94b
Gaunt Summoner on Disc of Tzeentch,Disciples of Tzeentch,Cavalry Hero,7,5,5,"HERO,CHAOS,DAEMON,DISCIPLES OF TZEENTCH,WIZARD (2),CAVALRY,DISC OF TZEENTCH,FLY,WARD (5+)",Changestaff,ranged,3,4,3,1,2,12,Crit (Mortal),210,1,14,2,Default,1,,"Masters of the Silver Towers [Passive] | Arcane Imprisonment [Spell · Your Hero Phase · casting value 7 · Spell] | All Belongs to Tzeentch [Activated · Once Per Battle (Army), Start of Any Turn]",Disciples of Tzeentch - Library.cat#2be4-1886-121b-9f10
Gaunt Summoner on Disc of Tzeentch,Disciples of Tzeentch,Cavalry Hero,7,5,5,"HERO,CHAOS,DAEMON,DISCIPLES OF TZEENTCH,WIZARD (2),CAVALRY,DISC OF TZEENTCH,FLY,WARD (5+)",Warptongue Blade,melee,3,3,3,1,2,,-,210,1,14,2,Default,1,,"Masters of the Silver Towers [Passive] | Arcane Imprisonment [Spell · Your Hero Phase · casting value 7 · Spell] | All Belongs to Tzeentch [Activated · Once Per Battle (Army), Start of Any Turn]",Disciples of Tzeentch - Library.cat#2be4-1886-121b-9f10
Gaunt Summoner on Disc of Tzeentch,Disciples of Tzeentch,Cavalry Hero,7,5,5,"HERO,CHAOS,DAEMON,DISCIPLES OF TZEENTCH,WIZARD (2),CAVALRY,DISC OF TZEENTCH,FLY,WARD (5+)",Disc’s Teeth and Horns,melee,2,4,3,1,2,,Companion,210,1,14,2,Default,1,,"Masters of the Silver Towers [Passive] | Arcane Imprisonment [Spell · Your Hero Phase · casting value 7 · Spell] | All Belongs to Tzeentch [Activated · Once Per Battle (Army), Start of Any Turn]",Disciples of Tzeentch - Library.cat#2be4-1886-121b-9f10
Jade Obelisk,Disciples of Tzeentch,Infantry,1,4,,"INFANTRY,CHAOS,DISCIPLES OF TZEENTCH,ARCANITE,CHAMPION (1/9)",Mason’s Tools,melee,2,4,3,1,1,,Anti-**^^Faction Terrain^^** (+1 Rend),100,9,5,1,Default,9,,"Silver Monoliths [Passive] | Idolarc [Passive] | Chosen by the Stone [Activated · Once Per Turn (Army), Your Shooting Phase]",Disciples of Tzeentch - Library.cat#530f-8acd-28b5-2ca9
Kairic Acolytes,Disciples of Tzeentch,Infantry,1,5,,"INFANTRY,CHAMPION,CHAOS,DISCIPLES OF TZEENTCH,ARCANITE",Cursed Blade,melee,2,4,3,1,1,,-,90,10,5,1,Default,10,,"Driven by Destiny [Activated · Once Per Turn (Army), Enemy Movement Phase · Move]",Disciples of Tzeentch - Library.cat#d92a-3a96-6ee3-3a39
Kairos Fateweaver,Disciples of Tzeentch,Monster Hero,16,5,5,"HERO,UNIQUE,WARMASTER,CHAOS,DAEMON,MONSTER,WARD (5+),WIZARD (3),FLY,DISCIPLES OF TZEENTCH",Staff of Tomorrow,melee,4,3,2,1,2,,-,400,1,12,5,Default,1,,Battle Damaged [Passive] | Master of Destiny [Passive] | Mastery of Magic [Passive] | Fateful Reverse [Spell · Your Hero Phase · casting value 8 · Spell] | Beacon of Sorcery [Passive],Disciples of Tzeentch - Library.cat#4c5d-ac6e-7aa5-6d98
Kairos Fateweaver,Disciples of Tzeentch,Monster Hero,16,5,5,"HERO,UNIQUE,WARMASTER,CHAOS,DAEMON,MONSTER,WARD (5+),WIZARD (3),FLY,DISCIPLES OF TZEENTCH",Curved Beaks,melee,5,4,3,1,2,,-,400,1,12,5,Default,1,,Battle Damaged [Passive] | Master of Destiny [Passive] | Mastery of Magic [Passive] | Fateful Reverse [Spell · Your Hero Phase · casting value 8 · Spell] | Beacon of Sorcery [Passive],Disciples of Tzeentch - Library.cat#4c5d-ac6e-7aa5-6d98
Lord of Change,Disciples of Tzeentch,Monster Hero,14,5,5,"HERO,CHAOS,DAEMON,MONSTER,WARD (5+),FLY,DISCIPLES OF TZEENTCH,WIZARD (3)",Storm of Wyrdfire,ranged,5,3,3,0,2,18,Crit (Auto-wound),380,1,12,5,Default,1,,"Battle Damaged [Passive] | Summon Daemons of Tzeentch [Command · Once Per Turn (Army), Your Movement Phase · cost 1] | Temporal Manipulation [Spell · Your Hero Phase · casting value 6 · Spell, Wyrdflame] | Locus of Impossibility [Passive]",Disciples of Tzeentch - Library.cat#6dc0-c258-8f57-d9ac
Lord of Change,Disciples of Tzeentch,Monster Hero,14,5,5,"HERO,CHAOS,DAEMON,MONSTER,WARD (5+),FLY,DISCIPLES OF TZEENTCH,WIZARD (3)",Eldritch Weapons,melee,6,4,3,1,3,,-,380,1,12,5,Default,1,,"Battle Damaged [Passive] | Summon Daemons of Tzeentch [Command · Once Per Turn (Army), Your Movement Phase · cost 1] | Temporal Manipulation [Spell · Your Hero Phase · casting value 6 · Spell, Wyrdflame] | Locus of Impossibility [Passive]",Disciples of Tzeentch - Library.cat#6dc0-c258-8f57-d9ac
Magister,Disciples of Tzeentch,Infantry Hero,6,4,,"HERO,CHAOS,DISCIPLES OF TZEENTCH,WIZARD (1),ARCANITE,INFANTRY",Tzeentchian Runestaff,ranged,1,3,4,0,2,18,-,140,1,5,2,Default,1,,"Imbued with Arcane Fire [Command · Once Per Turn (Army), Any Combat Phase · cost 1] | Spellmaster [Activated · Once Per Turn (Army), Reaction: You declared a Spell ability for a Wizard within 30"" of this unit and the casting roll equalled or exceeded the spell's casting value and that spell has not been unbound · Unbind]",Disciples of Tzeentch - Library.cat#5f48-17e7-d89f-183b
Magister,Disciples of Tzeentch,Infantry Hero,6,4,,"HERO,CHAOS,DISCIPLES OF TZEENTCH,WIZARD (1),ARCANITE,INFANTRY",Warpsteel Sword,melee,3,3,4,0,2,,-,140,1,5,2,Default,1,,"Imbued with Arcane Fire [Command · Once Per Turn (Army), Any Combat Phase · cost 1] | Spellmaster [Activated · Once Per Turn (Army), Reaction: You declared a Spell ability for a Wizard within 30"" of this unit and the casting roll equalled or exceeded the spell's casting value and that spell has not been unbound · Unbind]",Disciples of Tzeentch - Library.cat#5f48-17e7-d89f-183b
Magister on Disc of Tzeentch,Disciples of Tzeentch,Cavalry Hero,7,4,,"HERO,CHAOS,DISCIPLES OF TZEENTCH,CAVALRY,DISC OF TZEENTCH,FLY,WIZARD (1),ARCANITE",Tzeentchian Runestaff,ranged,1,3,4,0,2,18,-,150,1,14,2,Default,1,,"Fates Converge [Passive] | Spellmaster [Activated · Once Per Turn (Army), Reaction: You declared a Spell ability for a Wizard within 30"" of this unit and the casting roll equalled or exceeded the spell's casting value and that spell has not been unbound · Unbind]",Disciples of Tzeentch - Library.cat#378a-e2c0-6476-f128
Magister on Disc of Tzeentch,Disciples of Tzeentch,Cavalry Hero,7,4,,"HERO,CHAOS,DISCIPLES OF TZEENTCH,CAVALRY,DISC OF TZEENTCH,FLY,WIZARD (1),ARCANITE",Warpsteel Sword,melee,3,3,4,0,2,,-,150,1,14,2,Default,1,,"Fates Converge [Passive] | Spellmaster [Activated · Once Per Turn (Army), Reaction: You declared a Spell ability for a Wizard within 30"" of this unit and the casting roll equalled or exceeded the spell's casting value and that spell has not been unbound · Unbind]",Disciples of Tzeentch - Library.cat#378a-e2c0-6476-f128
Magister on Disc of Tzeentch,Disciples of Tzeentch,Cavalry Hero,7,4,,"HERO,CHAOS,DISCIPLES OF TZEENTCH,CAVALRY,DISC OF TZEENTCH,FLY,WIZARD (1),ARCANITE",Disc’s Teeth and Horns,melee,2,4,3,1,2,,Companion,150,1,14,2,Default,1,,"Fates Converge [Passive] | Spellmaster [Activated · Once Per Turn (Army), Reaction: You declared a Spell ability for a Wizard within 30"" of this unit and the casting roll equalled or exceeded the spell's casting value and that spell has not been unbound · Unbind]",Disciples of Tzeentch - Library.cat#378a-e2c0-6476-f128
Ogroid Thaumaturge,Disciples of Tzeentch,Infantry Hero,8,5,6,"HERO,CHAOS,DISCIPLES OF TZEENTCH,WIZARD (1),ARCANITE,INFANTRY,WARD (6+)",Thaumaturge Staff,ranged,3,3,4,0,2,12,Shoot in Combat,110,1,6,2,Default,1,,"Arcane Absorption [Activated · End of Any Turn] | Thaumaturgic Hunger [Activated · Reaction: Opponent declared a Spell ability for a unit within 30"" of this unit. · Move]",Disciples of Tzeentch - Library.cat#a004-88b6-b2eb-5879
Ogroid Thaumaturge,Disciples of Tzeentch,Infantry Hero,8,5,6,"HERO,CHAOS,DISCIPLES OF TZEENTCH,WIZARD (1),ARCANITE,INFANTRY,WARD (6+)",Great Horns and Cloven Hooves,melee,6,4,2,1,2,,Charge (+1 Damage),110,1,6,2,Default,1,,"Arcane Absorption [Activated · End of Any Turn] | Thaumaturgic Hunger [Activated · Reaction: Opponent declared a Spell ability for a unit within 30"" of this unit. · Move]",Disciples of Tzeentch - Library.cat#a004-88b6-b2eb-5879
Pink Horrors,Disciples of Tzeentch,Infantry,2,5,6,"INFANTRY,CHAMPION,STANDARD BEARER (1/10),MUSICIAN (1/10),CHAOS,DISCIPLES OF TZEENTCH,DAEMON,WARD (6+)",Arcane Flames,ranged,2,4,4,0,1,12,Crit (Auto-wound),170,10,6,1,Default,10,,Lunatic Demise [Passive],Disciples of Tzeentch - Library.cat#2631-6ae3-b25b-2bbf
Pink Horrors,Disciples of Tzeentch,Infantry,2,5,6,"INFANTRY,CHAMPION,STANDARD BEARER (1/10),MUSICIAN (1/10),CHAOS,DISCIPLES OF TZEENTCH,DAEMON,WARD (6+)",Taloned Hands,melee,2,4,4,0,1,,-,170,10,6,1,Default,10,,Lunatic Demise [Passive],Disciples of Tzeentch - Library.cat#2631-6ae3-b25b-2bbf
Screamers of Tzeentch,Disciples of Tzeentch,Beast,3,5,6,"CHAOS,DISCIPLES OF TZEENTCH,DAEMON,WARD (6+),BEAST,FLY",Lamprey Bite,melee,3,4,4,1,1,,"Charge (+1 Damage), Companion",80,3,14,1,Default,3,,"Drawn to Magic [Activated · Once Per Turn (Army), Any Charge Phase · Core, Move, Charge]",Disciples of Tzeentch - Library.cat#a2d4-91ec-cca3-38c0
The Blue Scribes,Disciples of Tzeentch,,5,4,,"HERO,UNIQUE,CHAOS,CAVALRY,FLY,DISCIPLES OF TZEENTCH,DAEMON",Sharpened Quills,melee,2,5,5,0,1,,Wyrdflame,180,1,14,2,Default,1,,Treacherous Bond [Spell · Your Hero Phase · casting value 5 · Spell] | Scrolls of Sorcery [Activated · Your Hero Phase],Disciples of Tzeentch - Library.cat#c98c-bc30-6030-0422
The Blue Scribes,Disciples of Tzeentch,,5,4,,"HERO,UNIQUE,CHAOS,CAVALRY,FLY,DISCIPLES OF TZEENTCH,DAEMON",Disc’s Teeth and Horns,melee,2,4,3,1,2,,Companion,180,1,14,2,Default,1,,Treacherous Bond [Spell · Your Hero Phase · casting value 5 · Spell] | Scrolls of Sorcery [Activated · Your Hero Phase],Disciples of Tzeentch - Library.cat#c98c-bc30-6030-0422
The Changeling,Disciples of Tzeentch,Infantry Hero,6,5,6,"HERO,CHAOS,DAEMON,DISCIPLES OF TZEENTCH,WARD (6+),INFANTRY,UNIQUE,WIZARD (2)",The Trickster’s Staff,melee,3,3,3,1,2,,-,140,1,5,2,Default,1,,Arch-Deceiver [Activated · Your Hero Phase] | Puckish Misdirection [Passive] | Whispers of Treachery [Spell · Your Hero Phase · casting value 7 · Spell],Disciples of Tzeentch - Library.cat#be93-ef60-f866-2f4d
Tome of Eyes,Disciples of Tzeentch,,1,6,6,"WARD (6+),MANIFESTATION,ENDLESS SPELL,DISCIPLES OF TZEENTCH,CHAOS",Incinerating Gaze,melee,6,4,4,0,1,,-,0,1,,,,,,Compendium of Darkness [Activated · Your Hero Phase],Disciples of Tzeentch - Library.cat#19fa-7d20-3f5f-28d
Tzaangor Enlightened,Disciples of Tzeentch,Cavalry,4,4,,"CHAOS,DISCIPLES OF TZEENTCH,FLY,CAVALRY,CHAMPION,ARCANITE,WARFLOCK,DISC OF TZEENTCH",Tzeentchian Spear and Vicious Beak,melee,3,4,3,1,2,,Charge (+1 Damage),200,3,14,1,Default,3,,All Too Predictable [Activated · Any Combat Phase],Disciples of Tzeentch - Library.cat#b7be-ddee-783e-9048
Tzaangor Enlightened,Disciples of Tzeentch,Cavalry,4,4,,"CHAOS,DISCIPLES OF TZEENTCH,FLY,CAVALRY,CHAMPION,ARCANITE,WARFLOCK,DISC OF TZEENTCH",Disc’s Teeth and Horns,melee,2,4,3,1,2,,Companion,200,3,14,1,Default,3,,All Too Predictable [Activated · Any Combat Phase],Disciples of Tzeentch - Library.cat#b7be-ddee-783e-9048
Tzaangor Enlightened on Foot,Disciples of Tzeentch,Infantry,3,4,,"CHAOS,DISCIPLES OF TZEENTCH,CHAMPION,ARCANITE,WARFLOCK,INFANTRY",Tzaangor Spear and Vicious Beak,melee,2,4,3,1,2,,-,110,3,6,1,Default,3,,Vicious Protectors [Passive],Disciples of Tzeentch - Library.cat#7755-a49c-7014-3bd2
Tzaangor Shaman,Disciples of Tzeentch,Cavalry Hero,6,5,,"HERO,CHAOS,DISCIPLES OF TZEENTCH,CAVALRY,FLY,WIZARD (1),ARCANITE,WARFLOCK,DISC OF TZEENTCH",Staff of Change and Ritual Dagger,melee,3,4,3,1,2,,-,130,1,14,2,Default,1,,"Avian Swiftness [Activated · Your Hero Phase] | Wit of Beasts [Activated · Once Per Turn (Army), Any Combat Phase]",Disciples of Tzeentch - Library.cat#ccc4-afaa-f9b3-8b3e
Tzaangor Shaman,Disciples of Tzeentch,Cavalry Hero,6,5,,"HERO,CHAOS,DISCIPLES OF TZEENTCH,CAVALRY,FLY,WIZARD (1),ARCANITE,WARFLOCK,DISC OF TZEENTCH",Disc’s Teeth and Horns,melee,2,4,3,1,2,,Companion,130,1,14,2,Default,1,,"Avian Swiftness [Activated · Your Hero Phase] | Wit of Beasts [Activated · Once Per Turn (Army), Any Combat Phase]",Disciples of Tzeentch - Library.cat#ccc4-afaa-f9b3-8b3e
Tzaangor Skyfires,Disciples of Tzeentch,Cavalry,4,4,,"CHAOS,DISCIPLES OF TZEENTCH,FLY,CAVALRY,CHAMPION,ARCANITE,WARFLOCK,DISC OF TZEENTCH",Arrow of Fate,ranged,2,4,3,1,2,18,-,160,3,14,1,Default,3,,Guided by the Future [Passive] | Destined Quarry [Activated · Your Shooting Phase],Disciples of Tzeentch - Library.cat#ce98-8983-52d0-52a8
Tzaangor Skyfires,Disciples of Tzeentch,Cavalry,4,4,,"CHAOS,DISCIPLES OF TZEENTCH,FLY,CAVALRY,CHAMPION,ARCANITE,WARFLOCK,DISC OF TZEENTCH",Bow Stave and Vicious Beak,melee,1,4,3,0,1,,-,160,3,14,1,Default,3,,Guided by the Future [Passive] | Destined Quarry [Activated · Your Shooting Phase],Disciples of Tzeentch - Library.cat#ce98-8983-52d0-52a8
Tzaangor Skyfires,Disciples of Tzeentch,Cavalry,4,4,,"CHAOS,DISCIPLES OF TZEENTCH,FLY,CAVALRY,CHAMPION,ARCANITE,WARFLOCK,DISC OF TZEENTCH",Disc’s Teeth and Horns,melee,2,4,3,1,2,,Companion,160,3,14,1,Default,3,,Guided by the Future [Passive] | Destined Quarry [Activated · Your Shooting Phase],Disciples of Tzeentch - Library.cat#ce98-8983-52d0-52a8
Tzaangors,Disciples of Tzeentch,Infantry,2,5,,"INFANTRY,CHAMPION,STANDARD BEARER (1/10),MUSICIAN (1/10),CHAOS,DISCIPLES OF TZEENTCH,ARCANITE,WARFLOCK",Savage Blade and Vicious Beak,melee,3,4,3,1,1,,Crit (2 Hits),170,10,6,1,Default,10,,Eldritch Raiders [Passive],Disciples of Tzeentch - Library.cat#480e-a14e-85cd-ffa3
Abhorrant Archregent,Flesh-eater Courts,Infantry Hero,6,5,6,"DEATH,HERO,FLESH-EATER COURTS,WARD (6+),INFANTRY,ABHORRANT,WIZARD (1)",Gory Talons and Fangs,melee,5,3,3,1,2,,-,140,1,6,2,Default,1,,"Countless Servants [Activated · Once Per Turn (Army), Your Hero Phase · Core]",Flesh-eater Courts - Library.cat#cb9f-5427-a3b7-9541
Abhorrant Cardinal,Flesh-eater Courts,Infantry Hero,5,6,6,"DEATH,HERO,FLESH-EATER COURTS,WARD (6+),INFANTRY,PRIEST (1),ABHORRANT",Cursed Crosier,melee,3,4,3,0,2,,-,130,1,6,2,Default,1,,Insular Contemplations [Passive],Flesh-eater Courts - Library.cat#2f4b-8632-d9fe-ac87
Abhorrant Ghoul King,Flesh-eater Courts,Infantry Hero,5,5,6,"DEATH,HERO,FLESH-EATER COURTS,ABHORRANT,FLY,WIZARD (1),WARD (6+),INFANTRY",Bloodstained Talons and Fangs,melee,5,3,3,1,2,,Anti-**^^Hero (+1 Rend)^^**,110,1,6,2,Default,1,,"Vassals, to Arms! [Activated · Once Per Turn (Army), Reaction: You declared a Fight ability for this unit]",Flesh-eater Courts - Library.cat#e3c-b6aa-e6eb-d03f
Abhorrant Ghoul King (Scourge of Ghyran),Flesh-eater Courts,Infantry Hero,5,5,6,"DEATH,HERO,FLESH-EATER COURTS,ABHORRANT,FLY,WIZARD (1),WARD (6+),INFANTRY",Gory Talons and Fangs,melee,5,3,3,1,2,,Anti-**^^Hero^^** (+1 Rend),110,1,6,2,Default,1,,Long Live the King [Passive] | The King's Court [Passive],Flesh-eater Courts - Library.cat#6744-64a7-bdb9-63e8
Abhorrant Ghoul King on Royal Terrorgheist,Flesh-eater Courts,Monster Hero,16,4,6,"DEATH,HERO,MONSTER,FLESH-EATER COURTS,ABHORRANT,FLY,WIZARD (1),WARD (6+)",Death Shriek,ranged,1,4,2,2,3,10,"Shoot in Combat, Companion",400,1,12,5,Default,1,,"Necromantic Limits [Passive] | Wicked Predator [Activated · Once Per Turn (Army), Any Combat Phase] | Ferocious Hunger [Activated · Once Per Turn (Army), Any Combat Phase · Rampage]",Flesh-eater Courts - Library.cat#c3e8-13a9-161d-1573
Abhorrant Ghoul King on Royal Terrorgheist,Flesh-eater Courts,Monster Hero,16,4,6,"DEATH,HERO,MONSTER,FLESH-EATER COURTS,ABHORRANT,FLY,WIZARD (1),WARD (6+)",Gory Talons and Fangs,melee,5,3,3,1,2,,-,400,1,12,5,Default,1,,"Necromantic Limits [Passive] | Wicked Predator [Activated · Once Per Turn (Army), Any Combat Phase] | Ferocious Hunger [Activated · Once Per Turn (Army), Any Combat Phase · Rampage]",Flesh-eater Courts - Library.cat#c3e8-13a9-161d-1573
Abhorrant Ghoul King on Royal Terrorgheist,Flesh-eater Courts,Monster Hero,16,4,6,"DEATH,HERO,MONSTER,FLESH-EATER COURTS,ABHORRANT,FLY,WIZARD (1),WARD (6+)",Terrorgheist’s Fanged Maw,melee,3,4,2,2,5,,"Crit (Mortal), Companion",400,1,12,5,Default,1,,"Necromantic Limits [Passive] | Wicked Predator [Activated · Once Per Turn (Army), Any Combat Phase] | Ferocious Hunger [Activated · Once Per Turn (Army), Any Combat Phase · Rampage]",Flesh-eater Courts - Library.cat#c3e8-13a9-161d-1573
Abhorrant Ghoul King on Royal Terrorgheist,Flesh-eater Courts,Monster Hero,16,4,6,"DEATH,HERO,MONSTER,FLESH-EATER COURTS,ABHORRANT,FLY,WIZARD (1),WARD (6+)",Terrorgheist’s Skeletal Talons,melee,6,4,2,1,2,,"Crit (Mortal), Companion",400,1,12,5,Default,1,,"Necromantic Limits [Passive] | Wicked Predator [Activated · Once Per Turn (Army), Any Combat Phase] | Ferocious Hunger [Activated · Once Per Turn (Army), Any Combat Phase · Rampage]",Flesh-eater Courts - Library.cat#c3e8-13a9-161d-1573
Abhorrant Ghoul King on Royal Zombie Dragon,Flesh-eater Courts,Monster Hero,16,4,6,"DEATH,HERO,MONSTER,FLESH-EATER COURTS,ABHORRANT,FLY,WIZARD (1),WARD (6+)",Gory Talons and Fangs,melee,5,3,3,1,2,,-,400,1,12,5,Default,1,,"Necromantic Limits [Passive] | Monstrous Hunger [Passive] | Draconic Terror [Activated · Once Per Turn (Army), Any Combat Phase · Rampage]",Flesh-eater Courts - Library.cat#eac0-ccfe-4b67-34a
Abhorrant Ghoul King on Royal Zombie Dragon,Flesh-eater Courts,Monster Hero,16,4,6,"DEATH,HERO,MONSTER,FLESH-EATER COURTS,ABHORRANT,FLY,WIZARD (1),WARD (6+)",Draconic Jaws,melee,4,4,2,2,4,,"Crit (Auto-wound), Companion",400,1,12,5,Default,1,,"Necromantic Limits [Passive] | Monstrous Hunger [Passive] | Draconic Terror [Activated · Once Per Turn (Army), Any Combat Phase · Rampage]",Flesh-eater Courts - Library.cat#eac0-ccfe-4b67-34a
Abhorrant Ghoul King on Royal Zombie Dragon,Flesh-eater Courts,Monster Hero,16,4,6,"DEATH,HERO,MONSTER,FLESH-EATER COURTS,ABHORRANT,FLY,WIZARD (1),WARD (6+)",Draconic Claws,melee,7,4,2,1,2,,"Crit (Auto-wound), Companion",400,1,12,5,Default,1,,"Necromantic Limits [Passive] | Monstrous Hunger [Passive] | Draconic Terror [Activated · Once Per Turn (Army), Any Combat Phase · Rampage]",Flesh-eater Courts - Library.cat#eac0-ccfe-4b67-34a
Abhorrant Ghoul King on Royal Zombie Dragon,Flesh-eater Courts,Monster Hero,16,4,6,"DEATH,HERO,MONSTER,FLESH-EATER COURTS,ABHORRANT,FLY,WIZARD (1),WARD (6+)",Baneful Breath,ranged,3,2,4,1,3,10,"Shoot in Combat, Companion",400,1,12,5,Default,1,,"Necromantic Limits [Passive] | Monstrous Hunger [Passive] | Draconic Terror [Activated · Once Per Turn (Army), Any Combat Phase · Rampage]",Flesh-eater Courts - Library.cat#eac0-ccfe-4b67-34a
Abhorrant Gorewarden,Flesh-eater Courts,Infantry Hero,7,5,6,"DEATH,HERO,FLESH-EATER COURTS,ABHORRANT,FLY,WIZARD (1),WARD (6+),INFANTRY",Gory Talons and Fangs,melee,5,3,3,1,2,,-,150,1,12,2,Default,1,,Lord of the Marches [Activated · Deployment Phase · Deploy] | Trespassers! [Activated · Your Movement Phase · Core],Flesh-eater Courts - Library.cat#3a7-f618-ba4d-9f6f
Abhorrant Gorewarden (Scourge of Ghyran),Flesh-eater Courts,,7,5,6,"DEATH,HERO,FLESH-EATER COURTS,ABHORRANT,FLY,WIZARD (1),WARD (6+),INFANTRY",Gory Talons and Fangs,melee,5,3,3,1,2,,-,130,1,12,2,Default,1,,"Swooping Descent [Activated · Once Per Turn (Army), End of Enemy Turn] | Glorious Charge [Passive]",Flesh-eater Courts - Library.cat#27b9-d95e-ac2b-5f2f
Corpsemare Stampede,Flesh-eater Courts,,1,6,6,"DEATH,WARD (6+),MANIFESTATION,ENDLESS SPELL,FLY,FLESH-EATER COURTS",Corpsemare Trample,melee,6,5,3,1,1,,Crit (2 Hits),,1,,,,,,"Trampled Underfoot [Activated · Your Charge Phase · Core, Move, Charge]",Flesh-eater Courts - Library.cat#95b3-ea5e-9e7-7f69
Crypt Flayers,Flesh-eater Courts,Infantry,4,5,6,"WARD (6+),DEATH,CHAMPION,FLY,FLESH-EATER COURTS,KNIGHTS,INFANTRY",Piercing Talons,melee,4,4,3,1,1,,-,160,3,12,1,Default,3,,"To Our Liege [Activated · Once Per Turn (Army), Your Movement Phase]",Flesh-eater Courts - Library.cat#483a-7f4e-15c1-de78
Crypt Flayers,Flesh-eater Courts,Infantry,4,5,6,"WARD (6+),DEATH,CHAMPION,FLY,FLESH-EATER COURTS,KNIGHTS,INFANTRY",Death Scream,ranged,4,4,3,2,1,10,Shoot in Combat,160,3,12,1,Default,3,,"To Our Liege [Activated · Once Per Turn (Army), Your Movement Phase]",Flesh-eater Courts - Library.cat#483a-7f4e-15c1-de78
Crypt Ghast Courtier,Flesh-eater Courts,,4,5,6,"HERO,INFANTRY,WARD (6+),DEATH,FLESH-EATER COURTS,NOBLE",Bone Club and Filthy Claws,melee,5,4,4,0,2,,-,80,1,6,2,Default,1,,Marshal of the Peasantry [Activated · Reaction: You declared a Fight ability for this unit],Flesh-eater Courts - Library.cat#0eac-dd60-75d7-198a
Crypt Ghouls,Flesh-eater Courts,Infantry,1,6,6,"WARD (6+),DEATH,CHAMPION,FLESH-EATER COURTS,INFANTRY,SERFS",Sharpened Teeth and Filthy Claws,melee,2,4,4,0,1,,Crit (Auto-wound),140,20,6,1,Default,20,,Royal Approval [Passive],Flesh-eater Courts - Library.cat#cf8e-f1fc-81a2-c101
Crypt Haunter Courtier,Flesh-eater Courts,Infantry Hero,6,5,6,"DEATH,HERO,FLESH-EATER COURTS,WARD (6+),INFANTRY,NOBLE",Massive Bone Club and Rancid Talons,melee,5,4,3,2,3,,-,120,1,7,2,Default,1,,Knightly Exemplar [Activated · Reaction: You declared a Fight ability for this unit] | Blessed Blood [Activated · Your Hero Phase],Flesh-eater Courts - Library.cat#490b-968d-8f29-a26f
Crypt Horrors,Flesh-eater Courts,Infantry,4,5,6,"WARD (6+),DEATH,CHAMPION,FLESH-EATER COURTS,KNIGHTS,INFANTRY",Club and Septic Talons,melee,4,4,3,1,2,,"Anti-**^^Cavalry^^** (+1 Rend), Crit (Auto-wound)",160,3,7,1,Default,3,,"Holy Blades of Bone [Activated · Once Per Turn (Army), Any Combat Phase]",Flesh-eater Courts - Library.cat#bda3-d9b7-ac69-2c8a
Crypt Infernal Courtier,Flesh-eater Courts,Infantry Hero,6,5,6,"DEATH,HERO,FLESH-EATER COURTS,WARD (6+),INFANTRY,NOBLE,FLY",Piercing Death Screech,ranged,4,4,3,2,2,10,Shoot in Combat,140,1,12,2,Default,1,,"Mind-shattering Cacophony [Activated · Once Per Turn (Army), Your Shooting Phase] | On Winged Steeds [Activated · Once Per Turn (Army), Your Movement Phase]",Flesh-eater Courts - Library.cat#40ae-fea8-d025-4a21
Crypt Infernal Courtier,Flesh-eater Courts,,6,5,6,"DEATH,HERO,FLESH-EATER COURTS,WARD (6+),INFANTRY,NOBLE,FLY",Skewering Claws,melee,5,4,3,1,2,,-,140,1,12,2,Default,1,,"Mind-shattering Cacophony [Activated · Once Per Turn (Army), Your Shooting Phase] | On Winged Steeds [Activated · Once Per Turn (Army), Your Movement Phase]",Flesh-eater Courts - Library.cat#40ae-fea8-d025-4a21
Cryptguard,Flesh-eater Courts,Infantry,1,6,6,"WARD (6+),DEATH,CHAMPION,FLESH-EATER COURTS,STANDARD BEARER (1/10),MUSICIAN (1/10),SERFS,INFANTRY",Cursed Weapon,melee,3,4,4,1,1,,"Anti-charge (+1 Rend), Crit (Auto-wound)",120,10,6,1,Default,10,,"Royal Bodyguard [Passive] | Elite Guardians [Activated · Once Per Turn (Army), Any Combat Phase]",Flesh-eater Courts - Library.cat#3ca4-c35b-27c9-63c4
Grand Justice Gormayne,Flesh-eater Courts,Infantry Hero,5,5,6,"DEATH,UNIQUE,HERO,FLESH-EATER COURTS,ABHORRANT,INFANTRY,WARD (6+)",Gore-streaked Gavel,melee,4,4,3,0,2,,-,130,1,6,2,Default,1,,Arrest those Miscreants [Activated · Your Charge Phase],Flesh-eater Courts - Library.cat#52f6-b3c0-7891-bb69
High Falconer Felgryn,Flesh-eater Courts,Infantry Hero,5,4,6,"DEATH,UNIQUE,HERO,FLESH-EATER COURTS,ABHORRANT,INFANTRY,WARD (6+)",Carrion Flock,ranged,1,4,4,0,3,12,"Shoot in Combat, Companion",120,1,6,2,Default,1,,Be Mine Eyes [Activated · Your Hero Phase] | Winged Reconnoitrer [Passive],Flesh-eater Courts - Library.cat#9246-4272-bb2c-513d
High Falconer Felgryn,Flesh-eater Courts,,5,4,6,"DEATH,UNIQUE,HERO,FLESH-EATER COURTS,ABHORRANT,INFANTRY,WARD (6+)",Filthy Talons and Fangs,melee,5,3,3,1,2,,-,120,1,6,2,Default,1,,Be Mine Eyes [Activated · Your Hero Phase] | Winged Reconnoitrer [Passive],Flesh-eater Courts - Library.cat#9246-4272-bb2c-513d
Marrowscroll Herald,Flesh-eater Courts,Infantry Hero,5,5,6,"DEATH,HERO,FLESH-EATER COURTS,WARD (6+),INFANTRY,NOBLE",Bone Scythe,melee,5,4,3,1,2,,-,100,1,6,2,Default,1,,"Infected [Activated · Reaction: Opponent declared a command, Spell ability or Prayer ability for an Infected unit] | The King's Entreaty [Activated · Once Per Turn (Army), Enemy Charge Phase]",Flesh-eater Courts - Library.cat#c9ce-303a-ccbb-65de
Morbheg Knights,Flesh-eater Courts,Cavalry,4,4,6,"WARD (6+),DEATH,CHAMPION,FLY,CAVALRY,STANDARD BEARER (1/3),MUSICIAN (1/3),FLESH-EATER COURTS,KNIGHTS",Nightshrieker’s Claws and Teeth,melee,3,4,3,1,2,,Companion,170,3,12,1,Default,3,,"Predator Knights [Activated · Once Per Turn (Army), End of Enemy Turn]",Flesh-eater Courts - Library.cat#3b30-80e8-cca6-e129
Morbheg Knights,Flesh-eater Courts,Cavalry,4,4,6,"WARD (6+),DEATH,CHAMPION,FLY,CAVALRY,STANDARD BEARER (1/3),MUSICIAN (1/3),FLESH-EATER COURTS,KNIGHTS",Grisly Lance,melee,2,3,4,1,1,,Charge (+1 Damage),170,3,12,1,Default,3,,"Predator Knights [Activated · Once Per Turn (Army), End of Enemy Turn]",Flesh-eater Courts - Library.cat#3b30-80e8-cca6-e129
"Nagash, Supreme Lord of the Undead",Flesh-eater Courts,Monster Hero,18,3,5,"DEATH,UNIQUE,HERO,MONSTER,WIZARD (9),WARD (5+),FLY,WARMASTER,FLESH-EATER COURTS","Alakanash, the Staff of Power",melee,4,3,3,2,D6,,-,750,1,10,10,Default,1,,"Battle Damaged [Passive] | The Staff of Power [Passive] | Hand of Dust [Activated · Once Per Turn (Army), End of Any Turn · Rampage] | Supreme Lord of the Undead [Activated · Once Per Battle, Your Hero Phase] | Invocation of Nagash [Spell · Your Hero Phase · casting value 7 · Spell] | Utter Contempt [Passive]",Flesh-eater Courts - Library.cat#4898-ff01-e50e-4325
"Nagash, Supreme Lord of the Undead",Flesh-eater Courts,Monster Hero,18,3,5,"DEATH,UNIQUE,HERO,MONSTER,WIZARD (9),WARD (5+),FLY,WARMASTER,FLESH-EATER COURTS","Zefet-nebtar, the Mortis Blade",melee,4,3,3,2,3,,-,750,1,10,10,Default,1,,"Battle Damaged [Passive] | The Staff of Power [Passive] | Hand of Dust [Activated · Once Per Turn (Army), End of Any Turn · Rampage] | Supreme Lord of the Undead [Activated · Once Per Battle, Your Hero Phase] | Invocation of Nagash [Spell · Your Hero Phase · casting value 7 · Spell] | Utter Contempt [Passive]",Flesh-eater Courts - Library.cat#4898-ff01-e50e-4325
Royal Beastflayers,Flesh-eater Courts,,1,6,6,"WARD (6+),DEATH,FLESH-EATER COURTS,INFANTRY,SERFS,CHAMPION (1/10)",Beastflayer Weapons,melee,3,4,4,0,1,,"Anti-**^^Beast^^** (+1 Rend), Anti-**^^Monster^^** (+1 Rend)",110,10,6,1,Default,10,,Hunter's Instincts [Passive],Flesh-eater Courts - Library.cat#a8f1-a33f-35de-8e08
Royal Decapitator,Flesh-eater Courts,Infantry Hero,5,5,6,"DEATH,HERO,FLESH-EATER COURTS,WARD (6+),INFANTRY,NOBLE",Headsman’s Axe,melee,3,4,3,2,3,,-,100,1,6,2,Default,1,,Executioner's Entourage [Activated · Reaction: You declared a Fight ability for this unit] | Off With Their Head! [Activated · Reaction: You declared a Fight ability for this unit],Flesh-eater Courts - Library.cat#7f54-ad67-e5ae-972d
Royal Terrorgheist,Flesh-eater Courts,Monster,14,4,6,"DEATH,MONSTER,FLESH-EATER COURTS,FLY,WARD (6+)",Death Shriek,ranged,1,4,2,2,3,10,"Shoot in Combat, Companion",240,1,12,5,Default,1,,"Shriek of Terror [Activated · Once Per Turn (Army), Any Combat Phase · Rampage] | Necromantic Limits [Passive] | Wicked Predator [Activated · Once Per Turn (Army), Any Combat Phase]",Flesh-eater Courts - Library.cat#e563-1cc8-a03a-d776
Royal Terrorgheist,Flesh-eater Courts,Monster,14,4,6,"DEATH,MONSTER,FLESH-EATER COURTS,FLY,WARD (6+)",Terrorgheist’s Fanged Maw,melee,3,4,2,2,5,,"Crit (Mortal), Companion",240,1,12,5,Default,1,,"Shriek of Terror [Activated · Once Per Turn (Army), Any Combat Phase · Rampage] | Necromantic Limits [Passive] | Wicked Predator [Activated · Once Per Turn (Army), Any Combat Phase]",Flesh-eater Courts - Library.cat#e563-1cc8-a03a-d776
Royal Terrorgheist,Flesh-eater Courts,Monster,14,4,6,"DEATH,MONSTER,FLESH-EATER COURTS,FLY,WARD (6+)",Terrorgheist’s Skeletal Talons,melee,6,4,2,1,2,,"Crit (Mortal), Companion",240,1,12,5,Default,1,,"Shriek of Terror [Activated · Once Per Turn (Army), Any Combat Phase · Rampage] | Necromantic Limits [Passive] | Wicked Predator [Activated · Once Per Turn (Army), Any Combat Phase]",Flesh-eater Courts - Library.cat#e563-1cc8-a03a-d776
Royal Zombie Dragon,Flesh-eater Courts,Monster,14,4,6,"DEATH,MONSTER,FLESH-EATER COURTS,WARD (6+),FLY",Baneful Breath,ranged,3,2,4,1,3,10,"Shoot in Combat, Companion",260,1,12,5,Default,1,,"Soaring Terror [Activated · Once Per Turn (Army), Any Combat Phase · Rampage] | On Rotten Wings [Activated · Once Per Turn (Army), Your Movement Phase] | Necromantic Limits [Passive]",Flesh-eater Courts - Library.cat#6419-9fb3-d882-9e33
Royal Zombie Dragon,Flesh-eater Courts,Monster,14,4,6,"DEATH,MONSTER,FLESH-EATER COURTS,WARD (6+),FLY",Draconic Jaws,melee,4,4,2,2,4,,"Crit (Auto-wound), Companion",260,1,12,5,Default,1,,"Soaring Terror [Activated · Once Per Turn (Army), Any Combat Phase · Rampage] | On Rotten Wings [Activated · Once Per Turn (Army), Your Movement Phase] | Necromantic Limits [Passive]",Flesh-eater Courts - Library.cat#6419-9fb3-d882-9e33
Royal Zombie Dragon,Flesh-eater Courts,Monster,14,4,6,"DEATH,MONSTER,FLESH-EATER COURTS,WARD (6+),FLY",Draconic Claws,melee,7,4,2,1,2,,"Crit (Auto-wound), Companion",260,1,12,5,Default,1,,"Soaring Terror [Activated · Once Per Turn (Army), Any Combat Phase · Rampage] | On Rotten Wings [Activated · Once Per Turn (Army), Your Movement Phase] | Necromantic Limits [Passive]",Flesh-eater Courts - Library.cat#6419-9fb3-d882-9e33
The Grymwatch,Flesh-eater Courts,,1,6,6,"INFANTRY,UNIQUE,CHAMPION,WARD (6+),DEATH,FLESH-EATER COURTS,SERFS",Great Halberd,melee,4,2,4,1,2,,"Crit (Auto-wound), Anti-**^^Monster^^** (+1 Rend)",80,7,6,1,Default,1,,Quest to Slay the Monster [Activated · Any Combat Phase],Flesh-eater Courts - Library.cat#17d4-5f91-75cc-376f
The Grymwatch,Flesh-eater Courts,,1,6,6,"INFANTRY,UNIQUE,CHAMPION,WARD (6+),DEATH,FLESH-EATER COURTS,SERFS",Knightly Weapons,melee,3,4,4,0,1,,"Crit (Auto-wound), Anti-**^^Monster^^** (+1 Rend)",80,7,6,1,Default,6,,Quest to Slay the Monster [Activated · Any Combat Phase],Flesh-eater Courts - Library.cat#17d4-5f91-75cc-376f
The Skinnerkin,Flesh-eater Courts,,2,6,6,"INFANTRY,UNIQUE,CHAMPION,WARD (6+),DEATH,FLESH-EATER COURTS,SERFS",Butchering Weapons,melee,2,4,4,0,1,,Crit (Auto-wound),80,5,6,1,Default,5,,Prime Cuts [Passive] | Dinner is Served [Activated · End of Any Turn],Flesh-eater Courts - Library.cat#c933-7c55-522d-510b
"Ushoran, Mortarch of Delusion",Flesh-eater Courts,Monster Hero,16,4,5,"DEATH,UNIQUE,HERO,MONSTER,WARD (5+),WARMASTER,FLESH-EATER COURTS,WIZARD (2),ABHORRANT",Sceptre of the Carrion King,melee,4,3,2,2,6,,-,450,1,10,5,Default,1,,"Battle Damaged [Passive] | Shroudcage Fragment [Activated · Once Per Turn (Army), Any Combat Phase · Rampage] | Epicentre of Delusion [Passive] | Glimpse of Delusion [Spell · Your Hero Phase · casting value 7 · Spell]",Flesh-eater Courts - Library.cat#b0a4-76e1-de3-9384
"Ushoran, Mortarch of Delusion",Flesh-eater Courts,Monster Hero,16,4,5,"DEATH,UNIQUE,HERO,MONSTER,WARD (5+),WARMASTER,FLESH-EATER COURTS,WIZARD (2),ABHORRANT",Monstrous Talons,melee,8,3,3,1,2,,-,450,1,10,5,Default,1,,"Battle Damaged [Passive] | Shroudcage Fragment [Activated · Once Per Turn (Army), Any Combat Phase · Rampage] | Epicentre of Delusion [Passive] | Glimpse of Delusion [Spell · Your Hero Phase · casting value 7 · Spell]",Flesh-eater Courts - Library.cat#b0a4-76e1-de3-9384
Varghulf Courtier,Flesh-eater Courts,Beast,8,5,6,"DEATH,FLESH-EATER COURTS,WARD (6+),BEAST",Immense Claws,melee,7,4,3,1,2,,Anti-**^^Infantry^^** (+1 Rend),100,1,10,1,Default,1,,Victory Feast [Activated · End of Any Turn],Flesh-eater Courts - Library.cat#9840-3911-50d4-532d
Varghulf Courtier,Flesh-eater Courts,Beast,8,5,6,"DEATH,FLESH-EATER COURTS,WARD (6+),BEAST",Dagger-like Fangs,melee,1,3,2,2,3,,Anti-**^^Infantry^^** (+1 Rend),100,1,10,1,Default,1,,Victory Feast [Activated · End of Any Turn],Flesh-eater Courts - Library.cat#9840-3911-50d4-532d
Auric Flamekeeper,Fyreslayers,Infantry Hero,5,5,6,"HERO,ORDER,WARD (6+),FYRESLAYERS,DUARDIN,INFANTRY",Brazier Axe,melee,5,3,3,1,2,,-,80,1,4,2,Default,1,,"Masterflame Rune [Activated · Once Per Turn (Army), Your Hero Phase]",Fyreslayers - Library.cat#4a5c-a6be-cecb-a47a
Auric Hearthguard,Fyreslayers,Infantry,2,6,6,"INFANTRY,CHAMPION,ORDER,WARD (6+),FYRESLAYERS,DUARDIN,MUSICIAN (1/10)",Magmapike,melee,1,3,3,1,1,,-,100,5,4,1,Default,5,,Molten Rockbolts [Passive],Fyreslayers - Library.cat#c2d0-1db-e516-2344
Auric Hearthguard,Fyreslayers,Infantry,2,6,6,"INFANTRY,CHAMPION,ORDER,WARD (6+),FYRESLAYERS,DUARDIN,MUSICIAN (1/10)",Magmapike,ranged,2,4,3,1,D3,12,Shoot in Combat,100,5,4,1,Default,5,,Molten Rockbolts [Passive],Fyreslayers - Library.cat#c2d0-1db-e516-2344
Auric Runefather,Fyreslayers,Infantry Hero,5,5,6,"HERO,ORDER,WARMASTER,WARD (6+),FYRESLAYERS,DUARDIN,INFANTRY",Latchkey Grandaxe,melee,4,3,3,2,3,,-,130,1,4,2,Default,1,,"Royal Retinue [Activated · Once Per Battle (Army), Deployment Phase] | Commanding Presence [Activated · End of Any Turn]",Fyreslayers - Library.cat#aa8-9db3-b817-6324
Auric Runefather on Magmadroth,Fyreslayers,Monster Hero,14,4,6,"HERO,MONSTER,ORDER,WARMASTER,WARD (6+),FYRESLAYERS,DUARDIN,MAGMADROTH",Latchkey Grandaxe,melee,4,3,3,2,3,,-,320,1,10,5,Default,1,,"Volcanic Blood [Passive] | Warrior-kings [Activated · Once Per Battle (Army), Your Combat Phase] | Raging Inferno [Activated · Once Per Turn (Army), Any Combat Phase · Rampage] | Battle Damaged [Passive]",Fyreslayers - Library.cat#37e2-9685-abe9-bc10
Auric Runefather on Magmadroth,Fyreslayers,Monster Hero,14,4,6,"HERO,MONSTER,ORDER,WARMASTER,WARD (6+),FYRESLAYERS,DUARDIN,MAGMADROTH",Roaring Fyrestream,ranged,4,3,3,1,2,10,"Anti‑**^^Infantry^^** (+1 Rend), Companion",320,1,10,5,Default,1,,"Volcanic Blood [Passive] | Warrior-kings [Activated · Once Per Battle (Army), Your Combat Phase] | Raging Inferno [Activated · Once Per Turn (Army), Any Combat Phase · Rampage] | Battle Damaged [Passive]",Fyreslayers - Library.cat#37e2-9685-abe9-bc10
Auric Runefather on Magmadroth,Fyreslayers,Monster Hero,14,4,6,"HERO,MONSTER,ORDER,WARMASTER,WARD (6+),FYRESLAYERS,DUARDIN,MAGMADROTH",Magmadroth’s Blazing Maw,melee,2,4,2,2,3,,Companion,320,1,10,5,Default,1,,"Volcanic Blood [Passive] | Warrior-kings [Activated · Once Per Battle (Army), Your Combat Phase] | Raging Inferno [Activated · Once Per Turn (Army), Any Combat Phase · Rampage] | Battle Damaged [Passive]",Fyreslayers - Library.cat#37e2-9685-abe9-bc10
Auric Runefather on Magmadroth,Fyreslayers,Monster Hero,14,4,6,"HERO,MONSTER,ORDER,WARMASTER,WARD (6+),FYRESLAYERS,DUARDIN,MAGMADROTH",Magmadroth’s Claws and Horns,melee,6,4,2,1,2,,Companion,320,1,10,5,Default,1,,"Volcanic Blood [Passive] | Warrior-kings [Activated · Once Per Battle (Army), Your Combat Phase] | Raging Inferno [Activated · Once Per Turn (Army), Any Combat Phase · Rampage] | Battle Damaged [Passive]",Fyreslayers - Library.cat#37e2-9685-abe9-bc10
Auric Runemaster,Fyreslayers,Infantry Hero,5,5,6,"HERO,ORDER,WARD (6+),FYRESLAYERS,DUARDIN,INFANTRY,PRIEST (2)",Brazier Staff,melee,3,3,3,1,2,,-,160,1,4,2,Default,1,,High Priest of the Zharrgrim [Passive] | Master of the Runes [Activated · Reaction: You declared an Ur-gold Rune ability],Fyreslayers - Library.cat#21bf-d0a3-f872-2def
Auric Runesmiter,Fyreslayers,Infantry Hero,5,5,6,"HERO,ORDER,WARD (6+),FYRESLAYERS,DUARDIN,INFANTRY,PRIEST (1)",Latch-axe,melee,4,3,3,1,2,,-,90,1,4,2,Default,1,,Emergence [Activated · Your Hero Phase] | Magmic Tunnelling [Activated · Deployment Phase · Deploy],Fyreslayers - Library.cat#7b03-4613-6b5b-a9ce
Auric Runesmiter on Magmadroth,Fyreslayers,Monster Hero,14,4,6,"HERO,MONSTER,ORDER,WARD (6+),FYRESLAYERS,DUARDIN,MAGMADROTH,PRIEST (1)",Latch-axe,melee,4,3,3,1,2,,-,280,1,10,5,Default,1,,"Volcanic Blood [Passive] | Runic Empowerment [Activated · Your Hero Phase] | Lashing Tail [Activated · Once Per Turn (Army), Any Combat Phase · Rampage] | Battle Damaged [Passive]",Fyreslayers - Library.cat#268e-676d-c731-7d26
Auric Runesmiter on Magmadroth,Fyreslayers,Monster Hero,14,4,6,"HERO,MONSTER,ORDER,WARD (6+),FYRESLAYERS,DUARDIN,MAGMADROTH,PRIEST (1)",Roaring Fyrestream,ranged,4,3,3,1,2,10,"Anti‑**^^Infantry^^** (+1 Rend), Companion",280,1,10,5,Default,1,,"Volcanic Blood [Passive] | Runic Empowerment [Activated · Your Hero Phase] | Lashing Tail [Activated · Once Per Turn (Army), Any Combat Phase · Rampage] | Battle Damaged [Passive]",Fyreslayers - Library.cat#268e-676d-c731-7d26
Auric Runesmiter on Magmadroth,Fyreslayers,Monster Hero,14,4,6,"HERO,MONSTER,ORDER,WARD (6+),FYRESLAYERS,DUARDIN,MAGMADROTH,PRIEST (1)",Magmadroth’s Blazing Maw,melee,2,4,2,2,3,,Companion,280,1,10,5,Default,1,,"Volcanic Blood [Passive] | Runic Empowerment [Activated · Your Hero Phase] | Lashing Tail [Activated · Once Per Turn (Army), Any Combat Phase · Rampage] | Battle Damaged [Passive]",Fyreslayers - Library.cat#268e-676d-c731-7d26
Auric Runesmiter on Magmadroth,Fyreslayers,Monster Hero,14,4,6,"HERO,MONSTER,ORDER,WARD (6+),FYRESLAYERS,DUARDIN,MAGMADROTH,PRIEST (1)",Magmadroth’s Claws and Horns,melee,6,4,2,1,2,,Companion,280,1,10,5,Default,1,,"Volcanic Blood [Passive] | Runic Empowerment [Activated · Your Hero Phase] | Lashing Tail [Activated · Once Per Turn (Army), Any Combat Phase · Rampage] | Battle Damaged [Passive]",Fyreslayers - Library.cat#268e-676d-c731-7d26
Auric Runeson,Fyreslayers,Infantry Hero,5,5,6,"HERO,ORDER,WARD (6+),FYRESLAYERS,DUARDIN,INFANTRY",Ancestral Weapons,melee,5,3,3,1,2,,Anti‑**^^Monster^^** (+1 Rend),90,1,4,2,Default,1,,Fearless Charge [Passive] | Dauntless Assault [Activated · Reaction: You declared a Fight ability for this unit],Fyreslayers - Library.cat#94e6-d5d5-c8e6-7282
Auric Runeson on Magmadroth,Fyreslayers,Monster Hero,14,4,6,"HERO,MONSTER,ORDER,WARD (6+),FYRESLAYERS,DUARDIN,MAGMADROTH",Ancestral Weapons,melee,5,3,3,1,2,,Anti‑**^^Monster^^** (+1 Rend),240,1,10,5,Default,1,,"Volcanic Blood [Passive] | Battle Damaged [Passive] | Dominating Roar [Activated · Once Per Turn (Army), End of Any Turn · Rampage] | Vying for Glory [Passive]",Fyreslayers - Library.cat#de0d-34a7-ac61-53de
Auric Runeson on Magmadroth,Fyreslayers,Monster Hero,14,4,6,"HERO,MONSTER,ORDER,WARD (6+),FYRESLAYERS,DUARDIN,MAGMADROTH",Roaring Fyrestream,ranged,4,3,3,1,2,10,"Anti‑**^^Infantry^^** (+1 Rend), Companion",240,1,10,5,Default,1,,"Volcanic Blood [Passive] | Battle Damaged [Passive] | Dominating Roar [Activated · Once Per Turn (Army), End of Any Turn · Rampage] | Vying for Glory [Passive]",Fyreslayers - Library.cat#de0d-34a7-ac61-53de
Auric Runeson on Magmadroth,Fyreslayers,Monster Hero,14,4,6,"HERO,MONSTER,ORDER,WARD (6+),FYRESLAYERS,DUARDIN,MAGMADROTH",Magmadroth’s Blazing Maw,melee,2,4,2,2,3,,Companion,240,1,10,5,Default,1,,"Volcanic Blood [Passive] | Battle Damaged [Passive] | Dominating Roar [Activated · Once Per Turn (Army), End of Any Turn · Rampage] | Vying for Glory [Passive]",Fyreslayers - Library.cat#de0d-34a7-ac61-53de
Auric Runeson on Magmadroth,Fyreslayers,Monster Hero,14,4,6,"HERO,MONSTER,ORDER,WARD (6+),FYRESLAYERS,DUARDIN,MAGMADROTH",Magmadroth’s Claws and Horns,melee,6,4,2,1,2,,Companion,240,1,10,5,Default,1,,"Volcanic Blood [Passive] | Battle Damaged [Passive] | Dominating Roar [Activated · Once Per Turn (Army), End of Any Turn · Rampage] | Vying for Glory [Passive]",Fyreslayers - Library.cat#de0d-34a7-ac61-53de
Battlesmith,Fyreslayers,Infantry Hero,5,5,6,"HERO,ORDER,WARD (6+),FYRESLAYERS,DUARDIN,INFANTRY",Ancestral Battle-axe,melee,5,3,3,1,2,,-,100,1,4,5,Default,1,,Icon of Grimnir [Passive] | Bard of the Lodge [Passive],Fyreslayers - Library.cat#eb16-2bd1-6982-c82d
Doomseeker,Fyreslayers,Infantry Hero,5,5,6,"HERO,ORDER,WARD (6+),FYRESLAYERS,DUARDIN,INFANTRY",Doomseeker Weapons,melee,5,3,3,1,2,,-,80,1,4,2,Default,1,,Runic Power [Passive] | Oathbound [Activated · Deployment Phase],Fyreslayers - Library.cat#2a37-8d73-b1ba-576d
Grimhold Exile,Fyreslayers,Infantry Hero,6,5,6,"HERO,ORDER,WARD (6+),FYRESLAYERS,DUARDIN,INFANTRY",Fyre-rune Hammers,melee,5,3,3,2,2,,-,90,1,4,2,Default,1,,"Honour to Grimnir! [Activated · Once Per Battle, Your Hero Phase] | Last of the Lodge-fire [Activated · Once Per Battle, Any Combat Phase · Core, Attack, Fight]",Fyreslayers - Library.cat#145f-e68f-3a4e-c25a
Grimwrath Berzerker,Fyreslayers,Infantry Hero,5,5,6,"HERO,ORDER,WARD (6+),FYRESLAYERS,DUARDIN,INFANTRY",Fyrestorm Greataxe,melee,5,3,3,2,2,,-,110,1,4,2,Default,1,,"Grimwrath Oaths [Activated · Deployment Phase] | Battle-fury [Activated · Once Per Battle, Any Combat Phase]",Fyreslayers - Library.cat#1b3c-edf1-cb89-c9
Hearthguard Berzerkers with Berzerker Broadaxes,Fyreslayers,Infantry,2,6,6,"INFANTRY,CHAMPION,ORDER,WARD (6+),FYRESLAYERS,DUARDIN",Berzerker Broadaxe,melee,2,3,3,1,2,,-,100,5,4,1,Default,5,,Duty Unto Death [Passive] | Fires of Vengeance [Passive],Fyreslayers - Library.cat#d6c7-9adb-d1fd-2446
Hearthguard Berzerkers with Flamestrike Poleaxes,Fyreslayers,Infantry,2,6,6,"INFANTRY,CHAMPION,ORDER,WARD (6+),FYRESLAYERS,DUARDIN",Flamestrike Poleaxe,melee,2,3,3,1,2,,Crit (Mortal),110,5,4,1,Default,5,,Duty Unto Death [Passive] | Smouldering Braziers [Activated · End of Any Turn],Fyreslayers - Library.cat#194c-db4d-bae8-1372
Molten Infernoth,Fyreslayers,,1,6,6,"WARD (6+),MANIFESTATION,INVOCATION,FLY,ORDER,FYRESLAYERS",Raging Torrents of Lava,ranged,2,4,3,2,2,8,Shoot in Combat,,1,,,,,,Flamescarred [Activated · End of Any Turn],Fyreslayers - Library.cat#bc11-e1c6-f5de-ed0b
Molten Infernoth,Fyreslayers,,1,6,6,"WARD (6+),MANIFESTATION,INVOCATION,FLY,ORDER,FYRESLAYERS",Molten Claws,melee,6,4,2,1,2,,Crit (Mortal),,1,,,,,,Flamescarred [Activated · End of Any Turn],Fyreslayers - Library.cat#bc11-e1c6-f5de-ed0b
The Chosen Axes,Fyreslayers,,3,5,6,"ORDER,INFANTRY,UNIQUE,CHAMPION,WARD (6+),DUARDIN,FYRESLAYERS",Fyresteel Weapons,melee,2,4,3,1,1,,-,120,4,4,1,Default,3,,Berserk Fury [Passive] | Fjul's Retinue [Passive],Fyreslayers - Library.cat#79e4-f929-c8d1-d8cf
The Chosen Axes,Fyreslayers,,3,5,6,"ORDER,INFANTRY,UNIQUE,CHAMPION,WARD (6+),DUARDIN,FYRESLAYERS",Latchkey Grandaxe,melee,4,3,3,2,3,,-,120,4,4,1,Default,1,,Berserk Fury [Passive] | Fjul's Retinue [Passive],Fyreslayers - Library.cat#79e4-f929-c8d1-d8cf
Vulkite Berzerkers with Bladed Slingshields,Fyreslayers,Infantry,2,5,6,"INFANTRY,CHAMPION,ORDER,WARD (6+),FYRESLAYERS,DUARDIN,MUSICIAN (1/10)",Fyresteel Weapons,melee,2,4,3,1,1,,-,140,10,4,1,Default,10,,Berserk Fury [Passive],Fyreslayers - Library.cat#b1bf-7551-a8ec-80f
Vulkite Berzerkers with Fyresteel Weapons,Fyreslayers,Infantry,2,6,6,"INFANTRY,CHAMPION,ORDER,WARD (6+),FYRESLAYERS,DUARDIN,MUSICIAN (1/10)",Fyresteel Weapons,melee,2,4,3,1,1,,-,120,10,4,1,Default,10,,Whirlwind of Destruction [Passive],Fyreslayers - Library.cat#88f4-30cc-1cfd-b6fa
Vulkyn Flameseekers,Fyreslayers,Infantry,2,5,6,"INFANTRY,ORDER,CHAMPION (1/9),WARD (6+),FYRESLAYERS,DUARDIN",Vulkyn Weapons,melee,3,3,3,1,1,,Anti-**^^Monster^^** (+1 Rend),150,9,4,1,Default,8,,Drothmasters [Activated · Any Combat Phase],Fyreslayers - Library.cat#f6d4-e62b-c0a9-ba01
Vulkyn Flameseekers,Fyreslayers,Infantry,2,5,6,"INFANTRY,ORDER,CHAMPION (1/9),WARD (6+),FYRESLAYERS,DUARDIN",Emberteeth,melee,1,3,3,0,2,,"Crit (Mortal), Companion",150,9,4,1,Default,1,,Drothmasters [Activated · Any Combat Phase],Fyreslayers - Library.cat#f6d4-e62b-c0a9-ba01
Zharrgron Flame-spitter,Fyreslayers,,1,6,6,"WARD (6+),MANIFESTATION,INVOCATION,ORDER,FYRESLAYERS",Magma Blast,ranged,8,4,3,1,1,18,Crit (2 Hits),,1,,,,,,Magma Blast [Passive],Fyreslayers - Library.cat#f214-324b-6674-cf4
Aleguzzler Gargant,Gloomspite Gitz,,12,5,,"GLOOMSPITE GITZ,DESTRUCTION,MONSTER",’Eadbutt,melee,1,4,2,2,4,,-,150,1,8,10,Default,1,,"Timberrrrr! [Passive] | Stuff 'Em in Me Bag [Activated · Once Per Turn, Any Combat Phase]",Gloomspite Gitz - Library.cat#6774-35c0-997e-89c4
Aleguzzler Gargant,Gloomspite Gitz,,12,5,,"GLOOMSPITE GITZ,DESTRUCTION,MONSTER",Massive Club,melee,4,4,2,1,2,,-,150,1,8,10,Default,1,,"Timberrrrr! [Passive] | Stuff 'Em in Me Bag [Activated · Once Per Turn, Any Combat Phase]",Gloomspite Gitz - Library.cat#6774-35c0-997e-89c4
Aleguzzler Gargant,Gloomspite Gitz,,12,5,,"GLOOMSPITE GITZ,DESTRUCTION,MONSTER",Mighty Kick,melee,1,4,2,2,2,,-,150,1,8,10,Default,1,,"Timberrrrr! [Passive] | Stuff 'Em in Me Bag [Activated · Once Per Turn, Any Combat Phase]",Gloomspite Gitz - Library.cat#6774-35c0-997e-89c4
Aleguzzler Gargant,Gloomspite Gitz,,12,5,,"GLOOMSPITE GITZ,DESTRUCTION,MONSTER",Throwin’ Rocks,ranged,1,5,2,2,2,12,-,150,1,8,10,Default,1,,"Timberrrrr! [Passive] | Stuff 'Em in Me Bag [Activated · Once Per Turn, Any Combat Phase]",Gloomspite Gitz - Library.cat#6774-35c0-997e-89c4
Arachnarok Spider with Flinger,Gloomspite Gitz,Monster,14,4,,"DESTRUCTION,GLOOMSPITE GITZ,SPIDERFANG,MONSTER,ARACHNAROK",Monstrous Spider Fangs,melee,4,3,2,1,3,,"Crit (Mortal), Companion",210,1,10,5,Default,1,,"Flinger [Passive] | Beast-binding Webbing [Activated · Once Per Turn (Army), Any Combat Phase · Rampage]",Gloomspite Gitz - Library.cat#4b3e-a354-5e97-9d5a
Arachnarok Spider with Flinger,Gloomspite Gitz,Monster,14,4,,"DESTRUCTION,GLOOMSPITE GITZ,SPIDERFANG,MONSTER,ARACHNAROK",Chitinous Legs,melee,8,4,2,1,1,,Companion,210,1,10,5,Default,1,,"Flinger [Passive] | Beast-binding Webbing [Activated · Once Per Turn (Army), Any Combat Phase · Rampage]",Gloomspite Gitz - Library.cat#4b3e-a354-5e97-9d5a
Arachnarok Spider with Flinger,Gloomspite Gitz,Monster,14,4,,"DESTRUCTION,GLOOMSPITE GITZ,SPIDERFANG,MONSTER,ARACHNAROK",Crooked Spears,melee,10,4,5,0,1,,-,210,1,10,5,Default,1,,"Flinger [Passive] | Beast-binding Webbing [Activated · Once Per Turn (Army), Any Combat Phase · Rampage]",Gloomspite Gitz - Library.cat#4b3e-a354-5e97-9d5a
Arachnarok Spider with Flinger,Gloomspite Gitz,Monster,14,4,,"DESTRUCTION,GLOOMSPITE GITZ,SPIDERFANG,MONSTER,ARACHNAROK",Spider-bows,ranged,10,4,5,0,1,18,-,210,1,10,5,Default,1,,"Flinger [Passive] | Beast-binding Webbing [Activated · Once Per Turn (Army), Any Combat Phase · Rampage]",Gloomspite Gitz - Library.cat#4b3e-a354-5e97-9d5a
Arachnarok Spider with Flinger,Gloomspite Gitz,Monster,14,4,,"DESTRUCTION,GLOOMSPITE GITZ,SPIDERFANG,MONSTER,ARACHNAROK",Flinger,ranged,2,4,3,0,1,24,Crit (2 Hits),210,1,10,5,Default,1,,"Flinger [Passive] | Beast-binding Webbing [Activated · Once Per Turn (Army), Any Combat Phase · Rampage]",Gloomspite Gitz - Library.cat#4b3e-a354-5e97-9d5a
Arachnarok Spider with Spiderfang Warparty,Gloomspite Gitz,Monster,16,4,,"DESTRUCTION,GLOOMSPITE GITZ,SPIDERFANG,MONSTER,ARACHNAROK",Spider-bows,ranged,10,4,5,0,1,18,-,200,1,10,10,Default,1,,"Battle Damaged [Passive] | Voracious Predator [Activated · Once Per Turn (Army), Any Charge Phase · Rampage]",Gloomspite Gitz - Library.cat#fb01-3fb7-ecf9-f5ec
Arachnarok Spider with Spiderfang Warparty,Gloomspite Gitz,Monster,16,4,,"DESTRUCTION,GLOOMSPITE GITZ,SPIDERFANG,MONSTER,ARACHNAROK",Crooked Spears,melee,10,5,4,0,1,,-,200,1,10,10,Default,1,,"Battle Damaged [Passive] | Voracious Predator [Activated · Once Per Turn (Army), Any Charge Phase · Rampage]",Gloomspite Gitz - Library.cat#fb01-3fb7-ecf9-f5ec
Arachnarok Spider with Spiderfang Warparty,Gloomspite Gitz,Monster,16,4,,"DESTRUCTION,GLOOMSPITE GITZ,SPIDERFANG,MONSTER,ARACHNAROK",Monstrous Spider Fangs,melee,4,3,2,1,3,,"Crit (Mortal), Companion",200,1,10,10,Default,1,,"Battle Damaged [Passive] | Voracious Predator [Activated · Once Per Turn (Army), Any Charge Phase · Rampage]",Gloomspite Gitz - Library.cat#fb01-3fb7-ecf9-f5ec
Arachnarok Spider with Spiderfang Warparty,Gloomspite Gitz,Monster,16,4,,"DESTRUCTION,GLOOMSPITE GITZ,SPIDERFANG,MONSTER,ARACHNAROK",Chitinous Legs,melee,8,4,2,1,1,,Companion,200,1,10,10,Default,1,,"Battle Damaged [Passive] | Voracious Predator [Activated · Once Per Turn (Army), Any Charge Phase · Rampage]",Gloomspite Gitz - Library.cat#fb01-3fb7-ecf9-f5ec
Boingrot Bounderz,Gloomspite Gitz,Cavalry,2,5,,"CAVALRY,CHAMPION,DESTRUCTION,GLOOMSPITE GITZ,SQUIG,MOONCLAN,FLY",Fang-filled Gob,melee,3,4,3,1,1,,Companion,120,5,9,1,Default,5,,Boing! Smash! [Activated · Any Charge Phase],Gloomspite Gitz - Library.cat#2e50-954-9c1-37cb
Boingrot Bounderz,Gloomspite Gitz,Cavalry,2,5,,"CAVALRY,CHAMPION,DESTRUCTION,GLOOMSPITE GITZ,SQUIG,MOONCLAN,FLY",Pokin’ Lance,melee,3,4,4,1,1,,Charge (+1 Damage),120,5,9,1,Default,5,,Boing! Smash! [Activated · Any Charge Phase],Gloomspite Gitz - Library.cat#2e50-954-9c1-37cb
Borgit's Beastgrabbaz,Gloomspite Gitz,,2,6,,"UNIQUE,CHAMPION,DESTRUCTION,GLOOMSPITE GITZ,INFANTRY,MOONCLAN",Borgit's Stabba,melee,5,4,4,1,2,,"Anti-**^^Beast^^** (+1 Rend), Anti-**^^Monster^^** (+1 Rend)",90,5,5,1,Default,1,,"Borgit's Masterplan [Activated · Once Per Battle, Any Combat Phase] | Uglug the Troggoth [Passive]",Gloomspite Gitz - Library.cat#e15b-2f63-bd45-3159
Borgit's Beastgrabbaz,Gloomspite Gitz,,2,6,,"UNIQUE,CHAMPION,DESTRUCTION,GLOOMSPITE GITZ,INFANTRY,MOONCLAN",Beastgrabba Weapons,melee,2,4,5,0,1,,"Anti-**^^Beast^^** (+1 Rend), Anti-**^^Monster^^** (+1 Rend)",90,5,5,1,Default,3,,"Borgit's Masterplan [Activated · Once Per Battle, Any Combat Phase] | Uglug the Troggoth [Passive]",Gloomspite Gitz - Library.cat#e15b-2f63-bd45-3159
Borgit's Beastgrabbaz,Gloomspite Gitz,,2,6,,"UNIQUE,CHAMPION,DESTRUCTION,GLOOMSPITE GITZ,INFANTRY,MOONCLAN",Troggoth Fists,melee,4,4,3,0,2,,"Anti-**^^Beast^^** (+1 Rend), Anti-**^^Monster^^** (+1 Rend)",90,5,5,1,Default,1,,"Borgit's Masterplan [Activated · Once Per Battle, Any Combat Phase] | Uglug the Troggoth [Passive]",Gloomspite Gitz - Library.cat#e15b-2f63-bd45-3159
Dankhold Troggboss,Gloomspite Gitz,Monster Hero,12,4,,"HERO,MONSTER,DESTRUCTION,GLOOMSPITE GITZ,TROGGOTH",Boulder Club,melee,5,4,2,2,3,,-,200,1,6,5,Default,1,,"Shepherd of Destruction [Activated · Once Per Turn (Army), Any Combat Phase · Rampage] | Magical Resistance [Activated · Reaction: Opponent declared a Spell ability] | Greater Regeneration [Activated · Start of Any Turn]",Gloomspite Gitz - Library.cat#c1d2-33ca-c5f3-56af
Dankhold Troggoth,Gloomspite Gitz,Monster,10,4,,"MONSTER,DESTRUCTION,GLOOMSPITE GITZ,TROGGOTH",Colossal Boulder Club,melee,4,4,2,2,4,,-,140,1,6,5,Default,1,,"Wade and Smash [Activated · Once Per Turn (Army), Any Combat Phase · Rampage] | Magical Resistance [Activated · Reaction: Opponent declared a Spell ability] | Regeneration [Activated · Start of Any Turn]",Gloomspite Gitz - Library.cat#9be3-6dc9-3f14-4553
Doom Diver Catapult,Gloomspite Gitz,War Machine,12,4,,"DESTRUCTION,GLOOMSPITE GITZ,WAR MACHINE,GITMOB",Slicers and Krag-smasha's Paws,melee,6,4,3,0,1,,Companion,150,1,5,2,Default,1,,"Shoddy Wing-like Gizmos [Activated · Once Per Turn (Army), Any Shooting Phase]",Gloomspite Gitz - Library.cat#75f7-3cbc-97f2-2ecf
Doom Diver Catapult,Gloomspite Gitz,War Machine,12,4,,"DESTRUCTION,GLOOMSPITE GITZ,WAR MACHINE,GITMOB",Doom Diver,ranged,4,4,3,3,3,24,-,150,1,5,2,Default,1,,"Shoddy Wing-like Gizmos [Activated · Once Per Turn (Army), Any Shooting Phase]",Gloomspite Gitz - Library.cat#75f7-3cbc-97f2-2ecf
Doom Diver Catapult,Gloomspite Gitz,War Machine,12,4,,"DESTRUCTION,GLOOMSPITE GITZ,WAR MACHINE,GITMOB",Catapult Crew Tools,melee,2,5,6,0,1,,-,150,1,5,2,Default,1,,"Shoddy Wing-like Gizmos [Activated · Once Per Turn (Army), Any Shooting Phase]",Gloomspite Gitz - Library.cat#75f7-3cbc-97f2-2ecf
Droggz da Sunchompa,Gloomspite Gitz,Cavalry Hero,7,4,,"DESTRUCTION,GLOOMSPITE GITZ,UNIQUE,HERO,CAVALRY,GITMOB",Jaggedsnarl's Jaws,melee,4,3,3,1,2,,Companion,150,1,12,2,Default,1,,"Da Frazzlefangz [Passive] | Rip 'Em ta Bits [Activated · Once Per Turn (Army), Reaction: You declared a Fight ability for this unit] | Time ta Scarper [Activated · Once Per Turn (Army), Reaction: You declared a Fight ability for a unit wholly within 9"" of this unit]",Gloomspite Gitz - Library.cat#2a72-e12b-5933-67f5
Droggz da Sunchompa,Gloomspite Gitz,Cavalry Hero,7,4,,"DESTRUCTION,GLOOMSPITE GITZ,UNIQUE,HERO,CAVALRY,GITMOB",Da Metal Toof,melee,5,3,4,1,2,,Crit (Mortal),150,1,12,2,Default,1,,"Da Frazzlefangz [Passive] | Rip 'Em ta Bits [Activated · Once Per Turn (Army), Reaction: You declared a Fight ability for this unit] | Time ta Scarper [Activated · Once Per Turn (Army), Reaction: You declared a Fight ability for a unit wholly within 9"" of this unit]",Gloomspite Gitz - Library.cat#2a72-e12b-5933-67f5
Fellwater Troggoths,Gloomspite Gitz,Infantry,5,5,,"DESTRUCTION,GLOOMSPITE GITZ,INFANTRY,TROGGOTH",Noxious Vomit,ranged,2,2,3,2,1,6,Shoot in Combat,160,3,6,2,Default,3,,Noxious Vomit [Passive] | Regeneration [Activated · Start of Any Turn],Gloomspite Gitz - Library.cat#3f7c-ecc-b9dc-ccda
Fellwater Troggoths,Gloomspite Gitz,Infantry,5,5,,"DESTRUCTION,GLOOMSPITE GITZ,INFANTRY,TROGGOTH",Spiked Club,melee,4,4,3,1,2,,-,160,3,6,2,Default,3,,Noxious Vomit [Passive] | Regeneration [Activated · Start of Any Turn],Gloomspite Gitz - Library.cat#3f7c-ecc-b9dc-ccda
Frazzlegit Shaman on War-Wheela,Gloomspite Gitz,War Machine Hero,9,4,,"DESTRUCTION,GLOOMSPITE GITZ,HERO,WIZARD (1),WAR MACHINE,GITMOB",Snarlfangs' Frothing Jaws,melee,6,4,3,0,2,,Companion,130,1,12,2,Default,1,,"Gimme All da Light [Passive] | Frazzlemist [Activated · Once Per Turn (Army), Your Shooting Phase]",Gloomspite Gitz - Library.cat#d355-23bf-8a9d-d3e6
Frazzlegit Shaman on War-Wheela,Gloomspite Gitz,War Machine Hero,9,4,,"DESTRUCTION,GLOOMSPITE GITZ,HERO,WIZARD (1),WAR MACHINE,GITMOB",Wheela Slicers,melee,3,4,4,0,1,,-,130,1,12,2,Default,1,,"Gimme All da Light [Passive] | Frazzlemist [Activated · Once Per Turn (Army), Your Shooting Phase]",Gloomspite Gitz - Library.cat#d355-23bf-8a9d-d3e6
Fungoid Cave-Shaman,Gloomspite Gitz,Infantry Hero,5,6,,"HERO,DESTRUCTION,GLOOMSPITE GITZ,INFANTRY,MOONCLAN,WIZARD (1)",Spore Squig’s Vicious Teeth,melee,2,4,3,1,1,,Companion,100,1,5,2,Default,1,,"Deffcap Mushroom [Activated · Once Per Battle, Your Hero Phase]",Gloomspite Gitz - Library.cat#5f35-ca66-398-bf72
Fungoid Cave-Shaman,Gloomspite Gitz,Infantry Hero,5,6,,"HERO,DESTRUCTION,GLOOMSPITE GITZ,INFANTRY,MOONCLAN,WIZARD (1)",Moon-sickle,melee,3,4,4,1,2,,-,100,1,5,2,Default,1,,"Deffcap Mushroom [Activated · Once Per Battle, Your Hero Phase]",Gloomspite Gitz - Library.cat#5f35-ca66-398-bf72
Gobbapalooza,Gloomspite Gitz,Infantry,3,6,,"DESTRUCTION,GLOOMSPITE GITZ,INFANTRY,MOONCLAN,WIZARD (1)","Staff, Stikka or Jaggedy Blade",melee,1,4,4,1,2,,-,150,5,5,2,Default,5,,"Hallucinogenic Fungus Brews [Passive] | Gobbapalooza Know-wotz [Activated · Once Per Turn (Army), Your Hero Phase]",Gloomspite Gitz - Library.cat#a04f-574e-e278-ea32
Grinkrak's Looncourt,Gloomspite Gitz,,2,6,,"INFANTRY,UNIQUE,CHAMPION,DESTRUCTION,MOONCLAN,GLOOMSPITE GITZ",Moon-slicer,melee,5,4,4,1,2,,-,100,7,5,1,Default,1,,Quest's End [Activated · Start of Any Turn] | The Looncourt's Quest [Activated · Deployment Phase],Gloomspite Gitz - Library.cat#07da-8a50-69be-b0c1
Grinkrak's Looncourt,Gloomspite Gitz,,2,6,,"INFANTRY,UNIQUE,CHAMPION,DESTRUCTION,MOONCLAN,GLOOMSPITE GITZ",Looncourt Weapons,melee,2,4,5,1,1,,-,100,7,5,1,Default,7,,Quest's End [Activated · Start of Any Turn] | The Looncourt's Quest [Activated · Deployment Phase],Gloomspite Gitz - Library.cat#07da-8a50-69be-b0c1
Grinkrak's Looncourt,Gloomspite Gitz,,2,6,,"INFANTRY,UNIQUE,CHAMPION,DESTRUCTION,MOONCLAN,GLOOMSPITE GITZ",Squigapult,ranged,1,4,3,1,4,15,Crit (Auto-wound),100,7,5,1,Default,1,,Quest's End [Activated · Start of Any Turn] | The Looncourt's Quest [Activated · Deployment Phase],Gloomspite Gitz - Library.cat#07da-8a50-69be-b0c1
"Kragnos, the End of Empires",Gloomspite Gitz,Monster Hero,18,4,5,"HERO,UNIQUE,MONSTER,WARMASTER,WARD (5+),DESTRUCTION,GLOOMSPITE GITZ",The Dread Mace,melee,6,3,2,3,4,,-,580,1,10,15,Default,1,,"Battle Damaged [Passive] | Avatar of Destruction [Passive] | Rampaging Destruction [Activated · Once Per Turn (Army), Any Charge Phase · Rampage] | The End of Empires [Activated · Your Charge Phase] | The Shield Inviolate [Activated · Reaction: Opponent declared a Spell ability]",Gloomspite Gitz - Library.cat#26ea-b447-aaf9-f416
"Kragnos, the End of Empires",Gloomspite Gitz,Monster Hero,18,4,5,"HERO,UNIQUE,MONSTER,WARMASTER,WARD (5+),DESTRUCTION,GLOOMSPITE GITZ",Tuskbreaker,melee,3,4,2,2,2,,Crit (2 Hits),580,1,10,15,Default,1,,"Battle Damaged [Passive] | Avatar of Destruction [Passive] | Rampaging Destruction [Activated · Once Per Turn (Army), Any Charge Phase · Rampage] | The End of Empires [Activated · Your Charge Phase] | The Shield Inviolate [Activated · Reaction: Opponent declared a Spell ability]",Gloomspite Gitz - Library.cat#26ea-b447-aaf9-f416
"Kragnos, the End of Empires",Gloomspite Gitz,Monster Hero,18,4,5,"HERO,UNIQUE,MONSTER,WARMASTER,WARD (5+),DESTRUCTION,GLOOMSPITE GITZ",Hooves of Wrack and Ruin,melee,6,3,2,1,2,,-,580,1,10,15,Default,1,,"Battle Damaged [Passive] | Avatar of Destruction [Passive] | Rampaging Destruction [Activated · Once Per Turn (Army), Any Charge Phase · Rampage] | The End of Empires [Activated · Your Charge Phase] | The Shield Inviolate [Activated · Reaction: Opponent declared a Spell ability]",Gloomspite Gitz - Library.cat#26ea-b447-aaf9-f416
Loonboss,Gloomspite Gitz,Infantry Hero,5,4,6,"HERO,DESTRUCTION,GLOOMSPITE GITZ,INFANTRY,MOONCLAN,WARD (6+)",Moon-slicer,melee,5,4,4,1,2,,-,70,1,5,2,Default,1,,I'm da Boss [Activated · Your Hero Phase] | Let's Get Stabbin'! [Activated · Reaction: You declared a Fight ability for this unit],Gloomspite Gitz - Library.cat#ab7d-16d4-876a-3066
Loonboss on Giant Cave Squig,Gloomspite Gitz,Cavalry Hero,6,5,,"HERO,DESTRUCTION,GLOOMSPITE GITZ,MOONCLAN,SQUIG,CAVALRY",Massive Fang-filled Gob,melee,4,4,3,2,2,,Companion,80,1,9,5,Default,1,,Let's Get Bouncin'! [Activated · Reaction: You declared a Fight ability for this unit],Gloomspite Gitz - Library.cat#66d2-f3d2-93a9-581
Loonboss on Giant Cave Squig,Gloomspite Gitz,Cavalry Hero,6,5,,"HERO,DESTRUCTION,GLOOMSPITE GITZ,MOONCLAN,SQUIG,CAVALRY",Moon-cutta or Loonboss Stabba,melee,5,4,4,1,2,,Charge (+1 Damage),80,1,9,5,Default,1,,Let's Get Bouncin'! [Activated · Reaction: You declared a Fight ability for this unit],Gloomspite Gitz - Library.cat#66d2-f3d2-93a9-581
Loonboss on Mangler Squigs,Gloomspite Gitz,Monster Hero,14,5,,"HERO,DESTRUCTION,GLOOMSPITE GITZ,MOONCLAN,MONSTER,FLY,SQUIG",Balls and Chains,melee,4,4,4,0,D3,,Companion,140,1,6,5,Default,1,,"Squig Rage [Passive] | Bite da Moon! [Activated · Once Per Battle (Army), Any Combat Phase] | Watch Out! [Passive] | Ker-splat! [Activated · Once Per Turn (Army), Any Charge Phase · Rampage]",Gloomspite Gitz - Library.cat#7b26-310a-27fd-151
Loonboss on Mangler Squigs,Gloomspite Gitz,Monster Hero,14,5,,"HERO,DESTRUCTION,GLOOMSPITE GITZ,MOONCLAN,MONSTER,FLY,SQUIG",Huge Fang-filled Gobs,melee,4,4,2,1,D6,,Companion,140,1,6,5,Default,1,,"Squig Rage [Passive] | Bite da Moon! [Activated · Once Per Battle (Army), Any Combat Phase] | Watch Out! [Passive] | Ker-splat! [Activated · Once Per Turn (Army), Any Charge Phase · Rampage]",Gloomspite Gitz - Library.cat#7b26-310a-27fd-151
Loonboss on Mangler Squigs,Gloomspite Gitz,Monster Hero,14,5,,"HERO,DESTRUCTION,GLOOMSPITE GITZ,MOONCLAN,MONSTER,FLY,SQUIG",Moon-cutta,melee,5,4,4,1,2,,-,140,1,6,5,Default,1,,"Squig Rage [Passive] | Bite da Moon! [Activated · Once Per Battle (Army), Any Combat Phase] | Watch Out! [Passive] | Ker-splat! [Activated · Once Per Turn (Army), Any Charge Phase · Rampage]",Gloomspite Gitz - Library.cat#7b26-310a-27fd-151
Loonboss with Giant Cave Squig,Gloomspite Gitz,,6,5,,"HERO,INFANTRY,GLOOMSPITE GITZ,SQUIG,MOONCLAN,DESTRUCTION",Moon-prodder,melee,5,4,4,1,2,,-,120,1,5,2,Default,1,,Gobbled Up [Activated · End of Any Turn] | Goin' Somewhere? [Passive],Gloomspite Gitz - Library.cat#649e-1067-7300-bde2
Loonboss with Giant Cave Squig,Gloomspite Gitz,,6,5,,"HERO,INFANTRY,GLOOMSPITE GITZ,SQUIG,MOONCLAN,DESTRUCTION",Massive Fang-filled Gob,melee,4,4,3,2,2,,Companion,120,1,5,2,Default,1,,Gobbled Up [Activated · End of Any Turn] | Goin' Somewhere? [Passive],Gloomspite Gitz - Library.cat#649e-1067-7300-bde2
Loonsmasha Fanatics,Gloomspite Gitz,Infantry,1,6,,"DESTRUCTION,GLOOMSPITE GITZ,INFANTRY,MOONCLAN",Ball and Chain,melee,3,4,3,2,2,,-,110,5,6,1,Default,5,,Whirling Death [Passive] | Hidden Loons [Activated · Deployment Phase · Deploy] | Release the Fanatics! [Activated · Any Movement Phase],Gloomspite Gitz - Library.cat#1ca-65e-4f4a-ffb7
Madcap Shaman,Gloomspite Gitz,,4,6,,"HERO,INFANTRY,GLOOMSPITE GITZ,MOONCLAN,DESTRUCTION,WIZARD (1)",Moon Staff,melee,3,4,4,1,2,,-,80,1,5,2,Default,1,,"Madcap Mushroom [Activated · Once Per Battle, Your Hero Phase]",Gloomspite Gitz - Library.cat#11a4-4608-799e-1ec7
Malevolent Moon,Gloomspite Gitz,,1,6,6,"WARD (6+),MANIFESTATION,ENDLESS SPELL,DESTRUCTION,GLOOMSPITE GITZ,FLY",Lunarock Slam,melee,1,4,3,0,2,,-,,1,,,,,,Lurid Light [Passive],Gloomspite Gitz - Library.cat#5ee7-6987-61a1-78fb
Mangler Squigs,Gloomspite Gitz,Monster,14,5,,"DESTRUCTION,GLOOMSPITE GITZ,MOONCLAN,MONSTER,FLY,SQUIG",Balls and Chains,melee,4,4,4,0,2,,Companion,130,1,12,5,Default,1,,"Squig Rage [Passive] | Watch Out! [Passive] | Giant Boing! [Activated · Once Per Turn (Army), Any Charge Phase · Rampage]",Gloomspite Gitz - Library.cat#7d29-9cf8-1621-e523
Mangler Squigs,Gloomspite Gitz,Monster,14,5,,"DESTRUCTION,GLOOMSPITE GITZ,MOONCLAN,MONSTER,FLY,SQUIG",Huge Fang-filled Gobs,melee,4,4,2,1,3,,Companion,130,1,12,5,Default,1,,"Squig Rage [Passive] | Watch Out! [Passive] | Giant Boing! [Activated · Once Per Turn (Army), Any Charge Phase · Rampage]",Gloomspite Gitz - Library.cat#7d29-9cf8-1621-e523
Mangler Squigs,Gloomspite Gitz,Monster,14,5,,"DESTRUCTION,GLOOMSPITE GITZ,MOONCLAN,MONSTER,FLY,SQUIG",Bashin’ Stikks,melee,4,4,5,0,1,,-,130,1,12,5,Default,1,,"Squig Rage [Passive] | Watch Out! [Passive] | Giant Boing! [Activated · Once Per Turn (Army), Any Charge Phase · Rampage]",Gloomspite Gitz - Library.cat#7d29-9cf8-1621-e523
Mollog,Gloomspite Gitz,,8,4,,"HERO,INFANTRY,GLOOMSPITE GITZ,DESTRUCTION,TROGGOTH",Jabbertoad,ranged,1,4,4,0,2,8,Shoot in Combat,210,1,6,2,Default,1,,Regeneration [Activated · Start of Any Turn] | Mollog's Mob [Passive] | Unleash the Critters! [Activated · Any Combat Phase] | Bitey Distractions [Passive],Gloomspite Gitz - Library.cat#0b91-2c2c-3a1d-1326
Mollog,Gloomspite Gitz,,8,4,,"HERO,INFANTRY,GLOOMSPITE GITZ,DESTRUCTION,TROGGOTH",Puff-fungus Club,melee,4,4,2,2,3,,-,210,1,6,2,Default,1,,Regeneration [Activated · Start of Any Turn] | Mollog's Mob [Passive] | Unleash the Critters! [Activated · Any Combat Phase] | Bitey Distractions [Passive],Gloomspite Gitz - Library.cat#0b91-2c2c-3a1d-1326
Moonclan Shootas,Gloomspite Gitz,Infantry,1,6,,"CHAMPION,DESTRUCTION,GLOOMSPITE GITZ,INFANTRY,MOONCLAN,MUSICIAN (1/20),STANDARD BEARER (1/20)",Moonclan Bow,ranged,2,4,5,0,1,18,-,110,20,5,1,Default,20,,Netters [Activated · Any Combat Phase],Gloomspite Gitz - Library.cat#b8a3-fc8f-cbdf-9424
Moonclan Shootas,Gloomspite Gitz,Infantry,1,6,,"CHAMPION,DESTRUCTION,GLOOMSPITE GITZ,INFANTRY,MOONCLAN,MUSICIAN (1/20),STANDARD BEARER (1/20)",Moonclan Bow,melee,1,4,5,0,1,,-,110,20,5,1,Default,20,,Netters [Activated · Any Combat Phase],Gloomspite Gitz - Library.cat#b8a3-fc8f-cbdf-9424
Moonclan Stabbas,Gloomspite Gitz,Infantry,1,5,,"CHAMPION,DESTRUCTION,GLOOMSPITE GITZ,INFANTRY,MOONCLAN,MUSICIAN (1/20),STANDARD BEARER (1/20)",Stabba,melee,2,4,5,0,1,,-,110,20,5,1,Default,20,,Netters [Activated · Any Combat Phase],Gloomspite Gitz - Library.cat#8be0-b46d-7d03-f8e2
Rabble-Rowza,Gloomspite Gitz,Infantry Hero,5,5,,"HERO,DESTRUCTION,GLOOMSPITE GITZ,INFANTRY,MOONCLAN",Bat Squigs,ranged,3,4,4,0,2,12,Crit (Auto-wound),100,1,5,2,Default,1,,"Secret Tunnels [Activated · Deployment Phase · Deploy] | 'Neh Neh Na-neh Neh! Can't Catch Me!"" [Activated · Once Per Turn (Army), Your Movement Phase] | Emerge from the Depths [Activated · Your Movement Phase]",Gloomspite Gitz - Library.cat#13ce-b7ed-f419-cdd
Rabble-Rowza,Gloomspite Gitz,Infantry Hero,5,5,,"HERO,DESTRUCTION,GLOOMSPITE GITZ,INFANTRY,MOONCLAN",Moon-sickle and Basha,melee,5,4,4,1,2,,-,100,1,5,2,Default,1,,"Secret Tunnels [Activated · Deployment Phase · Deploy] | 'Neh Neh Na-neh Neh! Can't Catch Me!"" [Activated · Once Per Turn (Army), Your Movement Phase] | Emerge from the Depths [Activated · Your Movement Phase]",Gloomspite Gitz - Library.cat#13ce-b7ed-f419-cdd
Rippa's Snarlfangs,Gloomspite Gitz,,3,5,,"UNIQUE,CHAMPION,DESTRUCTION,GLOOMSPITE GITZ,GITMOB,CAVALRY",Snarlfang’s Slavering Jaws,melee,2,4,3,0,2,,-,100,3,12,1,Default,3,,"Hamstring [Activated · Once per Turn (Army), Your Shooting Phase] | Marking Your Territory [Passive]",Gloomspite Gitz - Library.cat#8019-bea9-51a0-352b
Rippa's Snarlfangs,Gloomspite Gitz,,3,5,,"UNIQUE,CHAMPION,DESTRUCTION,GLOOMSPITE GITZ,GITMOB,CAVALRY",Wolfgit Weapons,melee,3,4,5,0,1,,Charge (+1 Damage),100,3,12,1,Default,3,,"Hamstring [Activated · Once per Turn (Army), Your Shooting Phase] | Marking Your Territory [Passive]",Gloomspite Gitz - Library.cat#8019-bea9-51a0-352b
Rockgut Troggoths,Gloomspite Gitz,Infantry,5,4,5,"DESTRUCTION,GLOOMSPITE GITZ,INFANTRY,TROGGOTH,WARD (5+)",Throwin’ Boulders,ranged,1,5,2,2,2,10,-,170,3,6,2,Default,3,,Regeneration [Activated · Start of Any Turn],Gloomspite Gitz - Library.cat#6b55-8302-d5fe-f8b
Rockgut Troggoths,Gloomspite Gitz,Infantry,5,4,5,"DESTRUCTION,GLOOMSPITE GITZ,INFANTRY,TROGGOTH,WARD (5+)",Stone Maul or Craggy Hands,melee,2,4,2,2,3,,-,170,3,6,2,Default,3,,Regeneration [Activated · Start of Any Turn],Gloomspite Gitz - Library.cat#6b55-8302-d5fe-f8b
Scrapskuttle's Arachnacauldron,Gloomspite Gitz,,1,6,6,"WARD (6+),MANIFESTATION,ENDLESS SPELL,DESTRUCTION,GLOOMSPITE GITZ",Spider Legs,melee,2,4,3,0,2,,-,,1,,,,,,Blessings of the Cauldron [Activated · Your Hero Phase],Gloomspite Gitz - Library.cat#27d1-2d25-ce27-9bac
Scuttleboss on Gigantic Spider,Gloomspite Gitz,,7,5,,"HERO,GLOOMSPITE GITZ,DESTRUCTION,CAVALRY,SPIDERFANG",Envenomed Spear,melee,5,4,4,1,2,,-,160,1,10,2,Default,1,,"Scuttle Away! [Activated · Once Per Turn (Army), End of Any Turn]",Gloomspite Gitz - Library.cat#296e-9512-6922-a8a3
Scuttleboss on Gigantic Spider,Gloomspite Gitz,,7,5,,"HERO,GLOOMSPITE GITZ,DESTRUCTION,CAVALRY,SPIDERFANG",Gigantic Fangs,melee,4,4,3,1,2,,"Crit (Mortal), Companion",160,1,10,2,Default,1,,"Scuttle Away! [Activated · Once Per Turn (Army), End of Any Turn]",Gloomspite Gitz - Library.cat#296e-9512-6922-a8a3
Scuttletide,Gloomspite Gitz,,1,6,6,"WARD (6+),MANIFESTATION,ENDLESS SPELL,DESTRUCTION,GLOOMSPITE GITZ",Spider Bites,melee,8,4,4,0,1,,Crit (Mortal),,1,,,,,,Endless Terrors [Passive] | Wall Crawler [Passive],Gloomspite Gitz - Library.cat#246b-bad2-aa9-e71c
Skitterstrand Arachnarok,Gloomspite Gitz,Monster,13,4,,"DESTRUCTION,GLOOMSPITE GITZ,SPIDERFANG,MONSTER,ARACHNAROK",Monstrous Spider Fangs,melee,4,3,2,1,3,,"Crit (Mortal), Companion",180,1,10,5,Default,1,,"Battle Damaged [Passive] | Realmweb Lurker [Activated · Deployment Phase · Deploy] | Scuttling Terror [Activated · Once Per Turn (Army), Any Combat Phase · Rampage] | Ambush from Beyond [Activated · Any Movement Phase]",Gloomspite Gitz - Library.cat#f80f-189e-26c5-125
Skitterstrand Arachnarok,Gloomspite Gitz,Monster,13,4,,"DESTRUCTION,GLOOMSPITE GITZ,SPIDERFANG,MONSTER,ARACHNAROK",Chitinous Legs,melee,8,4,2,1,1,,Companion,180,1,10,5,Default,1,,"Battle Damaged [Passive] | Realmweb Lurker [Activated · Deployment Phase · Deploy] | Scuttling Terror [Activated · Once Per Turn (Army), Any Combat Phase · Rampage] | Ambush from Beyond [Activated · Any Movement Phase]",Gloomspite Gitz - Library.cat#f80f-189e-26c5-125
"Skragrott, the Loonking",Gloomspite Gitz,Infantry Hero,6,6,4,"HERO,UNIQUE,WARMASTER,DESTRUCTION,GLOOMSPITE GITZ,INFANTRY,WIZARD (2),WARD (4+),MOONCLAN",Da Moon Onna Stikk,melee,4,3,4,1,2,,-,200,1,5,2,Default,1,,"Fangz of da Bad Moon [Spell · Your Hero Phase · casting value 7 · Spell] | The Loonking's Entreaty [Activated · Once Per Battle (Army), Reaction: You declared the 'The Faces of the Bad Moon' ability] | Babbling Wand [Passive]",Gloomspite Gitz - Library.cat#fda8-9470-94b7-46fa
Snarlboss,Gloomspite Gitz,Cavalry Hero,5,5,,"DESTRUCTION,GLOOMSPITE GITZ,HERO,GITMOB,CAVALRY",Snarlfang's Slavering Jaws,melee,2,4,3,0,2,,Companion,100,1,12,2,Default,1,,"Vicious Snarls and Great Howls [Activated · Once Per Turn (Army), Any Combat Phase] | Boss Snarlfang [Passive]",Gloomspite Gitz - Library.cat#45fe-9a6e-85fa-1506
Snarlboss,Gloomspite Gitz,Cavalry Hero,5,5,,"DESTRUCTION,GLOOMSPITE GITZ,HERO,GITMOB,CAVALRY",Boss Loppa,melee,5,4,4,1,2,,-,100,1,12,2,Default,1,,"Vicious Snarls and Great Howls [Activated · Once Per Turn (Army), Any Combat Phase] | Boss Snarlfang [Passive]",Gloomspite Gitz - Library.cat#45fe-9a6e-85fa-1506
Snarlboss on War-Wheela,Gloomspite Gitz,War Machine Hero,9,4,,"DESTRUCTION,GLOOMSPITE GITZ,HERO,WAR MACHINE,GITMOB",Snarlfangs' Frothing Jaws,melee,6,4,3,0,2,,Companion,140,1,12,2,Default,1,,"Frazzlegit's Flame Stream [Activated · Your Movement Phase · Core, Move] | Keepin' Up Wiv da Boss [Activated · Reaction: You declared a  Fight ability for this unit] | Da Glare of Frazzlegit [Activated · Once Per Battle (Army), Any Hero Phase]",Gloomspite Gitz - Library.cat#3049-ffed-355a-9591
Snarlboss on War-Wheela,Gloomspite Gitz,War Machine Hero,9,4,,"DESTRUCTION,GLOOMSPITE GITZ,HERO,WAR MACHINE,GITMOB",Chain Basha,melee,5,4,3,1,2,,Crit (Auto-wound),140,1,12,2,Default,1,,"Frazzlegit's Flame Stream [Activated · Your Movement Phase · Core, Move] | Keepin' Up Wiv da Boss [Activated · Reaction: You declared a  Fight ability for this unit] | Da Glare of Frazzlegit [Activated · Once Per Battle (Army), Any Hero Phase]",Gloomspite Gitz - Library.cat#3049-ffed-355a-9591
Snarlboss on War-Wheela,Gloomspite Gitz,War Machine Hero,9,4,,"DESTRUCTION,GLOOMSPITE GITZ,HERO,WAR MACHINE,GITMOB",Wheela Slicers,melee,3,4,4,0,1,,-,140,1,12,2,Default,1,,"Frazzlegit's Flame Stream [Activated · Your Movement Phase · Core, Move] | Keepin' Up Wiv da Boss [Activated · Reaction: You declared a  Fight ability for this unit] | Da Glare of Frazzlegit [Activated · Once Per Battle (Army), Any Hero Phase]",Gloomspite Gitz - Library.cat#3049-ffed-355a-9591
Snarlfang Riders,Gloomspite Gitz,Cavalry,2,5,,"CAVALRY,CHAMPION,MUSICIAN (1/5),STANDARD BEARER (1/5),DESTRUCTION,GLOOMSPITE GITZ,GITMOB",Grot Bow,ranged,2,4,5,0,1,15,-,110,5,12,1,Default,5,,"Can't Catch Us! [Activated · Once Per Turn (Army), Enemy Movement Phase]",Gloomspite Gitz - Library.cat#3ce3-c35d-8e78-fa3f
Snarlfang Riders,Gloomspite Gitz,Cavalry,2,5,,"CAVALRY,CHAMPION,MUSICIAN (1/5),STANDARD BEARER (1/5),DESTRUCTION,GLOOMSPITE GITZ,GITMOB",Snarlfang’s Slavering Jaws,melee,2,4,3,0,2,,Companion,110,5,12,1,Default,5,,"Can't Catch Us! [Activated · Once Per Turn (Army), Enemy Movement Phase]",Gloomspite Gitz - Library.cat#3ce3-c35d-8e78-fa3f
Snarlfang Riders,Gloomspite Gitz,Cavalry,2,5,,"CAVALRY,CHAMPION,MUSICIAN (1/5),STANDARD BEARER (1/5),DESTRUCTION,GLOOMSPITE GITZ,GITMOB",Stabbin’ Stikka,melee,2,4,5,0,1,,-,110,5,12,1,Default,5,,"Can't Catch Us! [Activated · Once Per Turn (Army), Enemy Movement Phase]",Gloomspite Gitz - Library.cat#3ce3-c35d-8e78-fa3f
Snarlpack Cavalry,Gloomspite Gitz,Cavalry,3,4,,"CAVALRY,CHAMPION,DESTRUCTION,GLOOMSPITE GITZ,GITMOB",Giant Snarlfang’s Jaws,melee,3,4,3,0,2,,Companion,110,3,12,1,Default,3,,"Markin' Territory [Passive] | Frazzleburned Scrap [Activated · Once Per Turn (Army), Any Combat Phase]",Gloomspite Gitz - Library.cat#052d-8f9c-151a-c74b
Snarlpack Cavalry,Gloomspite Gitz,Cavalry,3,4,,"CAVALRY,CHAMPION,DESTRUCTION,GLOOMSPITE GITZ,GITMOB",Pointy Skewas,melee,4,4,5,0,1,,Charge (+1 Damage),110,3,12,1,Default,3,,"Markin' Territory [Passive] | Frazzleburned Scrap [Activated · Once Per Turn (Army), Any Combat Phase]",Gloomspite Gitz - Library.cat#052d-8f9c-151a-c74b
Sneaky Snufflers,Gloomspite Gitz,Infantry,2,6,5,"DESTRUCTION,GLOOMSPITE GITZ,INFANTRY,MOONCLAN,WARD (5+)",Loonfungus Sickle,melee,3,4,4,0,1,,-,80,6,5,1,Default,6,,"Looncap Mushrooms [Activated · Once Per Turn (Army), Your Hero Phase]",Gloomspite Gitz - Library.cat#3b3c-9e13-1ddc-7f74
Sneaky Snufflers,Gloomspite Gitz,Infantry,2,6,5,"DESTRUCTION,GLOOMSPITE GITZ,INFANTRY,MOONCLAN,WARD (5+)",Snufflesquig’s Gnashers,melee,2,4,4,0,1,,Companion,80,6,5,1,Default,6,,"Looncap Mushrooms [Activated · Once Per Turn (Army), Your Hero Phase]",Gloomspite Gitz - Library.cat#3b3c-9e13-1ddc-7f74
Spider Riders,Gloomspite Gitz,Cavalry,2,5,,"CAVALRY,CHAMPION,MUSICIAN (1/5),STANDARD BEARER (1/5),DESTRUCTION,GLOOMSPITE GITZ,SPIDERFANG",Spider-bow,ranged,2,4,5,0,1,18,-,110,5,10,2,Default,5,,,Gloomspite Gitz - Library.cat#787e-9e76-7c5c-f3b7
Spider Riders,Gloomspite Gitz,Cavalry,2,5,,"CAVALRY,CHAMPION,MUSICIAN (1/5),STANDARD BEARER (1/5),DESTRUCTION,GLOOMSPITE GITZ,SPIDERFANG",Spider Fangs,melee,2,4,4,0,1,,"Crit (Mortal), Companion",110,5,10,2,Default,5,,,Gloomspite Gitz - Library.cat#787e-9e76-7c5c-f3b7
Spider Riders,Gloomspite Gitz,Cavalry,2,5,,"CAVALRY,CHAMPION,MUSICIAN (1/5),STANDARD BEARER (1/5),DESTRUCTION,GLOOMSPITE GITZ,SPIDERFANG",Crooked Spear,melee,2,4,5,0,1,,-,110,5,10,2,Default,5,,,Gloomspite Gitz - Library.cat#787e-9e76-7c5c-f3b7
Sporesplatta Fanatics,Gloomspite Gitz,Infantry,1,6,,"DESTRUCTION,GLOOMSPITE GITZ,INFANTRY,MOONCLAN",Spore-ball and Chain,melee,2,3,4,1,2,,-,90,5,6,1,Default,5,,Puffshroom Frenzy [Passive] | A Prod in the Right Direction [Activated · Deployment Phase],Gloomspite Gitz - Library.cat#618-3bfc-edf1-a568
Squig Herd,Gloomspite Gitz,Beast,1,6,,"DESTRUCTION,GLOOMSPITE GITZ,MOONCLAN,BEAST,SQUIG",Fang-filled Gob,melee,3,4,3,1,1,,Companion,100,12,6,1,Default,10,,Squigs Gone Wild [Passive] | Herding Squigs [Activated · Your Hero Phase],Gloomspite Gitz - Library.cat#5e58-eff2-c9a6-7227
Squig Herd,Gloomspite Gitz,Beast,1,6,,"DESTRUCTION,GLOOMSPITE GITZ,MOONCLAN,BEAST,SQUIG",Squig Prodder,melee,2,5,5,0,1,,-,100,12,6,1,Default,2,,Squigs Gone Wild [Passive] | Herding Squigs [Activated · Your Hero Phase],Gloomspite Gitz - Library.cat#5e58-eff2-c9a6-7227
Squig Hoppers,Gloomspite Gitz,Cavalry,2,6,,"CAVALRY,CHAMPION,DESTRUCTION,GLOOMSPITE GITZ,SQUIG,MOONCLAN,FLY",Fang-filled Gob,melee,3,4,3,1,1,,Companion,150,10,12,1,Default,10,,Boing! Boing! Boing! [Activated · Any Movement Phase],Gloomspite Gitz - Library.cat#d378-a542-6aa9-ccf9
Squig Hoppers,Gloomspite Gitz,Cavalry,2,6,,"CAVALRY,CHAMPION,DESTRUCTION,GLOOMSPITE GITZ,SQUIG,MOONCLAN,FLY",Slitta,melee,2,4,5,0,1,,-,150,10,12,1,Default,10,,Boing! Boing! Boing! [Activated · Any Movement Phase],Gloomspite Gitz - Library.cat#d378-a542-6aa9-ccf9
Squigboss with Gnasha-squig,Gloomspite Gitz,Infantry Hero,4,6,,"HERO,DESTRUCTION,GLOOMSPITE GITZ,INFANTRY,MOONCLAN,SQUIG",Fang-filled Gob,melee,2,4,3,1,1,,Companion,120,1,5,2,Default,1,,"Feedin' Time [Activated · Once Per Turn (Army), Your Hero Phase]",Gloomspite Gitz - Library.cat#3e89-813a-bb70-e48c
Squigboss with Gnasha-squig,Gloomspite Gitz,Infantry Hero,4,6,,"HERO,DESTRUCTION,GLOOMSPITE GITZ,INFANTRY,MOONCLAN,SQUIG",Squig-krook,melee,5,4,4,0,2,,-,120,1,5,2,Default,1,,"Feedin' Time [Activated · Once Per Turn (Army), Your Hero Phase]",Gloomspite Gitz - Library.cat#3e89-813a-bb70-e48c
Sunsteala Wheelas,Gloomspite Gitz,War Machine,6,4,,"DESTRUCTION,GLOOMSPITE GITZ,GITMOB,WAR MACHINE,CHAMPION",Grot Bow,ranged,2,4,5,0,1,15,-,130,2,12,2,Default,2,,"Careening Destruction [Activated · Once Per Turn (Army), Any Movement Phase · Core, Move]",Gloomspite Gitz - Library.cat#6fff-0633-62a4-cd02
Sunsteala Wheelas,Gloomspite Gitz,War Machine,6,4,,"DESTRUCTION,GLOOMSPITE GITZ,GITMOB,WAR MACHINE,CHAMPION",Wheela Slicers and Stabbin’ Stikka,melee,4,4,4,0,1,,-,130,2,12,2,Default,2,,"Careening Destruction [Activated · Once Per Turn (Army), Any Movement Phase · Core, Move]",Gloomspite Gitz - Library.cat#6fff-0633-62a4-cd02
Sunsteala Wheelas,Gloomspite Gitz,War Machine,6,4,,"DESTRUCTION,GLOOMSPITE GITZ,GITMOB,WAR MACHINE,CHAMPION",Snarlfangs' Frothing Jaws,melee,6,4,3,0,2,,Companion,130,2,12,2,Default,2,,"Careening Destruction [Activated · Once Per Turn (Army), Any Movement Phase · Core, Move]",Gloomspite Gitz - Library.cat#6fff-0633-62a4-cd02
"Trugg, the Troggoth King",Gloomspite Gitz,Monster Hero,16,4,,"HERO,UNIQUE,MONSTER,WARMASTER,DESTRUCTION,GLOOMSPITE GITZ,TROGGOTH",Ironshell Club,melee,4,3,2,3,4,,-,340,1,6,5,Default,1,,"Battle Damaged [Passive] | Crushing Grip [Activated · Once Per Turn (Army), Any Combat Phase · Rampage] | Malfunctioning Leystone [Activated · Your Hero Phase] | Greater Regeneration [Activated · Start of Any Turn]",Gloomspite Gitz - Library.cat#94c-5126-509a-168f
"Trugg, the Troggoth King",Gloomspite Gitz,Monster Hero,16,4,,"HERO,UNIQUE,MONSTER,WARMASTER,DESTRUCTION,GLOOMSPITE GITZ,TROGGOTH",Mighty Antlers,melee,2,4,2,2,5,,-,340,1,6,5,Default,1,,"Battle Damaged [Passive] | Crushing Grip [Activated · Once Per Turn (Army), Any Combat Phase · Rampage] | Malfunctioning Leystone [Activated · Your Hero Phase] | Greater Regeneration [Activated · Start of Any Turn]",Gloomspite Gitz - Library.cat#94c-5126-509a-168f
Webspinner Shaman,Gloomspite Gitz,Infantry Hero,4,6,6,"HERO,DESTRUCTION,GLOOMSPITE GITZ,INFANTRY,WARD (6+),SPIDERFANG,WIZARD (1)",Spider God Staff,melee,3,4,5,0,2,,Crit (Mortal),100,1,6,2,Default,1,,Web Slingshot [Activated · Your Hero Phase] | Speed of the Spider God [Spell · Your Hero Phase · casting value 6 · Spell],Gloomspite Gitz - Library.cat#816f-3e97-b0af-5653
Webspinner Shaman on Arachnarok Spider,Gloomspite Gitz,Monster Hero,16,4,,"DESTRUCTION,GLOOMSPITE GITZ,SPIDERFANG,MONSTER,HERO,WIZARD (1),ARACHNAROK",Spider-bows,ranged,10,4,5,0,1,18,-,230,1,10,5,Default,1,,"Battle Damaged [Passive] | Catchweb Spidershrine [Passive] | Ensnaring Webbing [Activated · Once Per Turn (Army), Any Combat Phase · Rampage]",Gloomspite Gitz - Library.cat#b01b-24e3-c30f-d62f
Webspinner Shaman on Arachnarok Spider,Gloomspite Gitz,Monster Hero,16,4,,"DESTRUCTION,GLOOMSPITE GITZ,SPIDERFANG,MONSTER,HERO,WIZARD (1),ARACHNAROK",Crooked Spears,melee,10,4,5,0,1,,-,230,1,10,5,Default,1,,"Battle Damaged [Passive] | Catchweb Spidershrine [Passive] | Ensnaring Webbing [Activated · Once Per Turn (Army), Any Combat Phase · Rampage]",Gloomspite Gitz - Library.cat#b01b-24e3-c30f-d62f
Webspinner Shaman on Arachnarok Spider,Gloomspite Gitz,Monster Hero,16,4,,"DESTRUCTION,GLOOMSPITE GITZ,SPIDERFANG,MONSTER,HERO,WIZARD (1),ARACHNAROK",Monstrous Spider Fangs,melee,4,3,2,1,3,,"Crit (Mortal), Companion",230,1,10,5,Default,1,,"Battle Damaged [Passive] | Catchweb Spidershrine [Passive] | Ensnaring Webbing [Activated · Once Per Turn (Army), Any Combat Phase · Rampage]",Gloomspite Gitz - Library.cat#b01b-24e3-c30f-d62f
Webspinner Shaman on Arachnarok Spider,Gloomspite Gitz,Monster Hero,16,4,,"DESTRUCTION,GLOOMSPITE GITZ,SPIDERFANG,MONSTER,HERO,WIZARD (1),ARACHNAROK",Chitinous Legs,melee,8,4,2,1,1,,Companion,230,1,10,5,Default,1,,"Battle Damaged [Passive] | Catchweb Spidershrine [Passive] | Ensnaring Webbing [Activated · Once Per Turn (Army), Any Combat Phase · Rampage]",Gloomspite Gitz - Library.cat#b01b-24e3-c30f-d62f
Webspinner Shaman on Arachnarok Spider,Gloomspite Gitz,Monster Hero,16,4,,"DESTRUCTION,GLOOMSPITE GITZ,SPIDERFANG,MONSTER,HERO,WIZARD (1),ARACHNAROK",Spider God Staff,melee,3,4,5,0,2,,Crit (Mortal),230,1,10,5,Default,1,,"Battle Damaged [Passive] | Catchweb Spidershrine [Passive] | Ensnaring Webbing [Activated · Once Per Turn (Army), Any Combat Phase · Rampage]",Gloomspite Gitz - Library.cat#b01b-24e3-c30f-d62f
Wolfgit Retinue,Gloomspite Gitz,Cavalry,2,5,,"CAVALRY,DESTRUCTION,GLOOMSPITE GITZ,GITMOB",Grot Bow,ranged,2,4,5,0,1,15,-,70,2,12,1,Default,1,,"I Got Dis, Boss! [Passive]",Gloomspite Gitz - Library.cat#4065-0350-1168-e628
Wolfgit Retinue,Gloomspite Gitz,Cavalry,2,5,,"CAVALRY,DESTRUCTION,GLOOMSPITE GITZ,GITMOB",Snarlfang’s Slavering Jaws,melee,2,4,3,0,2,,Companion,70,2,12,1,Default,2,,"I Got Dis, Boss! [Passive]",Gloomspite Gitz - Library.cat#4065-0350-1168-e628
Wolfgit Retinue,Gloomspite Gitz,Cavalry,2,5,,"CAVALRY,DESTRUCTION,GLOOMSPITE GITZ,GITMOB",Stabbin’ Stikka,melee,2,4,5,0,1,,-,70,2,12,1,Default,1,,"I Got Dis, Boss! [Passive]",Gloomspite Gitz - Library.cat#4065-0350-1168-e628
Zarbag's Gitz,Gloomspite Gitz,Infantry,2,6,,"UNIQUE,CHAMPION,DESTRUCTION,GLOOMSPITE GITZ,INFANTRY,MOONCLAN",Git Weapons,melee,2,4,5,1,1,,-,130,9,5,1,Default,6,,Sniffer Spite [Activated · Your Hero Phase] | Zarbag [Passive],Gloomspite Gitz - Library.cat#5ebb-a3a6-b5a9-86c9
Zarbag's Gitz,Gloomspite Gitz,Infantry,2,6,,"UNIQUE,CHAMPION,DESTRUCTION,GLOOMSPITE GITZ,INFANTRY,MOONCLAN",Moonclan Bow,melee,1,4,5,0,1,,-,130,9,5,1,Default,3,,Sniffer Spite [Activated · Your Hero Phase] | Zarbag [Passive],Gloomspite Gitz - Library.cat#5ebb-a3a6-b5a9-86c9
Zarbag's Gitz,Gloomspite Gitz,Infantry,2,6,,"UNIQUE,CHAMPION,DESTRUCTION,GLOOMSPITE GITZ,INFANTRY,MOONCLAN",Moonclan Bow,ranged,2,4,5,0,1,18,-,130,9,5,1,Default,3,,Sniffer Spite [Activated · Your Hero Phase] | Zarbag [Passive],Gloomspite Gitz - Library.cat#5ebb-a3a6-b5a9-86c9
"Bladebringer, Herald on Exalted Chariot",Hedonites of Slaanesh,War Machine Hero,12,4,6,"CHAOS,DAEMON,HEDONITES OF SLAANESH,WARD (6+),WAR MACHINE,HERO,WIZARD (1)",Steeds’ Poisoned Tongues,melee,8,3,4,0,1,,Companion,130,1,10,2,Default,1,,"Soulgorgers [Activated · Once Per Turn (Army), Your Movement Phase] | Mutilating Blades [Activated · Any Charge Phase]",Hedonites of Slaanesh - Library.cat#95eb-6e32-fd0f-7b39
"Bladebringer, Herald on Exalted Chariot",Hedonites of Slaanesh,War Machine Hero,12,4,6,"CHAOS,DAEMON,HEDONITES OF SLAANESH,WARD (6+),WAR MACHINE,HERO,WIZARD (1)",Flensing Whips and Piercing Claws,melee,12,3,4,1,1,,-,130,1,10,2,Default,1,,"Soulgorgers [Activated · Once Per Turn (Army), Your Movement Phase] | Mutilating Blades [Activated · Any Charge Phase]",Hedonites of Slaanesh - Library.cat#95eb-6e32-fd0f-7b39
"Bladebringer, Herald on Hellflayer",Hedonites of Slaanesh,,8,4,6,"HERO,CHAOS,DAEMON,HEDONITES OF SLAANESH,WAR MACHINE,WARD (6+),WIZARD (1)",Flensing Whips and Piercing Claws,melee,6,3,4,1,1,,-,140,1,10,2,Default,1,,Slavering for Sensation [Activated · Your Movement Phase] | Soulscent [Activated · Any Movement Phase] | Threshing Doom [Passive],Hedonites of Slaanesh - Library.cat#5c8d-d6ce-1035-6969
"Bladebringer, Herald on Hellflayer",Hedonites of Slaanesh,,8,4,6,"HERO,CHAOS,DAEMON,HEDONITES OF SLAANESH,WAR MACHINE,WARD (6+),WIZARD (1)",Axle Blades,melee,4,4,2,2,2,,"Anti-**^^Infantry^^** (+1 Rend), Companion",140,1,10,2,Default,1,,Slavering for Sensation [Activated · Your Movement Phase] | Soulscent [Activated · Any Movement Phase] | Threshing Doom [Passive],Hedonites of Slaanesh - Library.cat#5c8d-d6ce-1035-6969
"Bladebringer, Herald on Hellflayer",Hedonites of Slaanesh,,8,4,6,"HERO,CHAOS,DAEMON,HEDONITES OF SLAANESH,WAR MACHINE,WARD (6+),WIZARD (1)",Steeds’ Poisoned Tongues,melee,4,3,4,0,1,,Companion,140,1,10,2,Default,1,,Slavering for Sensation [Activated · Your Movement Phase] | Soulscent [Activated · Any Movement Phase] | Threshing Doom [Passive],Hedonites of Slaanesh - Library.cat#5c8d-d6ce-1035-6969
"Bladebringer, Herald on Seeker Chariot",Hedonites of Slaanesh,,8,4,6,"HERO,CHAOS,DAEMON,HEDONITES OF SLAANESH,WAR MACHINE,WARD (6+),WIZARD (1)",Flensing Whips and Piercing Claws,melee,6,3,4,1,1,,-,130,1,12,2,Default,1,,Thrillseeking Cavalcade [Activated · Your Charge Phase] | Mutilating Blades [Activated · Any Charge Phase],Hedonites of Slaanesh - Library.cat#1ad6-bbe6-59c2-0716
"Bladebringer, Herald on Seeker Chariot",Hedonites of Slaanesh,,8,4,6,"HERO,CHAOS,DAEMON,HEDONITES OF SLAANESH,WAR MACHINE,WARD (6+),WIZARD (1)",Steeds’ Poisoned Tongues,melee,4,3,4,0,1,,Companion,130,1,12,2,Default,1,,Thrillseeking Cavalcade [Activated · Your Charge Phase] | Mutilating Blades [Activated · Any Charge Phase],Hedonites of Slaanesh - Library.cat#1ad6-bbe6-59c2-0716
Blissbarb Archers,Hedonites of Slaanesh,Infantry,1,6,,"INFANTRY,CHAMPION,CHAOS,HEDONITES OF SLAANESH,SYBARITE",Blissbarb Bow,ranged,2,3,4,1,1,18,-,140,10,6,1,Default,10,,"Blissbrew Homonculus [Passive] | The Thrill Of Combat [Activated · Once Per Turn (Army), Your Shooting Phase]",Hedonites of Slaanesh - Library.cat#7516-fef5-83f7-22a7
Blissbarb Archers,Hedonites of Slaanesh,Infantry,1,6,,"INFANTRY,CHAMPION,CHAOS,HEDONITES OF SLAANESH,SYBARITE",Sybarite Blade,melee,1,3,4,0,1,,-,140,10,6,1,Default,10,,"Blissbrew Homonculus [Passive] | The Thrill Of Combat [Activated · Once Per Turn (Army), Your Shooting Phase]",Hedonites of Slaanesh - Library.cat#7516-fef5-83f7-22a7
Blissbarb Seekers,Hedonites of Slaanesh,Cavalry,4,5,,"HEDONITES OF SLAANESH,CHAOS,CHAMPION,SYBARITE,CAVALRY",Seeker Bow,ranged,3,3,4,1,1,12,-,160,5,12,1,Default,5,,"Adrenaline Archers [Activated · Once Per Turn (Army), Your Movement Phase]",Hedonites of Slaanesh - Library.cat#1a3b-a566-401c-d9c4
Blissbarb Seekers,Hedonites of Slaanesh,Cavalry,4,5,,"HEDONITES OF SLAANESH,CHAOS,CHAMPION,SYBARITE,CAVALRY",Exalted Steed’s Poisoned Tongue,melee,3,3,4,0,1,,Companion,160,5,12,1,Default,5,,"Adrenaline Archers [Activated · Once Per Turn (Army), Your Movement Phase]",Hedonites of Slaanesh - Library.cat#1a3b-a566-401c-d9c4
Blissbarb Seekers,Hedonites of Slaanesh,Cavalry,4,5,,"HEDONITES OF SLAANESH,CHAOS,CHAMPION,SYBARITE,CAVALRY",Sybarite Blade,melee,1,3,4,0,1,,-,160,5,12,1,Default,5,,"Adrenaline Archers [Activated · Once Per Turn (Army), Your Movement Phase]",Hedonites of Slaanesh - Library.cat#1a3b-a566-401c-d9c4
Contorted Epitome,Hedonites of Slaanesh,,7,5,4,"HERO,CHAOS,DAEMON,HEDONITES OF SLAANESH,INFANTRY,WIZARD (1),WARD (4+)",Piercing Claws and Coiled Tentacles,melee,7,3,4,1,2,,-,150,1,9,2,Default,1,,"The Mirror's Depths [Activated · Once Per Turn (Army), Enemy Hero Phase] | Swallow Energy [Activated · Once Per Turn (Army), End of Any Turn]",Hedonites of Slaanesh - Library.cat#7ff4-32c2-f67e-5476
Daemonettes,Hedonites of Slaanesh,Infantry,1,6,6,"INFANTRY,CHAMPION,STANDARD BEARER (1/10),MUSICIAN (1/10),CHAOS,DAEMON,WARD (6+),HEDONITES OF SLAANESH",Piercing Claws,melee,2,3,4,1,1,,-,110,10,6,1,Default,10,,"Lithe and Swift [Activated · Once Per Turn (Army), Any Combat Phase]",Hedonites of Slaanesh - Library.cat#73f4-30e5-20b1-cf47
"Dexcessa, the Talon of Slaanesh",Hedonites of Slaanesh,Infantry Hero,10,5,5,"HERO,UNIQUE,WARMASTER,CHAOS,DAEMON,MONSTER,WARD (5+),HEDONITES OF SLAANESH,FLY",Impaling Talons,melee,7,3,3,2,2,,-,280,1,12,5,Default,1,,"Joyous Battle Fury [Activated · End of Any Turn] | Redolence of Violence [Activated · Once Per Turn (Army), End of Any Turn · Rampage] | Fleeting Dance of Death [Passive] | Scion of Slaanesh [Activated · Reaction: You declared a Fight Ability for this unit]",Hedonites of Slaanesh - Library.cat#7c43-7c1e-d92c-f199
Dreadful Visage,Hedonites of Slaanesh,,1,6,6,"WARD (6+),MANIFESTATION,ENDLESS SPELL,FLY,CHAOS,HEDONITES OF SLAANESH",Hooked Tongues,melee,8,3,4,1,1,,-,,1,,,,,,Flensing Tongues [Activated · Any Hero Phase],Hedonites of Slaanesh - Library.cat#25c4-8769-f67a-78c3
Exalted Chariot,Hedonites of Slaanesh,,9,4,6,"CHAOS,DAEMON,HEDONITES OF SLAANESH,WAR MACHINE,WARD (6+)",Flensing Whips and Piercing Claws,melee,6,3,4,1,1,,-,120,1,10,2,Default,1,,Excess of Blades [Activated · Any Charge Phase],Hedonites of Slaanesh - Library.cat#08e6-7dfb-f60e-6fc0
Exalted Chariot,Hedonites of Slaanesh,,9,4,6,"CHAOS,DAEMON,HEDONITES OF SLAANESH,WAR MACHINE,WARD (6+)",Steeds’ Poisoned Tongues,melee,4,3,4,0,1,,Companion,120,1,10,2,Default,1,,Excess of Blades [Activated · Any Charge Phase],Hedonites of Slaanesh - Library.cat#08e6-7dfb-f60e-6fc0
Fiends,Hedonites of Slaanesh,Beast,4,5,6,"DAEMON,WARD (6+),HEDONITES OF SLAANESH,BEAST,CHAOS,CHAMPION",Pincers and Barbed Stinger,melee,4,4,3,1,D3,,Anti-**^^Wizard^^** (+1 Rend),150,3,10,1,Default,3,,"Arcane Disruption [Passive] | Disharmonious Song [Activated · Once Per Turn (Army), End of Any Turn]",Hedonites of Slaanesh - Library.cat#973c-d5a3-65d4-2eaa
"Glutos Orscollion, Lord of Gluttony",Hedonites of Slaanesh,War Machine Hero,18,3,6,"HERO,UNIQUE,WARMASTER,CHAOS,HEDONITES OF SLAANESH,WAR MACHINE,WIZARD (2),SYBARITE,PARAGON,WARD (6+)",Kyazu's Greatblade and Mutants' Claws,melee,6,3,3,1,3,,"Crit (Mortal), Companion",460,1,8,5,Default,1,,Gorge on Excess [Activated · End of Enemy Turn] | Paragon Of Gluttony [Activated · Start of Any Turn] | Crippling Famishment [Spell · Your Hero Phase · casting value 7 · Spell] | Battle Damaged [Passive],Hedonites of Slaanesh - Library.cat#fac2-b0a0-feec-f70f
"Glutos Orscollion, Lord of Gluttony",Hedonites of Slaanesh,War Machine Hero,18,3,6,"HERO,UNIQUE,WARMASTER,CHAOS,HEDONITES OF SLAANESH,WAR MACHINE,WIZARD (2),SYBARITE,PARAGON,WARD (6+)",Leerstave of Loth'shar,ranged,3,3,3,1,3,12,Shoot in Combat,460,1,8,5,Default,1,,Gorge on Excess [Activated · End of Enemy Turn] | Paragon Of Gluttony [Activated · Start of Any Turn] | Crippling Famishment [Spell · Your Hero Phase · casting value 7 · Spell] | Battle Damaged [Passive],Hedonites of Slaanesh - Library.cat#fac2-b0a0-feec-f70f
"Glutos Orscollion, Lord of Gluttony",Hedonites of Slaanesh,War Machine Hero,18,3,6,"HERO,UNIQUE,WARMASTER,CHAOS,HEDONITES OF SLAANESH,WAR MACHINE,WIZARD (2),SYBARITE,PARAGON,WARD (6+)",Glutos's Choking Tentacles,melee,2,4,2,2,3,,-,460,1,8,5,Default,1,,Gorge on Excess [Activated · End of Enemy Turn] | Paragon Of Gluttony [Activated · Start of Any Turn] | Crippling Famishment [Spell · Your Hero Phase · casting value 7 · Spell] | Battle Damaged [Passive],Hedonites of Slaanesh - Library.cat#fac2-b0a0-feec-f70f
Hellflayer,Hedonites of Slaanesh,War Machine,7,4,6,"CHAOS,DAEMON,HEDONITES OF SLAANESH,WARD (6+),WAR MACHINE",Axle Blades,melee,4,4,2,2,2,,"Anti-**^^Infantry^^** (+1 Rend), Companion",130,1,10,2,Default,1,,Soulscent [Activated · Any Movement Phase] | Threshing Doom [Passive],Hedonites of Slaanesh - Library.cat#f41c-5481-64ee-8868
Hellflayer,Hedonites of Slaanesh,War Machine,7,4,6,"CHAOS,DAEMON,HEDONITES OF SLAANESH,WARD (6+),WAR MACHINE",Steeds’ Poisoned Tongues,melee,4,3,4,0,1,,Companion,130,1,10,2,Default,1,,Soulscent [Activated · Any Movement Phase] | Threshing Doom [Passive],Hedonites of Slaanesh - Library.cat#f41c-5481-64ee-8868
Hellflayer,Hedonites of Slaanesh,War Machine,7,4,6,"CHAOS,DAEMON,HEDONITES OF SLAANESH,WARD (6+),WAR MACHINE",Flensing Whips and Piercing Claws,melee,6,3,4,1,1,,-,130,1,10,2,Default,1,,Soulscent [Activated · Any Movement Phase] | Threshing Doom [Passive],Hedonites of Slaanesh - Library.cat#f41c-5481-64ee-8868
Hellstriders,Hedonites of Slaanesh,Cavalry,3,5,,"HEDONITES OF SLAANESH,CHAOS,CHAMPION,SYBARITE,MUSICIAN (1/5),STANDARD BEARER (1/5),CAVALRY",Claw-spear or Hellscourge,melee,3,3,4,0,1,,"Anti-**^^Infantry^^** (+1 Rend), Charge (+1 Damage)",150,5,12,1,Default,5,,Maiming Charge [Passive],Hedonites of Slaanesh - Library.cat#7fbf-a41a-7e29-8476
Hellstriders,Hedonites of Slaanesh,Cavalry,3,5,,"HEDONITES OF SLAANESH,CHAOS,CHAMPION,SYBARITE,MUSICIAN (1/5),STANDARD BEARER (1/5),CAVALRY",Steed’s Poisoned Tongue,melee,2,3,4,0,1,,Companion,150,5,12,1,Default,5,,Maiming Charge [Passive],Hedonites of Slaanesh - Library.cat#7fbf-a41a-7e29-8476
"Infernal Enrapturess, Herald of Slaanesh",Hedonites of Slaanesh,Infantry Hero,5,5,6,"HERO,CHAOS,DAEMON,HEDONITES OF SLAANESH,INFANTRY,WARD (6+)",Heartstring Lyre,ranged,2,2,3,2,2,12,-,100,1,6,2,Option,,,"Spell-Shredding Symphony [Passive] | Maestros Of Discordance [Activated · Once Per Turn (Army), Your Hero Phase]",Hedonites of Slaanesh - Library.cat#37ec-d134-cffd-d637
"Infernal Enrapturess, Herald of Slaanesh",Hedonites of Slaanesh,Infantry Hero,5,5,6,"HERO,CHAOS,DAEMON,HEDONITES OF SLAANESH,INFANTRY,WARD (6+)",Piercing Claw,melee,3,3,4,1,1,,-,100,1,6,2,Default,1,,"Spell-Shredding Symphony [Passive] | Maestros Of Discordance [Activated · Once Per Turn (Army), Your Hero Phase]",Hedonites of Slaanesh - Library.cat#37ec-d134-cffd-d637
Keeper of Secrets,Hedonites of Slaanesh,Infantry Hero,16,4,5,"HERO,CHAOS,DAEMON,MONSTER,WARD (5+),HEDONITES OF SLAANESH,WIZARD (2)",Impaling Claws,melee,2,3,3,2,4,,-,420,1,12,5,Default,1,,"Locus of Slaanesh [Command · Your Hero Phase · cost 1] | Dark Temptations [Activated · Once Per Turn (Army), Any Combat Phase · Rampage] | Supernatural Grace [Passive] | Cacophonic Choir [Spell · Your Hero Phase · casting value 6] | Battle Damaged [Passive]",Hedonites of Slaanesh - Library.cat#4011-5d78-a180-3c22
Keeper of Secrets,Hedonites of Slaanesh,Infantry Hero,16,4,5,"HERO,CHAOS,DAEMON,MONSTER,WARD (5+),HEDONITES OF SLAANESH,WIZARD (2)",Elegant Greatblade,melee,6,2,3,2,2,,-,420,1,12,5,Default,1,,"Locus of Slaanesh [Command · Your Hero Phase · cost 1] | Dark Temptations [Activated · Once Per Turn (Army), Any Combat Phase · Rampage] | Supernatural Grace [Passive] | Cacophonic Choir [Spell · Your Hero Phase · casting value 6] | Battle Damaged [Passive]",Hedonites of Slaanesh - Library.cat#4011-5d78-a180-3c22
Lord of Hubris,Hedonites of Slaanesh,Infantry Hero,5,5,5,"HERO,CHAOS,HEDONITES OF SLAANESH,INFANTRY,SYBARITE,WARD (5+)",Exquisite Scimitar,melee,5,3,4,1,2,,-,110,1,6,2,Default,1,,"'You First, I Insist...' [Activated · Once Per Turn (Army), Any Combat Phase · Temptation] | Allow Me To Demonstrate [Activated · Once Per Turn (Army), Reaction: You declared a Fight ability for this unit]",Hedonites of Slaanesh - Library.cat#ef1b-a791-66b4-735f
Lord of Pain,Hedonites of Slaanesh,Infantry Hero,5,4,5,"HERO,CHAOS,HEDONITES OF SLAANESH,INFANTRY,SYBARITE,WARD (5+)",Soulpiercer Mace,melee,5,3,3,1,2,,-,120,1,6,2,Default,1,,Share the Pain [Passive] | Atrocious Ministrations [Activated · Your Hero Phase],Hedonites of Slaanesh - Library.cat#4890-8c79-a2bd-b1ad
Myrmidesh Painbringers,Hedonites of Slaanesh,Infantry,2,3,,"HEDONITES OF SLAANESH,CHAOS,CHAMPION,INFANTRY,SYBARITE",Wicked Scimitar,melee,3,3,3,1,1,,-,120,5,6,1,Default,5,,"False Serenity [Passive] | Paragons of Battle [Activated · Once Per Turn (Army), Any Combat Phase]",Hedonites of Slaanesh - Library.cat#af06-7271-8760-4a4
Seeker Chariot,Hedonites of Slaanesh,War Machine,6,4,6,"CHAOS,DAEMON,HEDONITES OF SLAANESH,WARD (6+),WAR MACHINE",Flensing Whips and Piercing Claws,melee,4,3,4,1,1,,-,80,1,12,2,Default,1,,Mutilating Blades [Activated · Any Charge Phase],Hedonites of Slaanesh - Library.cat#4b99-af35-44db-7fd8
Seeker Chariot,Hedonites of Slaanesh,War Machine,6,4,6,"CHAOS,DAEMON,HEDONITES OF SLAANESH,WARD (6+),WAR MACHINE",Steeds’ Poisoned Tongues,melee,4,3,4,0,1,,Companion,80,1,12,2,Default,1,,Mutilating Blades [Activated · Any Charge Phase],Hedonites of Slaanesh - Library.cat#4b99-af35-44db-7fd8
Seekers,Hedonites of Slaanesh,Cavalry,3,5,6,"CHAMPION,CHAOS,DAEMON,WARD (6+),HEDONITES OF SLAANESH,CAVALRY,STANDARD BEARER (1/5),MUSICIAN (1/5)",Agonising Claws,melee,3,3,4,1,1,,Anti-**^^Cavalry^^** (+1 Rend),130,5,12,1,Default,5,,"Quicksilver Speed [Activated · Once Per Turn (Army), End of Any Turn]",Hedonites of Slaanesh - Library.cat#ebde-c823-a0d7-dce1
Seekers,Hedonites of Slaanesh,Cavalry,3,5,6,"CHAMPION,CHAOS,DAEMON,WARD (6+),HEDONITES OF SLAANESH,CAVALRY,STANDARD BEARER (1/5),MUSICIAN (1/5)",Steed’s Poisoned Tongue,melee,2,3,4,0,1,,Companion,130,5,12,1,Default,5,,"Quicksilver Speed [Activated · Once Per Turn (Army), End of Any Turn]",Hedonites of Slaanesh - Library.cat#ebde-c823-a0d7-dce1
Shalaxi Helbane,Hedonites of Slaanesh,Infantry Hero,16,4,5,"HERO,UNIQUE,WARMASTER,CHAOS,DAEMON,MONSTER,WARD (5+),WIZARD (2),HEDONITES OF SLAANESH",Impaling Claws,melee,2,3,3,2,4,,-,410,1,14,5,Default,1,,"An Exquisite Trophy [Activated · Any Combat Phase] | Paramount Hunter [Activated · Once Per Turn (Army), Reaction: Opponent declared a Charge ability for a Hero within 12"" of this unit · Core, Move, Charge, Rampage] | Supernatural Grace [Passive] | Refine Senses [Spell · Your Hero Phase · casting value 8 · Spell] | Battle Damaged [Passive]",Hedonites of Slaanesh - Library.cat#288-b306-7776-96b5
Shalaxi Helbane,Hedonites of Slaanesh,Infantry Hero,16,4,5,"HERO,UNIQUE,WARMASTER,CHAOS,DAEMON,MONSTER,WARD (5+),WIZARD (2),HEDONITES OF SLAANESH",Soulpiercer,melee,6,2,3,2,3,,Anti‑**^^Hero^^** (+1 Rend),410,1,14,5,Default,1,,"An Exquisite Trophy [Activated · Any Combat Phase] | Paramount Hunter [Activated · Once Per Turn (Army), Reaction: Opponent declared a Charge ability for a Hero within 12"" of this unit · Core, Move, Charge, Rampage] | Supernatural Grace [Passive] | Refine Senses [Spell · Your Hero Phase · casting value 8 · Spell] | Battle Damaged [Passive]",Hedonites of Slaanesh - Library.cat#288-b306-7776-96b5
Shardspeaker of Slaanesh,Hedonites of Slaanesh,Infantry Hero,5,5,6,"HERO,CHAOS,HEDONITES OF SLAANESH,INFANTRY,SYBARITE,WIZARD (1),WARD (6+)",Haze Staff,melee,3,3,4,1,2,,-,120,1,6,2,Default,1,,"Truths Of The Twisted Mirror [Spell · Your Hero Phase · casting value 7 · Spell] | Bargain With The Mist-Daemons [Activated · Once Per Turn (Army), Reaction: You declared a Spell ability for this unit]",Hedonites of Slaanesh - Library.cat#27ef-714f-2f7-3770
Shardspeaker of Slaanesh,Hedonites of Slaanesh,Infantry Hero,5,5,6,"HERO,CHAOS,HEDONITES OF SLAANESH,INFANTRY,SYBARITE,WIZARD (1),WARD (6+)",Shadow-cloaked Claws,melee,4,4,3,1,2,,Companion,120,1,6,2,Option,,,"Truths Of The Twisted Mirror [Spell · Your Hero Phase · casting value 7 · Spell] | Bargain With The Mist-Daemons [Activated · Once Per Turn (Army), Reaction: You declared a Spell ability for this unit]",Hedonites of Slaanesh - Library.cat#27ef-714f-2f7-3770
"Sigvald, Prince of Slaanesh",Hedonites of Slaanesh,Infantry Hero,7,3,4,"HERO,UNIQUE,WARMASTER,CHAOS,HEDONITES OF SLAANESH,SYBARITE,WARD (4+),INFANTRY",Shardslash,melee,5,2,3,2,2,,-,240,1,6,2,Default,1,,Shardslash [Passive] | Gaze Upon My Magnificence And Weep [Activated · Any Combat Phase · Temptation] | Paragon Of Vainglory [Passive],Hedonites of Slaanesh - Library.cat#a172-db1d-3ad4-c354
Slaangor Fiendbloods,Hedonites of Slaanesh,Infantry,3,5,,"HEDONITES OF SLAANESH,CHAOS,CHAMPION,INFANTRY,SYBARITE",Razor-sharp Claws and Gilded Weapons,melee,4,4,3,1,2,,-,140,3,6,1,Default,3,,"Veiled Threat [Activated · Deployment Phase · Deploy] | Instinctive Advance [Activated · Once Per Turn (Army), Reaction: Opponent declared a command for a unit within 12"" of this unit] | Bestial Onslaughted [Activated · Any Movement Phase]",Hedonites of Slaanesh - Library.cat#de32-60a4-2468-ea8a
Slickblade Seekers,Hedonites of Slaanesh,Cavalry,4,5,,"HEDONITES OF SLAANESH,CHAOS,CHAMPION,SYBARITE,CAVALRY",Slickblade Glaive,melee,3,3,4,1,1,,Charge (+1 Damage),170,5,12,1,Default,5,,"Unrivalled Velocity [Activated · Once Per Turn (Army), Reaction: You declared a Charge ability for this unit]",Hedonites of Slaanesh - Library.cat#395d-b625-25a4-4ca2
Slickblade Seekers,Hedonites of Slaanesh,Cavalry,4,5,,"HEDONITES OF SLAANESH,CHAOS,CHAMPION,SYBARITE,CAVALRY",Exalted Steed’s Poisoned Tongue,melee,3,3,4,0,1,,Companion,170,5,12,1,Default,5,,"Unrivalled Velocity [Activated · Once Per Turn (Army), Reaction: You declared a Charge ability for this unit]",Hedonites of Slaanesh - Library.cat#395d-b625-25a4-4ca2
"Syll'Esske, the Vengeful Allegiance",Hedonites of Slaanesh,Infantry Hero,9,4,6,"HERO,UNIQUE,CHAOS,DAEMON,HEDONITES OF SLAANESH,WIZARD (1),SYBARITE,INFANTRY,WARD (6+)",Axe of Dominion,melee,4,3,3,2,3,,-,250,1,8,4,Default,1,,Champions Of The Gilded Throne [Passive] | Unholy Symbiosis [Spell · Your Hero Phase · casting value 7 · Spell] | Violent Offerings [Activated · End of Any Turn],Hedonites of Slaanesh - Library.cat#89b7-8cfa-f458-12c0
"Syll'Esske, the Vengeful Allegiance",Hedonites of Slaanesh,Infantry Hero,9,4,6,"HERO,UNIQUE,CHAOS,DAEMON,HEDONITES OF SLAANESH,WIZARD (1),SYBARITE,INFANTRY,WARD (6+)",Scourging Whip,melee,6,2,4,1,2,,-,250,1,8,4,Default,1,,Champions Of The Gilded Throne [Passive] | Unholy Symbiosis [Spell · Your Hero Phase · casting value 7 · Spell] | Violent Offerings [Activated · End of Any Turn],Hedonites of Slaanesh - Library.cat#89b7-8cfa-f458-12c0
"Syll'Esske, the Vengeful Allegiance (Scourge of Ghyran)",Hedonites of Slaanesh,,9,4,5,"HERO,UNIQUE,CHAOS,DAEMON,HEDONITES OF SLAANESH,WIZARD (1),SYBARITE,INFANTRY,WARD (5+)",Axe of Dominion,melee,4,3,3,2,3,,-,180,1,8,4,Default,1,,Wandering Minds [Spell · Your Hero Phase · casting value 6 · Spell] | Violent Offerings [Activated · End of Any Turn] | Champions of the Gilded Throne [Passive],Hedonites of Slaanesh - Library.cat#8d85-ce05-2e48-02e9
"Syll'Esske, the Vengeful Allegiance (Scourge of Ghyran)",Hedonites of Slaanesh,,9,4,5,"HERO,UNIQUE,CHAOS,DAEMON,HEDONITES OF SLAANESH,WIZARD (1),SYBARITE,INFANTRY,WARD (5+)",Scourging Whip,melee,6,2,4,1,2,,-,180,1,8,4,Default,1,,Wandering Minds [Spell · Your Hero Phase · casting value 6 · Spell] | Violent Offerings [Activated · End of Any Turn] | Champions of the Gilded Throne [Passive],Hedonites of Slaanesh - Library.cat#8d85-ce05-2e48-02e9
Symbaresh Twinsouls,Hedonites of Slaanesh,Infantry,2,4,,"HEDONITES OF SLAANESH,CHAOS,CHAMPION,INFANTRY,SYBARITE",Merciless Weapons,melee,4,3,4,1,1,,-,120,5,6,1,Default,5,,"Pah! Unworthy! [Passive] | Ego-driven Excess [Activated · Once Per Battle (Army), Any Combat Phase]",Hedonites of Slaanesh - Library.cat#ffcf-47e1-a14f-b507
"Synessa, the Voice of Slaanesh",Hedonites of Slaanesh,Infantry Hero,10,5,5,"HERO,UNIQUE,WARMASTER,CHAOS,DAEMON,MONSTER,WARD (5+),HEDONITES OF SLAANESH,WIZARD (1),FLY",Unraveller’s Talons,melee,5,3,3,2,2,,-,250,1,12,5,Default,1,,"Arcane Seductor [Activated · Start of Battle Round] | Enthralling Splendour [Activated · Once Per Turn (Army), Any Combat Phase · Rampage] | Whispers of Desire [Spell · Your Hero Phase · casting value 7 · Spell]",Hedonites of Slaanesh - Library.cat#eb63-b209-7932-2b43
"Synessa, the Voice of Slaanesh",Hedonites of Slaanesh,Infantry Hero,10,5,5,"HERO,UNIQUE,WARMASTER,CHAOS,DAEMON,MONSTER,WARD (5+),HEDONITES OF SLAANESH,WIZARD (1),FLY",Staff of Slaanesh,ranged,3,3,3,1,2,18,Shoot in Combat,250,1,12,5,Default,1,,"Arcane Seductor [Activated · Start of Battle Round] | Enthralling Splendour [Activated · Once Per Turn (Army), Any Combat Phase · Rampage] | Whispers of Desire [Spell · Your Hero Phase · casting value 7 · Spell]",Hedonites of Slaanesh - Library.cat#eb63-b209-7932-2b43
The Dread Pageant,Hedonites of Slaanesh,,3,5,,"INFANTRY,UNIQUE,CHAMPION,HEDONITES OF SLAANESH,SYBARITE,CHAOS",Weapons of Excess,melee,3,3,4,1,2,,-,110,4,6,1,Default,4,,"Slicing Fervour [Passive] | Blissbarb Shafts [Activated · Once Per Turn (Army), Your Shooting Phase · Shoot]",Hedonites of Slaanesh - Library.cat#3ae1-3009-26f6-69a1
The Masque,Hedonites of Slaanesh,Infantry Hero,5,5,4,"HERO,UNIQUE,CHAOS,DAEMON,HEDONITES OF SLAANESH,INFANTRY,WARD (4+)",Razor-edged Claws,melee,6,3,4,1,2,,-,120,1,8,2,Default,1,,The Endless Dance [Activated · Any Movement Phase] | Captive Audience [Passive],Hedonites of Slaanesh - Library.cat#19fa-187-b059-ffce
The Thricefold Discord,Hedonites of Slaanesh,,3,5,6,"INFANTRY,UNIQUE,CHAMPION,HEDONITES OF SLAANESH,DAEMON,WARD (6+),CHAOS",Carnal Blades and Wicked Claws,melee,3,3,3,1,2,,-,130,3,6,1,Default,3,,Indulgence Given Form [Passive] | Sublime Harmonies [Passive],Hedonites of Slaanesh - Library.cat#737f-1c84-cf40-1d2d
"Viceleader, Herald of Slaanesh",Hedonites of Slaanesh,,5,5,6,"HERO,CHAOS,DAEMON,HEDONITES OF SLAANESH,WARD (6+),WIZARD (1),INFANTRY",Ravaging Claws,melee,6,3,4,1,2,,-,140,1,6,2,Default,1,,Lust for Violence [Activated · Reaction: You declared a Fight ability for this unit] | Lithe and Swift [Passive],Hedonites of Slaanesh - Library.cat#5886-d643-7104-b3be
Wheels of Excruciation,Hedonites of Slaanesh,,1,6,6,"WARD (6+),MANIFESTATION,ENDLESS SPELL,FLY,CHAOS,HEDONITES OF SLAANESH",Rending Wheels,melee,6,4,4,0,1,,-,,1,,,,,,Exquisite Agony [Activated · End of Any Turn],Hedonites of Slaanesh - Library.cat#14ec-16c5-a9d2-7252
Anointed Sentinels,Helsmiths of Hashut,Cavalry,4,4,,"CHAOS,HELSMITHS OF HASHUT,DUARDIN,CHAMPION,CAVALRY",Thrice-cursed Glaive,melee,3,3,3,1,2,,"Anti-**^^Cavalry^^** (+1 Rend), Charge (+1 Damage)",130,3,10,1,Default,3,,Zealous Counter-Attack [Activated · Reaction: You declared the 'Counter-charge' command for this unit] | Crush the Unworthy [Passive],Helsmiths of Hashut - Library.cat#c4f9-62a9-7f8f-1c2e
Ashen Elder,Helsmiths of Hashut,Infantry Hero,6,4,,"HERO,CHAOS,HELSMITHS OF HASHUT,DUARDIN,INFANTRY,PRIEST (1)",Black Hammer of Hashut,melee,3,3,4,1,2,,-,120,1,4,2,Default,1,,Extract Power [Activated · End of Your Turn] | Stoked Fanaticism [Passive],Helsmiths of Hashut - Library.cat#3203-cefc-0ca4-1251
Bull Centaurs,Helsmiths of Hashut,Cavalry,4,4,,"CHAOS,HELSMITHS OF HASHUT,DUARDIN,CHAMPION,CAVALRY",Brazen Mauls,melee,4,3,3,1,2,,"Charge (+1 Damage), Crit (Mortal)",190,3,10,1,Default,3,,Bull Charge [Activated · Any Charge Phase] | Crush the Unworthy [Passive],Helsmiths of Hashut - Library.cat#e20f-a1a4-79f8-93af
Daemonsmith,Helsmiths of Hashut,Infantry Hero,6,4,,"HERO,CHAOS,HELSMITHS OF HASHUT,DUARDIN,WIZARD (1),INFANTRY",Darkiron Talon,melee,3,3,4,1,2,,-,80,1,4,2,Default,1,,"Molten Mending [Activated · Once Per Turn (Army), Your Hero Phase]",Helsmiths of Hashut - Library.cat#22ff-9dca-f6e0-76cf
Daemonsmith,Helsmiths of Hashut,Infantry Hero,6,4,,"HERO,CHAOS,HELSMITHS OF HASHUT,DUARDIN,WIZARD (1),INFANTRY",Hurled Daemonfire,ranged,3,4,4,1,2,18,"Crit (2 Hits), Shoot in Combat",80,1,4,2,Default,1,,"Molten Mending [Activated · Once Per Turn (Army), Your Hero Phase]",Helsmiths of Hashut - Library.cat#22ff-9dca-f6e0-76cf
Daemonsmith on Infernal Taurus,Helsmiths of Hashut,Monster Hero,15,3,,"HERO,CHAOS,WAR MACHINE,MONSTER,FLY,HELSMITHS OF HASHUT,DUARDIN,WIZARD (1)",Infernal Staff,melee,3,4,3,1,2,,-,290,1,10,5,Default,1,,"Unholy Stampede [Passive] | Battle Damaged [Passive] | Immolating Presence [Activated · Once Per Turn (Army), End of Any Turn · Rampage] | Daemonic Resilience [Passive]",Helsmiths of Hashut - Library.cat#519c-5d32-603a-2fb3
Daemonsmith on Infernal Taurus,Helsmiths of Hashut,Monster Hero,15,3,,"HERO,CHAOS,WAR MACHINE,MONSTER,FLY,HELSMITHS OF HASHUT,DUARDIN,WIZARD (1)",Hurled Daemonfire,ranged,3,4,4,1,2,18,"Crit (2 Hits), Shoot in Combat",290,1,10,5,Default,1,,"Unholy Stampede [Passive] | Battle Damaged [Passive] | Immolating Presence [Activated · Once Per Turn (Army), End of Any Turn · Rampage] | Daemonic Resilience [Passive]",Helsmiths of Hashut - Library.cat#519c-5d32-603a-2fb3
Daemonsmith on Infernal Taurus,Helsmiths of Hashut,Monster Hero,15,3,,"HERO,CHAOS,WAR MACHINE,MONSTER,FLY,HELSMITHS OF HASHUT,DUARDIN,WIZARD (1)",Horns and Hooves,melee,6,4,2,2,3,,"Charge (+1 Damage), Companion",290,1,10,5,Default,1,,"Unholy Stampede [Passive] | Battle Damaged [Passive] | Immolating Presence [Activated · Once Per Turn (Army), End of Any Turn · Rampage] | Daemonic Resilience [Passive]",Helsmiths of Hashut - Library.cat#519c-5d32-603a-2fb3
Deathshrieker Rocket Battery,Helsmiths of Hashut,War Machine,8,3,,"CHAOS,HELSMITHS OF HASHUT,WAR MACHINE",Hashu-Zharr Rockets,ranged,3,4,2,2,4,24,"Anti-**^^Monster^^** (+1 Rend), Anti-**^^War Machine^^** (+1 Rend)",140,1,4,2,Default,1,,"Hungering Flames [Activated · Once Per Turn (Army), Your Shooting Phase] | Watch Them Burn [Activated · Reaction: You declared a Shoot ability for this unit and all of its attacks targeted the same enemy unit]",Helsmiths of Hashut - Library.cat#b683-bbb0-9fd4-6fcc
Deathshrieker Rocket Battery,Helsmiths of Hashut,War Machine,8,3,,"CHAOS,HELSMITHS OF HASHUT,WAR MACHINE",Artillerist Weapons,melee,3,4,4,0,1,,-,140,1,4,2,Default,1,,"Hungering Flames [Activated · Once Per Turn (Army), Your Shooting Phase] | Watch Them Burn [Activated · Reaction: You declared a Shoot ability for this unit and all of its attacks targeted the same enemy unit]",Helsmiths of Hashut - Library.cat#b683-bbb0-9fd4-6fcc
Dominator Engine with Bane Maces,Helsmiths of Hashut,War Machine,10,2,,"CHAOS,HELSMITHS OF HASHUT,WAR MACHINE,AUTOMATON",Bane Maces,melee,4,4,2,1,3,,Charge (+1 Damage),150,1,6,2,Default,1,,"Engine of Domination [Activated · Once Per Turn (Army), Any Combat Phase] | Daemonic Strength [Passive]",Helsmiths of Hashut - Library.cat#c3d1-b2bd-e8d8-d171
Dominator Engine with Immolation Cannons,Helsmiths of Hashut,War Machine,10,2,,"CHAOS,HELSMITHS OF HASHUT,WAR MACHINE,AUTOMATON",Immolation Cannons,ranged,5,2,4,1,2,8,"Anti-**^^Cavalry^^** (+1 Rend), Shoot in Combat",160,1,6,2,Default,1,,"All Must Burn [Activated · Once Per Turn (Army), Your Shooting Phase] | Daemonic Strength [Passive]",Helsmiths of Hashut - Library.cat#9c89-4ec9-71db-0026
Dominator Engine with Immolation Cannons,Helsmiths of Hashut,War Machine,10,2,,"CHAOS,HELSMITHS OF HASHUT,WAR MACHINE,AUTOMATON",Horns and Pummelling Strikes,melee,3,4,3,1,2,,Charge (+1 Damage),160,1,6,2,Default,1,,"All Must Burn [Activated · Once Per Turn (Army), Your Shooting Phase] | Daemonic Strength [Passive]",Helsmiths of Hashut - Library.cat#9c89-4ec9-71db-0026
Hobgrot Vandalz,Helsmiths of Hashut,Infantry,1,5,,"INFANTRY,CHAMPION,STANDARD BEARER (1/10),MUSICIAN (1/10),CHAOS,HELSMITHS OF HASHUT,HOBGROT",Scavenged Weapons,melee,2,4,5,0,1,,-,70,10,5,1,Default,10,,Disposable Lackeys [Activated · Deployment Phase],Helsmiths of Hashut - Library.cat#e3f8-99f7-921e-137a
Infernal Cohort with Hashutite Blades,Helsmiths of Hashut,Infantry,1,3,,"INFANTRY,CHAMPION,STANDARD BEARER (1/10),MUSICIAN (1/10),CHAOS,HELSMITHS OF HASHUT,DUARDIN",Hashutite Blade,melee,2,3,4,0,1,,Anti-**^^Infantry^^** (+1 Rend),90,10,4,1,Default,10,,Disciplined March [Passive] | Daemonic Resilience [Passive] | Sacred Gongs [Passive],Helsmiths of Hashut - Library.cat#15de-86a8-417a-912e
Infernal Cohort with Hashutite Spears,Helsmiths of Hashut,Infantry,1,3,,"INFANTRY,CHAMPION,STANDARD BEARER (1/10),MUSICIAN (1/10),CHAOS,HELSMITHS OF HASHUT,DUARDIN",Hashutite Spear,melee,2,3,4,0,1,,"Anti-**^^Cavalry^^** (+1 Rend), Anti-charge (+1 Rend)",90,10,4,1,Default,10,,Conquered Lands [Activated · Your Hero Phase] | Daemonic Resilience [Passive] | Sacred Gongs [Passive],Helsmiths of Hashut - Library.cat#a162-ad2f-0c07-681e
Infernal Razers with Blunderbusses,Helsmiths of Hashut,Infantry,1,4,,"CHAOS,INFANTRY,HELSMITHS OF HASHUT,DUARDIN,CHAMPION",Grizmalok Blunderbusses,ranged,1,3,2,0,2,18,-,110,5,4,1,Default,5,,"Hateful Hail [Activated · Once Per Turn (Army), Your Shooting Phase] | Manglers of Metal [Passive]",Helsmiths of Hashut - Library.cat#5c9b-778c-40a8-1fe3
Infernal Razers with Blunderbusses,Helsmiths of Hashut,Infantry,1,4,,"CHAOS,INFANTRY,HELSMITHS OF HASHUT,DUARDIN,CHAMPION",Weapon Butt,melee,1,4,4,0,1,,-,110,5,4,1,Default,5,,"Hateful Hail [Activated · Once Per Turn (Army), Your Shooting Phase] | Manglers of Metal [Passive]",Helsmiths of Hashut - Library.cat#5c9b-778c-40a8-1fe3
Infernal Razers with Flamehurlers,Helsmiths of Hashut,Infantry,1,4,,"CHAOS,INFANTRY,HELSMITHS OF HASHUT,DUARDIN,CHAMPION",Karagthrun Flamehurlers,ranged,3,2,4,0,1,12,Shoot in Combat,90,5,4,1,Default,5,,"Scorched Remains [Activated · Once Per Turn (Army), Your Shooting Phase] | Manglers of Metal [Passive]",Helsmiths of Hashut - Library.cat#3d15-3f55-b836-84b6
Infernal Razers with Flamehurlers,Helsmiths of Hashut,Infantry,1,4,,"CHAOS,INFANTRY,HELSMITHS OF HASHUT,DUARDIN,CHAMPION",Weapon Butt,melee,1,4,4,0,1,,-,90,5,4,1,Default,5,,"Scorched Remains [Activated · Once Per Turn (Army), Your Shooting Phase] | Manglers of Metal [Passive]",Helsmiths of Hashut - Library.cat#3d15-3f55-b836-84b6
The Blood of the Bull,Helsmiths of Hashut,,2,4,,"INFANTRY,UNIQUE,CHAMPION,CHAOS,DUARDIN,STANDARD BEARER (1/5),HELSMITHS OF HASHUT",Daemonflame Weapons,melee,2,3,4,1,1,,-,120,5,4,1,Default,3,,Infernal Empowerment [Passive],Helsmiths of Hashut - Library.cat#35e3-f1fc-1f7a-8151
The Blood of the Bull,Helsmiths of Hashut,,2,4,,"INFANTRY,UNIQUE,CHAMPION,CHAOS,DUARDIN,STANDARD BEARER (1/5),HELSMITHS OF HASHUT",Blades and Fists,melee,2,4,4,0,1,,-,120,5,4,1,Default,2,,Infernal Empowerment [Passive],Helsmiths of Hashut - Library.cat#35e3-f1fc-1f7a-8151
The Blood of the Bull,Helsmiths of Hashut,,2,4,,"INFANTRY,UNIQUE,CHAMPION,CHAOS,DUARDIN,STANDARD BEARER (1/5),HELSMITHS OF HASHUT",Master-crafted Flamehurler,ranged,4,2,4,2,1,12,Shoot in Combat,120,5,4,1,Default,1,,Infernal Empowerment [Passive],Helsmiths of Hashut - Library.cat#35e3-f1fc-1f7a-8151
Tormentor Bombard,Helsmiths of Hashut,War Machine,8,3,,"CHAOS,HELSMITHS OF HASHUT,WAR MACHINE",Torrent of Ruinous Energy,ranged,4,3,3,1,2,30,"Anti-**^^Cavalry^^** (+1 Rend), Anti-**^^Infantry^^** (+1 Rend)",130,1,4,2,Default,1,,"Ruinous Bombardment [Activated · Once Per Turn (Army), Your Shooting Phase] | Calculated Trajectory [Passive]",Helsmiths of Hashut - Library.cat#b198-5cf9-e447-35c6
Tormentor Bombard,Helsmiths of Hashut,War Machine,8,3,,"CHAOS,HELSMITHS OF HASHUT,WAR MACHINE",Artillerist Weapons,melee,3,4,4,0,1,,-,130,1,4,2,Default,1,,"Ruinous Bombardment [Activated · Once Per Turn (Army), Your Shooting Phase] | Calculated Trajectory [Passive]",Helsmiths of Hashut - Library.cat#b198-5cf9-e447-35c6
"Urak Taar, the First Daemonsmith",Helsmiths of Hashut,Monster Hero,16,3,,"HERO,UNIQUE,WARMASTER,CHAOS,WAR MACHINE,MONSTER,FLY,HELSMITHS OF HASHUT,DUARDIN,WIZARD (2)",Dumakar,melee,4,4,3,1,2,,-,340,1,10,5,Default,1,,"Pitiless Trampling [Activated · Once Per Turn (Army), Any Charge Phase · Rampage] | Peerless Among Daemonsmiths [Passive] | The Curse of Stone [Spell · Your Hero Phase · casting value 7 · Spell] | Battle Damaged [Passive] | Master of Daemonic Power [Activated · Enemy Hero Phase]",Helsmiths of Hashut - Library.cat#a1f1-b30e-abe9-a234
"Urak Taar, the First Daemonsmith",Helsmiths of Hashut,Monster Hero,16,3,,"HERO,UNIQUE,WARMASTER,CHAOS,WAR MACHINE,MONSTER,FLY,HELSMITHS OF HASHUT,DUARDIN,WIZARD (2)",Ruinous Torrents,ranged,6,4,4,1,2,18,"Crit (2 Hits), Shoot in Combat",340,1,10,5,Default,1,,"Pitiless Trampling [Activated · Once Per Turn (Army), Any Charge Phase · Rampage] | Peerless Among Daemonsmiths [Passive] | The Curse of Stone [Spell · Your Hero Phase · casting value 7 · Spell] | Battle Damaged [Passive] | Master of Daemonic Power [Activated · Enemy Hero Phase]",Helsmiths of Hashut - Library.cat#a1f1-b30e-abe9-a234
"Urak Taar, the First Daemonsmith",Helsmiths of Hashut,Monster Hero,16,3,,"HERO,UNIQUE,WARMASTER,CHAOS,WAR MACHINE,MONSTER,FLY,HELSMITHS OF HASHUT,DUARDIN,WIZARD (2)",Ghorrakos's Horns and Hooves,melee,6,4,2,2,3,,"Charge (+1 Damage), Companion",340,1,10,5,Default,1,,"Pitiless Trampling [Activated · Once Per Turn (Army), Any Charge Phase · Rampage] | Peerless Among Daemonsmiths [Passive] | The Curse of Stone [Spell · Your Hero Phase · casting value 7 · Spell] | Battle Damaged [Passive] | Master of Daemonic Power [Activated · Enemy Hero Phase]",Helsmiths of Hashut - Library.cat#a1f1-b30e-abe9-a234
War Despot,Helsmiths of Hashut,Infantry Hero,6,3,,"HERO,CHAOS,HELSMITHS OF HASHUT,DUARDIN,INFANTRY",Daemonflame Glaive,melee,5,3,3,1,2,,Crit (Mortal),80,1,4,2,Default,1,,"'Fight, You Scum!' [Activated · Reaction: You declared a Fight ability for this unit] | Black-Hearted Conqueror [Passive]",Helsmiths of Hashut - Library.cat#9d64-66aa-7eaa-7b55
Abyssal Tendril,Idoneth Deepkin,,1,6,6,"WARD (6+),MANIFESTATION,ENDLESS SPELL,ORDER,IDONETH DEEPKIN,INCARNATE",Freezing Grasp,melee,4,4,2,1,2,,-,170,1,,,,,,"Crushing Coil [Passive] | Watery Clutch [Activated · Once Per Turn (Army), Any Combat Phase]",Idoneth Deepkin - Library.cat#dab7-b1f5-b4ae-ecba
Akhelian Allopex,Idoneth Deepkin,Cavalry,8,4,,"IDONETH DEEPKIN,ORDER,CAVALRY,FLY,AELF,AKHELIAN",Barbed Hooks and Blades,melee,4,3,4,1,1,,-,160,1,12,2,Default,1,,Bloodthirsty Predators [Passive] | Ensnared [Activated · Any Shooting Phase],Idoneth Deepkin - Library.cat#91f6-6340-d95c-b89d
Akhelian Allopex,Idoneth Deepkin,Cavalry,8,4,,"IDONETH DEEPKIN,ORDER,CAVALRY,FLY,AELF,AKHELIAN",Allopex’s Ferocious Bite,melee,3,4,2,2,2,,"Anti‑**^^Monster^^** (+1 Rend), Companion",160,1,12,2,Default,1,,Bloodthirsty Predators [Passive] | Ensnared [Activated · Any Shooting Phase],Idoneth Deepkin - Library.cat#91f6-6340-d95c-b89d
Akhelian Allopex,Idoneth Deepkin,Cavalry,8,4,,"IDONETH DEEPKIN,ORDER,CAVALRY,FLY,AELF,AKHELIAN",Razorshell Harpoon,ranged,2,3,2,1,3,18,Anti‑**^^Monster^^** (+1 Rend),160,1,12,2,Default,1,,Bloodthirsty Predators [Passive] | Ensnared [Activated · Any Shooting Phase],Idoneth Deepkin - Library.cat#91f6-6340-d95c-b89d
Akhelian Allopex,Idoneth Deepkin,Cavalry,8,4,,"IDONETH DEEPKIN,ORDER,CAVALRY,FLY,AELF,AKHELIAN",Retarius Net Launcher,ranged,2,3,2,1,3,18,Anti‑**^^Cavalry^^** (+1 Rend),160,1,12,2,Option,,,Bloodthirsty Predators [Passive] | Ensnared [Activated · Any Shooting Phase],Idoneth Deepkin - Library.cat#91f6-6340-d95c-b89d
Akhelian Ishlaen Guard,Idoneth Deepkin,Cavalry,4,4,,"CAVALRY,CHAMPION,MUSICIAN (1/3),STANDARD BEARER (1/3),FLY,ORDER,IDONETH DEEPKIN,AELF,AKHELIAN",Helsabre,melee,3,3,4,1,1,,-,170,3,14,1,Default,3,,Biovoltaic Barrier [Activated · Any Combat Phase] | Galv-shields [Passive],Idoneth Deepkin - Library.cat#4a97-b100-c4de-f706
Akhelian Ishlaen Guard,Idoneth Deepkin,Cavalry,4,4,,"CAVALRY,CHAMPION,MUSICIAN (1/3),STANDARD BEARER (1/3),FLY,ORDER,IDONETH DEEPKIN,AELF,AKHELIAN",Fangmora’s Fangs and Lashing Tail,melee,3,4,3,1,2,,Companion,170,3,14,1,Default,3,,Biovoltaic Barrier [Activated · Any Combat Phase] | Galv-shields [Passive],Idoneth Deepkin - Library.cat#4a97-b100-c4de-f706
Akhelian King,Idoneth Deepkin,Cavalry Hero,7,3,,"HERO,FLY,IDONETH DEEPKIN,AELF,CAVALRY,AKHELIAN,ORDER","Deepmare’s Fangs, Talons and Lashing Tails",melee,4,4,3,1,2,,Companion,140,1,12,2,Default,1,,"Wave Rider [Activated · Any Charge Phase] | Crest of the Wave [Activated · Once Per Turn (Army), Any Combat Phase]",Idoneth Deepkin - Library.cat#1d8e-2553-5bf3-901b
Akhelian King,Idoneth Deepkin,Cavalry Hero,7,3,,"HERO,FLY,IDONETH DEEPKIN,AELF,CAVALRY,AKHELIAN,ORDER",Akhelian Royal Weapons,melee,5,3,4,1,2,,Charge (+1 Damage),140,1,12,2,Default,1,,"Wave Rider [Activated · Any Charge Phase] | Crest of the Wave [Activated · Once Per Turn (Army), Any Combat Phase]",Idoneth Deepkin - Library.cat#1d8e-2553-5bf3-901b
Akhelian Leviadon,Idoneth Deepkin,Monster,16,3,5,"IDONETH DEEPKIN,ORDER,FLY,AELF,AKHELIAN,MONSTER,WARD (5+)",Crew’s Spears and Harpoons,melee,4,3,4,1,1,,-,450,1,10,5,Default,1,,"Battle Damaged [Passive] | Crushing Charge [Activated · Once Per Turn (Army), Any Charge Phase · Rampage] | Void Drum [Passive]",Idoneth Deepkin - Library.cat#8e30-fc7b-3b12-a269
Akhelian Leviadon,Idoneth Deepkin,Monster,16,3,5,"IDONETH DEEPKIN,ORDER,FLY,AELF,AKHELIAN,MONSTER,WARD (5+)",Leviadon’s Scythed Fins and Crushing Jaws,melee,7,4,2,2,3,,"Crit (Mortal), Companion",450,1,10,5,Default,1,,"Battle Damaged [Passive] | Crushing Charge [Activated · Once Per Turn (Army), Any Charge Phase · Rampage] | Void Drum [Passive]",Idoneth Deepkin - Library.cat#8e30-fc7b-3b12-a269
Akhelian Leviadon,Idoneth Deepkin,Monster,16,3,5,"IDONETH DEEPKIN,ORDER,FLY,AELF,AKHELIAN,MONSTER,WARD (5+)",Razorshell Harpoon Launchers,ranged,4,3,2,1,3,18,Anti‑**^^Monster^^** (+1 Rend),450,1,10,5,Default,1,,"Battle Damaged [Passive] | Crushing Charge [Activated · Once Per Turn (Army), Any Charge Phase · Rampage] | Void Drum [Passive]",Idoneth Deepkin - Library.cat#8e30-fc7b-3b12-a269
Akhelian Morrsarr Guard,Idoneth Deepkin,Cavalry,4,4,,"CAVALRY,CHAMPION,MUSICIAN (1/3),STANDARD BEARER (1/3),FLY,ORDER,IDONETH DEEPKIN,AELF,AKHELIAN",Voltspear,melee,2,3,4,1,1,,"Charge (+1 Damage), Anti‑**^^Cavalry^^** (+1 Rend)",160,3,14,1,Default,3,,Biovoltaic Blast [Activated · Any Charge Phase],Idoneth Deepkin - Library.cat#f3a8-6043-25e2-51ea
Akhelian Morrsarr Guard,Idoneth Deepkin,Cavalry,4,4,,"CAVALRY,CHAMPION,MUSICIAN (1/3),STANDARD BEARER (1/3),FLY,ORDER,IDONETH DEEPKIN,AELF,AKHELIAN",Fangmora’s Fangs and Lashing Tail,melee,3,4,3,1,2,,Companion,160,3,14,1,Default,3,,Biovoltaic Blast [Activated · Any Charge Phase],Idoneth Deepkin - Library.cat#f3a8-6043-25e2-51ea
Akhelian Thrallmaster,Idoneth Deepkin,Infantry Hero,5,5,,"HERO,IDONETH DEEPKIN,AELF,ORDER,INFANTRY,AKHELIAN",Esoteric Weapons,melee,6,3,4,1,2,,-,90,1,6,2,Default,1,,Thrallmaster [Activated · Reaction: You declared a Fight ability for this unit] | Akhelian Insights [Activated · Any Combat Phase],Idoneth Deepkin - Library.cat#8b16-dadd-dd26-1c6d
Cyreni's Razors,Idoneth Deepkin,,2,5,,"ORDER,INFANTRY,UNIQUE,CHAMPION,AELF,AKHELIAN,NAMARTI,IDONETH DEEPKIN",Lanmari Weapons,melee,2,3,4,1,1,,-,120,4,6,1,Default,3,,Phase Ink [Activated · Any Combat Phase] | Cyreni of the Abyss [Passive],Idoneth Deepkin - Library.cat#dae7-8e98-2728-4890
Cyreni's Razors,Idoneth Deepkin,,2,5,,"ORDER,INFANTRY,UNIQUE,CHAMPION,AELF,AKHELIAN,NAMARTI,IDONETH DEEPKIN",Cephanyr’s Tentacles,melee,6,4,3,0,1,,Companion,120,4,6,1,Default,1,,Phase Ink [Activated · Any Combat Phase] | Cyreni of the Abyss [Passive],Idoneth Deepkin - Library.cat#dae7-8e98-2728-4890
"Eidolon of Mathlann, Aspect of the Sea",Idoneth Deepkin,Monster Hero,12,3,5,"HERO,FLY,MONSTER,WARD (5+),IDONETH DEEPKIN,AELF,EIDOLON,WIZARD (2),ORDER",Blasts of Abyssal Energy,ranged,3,3,3,2,2,12,-,340,1,10,5,Default,1,,"Dormant Energies [Passive] | Tranquillity of the Abyss [Passive] | Vengeful Waves [Activated · Once Per Turn (Army), Any Charge Phase · Rampage] | Tsunami of Terror [Spell · Your Hero Phase · casting value 7 · Spell]",Idoneth Deepkin - Library.cat#9ca1-3e30-fb7-44c0
"Eidolon of Mathlann, Aspect of the Sea",Idoneth Deepkin,Monster Hero,12,3,5,"HERO,FLY,MONSTER,WARD (5+),IDONETH DEEPKIN,AELF,EIDOLON,WIZARD (2),ORDER",Psi-trident and Deep-sea Sceptre,melee,7,3,3,1,2,,-,340,1,10,5,Default,1,,"Dormant Energies [Passive] | Tranquillity of the Abyss [Passive] | Vengeful Waves [Activated · Once Per Turn (Army), Any Charge Phase · Rampage] | Tsunami of Terror [Spell · Your Hero Phase · casting value 7 · Spell]",Idoneth Deepkin - Library.cat#9ca1-3e30-fb7-44c0
"Eidolon of Mathlann, Aspect of the Storm",Idoneth Deepkin,Monster Hero,12,3,5,"HERO,FLY,MONSTER,WARD (5+),IDONETH DEEPKIN,AELF,EIDOLON,ORDER",Spear of Repressed Fury and Crulhook,melee,7,3,2,2,2,,Charge (+1 Damage),280,1,10,5,Default,1,,"Drench With Hate [Passive] | Crashing Upon the Foe [Passive] | Pulled Into the Depths [Activated · Once Per Turn (Army), Any Charge Phase · Rampage]",Idoneth Deepkin - Library.cat#2f12-e371-2aa-baa2
Elathain's Soulraid,Idoneth Deepkin,,2,5,,"ORDER,INFANTRY,UNIQUE,CHAMPION,AELF,AKHELIAN,NAMARTI,IDONETH DEEPKIN",Riptide Harpoon,ranged,1,3,4,1,2,8,Shoot in Combat,80,5,6,1,Default,1,,Elathain's Lurelight [Activated · End of Any Turn] | Soulnet [Activated · Any Combat Phase],Idoneth Deepkin - Library.cat#460b-a097-4b5f-3376
Elathain's Soulraid,Idoneth Deepkin,,2,5,,"ORDER,INFANTRY,UNIQUE,CHAMPION,AELF,AKHELIAN,NAMARTI,IDONETH DEEPKIN",Soulraid Weapons,melee,2,3,4,1,1,,-,80,5,6,1,Default,5,,Elathain's Lurelight [Activated · End of Any Turn] | Soulnet [Activated · Any Combat Phase],Idoneth Deepkin - Library.cat#460b-a097-4b5f-3376
Ikon of the Sea,Idoneth Deepkin,Infantry Hero,6,4,,"HERO,IDONETH DEEPKIN,AELF,ORDER,INFANTRY,AKHELIAN",Tidal Glaive,melee,5,3,3,1,2,,Charge (+1 Damage),120,1,7,2,Default,1,,"The Surging Sea [Activated · Once Per Turn (Army), Your Charge Phase] | Rapid Approach [Passive]",Idoneth Deepkin - Library.cat#565b-35a6-8589-d10b
Ikon of the Storm,Idoneth Deepkin,Infantry Hero,6,4,,"HERO,IDONETH DEEPKIN,AELF,ORDER,INFANTRY,AKHELIAN",Maelstrom Blades,melee,7,3,4,1,2,,-,130,1,7,2,Default,1,,"Storm of Blades [Activated · Once Per Battle, Any Combat Phase] | Whirlpool's Fury [Passive]",Idoneth Deepkin - Library.cat#ef74-f822-eae2-d57c
Incarnate of the Deep,Idoneth Deepkin,,1,6,6,"WARD (6+),MANIFESTATION,ENDLESS SPELL,FLY,ORDER,IDONETH DEEPKIN,INCARNATE",Crushing Maw and Scything Waves,melee,6,4,2,1,3,,Anti-**^^Faction Terrain^^** (+1 Rend),90,1,,,,,,Surrender to the Sea [Passive] | Grasping Tendrils [Activated · Any Hero Phase] | Wild Form [Passive],Idoneth Deepkin - Library.cat#57e2-8574-3a89-5b81
Isharann Soulrender,Idoneth Deepkin,Infantry Hero,5,3,,"HERO,IDONETH DEEPKIN,AELF,ORDER,ISHARANN,INFANTRY",Rakerdart’s Serrated Bill,melee,3,4,4,1,1,,Companion,90,1,6,2,Default,1,,Lurelight [Activated · End of Any Turn] | Hangman's Knot [Activated · Any Combat Phase],Idoneth Deepkin - Library.cat#b597-c539-60f-da1f
Isharann Soulrender,Idoneth Deepkin,Infantry Hero,5,3,,"HERO,IDONETH DEEPKIN,AELF,ORDER,ISHARANN,INFANTRY",Talúnhook,melee,4,3,4,1,2,,-,90,1,6,2,Default,1,,Lurelight [Activated · End of Any Turn] | Hangman's Knot [Activated · Any Combat Phase],Idoneth Deepkin - Library.cat#b597-c539-60f-da1f
Isharann Soulscryer,Idoneth Deepkin,Infantry Hero,5,5,,"HERO,IDONETH DEEPKIN,AELF,ORDER,ISHARANN,INFANTRY,WIZARD (1)",Abyssal Touch,melee,4,3,4,0,2,,-,100,1,6,2,Default,1,,Finder of Ways [Activated · Reaction: You declared the 'Unpredictable Tide' ability or the 'Steed of Tides' ability],Idoneth Deepkin - Library.cat#1296-cd3a-b6fc-f28f
Isharann Tidecaster,Idoneth Deepkin,Infantry Hero,5,5,,"HERO,IDONETH DEEPKIN,AELF,ORDER,WIZARD (1),ISHARANN",Pelagic Staff,melee,4,3,4,1,2,,-,100,1,6,2,Default,1,,"Master of the Ethersea [Activated · Once Per Turn (Army), Your Hero Phase]",Idoneth Deepkin - Library.cat#b3e9-4dba-c419-550
"Lotann, Warden of the Soul Ledgers",Idoneth Deepkin,Infantry Hero,5,5,,"HERO,IDONETH DEEPKIN,AELF,UNIQUE,ORDER,INFANTRY,ISHARANN,WIZARD (1)",Meloch’s Tentacles and Weapons,melee,8,4,4,1,1,,Companion,100,1,6,2,Default,1,,"Fount of Willpower [Activated · Once Per Turn, Reaction: You declared a Spell ability for a friendly Isharann unit wholly within 12"" of this unit] | Catalogue of Souls [Passive] | Empowered by Memory [Spell · Your Hero Phase · casting value 7 · Spell]",Idoneth Deepkin - Library.cat#50be-c90a-20c4-66ed
"Mathaela, Oracle of the Abyss",Idoneth Deepkin,Infantry Hero,6,5,6,"HERO,IDONETH DEEPKIN,AELF,UNIQUE,ORDER,INFANTRY,ISHARANN,WARD (6+),WIZARD (1),FLY",Riptide Blast,ranged,3,2,4,1,2,18,Shoot in Combat,150,1,10,2,Default,1,,Siren Song of The Abyss [Activated · Any Combat Phase] | Crushing Pressure [Spell · Your Hero Phase · casting value 7 · Spell],Idoneth Deepkin - Library.cat#bf44-ec35-5b38-b2db
"Mathaela, Oracle of the Abyss",Idoneth Deepkin,Infantry Hero,6,5,6,"HERO,IDONETH DEEPKIN,AELF,UNIQUE,ORDER,INFANTRY,ISHARANN,WARD (6+),WIZARD (1),FLY",Staff of the Abyss,melee,3,3,4,1,2,,-,150,1,10,2,Default,1,,Siren Song of The Abyss [Activated · Any Combat Phase] | Crushing Pressure [Spell · Your Hero Phase · casting value 7 · Spell],Idoneth Deepkin - Library.cat#bf44-ec35-5b38-b2db
"Mathaela, Oracle of the Abyss",Idoneth Deepkin,Infantry Hero,6,5,6,"HERO,IDONETH DEEPKIN,AELF,UNIQUE,ORDER,INFANTRY,ISHARANN,WARD (6+),WIZARD (1),FLY",Dark Shoal’s Ferocious Bites,melee,5,4,3,1,1,,Companion,150,1,10,2,Default,1,,Siren Song of The Abyss [Activated · Any Combat Phase] | Crushing Pressure [Spell · Your Hero Phase · casting value 7 · Spell],Idoneth Deepkin - Library.cat#bf44-ec35-5b38-b2db
Namarti Reavers,Idoneth Deepkin,Cavalry,1,5,,"CHAMPION,ORDER,IDONETH DEEPKIN,AELF,INFANTRY,NAMARTI",Keening Blade,melee,1,3,4,0,1,,-,110,10,7,1,Default,10,,Strike On the Move [Passive],Idoneth Deepkin - Library.cat#f462-e74d-b319-9dbc
Namarti Reavers,Idoneth Deepkin,Cavalry,1,5,,"CHAMPION,ORDER,IDONETH DEEPKIN,AELF,INFANTRY,NAMARTI",Whisperbow,ranged,2,3,4,1,1,12,Crit (Auto-wound),110,10,7,1,Default,10,,Strike On the Move [Passive],Idoneth Deepkin - Library.cat#f462-e74d-b319-9dbc
Namarti Thralls,Idoneth Deepkin,Cavalry,1,5,,"CHAMPION,ORDER,IDONETH DEEPKIN,AELF,INFANTRY,NAMARTI",Lanmari,melee,2,3,4,1,1,,"Anti‑**^^Infantry^^** (+1 Rend), Anti-**^^Monster^^** (+1 Rend)",90,10,6,1,Default,10,,Sweeping Blows [Activated · Reaction: You declared a Fight ability for this unit],Idoneth Deepkin - Library.cat#719d-2822-d67a-2ec8
"Volturnos, High King of the Deep",Idoneth Deepkin,Cavalry Hero,8,3,,"HERO,FLY,IDONETH DEEPKIN,AELF,WARMASTER,CAVALRY,UNIQUE,AKHELIAN,ORDER",The Astra Solus,melee,6,2,3,1,2,,Charge (+1 Damage),190,1,12,2,Default,1,,"First Among Akhelians [Passive] | Cealith, the High King's Shield [Passive] | Supreme Lord of Tides [Activated · Once Per Battle, Any Combat Phase]",Idoneth Deepkin - Library.cat#301e-efbe-65c3-bf78
"Volturnos, High King of the Deep",Idoneth Deepkin,Cavalry Hero,8,3,,"HERO,FLY,IDONETH DEEPKIN,AELF,WARMASTER,CAVALRY,UNIQUE,AKHELIAN,ORDER","Uasall’s Fangs, Talons and Lashing Tails",melee,4,4,3,1,2,,Companion,190,1,12,2,Default,1,,"First Among Akhelians [Passive] | Cealith, the High King's Shield [Passive] | Supreme Lord of Tides [Activated · Once Per Battle, Any Combat Phase]",Idoneth Deepkin - Library.cat#301e-efbe-65c3-bf78
Ardboy Big Boss,Ironjawz,Infantry Hero,7,3,,"HERO,DESTRUCTION,IRONJAWZ,INFANTRY",Boss-hacka and Choppa,melee,7,4,3,1,2,,-,90,1,4,2,Default,1,,Iron-fisted Commander [Passive] | Get Bashin'! [Passive],Ironjawz - Library.cat#e020-20c4-a638-6d2b
Ardboyz,Ironjawz,Infantry,2,3,,"INFANTRY,CHAMPION,DESTRUCTION,IRONJAWZ,STANDARD BEARER (1/10)",Choppa or Stikka,melee,2,4,3,1,1,,Anti-charge (+1 Rend),160,10,4,1,Default,10,,Shield Bash [Activated · Any Combat Phase],Ironjawz - Library.cat#f757-3f6b-a13a-546a
Brute Ragerz,Ironjawz,Infantry,3,5,,"INFANTRY,DESTRUCTION,IRONJAWZ,BRUTE",Rager Weapons,melee,3,4,2,1,2,,Anti-**^^Monster^^** (+1 Rend),100,3,4,1,Default,3,,Berserkers [Passive] | Unleashed Rage [Passive],Ironjawz - Library.cat#d77b-a0ba-7d99-28d5
Brutes,Ironjawz,Infantry,3,3,,"INFANTRY,CHAMPION,DESTRUCTION,IRONJAWZ,BRUTE",Brute Weapons,melee,3,4,3,1,2,,Anti-**^^Infantry^^** (+1 Rend),160,5,4,1,Default,5,,You Messin'? [Passive],Ironjawz - Library.cat#f330-c2f2-f018-d93b
Brutes,Ironjawz,Infantry,3,3,,"INFANTRY,CHAMPION,DESTRUCTION,IRONJAWZ,BRUTE",Gore-choppa,melee,3,4,3,2,3,,-,160,5,4,1,Option,,,You Messin'? [Passive],Ironjawz - Library.cat#f330-c2f2-f018-d93b
"Gordrakk, the Fist of Gork",Ironjawz,Monster Hero,20,3,,"HERO,UNIQUE,MONSTER,WARMASTER,DESTRUCTION,IRONJAWZ,MAW-KRUSHA,FLY",Smasha and Kunnin’,melee,8,3,2,1,2,,Anti-**^^Hero^^** (+1 Rend),340,1,10,5,Default,1,,"Battle Damaged [Passive] | Monster Grapple [Activated · Once Per Turn (Army), Any Combat Phase · Rampage] | Voice of Gork [Activated · Once Per Battle, Reaction: You declared a Waaagh! ability] | Strength From Victory [Activated · End of Any Turn]",Ironjawz - Library.cat#b8a1-7664-687e-c0d9
"Gordrakk, the Fist of Gork",Ironjawz,Monster Hero,20,3,,"HERO,UNIQUE,MONSTER,WARMASTER,DESTRUCTION,IRONJAWZ,MAW-KRUSHA,FLY",Bigteef’s Fists and Tail,melee,8,4,2,1,3,,"Anti-**^^Monster^^** (+1 Rend), Companion",340,1,10,5,Default,1,,"Battle Damaged [Passive] | Monster Grapple [Activated · Once Per Turn (Army), Any Combat Phase · Rampage] | Voice of Gork [Activated · Once Per Battle, Reaction: You declared a Waaagh! ability] | Strength From Victory [Activated · End of Any Turn]",Ironjawz - Library.cat#b8a1-7664-687e-c0d9
"Gordrakk, the Fist of Gork",Ironjawz,Monster Hero,20,3,,"HERO,UNIQUE,MONSTER,WARMASTER,DESTRUCTION,IRONJAWZ,MAW-KRUSHA,FLY",Bigteef’s Roar,ranged,6,2,3,0,1,8,"Shoot in Combat, Companion",340,1,10,5,Default,1,,"Battle Damaged [Passive] | Monster Grapple [Activated · Once Per Turn (Army), Any Combat Phase · Rampage] | Voice of Gork [Activated · Once Per Battle, Reaction: You declared a Waaagh! ability] | Strength From Victory [Activated · End of Any Turn]",Ironjawz - Library.cat#b8a1-7664-687e-c0d9
Gore-gruntas,Ironjawz,Cavalry,5,3,,"CHAMPION,DESTRUCTION,IRONJAWZ,CAVALRY",Choppa or Hacka,melee,4,4,3,1,1,,Anti-**^^Cavalry^^**(+1 Rend),160,3,9,2,Default,3,,Gore-grunta Charge [Activated · Any Charge Phase],Ironjawz - Library.cat#f4bd-9f1c-cc46-5b5e
Gore-gruntas,Ironjawz,Cavalry,5,3,,"CHAMPION,DESTRUCTION,IRONJAWZ,CAVALRY",Grunta’s Tusks,melee,4,4,2,0,1,,"Charge (+1 Damage), Companion",160,3,9,2,Default,3,,Gore-grunta Charge [Activated · Any Charge Phase],Ironjawz - Library.cat#f4bd-9f1c-cc46-5b5e
Ironskull's Boyz,Ironjawz,,3,3,,"UNIQUE,CHAMPION,DESTRUCTION,INFANTRY,IRONJAWZ",Ardboy Weapons,melee,2,4,3,1,1,,Anti-charge (+1 Rend),110,4,4,1,Default,4,,Dead 'Ard [Passive],Ironjawz - Library.cat#fd56-6594-4cd4-c765
Maw-grunta Gougers,Ironjawz,Monster,12,4,,"MONSTER,DESTRUCTION,IRONJAWZ,MAW-GRUNTA",Choppas,melee,4,4,3,1,2,,-,200,1,10,5,Default,1,,"Flattened into the Mud [Activated · Once Per Turn (Army), Any Combat Phase · Rampage] | Unstoppable Momentum [Passive]",Ironjawz - Library.cat#ce75-dedf-3b6f-9a7c
Maw-grunta Gougers,Ironjawz,Monster,12,4,,"MONSTER,DESTRUCTION,IRONJAWZ,MAW-GRUNTA",Maw-grunta’s Tusks,melee,5,4,2,2,2,,Companion,200,1,10,5,Default,1,,"Flattened into the Mud [Activated · Once Per Turn (Army), Any Combat Phase · Rampage] | Unstoppable Momentum [Passive]",Ironjawz - Library.cat#ce75-dedf-3b6f-9a7c
Maw-grunta Gougers,Ironjawz,Monster,12,4,,"MONSTER,DESTRUCTION,IRONJAWZ,MAW-GRUNTA",Maw-grunta’s Trotters,melee,4,5,2,0,2,,Companion,200,1,10,5,Default,1,,"Flattened into the Mud [Activated · Once Per Turn (Army), Any Combat Phase · Rampage] | Unstoppable Momentum [Passive]",Ironjawz - Library.cat#ce75-dedf-3b6f-9a7c
Maw-grunta with Hakkin' Krew,Ironjawz,Monster,12,3,,"MONSTER,DESTRUCTION,IRONJAWZ,MAW-GRUNTA",Choppas,melee,4,4,3,1,2,,-,250,1,10,5,Default,1,,"Carve a Path [Activated · Once Per Turn (Army), Your Movement Phase · Core, Move, Rampage] | Unstoppable Momentum [Passive]",Ironjawz - Library.cat#2ccb-7f24-4e64-9431
Maw-grunta with Hakkin' Krew,Ironjawz,Monster,12,3,,"MONSTER,DESTRUCTION,IRONJAWZ,MAW-GRUNTA",Maw-grunta’s Tusks,melee,5,4,2,2,2,,Companion,250,1,10,5,Default,1,,"Carve a Path [Activated · Once Per Turn (Army), Your Movement Phase · Core, Move, Rampage] | Unstoppable Momentum [Passive]",Ironjawz - Library.cat#2ccb-7f24-4e64-9431
Maw-grunta with Hakkin' Krew,Ironjawz,Monster,12,3,,"MONSTER,DESTRUCTION,IRONJAWZ,MAW-GRUNTA",Maw-grunta’s Trotters,melee,4,5,2,0,2,,Companion,250,1,10,5,Default,1,,"Carve a Path [Activated · Once Per Turn (Army), Your Movement Phase · Core, Move, Rampage] | Unstoppable Momentum [Passive]",Ironjawz - Library.cat#2ccb-7f24-4e64-9431
Maw-grunta with Hakkin' Krew,Ironjawz,Monster,12,3,,"MONSTER,DESTRUCTION,IRONJAWZ,MAW-GRUNTA",Kill-choppas,melee,4,4,3,1,1,,-,250,1,10,5,Default,1,,"Carve a Path [Activated · Once Per Turn (Army), Your Movement Phase · Core, Move, Rampage] | Unstoppable Momentum [Passive]",Ironjawz - Library.cat#2ccb-7f24-4e64-9431
Megaboss,Ironjawz,Infantry Hero,8,3,,"HERO,DESTRUCTION,INFANTRY,IRONJAWZ",Boss-choppa,melee,8,4,2,1,2,,-,130,1,4,2,Default,1,,Lead da Brutes [Activated · Reaction: You declared a Fight ability for this unit] | Strength From Victory [Activated · End of Any Turn],Ironjawz - Library.cat#4e07-f63a-6315-b48b
Megaboss on Maw-krusha,Ironjawz,Monster Hero,18,3,,"HERO,MONSTER,DESTRUCTION,IRONJAWZ,MAW-KRUSHA,FLY",Boss-choppa or Boss-hacka,melee,8,4,2,1,2,,Anti-**^^Infantry^^** (+1 Rend),330,1,10,5,Default,1,,"Battle Damaged [Passive] | Destructive Bulk [Activated · Once Per Turn (Army), Any Combat Phase · Rampage] | Strength From Victory [Activated · End of Any Turn]",Ironjawz - Library.cat#8400-417c-251b-860a
Megaboss on Maw-krusha,Ironjawz,Monster Hero,18,3,,"HERO,MONSTER,DESTRUCTION,IRONJAWZ,MAW-KRUSHA,FLY",Maw-krusha’s Fists and Tail,melee,8,4,2,1,3,,"Anti-**^^Infantry^^** (+1 Rend), Companion",330,1,10,5,Default,1,,"Battle Damaged [Passive] | Destructive Bulk [Activated · Once Per Turn (Army), Any Combat Phase · Rampage] | Strength From Victory [Activated · End of Any Turn]",Ironjawz - Library.cat#8400-417c-251b-860a
Megaboss on Maw-krusha,Ironjawz,Monster Hero,18,3,,"HERO,MONSTER,DESTRUCTION,IRONJAWZ,MAW-KRUSHA,FLY",Maw-krusha’s Roar,ranged,6,2,3,0,1,8,"Shoot in Combat, Companion",330,1,10,5,Default,1,,"Battle Damaged [Passive] | Destructive Bulk [Activated · Once Per Turn (Army), Any Combat Phase · Rampage] | Strength From Victory [Activated · End of Any Turn]",Ironjawz - Library.cat#8400-417c-251b-860a
Morgok's Krushas,Ironjawz,,3,3,,"UNIQUE,CHAMPION,DESTRUCTION,INFANTRY,IRONJAWZ,BRUTE",Krusha Weapons,melee,3,4,3,1,2,,Anti-**^^Monster^^** (+1 Rend),110,3,4,1,Default,3,,In Their Element [Passive],Ironjawz - Library.cat#5e0d-b8d1-f5e7-f1df
Tuskboss on Maw-grunta,Ironjawz,Monster Hero,14,3,,"HERO,MONSTER,DESTRUCTION,IRONJAWZ,MAW-GRUNTA",Pig-hacka,melee,7,4,3,1,2,,-,270,1,10,5,Default,1,,"Battle Damaged [Passive] | Head of the Stampede [Activated · Once Per Turn (Army), Any Charge Phase · Rampage] | Unstoppable Momentum [Passive]",Ironjawz - Library.cat#3520-fc6a-d4fc-1c1f
Tuskboss on Maw-grunta,Ironjawz,Monster Hero,14,3,,"HERO,MONSTER,DESTRUCTION,IRONJAWZ,MAW-GRUNTA",Maw-grunta’s Tusks,melee,5,4,2,2,2,,Companion,270,1,10,5,Default,1,,"Battle Damaged [Passive] | Head of the Stampede [Activated · Once Per Turn (Army), Any Charge Phase · Rampage] | Unstoppable Momentum [Passive]",Ironjawz - Library.cat#3520-fc6a-d4fc-1c1f
Tuskboss on Maw-grunta,Ironjawz,Monster Hero,14,3,,"HERO,MONSTER,DESTRUCTION,IRONJAWZ,MAW-GRUNTA",Maw-grunta’s Trotters,melee,4,5,2,0,2,,Companion,270,1,10,5,Default,1,,"Battle Damaged [Passive] | Head of the Stampede [Activated · Once Per Turn (Army), Any Charge Phase · Rampage] | Unstoppable Momentum [Passive]",Ironjawz - Library.cat#3520-fc6a-d4fc-1c1f
Tuskboss on Maw-grunta,Ironjawz,Monster Hero,14,3,,"HERO,MONSTER,DESTRUCTION,IRONJAWZ,MAW-GRUNTA",Kill-choppas,melee,4,4,3,1,1,,-,270,1,10,5,Default,1,,"Battle Damaged [Passive] | Head of the Stampede [Activated · Once Per Turn (Army), Any Charge Phase · Rampage] | Unstoppable Momentum [Passive]",Ironjawz - Library.cat#3520-fc6a-d4fc-1c1f
Warchanter,Ironjawz,Infantry Hero,6,4,,"HERO,DESTRUCTION,INFANTRY,IRONJAWZ,PRIEST (1)",Gorkstikk and Morkstikk,melee,6,4,3,0,2,,-,110,1,4,2,Default,1,,Rhythm of Destruction [Activated · End of Any Turn],Ironjawz - Library.cat#7d89-20b4-7ed4-6ca0
Weirdbrute Wrekkaz,Ironjawz,Infantry,3,5,5,"INFANTRY,DESTRUCTION,IRONJAWZ,BRUTE,WARD (5+)",Chain-smasha,melee,6,4,3,1,1,,Anti-**^^Infantry^^** (+1 Rend),90,3,4,1,Default,3,,Berserkers [Passive],Ironjawz - Library.cat#c08c-f42b-30bb-ccd
Weirdnob Shaman,Ironjawz,Infantry Hero,6,6,,"HERO,DESTRUCTION,INFANTRY,IRONJAWZ,WIZARD (1)",Green Puke,ranged,4,2,4,0,2,10,Shoot in Combat,110,1,4,2,Default,1,,Brutal Power [Passive],Ironjawz - Library.cat#e824-4e07-12f6-309c
Weirdnob Shaman,Ironjawz,Infantry Hero,6,6,,"HERO,DESTRUCTION,INFANTRY,IRONJAWZ,WIZARD (1)",Waaagh! Staff,melee,3,4,3,1,2,,-,110,1,4,2,Default,1,,Brutal Power [Passive],Ironjawz - Library.cat#e824-4e07-12f6-309c
Zoggrok Anvilsmasha,Ironjawz,Infantry Hero,7,3,,"HERO,UNIQUE,DESTRUCTION,IRONJAWZ,INFANTRY",Skull-crushing Basha,melee,5,4,2,1,2,,-,160,1,4,2,Default,1,,Klonk [Passive] | Power of da Great Green God [Activated · Your Hero Phase] | Ward-smashing Choppa [Passive],Ironjawz - Library.cat#d4c-6af5-1346-a8ab
Zoggrok Anvilsmasha,Ironjawz,Infantry Hero,7,3,,"HERO,UNIQUE,DESTRUCTION,IRONJAWZ,INFANTRY",Ward-smashing Choppa,melee,2,4,2,2,3,,-,160,1,4,2,Default,1,,Klonk [Passive] | Power of da Great Green God [Activated · Your Hero Phase] | Ward-smashing Choppa [Passive],Ironjawz - Library.cat#d4c-6af5-1346-a8ab
Zoggrok Anvilsmasha,Ironjawz,Infantry Hero,7,3,,"HERO,UNIQUE,DESTRUCTION,IRONJAWZ,INFANTRY",Grunta-tongs,melee,4,4,3,0,1,,-,160,1,4,2,Option,,,Klonk [Passive] | Power of da Great Green God [Activated · Your Hero Phase] | Ward-smashing Choppa [Passive],Ironjawz - Library.cat#d4c-6af5-1346-a8ab
Aether-Khemist,Kharadron Overlords,Infantry Hero,5,4,,"HERO,ORDER,INFANTRY,KHARADRON OVERLORDS,DUARDIN,SKYFARER",Heavy Instruments,melee,3,4,4,0,2,,-,100,1,4,2,Default,1,,"Aetheric Augmentation [Activated · Once Per Turn (Army), Your Shooting Phase] | Atmospheric Isolation [Passive]",Kharadron Overlords - Library.cat#26a7-80ea-22a-21ca
Aether-Khemist,Kharadron Overlords,Infantry Hero,5,4,,"HERO,ORDER,INFANTRY,KHARADRON OVERLORDS,DUARDIN,SKYFARER",Atmospheric Anatomiser,ranged,9,4,4,2,1,8,Shoot in Combat,100,1,4,2,Default,1,,"Aetheric Augmentation [Activated · Once Per Turn (Army), Your Shooting Phase] | Atmospheric Isolation [Passive]",Kharadron Overlords - Library.cat#26a7-80ea-22a-21ca
Aetheric Navigator,Kharadron Overlords,Infantry Hero,5,3,,"HERO,ORDER,INFANTRY,KHARADRON OVERLORDS,DUARDIN,SKYFARER",Ranging Pistol,ranged,2,3,3,1,1,10,Shoot in Combat,120,1,4,2,Default,1,,"Read the Winds [Activated · Once Per Turn (Army), Your Movement Phase] | Aethersight [Passive]",Kharadron Overlords - Library.cat#145-80eb-ca00-b9f
Aetheric Navigator,Kharadron Overlords,Infantry Hero,5,3,,"HERO,ORDER,INFANTRY,KHARADRON OVERLORDS,DUARDIN,SKYFARER",Zephyrscope,melee,3,3,4,1,2,,-,120,1,4,2,Default,1,,"Read the Winds [Activated · Once Per Turn (Army), Your Movement Phase] | Aethersight [Passive]",Kharadron Overlords - Library.cat#145-80eb-ca00-b9f
Arkanaut Admiral,Kharadron Overlords,Infantry Hero,6,3,,"HERO,ORDER,INFANTRY,KHARADRON OVERLORDS,DUARDIN,SKYFARER",Masterwork Volley Pistol,ranged,3,3,3,1,2,10,Shoot in Combat,130,1,4,2,Default,1,,"The Admiral's Flagship [Activated · Once Per Turn (Army), Your Shooting Phase] | 'Bring Every Gun to Bear!' [Activated · Once Per Turn (Army), Your Shooting Phase]",Kharadron Overlords - Library.cat#1b27-b5aa-79ae-4130
Arkanaut Admiral,Kharadron Overlords,Infantry Hero,6,3,,"HERO,ORDER,INFANTRY,KHARADRON OVERLORDS,DUARDIN,SKYFARER",Skalfhammer,melee,4,3,3,1,3,,-,130,1,4,2,Default,1,,"The Admiral's Flagship [Activated · Once Per Turn (Army), Your Shooting Phase] | 'Bring Every Gun to Bear!' [Activated · Once Per Turn (Army), Your Shooting Phase]",Kharadron Overlords - Library.cat#1b27-b5aa-79ae-4130
Arkanaut Company,Kharadron Overlords,Infantry,1,4,,"CHAMPION,INFANTRY,ORDER,KHARADRON OVERLORDS,DUARDIN,SKYFARER",Skypike,melee,2,3,3,1,2,,Charge (+1 Damage),80,10,4,1,Option,,,"Grizzled Buccaneers [Activated · Once Per Turn (Army), Any Charge Phase]",Kharadron Overlords - Library.cat#a86c-b6ef-d754-bcb7
Arkanaut Company,Kharadron Overlords,Infantry,1,4,,"CHAMPION,INFANTRY,ORDER,KHARADRON OVERLORDS,DUARDIN,SKYFARER",Privateer Pistol,ranged,2,4,4,0,1,10,Shoot in Combat,80,10,4,1,Default,10,,"Grizzled Buccaneers [Activated · Once Per Turn (Army), Any Charge Phase]",Kharadron Overlords - Library.cat#a86c-b6ef-d754-bcb7
Arkanaut Company,Kharadron Overlords,Infantry,1,4,,"CHAMPION,INFANTRY,ORDER,KHARADRON OVERLORDS,DUARDIN,SKYFARER",Arkanaut Hand Weapon,melee,2,4,4,0,1,,-,80,10,4,1,Default,10,,"Grizzled Buccaneers [Activated · Once Per Turn (Army), Any Charge Phase]",Kharadron Overlords - Library.cat#a86c-b6ef-d754-bcb7
Arkanaut Company,Kharadron Overlords,Infantry,1,4,,"CHAMPION,INFANTRY,ORDER,KHARADRON OVERLORDS,DUARDIN,SKYFARER",Privateer Heavy Weapon,ranged,2,4,3,1,2,15,-,80,10,4,1,Option,,,"Grizzled Buccaneers [Activated · Once Per Turn (Army), Any Charge Phase]",Kharadron Overlords - Library.cat#a86c-b6ef-d754-bcb7
Arkanaut Frigate,Kharadron Overlords,War Machine,14,2,,"ORDER,FLY,KHARADRON OVERLORDS,DUARDIN,WAR MACHINE,SKYVESSEL",Heavy Sky Ordnance,ranged,4,4,2,2,3,24,-,300,1,10,5,Default,1,,"Assault Boat [Activated · Your Charge Phase · Core, Move, Charge] | Battle Damaged [Passive] | Medium Bomb Racks [Activated · Your Movement Phase] | Transport Capacity [Passive] | Incoming! [Activated · Once Per Turn (Army), Any Combat Phase]",Kharadron Overlords - Library.cat#fb94-3fa7-35ae-7a3c
Arkanaut Frigate,Kharadron Overlords,War Machine,14,2,,"ORDER,FLY,KHARADRON OVERLORDS,DUARDIN,WAR MACHINE,SKYVESSEL",Boarding Weapons,melee,8,4,4,0,1,,-,300,1,10,5,Default,1,,"Assault Boat [Activated · Your Charge Phase · Core, Move, Charge] | Battle Damaged [Passive] | Medium Bomb Racks [Activated · Your Movement Phase] | Transport Capacity [Passive] | Incoming! [Activated · Once Per Turn (Army), Any Combat Phase]",Kharadron Overlords - Library.cat#fb94-3fa7-35ae-7a3c
Arkanaut Ironclad,Kharadron Overlords,War Machine,18,2,,"ORDER,FLY,KHARADRON OVERLORDS,DUARDIN,WAR MACHINE,SKYVESSEL",Great Sky Ordnance,ranged,6,4,2,2,3,24,-,450,1,10,5,Default,1,,"Incoming! [Activated · Once Per Turn (Army), Any Combat Phase] | Battle Damaged [Passive] | Heavy Bomb Racks [Activated · Your Movement Phase] | Transport Capacity [Passive]",Kharadron Overlords - Library.cat#2b23-328b-3916-4947
Arkanaut Ironclad,Kharadron Overlords,War Machine,18,2,,"ORDER,FLY,KHARADRON OVERLORDS,DUARDIN,WAR MACHINE,SKYVESSEL",Aethershock Torpedoes,ranged,6,4,3,1,2,18,-,450,1,10,5,Default,1,,"Incoming! [Activated · Once Per Turn (Army), Any Combat Phase] | Battle Damaged [Passive] | Heavy Bomb Racks [Activated · Your Movement Phase] | Transport Capacity [Passive]",Kharadron Overlords - Library.cat#2b23-328b-3916-4947
Arkanaut Ironclad,Kharadron Overlords,War Machine,18,2,,"ORDER,FLY,KHARADRON OVERLORDS,DUARDIN,WAR MACHINE,SKYVESSEL",Boarding Weapons,melee,8,4,4,0,1,,-,450,1,10,5,Default,1,,"Incoming! [Activated · Once Per Turn (Army), Any Combat Phase] | Battle Damaged [Passive] | Heavy Bomb Racks [Activated · Your Movement Phase] | Transport Capacity [Passive]",Kharadron Overlords - Library.cat#2b23-328b-3916-4947
"Brokk Grungsson, Lord-Magnate of Barak-Nar",Kharadron Overlords,Infantry Hero,8,3,,"HERO,WARMASTER,UNIQUE,ORDER,INFANTRY,FLY,KHARADRON OVERLORDS,DUARDIN,SKYFARER",Grungsson’s Boast,ranged,1,3,2,2,5,18,-,260,1,12,2,Default,1,,"Command the Fleet [Activated · Once Per Battle, Your Movement Phase] | First Rule of Grungsson [Activated · Any Combat Phase] | Moustache-mounted Aetherblasters [Activated · End of Any Turn]",Kharadron Overlords - Library.cat#e071-391c-e920-ac59
"Brokk Grungsson, Lord-Magnate of Barak-Nar",Kharadron Overlords,Infantry Hero,8,3,,"HERO,WARMASTER,UNIQUE,ORDER,INFANTRY,FLY,KHARADRON OVERLORDS,DUARDIN,SKYFARER",The Magnate’s Charter,ranged,6,3,3,1,2,12,Shoot in Combat,260,1,12,2,Default,1,,"Command the Fleet [Activated · Once Per Battle, Your Movement Phase] | First Rule of Grungsson [Activated · Any Combat Phase] | Moustache-mounted Aetherblasters [Activated · End of Any Turn]",Kharadron Overlords - Library.cat#e071-391c-e920-ac59
"Brokk Grungsson, Lord-Magnate of Barak-Nar",Kharadron Overlords,Infantry Hero,8,3,,"HERO,WARMASTER,UNIQUE,ORDER,INFANTRY,FLY,KHARADRON OVERLORDS,DUARDIN,SKYFARER",Brokk’s Aethermatic Saw,melee,5,3,3,2,2,,Crit (2 Hits),260,1,12,2,Default,1,,"Command the Fleet [Activated · Once Per Battle, Your Movement Phase] | First Rule of Grungsson [Activated · Any Combat Phase] | Moustache-mounted Aetherblasters [Activated · End of Any Turn]",Kharadron Overlords - Library.cat#e071-391c-e920-ac59
Codewright,Kharadron Overlords,Infantry Hero,5,3,,"HERO,ORDER,INFANTRY,KHARADRON OVERLORDS,DUARDIN,SKYFARER",Battletome,melee,3,4,4,0,2,,-,80,1,4,2,Default,1,,"Advisory Role [Activated · Once Per Turn (Army), Your Hero Phase]",Kharadron Overlords - Library.cat#bed0-dd91-c45b-71df
Codewright,Kharadron Overlords,Infantry Hero,5,3,,"HERO,ORDER,INFANTRY,KHARADRON OVERLORDS,DUARDIN,SKYFARER",Aethershot Pistol,ranged,2,3,3,1,1,10,Shoot in Combat,80,1,4,2,Default,1,,"Advisory Role [Activated · Once Per Turn (Army), Your Hero Phase]",Kharadron Overlords - Library.cat#bed0-dd91-c45b-71df
Drekki Flynt,Kharadron Overlords,Infantry Hero,6,3,,"HERO,UNIQUE,ORDER,INFANTRY,KHARADRON OVERLORDS,DUARDIN,SKYFARER",The Aethermatic Equaliser Mk. III,ranged,6,3,3,1,2,10,Shoot in Combat,120,1,4,2,Default,1,,Captain of the Aelsling [Activated · Deployment Phase] | Auxiliary Skyhook [Activated · Any Combat Phase] | She Can Handle It! [Passive],Kharadron Overlords - Library.cat#5e57-174f-1a3-fa8e
Drekki Flynt,Kharadron Overlords,Infantry Hero,6,3,,"HERO,UNIQUE,ORDER,INFANTRY,KHARADRON OVERLORDS,DUARDIN,SKYFARER",Grunnsson’s Axe,melee,4,3,3,1,3,,Anti-**^^Monster^^** (+1 Rend),120,1,4,2,Default,1,,Captain of the Aelsling [Activated · Deployment Phase] | Auxiliary Skyhook [Activated · Any Combat Phase] | She Can Handle It! [Passive],Kharadron Overlords - Library.cat#5e57-174f-1a3-fa8e
Endrinmaster with Dirigible Suit,Kharadron Overlords,Infantry Hero,8,3,,"HERO,ORDER,INFANTRY,FLY,KHARADRON OVERLORDS,DUARDIN,SKYFARER",Aethercannon,ranged,1,3,3,2,3,18,-,140,1,12,2,Default,1,,"Combat Engineers [Activated · Once Per Turn (Army), Any Combat Phase] | Mobile Repairs [Activated · Your Hero Phase]",Kharadron Overlords - Library.cat#a505-e76e-45f8-7874
Endrinmaster with Dirigible Suit,Kharadron Overlords,Infantry Hero,8,3,,"HERO,ORDER,INFANTRY,FLY,KHARADRON OVERLORDS,DUARDIN,SKYFARER",Dirigible Suit Weapon Battery,ranged,6,3,3,1,1,12,Shoot in Combat,140,1,12,2,Default,1,,"Combat Engineers [Activated · Once Per Turn (Army), Any Combat Phase] | Mobile Repairs [Activated · Your Hero Phase]",Kharadron Overlords - Library.cat#a505-e76e-45f8-7874
Endrinmaster with Dirigible Suit,Kharadron Overlords,Infantry Hero,8,3,,"HERO,ORDER,INFANTRY,FLY,KHARADRON OVERLORDS,DUARDIN,SKYFARER",Upgraded Aethermatic Saw,melee,4,3,3,2,2,,-,140,1,12,2,Default,1,,"Combat Engineers [Activated · Once Per Turn (Army), Any Combat Phase] | Mobile Repairs [Activated · Your Hero Phase]",Kharadron Overlords - Library.cat#a505-e76e-45f8-7874
Endrinmaster with Endrinharness,Kharadron Overlords,Infantry Hero,6,3,,"HERO,ORDER,INFANTRY,KHARADRON OVERLORDS,DUARDIN,SKYFARER",Aethermight Hammer,melee,3,4,2,2,3,,-,150,1,4,2,Default,1,,"'Aye Aye, Captain!' [Activated · Once Per Turn (Army), Your Hero Phase] | Mobile Repairs [Activated · Your Hero Phase]",Kharadron Overlords - Library.cat#3124-cf12-7803-f34b
Endrinriggers,Kharadron Overlords,Infantry,2,3,,"CHAMPION,INFANTRY,ORDER,KHARADRON OVERLORDS,DUARDIN,SKYFARER",Skyrigger Heavy Weapon,ranged,1,4,3,1,2,15,Anti-**^^Monster^^** (+1 Rend),100,3,12,1,Option,,,Emergency Field Repairs [Activated · End of Any Turn],Kharadron Overlords - Library.cat#4c3c-1a00-2c49-87ce
Endrinriggers,Kharadron Overlords,Infantry,2,3,,"CHAMPION,INFANTRY,ORDER,KHARADRON OVERLORDS,DUARDIN,SKYFARER",Gun Butt,melee,1,4,5,0,1,,-,100,3,12,1,Option,,,Emergency Field Repairs [Activated · End of Any Turn],Kharadron Overlords - Library.cat#4c3c-1a00-2c49-87ce
Endrinriggers,Kharadron Overlords,Infantry,2,3,,"CHAMPION,INFANTRY,ORDER,KHARADRON OVERLORDS,DUARDIN,SKYFARER",Rapid-fire Rivet Gun,ranged,3,3,4,1,1,10,Shoot in Combat,100,3,12,1,Default,3,,Emergency Field Repairs [Activated · End of Any Turn],Kharadron Overlords - Library.cat#4c3c-1a00-2c49-87ce
Endrinriggers,Kharadron Overlords,Infantry,2,3,,"CHAMPION,INFANTRY,ORDER,KHARADRON OVERLORDS,DUARDIN,SKYFARER",Aethermatic Saw,melee,3,4,3,1,2,,Anti-charge (+1 Rend),100,3,12,1,Default,3,,Emergency Field Repairs [Activated · End of Any Turn],Kharadron Overlords - Library.cat#4c3c-1a00-2c49-87ce
Endrinriggers,Kharadron Overlords,Infantry,2,3,,"CHAMPION,INFANTRY,ORDER,KHARADRON OVERLORDS,DUARDIN,SKYFARER",Aethermatic Volley Gun,ranged,6,4,4,0,1,15,Crit (2 Hits),100,3,12,1,Option,,,Emergency Field Repairs [Activated · End of Any Turn],Kharadron Overlords - Library.cat#4c3c-1a00-2c49-87ce
Grundstok Gunhauler,Kharadron Overlords,War Machine,10,2,,"ORDER,FLY,KHARADRON OVERLORDS,DUARDIN,WAR MACHINE,SKYVESSEL",Sky Ordnance,ranged,3,4,3,2,3,15,-,140,1,14,2,Default,1,,"Long-line Slings [Passive] | Light Bomb Racks [Activated · Your Movement Phase] | Transport Capacity [Passive] | Aethershot Overwatch [Activated · Once Per Turn (Army), Any Combat Phase]",Kharadron Overlords - Library.cat#66fa-6ab8-35c3-beef
Grundstok Gunhauler,Kharadron Overlords,War Machine,10,2,,"ORDER,FLY,KHARADRON OVERLORDS,DUARDIN,WAR MACHINE,SKYVESSEL",Boarding Weapons,melee,4,4,4,0,1,,-,140,1,14,2,Default,1,,"Long-line Slings [Passive] | Light Bomb Racks [Activated · Your Movement Phase] | Transport Capacity [Passive] | Aethershot Overwatch [Activated · Once Per Turn (Army), Any Combat Phase]",Kharadron Overlords - Library.cat#66fa-6ab8-35c3-beef
Grundstok Thunderers,Kharadron Overlords,Infantry,2,3,,"CHAMPION,INFANTRY,ORDER,KHARADRON OVERLORDS,DUARDIN,SKYFARER,STANDARD BEARER (1/5)",Grundstok Mortar or Aethercannon,ranged,2,4,3,1,2,18,-,130,5,4,1,Option,,,"Specialist Grundstok Ammunition [Activated · Once Per Turn (Army), Your Shooting Phase, Reaction: You declared a Shoot ability for this unit]",Kharadron Overlords - Library.cat#9f81-a727-f6ab-e7cc
Grundstok Thunderers,Kharadron Overlords,Infantry,2,3,,"CHAMPION,INFANTRY,ORDER,KHARADRON OVERLORDS,DUARDIN,SKYFARER,STANDARD BEARER (1/5)",Aethershot Rifle,ranged,2,3,4,1,1,18,-,130,5,4,1,Default,5,,"Specialist Grundstok Ammunition [Activated · Once Per Turn (Army), Your Shooting Phase, Reaction: You declared a Shoot ability for this unit]",Kharadron Overlords - Library.cat#9f81-a727-f6ab-e7cc
Grundstok Thunderers,Kharadron Overlords,Infantry,2,3,,"CHAMPION,INFANTRY,ORDER,KHARADRON OVERLORDS,DUARDIN,SKYFARER,STANDARD BEARER (1/5)",Gun Butt,melee,1,4,5,0,1,,-,130,5,4,1,Default,5,,"Specialist Grundstok Ammunition [Activated · Once Per Turn (Army), Your Shooting Phase, Reaction: You declared a Shoot ability for this unit]",Kharadron Overlords - Library.cat#9f81-a727-f6ab-e7cc
Grundstok Thunderers,Kharadron Overlords,Infantry,2,3,,"CHAMPION,INFANTRY,ORDER,KHARADRON OVERLORDS,DUARDIN,SKYFARER,STANDARD BEARER (1/5)",Aetheric Fumigator or Decksweeper,ranged,5,3,4,0,1,10,Shoot in Combat,130,5,4,1,Option,,,"Specialist Grundstok Ammunition [Activated · Once Per Turn (Army), Your Shooting Phase, Reaction: You declared a Shoot ability for this unit]",Kharadron Overlords - Library.cat#9f81-a727-f6ab-e7cc
Null-Khemist,Kharadron Overlords,Infantry Hero,8,3,,"HERO,ORDER,INFANTRY,KHARADRON OVERLORDS,DUARDIN,SKYFARER",Prospecting Clamp,melee,4,3,4,1,2,,-,120,1,12,2,Default,1,,Protection of the Void [Passive] | Nullsuit [Passive],Kharadron Overlords - Library.cat#c2f9-9e81-959a-2251
Null-Khemist,Kharadron Overlords,Infantry Hero,8,3,,"HERO,ORDER,INFANTRY,KHARADRON OVERLORDS,DUARDIN,SKYFARER",Null-gas Extinguisher,ranged,9,2,4,1,1,8,Shoot in Combat,120,1,12,2,Default,1,,Protection of the Void [Passive] | Nullsuit [Passive],Kharadron Overlords - Library.cat#c2f9-9e81-959a-2251
Skywardens,Kharadron Overlords,Infantry,2,3,,"CHAMPION,INFANTRY,ORDER,KHARADRON OVERLORDS,DUARDIN,SKYFARER,FLY",Skyrigger Heavy Weapon,ranged,1,4,3,1,2,15,Anti-**^^Monster^^** (+1 Rend),130,3,12,1,Option,,,"Timed Charges [Activated · Once Per Turn (Army), End of Any Turn]",Kharadron Overlords - Library.cat#bc2-ce5c-7ccc-4145
Skywardens,Kharadron Overlords,Infantry,2,3,,"CHAMPION,INFANTRY,ORDER,KHARADRON OVERLORDS,DUARDIN,SKYFARER,FLY",Gun Butt,melee,1,4,5,0,1,,-,130,3,12,1,Option,,,"Timed Charges [Activated · Once Per Turn (Army), End of Any Turn]",Kharadron Overlords - Library.cat#bc2-ce5c-7ccc-4145
Skywardens,Kharadron Overlords,Infantry,2,3,,"CHAMPION,INFANTRY,ORDER,KHARADRON OVERLORDS,DUARDIN,SKYFARER,FLY",Vulcaniser Pistol,ranged,3,3,3,1,1,10,Shoot in Combat,130,3,12,1,Default,3,,"Timed Charges [Activated · Once Per Turn (Army), End of Any Turn]",Kharadron Overlords - Library.cat#bc2-ce5c-7ccc-4145
Skywardens,Kharadron Overlords,Infantry,2,3,,"CHAMPION,INFANTRY,ORDER,KHARADRON OVERLORDS,DUARDIN,SKYFARER,FLY",Skywarden's Skypike,melee,2,3,3,1,2,,Charge (+1 Damage),130,3,12,1,Default,3,,"Timed Charges [Activated · Once Per Turn (Army), End of Any Turn]",Kharadron Overlords - Library.cat#bc2-ce5c-7ccc-4145
Skywardens,Kharadron Overlords,Infantry,2,3,,"CHAMPION,INFANTRY,ORDER,KHARADRON OVERLORDS,DUARDIN,SKYFARER,FLY",Aethermatic Volley Gun,ranged,6,4,4,0,1,15,Crit (2 Hits),130,3,12,1,Option,,,"Timed Charges [Activated · Once Per Turn (Army), End of Any Turn]",Kharadron Overlords - Library.cat#bc2-ce5c-7ccc-4145
Thundrik's Profiteers,Kharadron Overlords,,2,4,,"ORDER,INFANTRY,UNIQUE,DUARDIN,KHARADRON OVERLORDS,SKYFARER",Aethermatic Firearms,ranged,2,3,4,1,1,12,-,150,5,4,1,Default,4,,Aethermatic Anatomiser [Activated · Your Shooting Phase],Kharadron Overlords - Library.cat#f8f4-d0c6-cf7c-071d
Thundrik's Profiteers,Kharadron Overlords,,2,4,,"ORDER,INFANTRY,UNIQUE,DUARDIN,KHARADRON OVERLORDS,SKYFARER",Skypike,melee,2,3,3,1,2,,Crit (Mortal),150,5,4,1,Default,1,,Aethermatic Anatomiser [Activated · Your Shooting Phase],Kharadron Overlords - Library.cat#f8f4-d0c6-cf7c-071d
Thundrik's Profiteers,Kharadron Overlords,,2,4,,"ORDER,INFANTRY,UNIQUE,DUARDIN,KHARADRON OVERLORDS,SKYFARER",Arkanaut Cutter,melee,2,4,4,0,1,,-,150,5,4,1,Default,4,,Aethermatic Anatomiser [Activated · Your Shooting Phase],Kharadron Overlords - Library.cat#f8f4-d0c6-cf7c-071d
Thundrik's Profiteers,Kharadron Overlords,,2,4,,"ORDER,INFANTRY,UNIQUE,DUARDIN,KHARADRON OVERLORDS,SKYFARER",Aethermatic Anatomiser,ranged,9,4,4,2,1,8,-,150,5,4,1,Default,1,,Aethermatic Anatomiser [Activated · Your Shooting Phase],Kharadron Overlords - Library.cat#f8f4-d0c6-cf7c-071d
Vongrim Harpoon Crew,Kharadron Overlords,Infantry,2,4,,"CHAMPION,INFANTRY,ORDER,KHARADRON OVERLORDS,DUARDIN,SKYFARER,FLY",Pioneer Weapons,melee,2,4,3,1,1,,-,120,5,12,1,Default,5,,"Light Endrinpacks [Activated · Once Per Turn (Army), Any Combat Phase]",Kharadron Overlords - Library.cat#b38b-f2bc-47a8-658e
Vongrim Harpoon Crew,Kharadron Overlords,Infantry,2,4,,"CHAMPION,INFANTRY,ORDER,KHARADRON OVERLORDS,DUARDIN,SKYFARER,FLY",Skydrake Harpoon or Firearm,ranged,2,3,3,1,1,12,Anti-**^^Monster^^** (+1 Rend),120,5,12,1,Default,5,,"Light Endrinpacks [Activated · Once Per Turn (Army), Any Combat Phase]",Kharadron Overlords - Library.cat#b38b-f2bc-47a8-658e
Vongrim Salvagers,Kharadron Overlords,Infantry,2,4,,"CHAMPION,INFANTRY,ORDER,KHARADRON OVERLORDS,DUARDIN,SKYFARER,FLY",Vongrim Cutlass,melee,3,4,3,1,1,,Crit (2 Hits),110,5,12,1,Default,5,,"Spotter's Flaregun [Activated · Once Per Turn (Army), Any Combat Phase]",Kharadron Overlords - Library.cat#54b0-7eb3-f2dc-f7b9
Vongrim Salvagers,Kharadron Overlords,Infantry,2,4,,"CHAMPION,INFANTRY,ORDER,KHARADRON OVERLORDS,DUARDIN,SKYFARER,FLY",Privateer Pistol,ranged,2,4,4,0,1,10,Shoot in Combat,110,5,12,1,Default,5,,"Spotter's Flaregun [Activated · Once Per Turn (Army), Any Combat Phase]",Kharadron Overlords - Library.cat#54b0-7eb3-f2dc-f7b9
Beast-skewer Killbow,Kruleboyz,War Machine,5,5,,"DESTRUCTION,KRULEBOYZ,WAR MACHINE",Beast-skewer Bolts,ranged,2,4,2,2,3,24,"Anti-**^^Monster^^** (+1 Rend), Crit (Auto-wound)",130,1,5,2,Default,1,,"Skewering Bolts [Activated · Once Per Turn (Army), Your Shooting Phase] | Pick 'Em Off [Activated · Your Shooting Phase]",Kruleboyz - Library.cat#f4bd-5870-3b31-97e4
Beast-skewer Killbow,Kruleboyz,War Machine,5,5,,"DESTRUCTION,KRULEBOYZ,WAR MACHINE",Jaggedy Blades,melee,2,4,3,0,1,,Crit (Mortal),130,1,5,2,Default,1,,"Skewering Bolts [Activated · Once Per Turn (Army), Your Shooting Phase] | Pick 'Em Off [Activated · Your Shooting Phase]",Kruleboyz - Library.cat#f4bd-5870-3b31-97e4
Breaka-boss on Mirebrute Troggoth,Kruleboyz,Monster Hero,12,4,,"HERO,DESTRUCTION,KRULEBOYZ,MONSTER",Bident-goad,melee,5,4,3,1,2,,Crit (Mortal),180,1,5,5,Default,1,,"Tear Limb From Limb [Activated · Once Per Turn (Army), End of Any Turn · Rampage] | Breaka-harness [Activated · Any Combat Phase] | Regeneration [Activated · Start of Any Turn]",Kruleboyz - Library.cat#5616-42d8-b4aa-2e4
Breaka-boss on Mirebrute Troggoth,Kruleboyz,Monster Hero,12,4,,"HERO,DESTRUCTION,KRULEBOYZ,MONSTER",Mirebrute’s Clubs,melee,4,4,2,2,3,,Companion,180,1,5,5,Default,1,,"Tear Limb From Limb [Activated · Once Per Turn (Army), End of Any Turn · Rampage] | Breaka-harness [Activated · Any Combat Phase] | Regeneration [Activated · Start of Any Turn]",Kruleboyz - Library.cat#5616-42d8-b4aa-2e4
Da Kunnin' Krew,Kruleboyz,,3,5,,"UNIQUE,CHAMPION,DESTRUCTION,KRULEBOYZ,INFANTRY",Krew Weapons,melee,3,4,3,1,1,,Crit (Mortal),120,5,5,1,Default,5,,"Easy Meat [Activated · Once Per Turn (Army), Enemy Hero Phase]",Kruleboyz - Library.cat#7d2e-ce9a-1dd6-1aad
Daggok's Stab-ladz,Kruleboyz,,3,5,,"UNIQUE,CHAMPION,DESTRUCTION,KRULEBOYZ,INFANTRY,MUSICIAN (1/4)",Wicked Weapons,melee,3,4,3,1,1,,Crit (Mortal),120,4,5,1,Default,4,,Roar of Kragnos [Activated · Any Combat Phase],Kruleboyz - Library.cat#5462-e249-ce89-3c82
"Gobsprakk, the Mouth of Mork",Kruleboyz,Monster Hero,14,5,6,"HERO,UNIQUE,MONSTER,WARMASTER,DESTRUCTION,KRULEBOYZ,WIZARD (2),WARD (6+),FLY",Bogbark Staff,melee,3,4,3,0,2,,"Anti-**^^Wizard^^** (+1 Rend), Crit (Mortal)",240,1,12,5,Default,1,,"Battle Damaged [Passive] | Screamin' Mandrakk [Activated · Reaction: Opponent declared a Spell ability] | Crush to Death [Activated · Once Per Turn (Army), Any Combat Phase · Rampage] | Mork Sez No! [Passive] | Strangle Hex [Spell · Your Hero Phase · casting value 6 · Spell]",Kruleboyz - Library.cat#98a8-f41c-6668-fed1
"Gobsprakk, the Mouth of Mork",Kruleboyz,Monster Hero,14,5,6,"HERO,UNIQUE,MONSTER,WARMASTER,DESTRUCTION,KRULEBOYZ,WIZARD (2),WARD (6+),FLY",Killabeak’s Stinger,melee,1,3,2,1,3,,"Crit (Mortal), Companion",240,1,12,5,Default,1,,"Battle Damaged [Passive] | Screamin' Mandrakk [Activated · Reaction: Opponent declared a Spell ability] | Crush to Death [Activated · Once Per Turn (Army), Any Combat Phase · Rampage] | Mork Sez No! [Passive] | Strangle Hex [Spell · Your Hero Phase · casting value 6 · Spell]",Kruleboyz - Library.cat#98a8-f41c-6668-fed1
"Gobsprakk, the Mouth of Mork",Kruleboyz,Monster Hero,14,5,6,"HERO,UNIQUE,MONSTER,WARMASTER,DESTRUCTION,KRULEBOYZ,WIZARD (2),WARD (6+),FLY",Killabeak’s Talons and Beak,melee,7,4,2,1,2,,"Anti-**^^Wizard^^** (+1 Rend), Companion",240,1,12,5,Default,1,,"Battle Damaged [Passive] | Screamin' Mandrakk [Activated · Reaction: Opponent declared a Spell ability] | Crush to Death [Activated · Once Per Turn (Army), Any Combat Phase · Rampage] | Mork Sez No! [Passive] | Strangle Hex [Spell · Your Hero Phase · casting value 6 · Spell]",Kruleboyz - Library.cat#98a8-f41c-6668-fed1
Gutrippaz,Kruleboyz,Infantry,2,5,,"INFANTRY,DESTRUCTION,KRULEBOYZ,CHAMPION,MUSICIAN (1/10),STANDARD BEARER (1/10)",Stikka or Hacka,melee,2,4,3,0,1,,Crit (Mortal),150,10,5,1,Default,10,,Scare Taktikz [Activated · Any Combat Phase],Kruleboyz - Library.cat#23f9-c4ec-3e40-1a31
Hobgrot Slittaboss,Kruleboyz,Infantry Hero,5,6,,"HERO,DESTRUCTION,KRULEBOYZ,INFANTRY",Toxin-smeared Slitta-sword,melee,4,4,4,1,2,,Crit (Mortal),70,1,5,2,Default,1,,"Toxic Stash [Activated · Once Per Battle, Any Combat Phase] | Kompany Taktikz [Activated · Reaction: You declared a Fight ability for this unit]",Kruleboyz - Library.cat#3bd7-2a9f-9356-b454
Hobgrot Slittaz,Kruleboyz,Infantry,1,6,,"INFANTRY,CHAMPION,DESTRUCTION,STANDARD BEARER (1/10),MUSICIAN (1/10),KRULEBOYZ",Scrap-grenades,ranged,1,4,3,1,1,8,Shoot in Combat,70,10,5,1,Default,10,,Scrap-bang [Activated · End of Any Turn],Kruleboyz - Library.cat#82f1-fd-499c-a2db
Hobgrot Slittaz,Kruleboyz,Infantry,1,6,,"INFANTRY,CHAMPION,DESTRUCTION,STANDARD BEARER (1/10),MUSICIAN (1/10),KRULEBOYZ",Slitta-knives,melee,2,4,5,0,1,,-,70,10,5,1,Default,10,,Scrap-bang [Activated · End of Any Turn],Kruleboyz - Library.cat#82f1-fd-499c-a2db
Killaboss on Corpse-rippa Vulcha,Kruleboyz,Monster Hero,14,4,,"HERO,MONSTER,DESTRUCTION,KRULEBOYZ,FLY",Boss-stikka or Boss-hacka,melee,5,4,3,1,2,,Crit (Mortal),240,1,12,5,Default,1,,"Battle Damaged [Passive] | Commanding View [Activated · Reaction: You declared the 'Redeploy' command for a friendly Gutrippaz unit wholly within 12"" of this unit] | Vulcha Dive [Activated · Once Per Turn (Army), Any Charge Phase · Rampage]",Kruleboyz - Library.cat#9963-d56-fbf8-b8a8
Killaboss on Corpse-rippa Vulcha,Kruleboyz,Monster Hero,14,4,,"HERO,MONSTER,DESTRUCTION,KRULEBOYZ,FLY",Vulcha’s Stinger,melee,1,3,2,1,3,,"Crit (Mortal), Companion",240,1,12,5,Default,1,,"Battle Damaged [Passive] | Commanding View [Activated · Reaction: You declared the 'Redeploy' command for a friendly Gutrippaz unit wholly within 12"" of this unit] | Vulcha Dive [Activated · Once Per Turn (Army), Any Charge Phase · Rampage]",Kruleboyz - Library.cat#9963-d56-fbf8-b8a8
Killaboss on Corpse-rippa Vulcha,Kruleboyz,Monster Hero,14,4,,"HERO,MONSTER,DESTRUCTION,KRULEBOYZ,FLY",Vulcha’s Talons and Beak,melee,7,4,2,1,2,,Companion,240,1,12,5,Default,1,,"Battle Damaged [Passive] | Commanding View [Activated · Reaction: You declared the 'Redeploy' command for a friendly Gutrippaz unit wholly within 12"" of this unit] | Vulcha Dive [Activated · Once Per Turn (Army), Any Charge Phase · Rampage]",Kruleboyz - Library.cat#9963-d56-fbf8-b8a8
Killaboss on Great Gnashtoof,Kruleboyz,Cavalry Hero,10,3,,"HERO,DESTRUCTION,KRULEBOYZ,CAVALRY",Boss-stikka,melee,5,4,3,1,2,,Crit (Mortal),130,1,10,2,Default,1,,"That's Ours, Ya Gitz [Passive] | All Part of da Plan [Activated · Your Hero Phase]",Kruleboyz - Library.cat#b780-2683-34de-ec5
Killaboss on Great Gnashtoof,Kruleboyz,Cavalry Hero,10,3,,"HERO,DESTRUCTION,KRULEBOYZ,CAVALRY",Great Gnashtoof’s Jaws,melee,5,4,3,1,2,,Companion,130,1,10,2,Default,1,,"That's Ours, Ya Gitz [Passive] | All Part of da Plan [Activated · Your Hero Phase]",Kruleboyz - Library.cat#b780-2683-34de-ec5
Killaboss with Stab-grot,Kruleboyz,Infantry Hero,6,4,,"HERO,DESTRUCTION,KRULEBOYZ,INFANTRY",Boss-hacka,melee,5,4,3,1,2,,Crit (Mortal),80,1,5,2,Default,1,,"Keep 'Em in Line [Activated · Reaction: You declared the 'All-out Attack' command for a friendly Kruleboyz Infantry unit] | Unleash the Stab-grot! [Activated · Once Per Battle, Any Combat Phase] | Stab-grot [Passive]",Kruleboyz - Library.cat#17d5-b7e8-6b70-9260
Killaboss with Stab-grot,Kruleboyz,Infantry Hero,6,4,,"HERO,DESTRUCTION,KRULEBOYZ,INFANTRY",Stab-grot’s Shiv,melee,2,4,5,0,1,,"Crit (Mortal), Companion",80,1,5,2,Default,1,,"Keep 'Em in Line [Activated · Reaction: You declared the 'All-out Attack' command for a friendly Kruleboyz Infantry unit] | Unleash the Stab-grot! [Activated · Once Per Battle, Any Combat Phase] | Stab-grot [Passive]",Kruleboyz - Library.cat#17d5-b7e8-6b70-9260
Kruleboyz Monsta-killaz,Kruleboyz,,2,5,,"INFANTRY,DESTRUCTION,KRULEBOYZ,CHAMPION (1/7),MUSICIAN (1/7)",Monsta-killa Weapons,melee,3,4,3,1,1,,"Anti-**^^Monster^^** (+1 Rend), Crit (Mortal)",120,7,5,1,Default,7,,"Klutcha-grot [Passive] | Bait and Trap [Activated · Any Combat Phase] | A Tough Grot to Swallow [Activated · Once Per Turn, Reaction: Opponent declared a Rampage ability for an enemy Monster within 6"" of this unit]",Kruleboyz - Library.cat#2314-f03-bcc6-8ea8
Man-skewer Boltboyz,Kruleboyz,Infantry,2,5,,"INFANTRY,CHAMPION,DESTRUCTION,KRULEBOYZ",Man-skewer Crossbow: Hasty Shot,ranged,2,4,3,1,2,12,Crit (Auto-wound),100,3,5,1,Default,3,,Man-skewer Crossbows [Passive] | Pick 'Em Off [Activated · Your Shooting Phase],Kruleboyz - Library.cat#c8ad-9335-2f70-f86a
Man-skewer Boltboyz,Kruleboyz,Infantry,2,5,,"INFANTRY,CHAMPION,DESTRUCTION,KRULEBOYZ",Man-skewer Crossbow: Aimed Shot,ranged,1,3,3,2,2,18,Crit (Auto-wound),100,3,5,1,Default,3,,Man-skewer Crossbows [Passive] | Pick 'Em Off [Activated · Your Shooting Phase],Kruleboyz - Library.cat#c8ad-9335-2f70-f86a
Man-skewer Boltboyz,Kruleboyz,Infantry,2,5,,"INFANTRY,CHAMPION,DESTRUCTION,KRULEBOYZ",Jaggedy Blades,melee,1,4,3,0,1,,Crit (Mortal),100,3,5,1,Default,3,,Man-skewer Crossbows [Passive] | Pick 'Em Off [Activated · Your Shooting Phase],Kruleboyz - Library.cat#c8ad-9335-2f70-f86a
Marshcrawla Sloggoth,Kruleboyz,War Machine,10,4,,"DESTRUCTION,KRULEBOYZ,WAR MACHINE",Nets and Snatcha‑stikks,melee,4,4,5,0,1,,-,130,1,6,2,Default,1,,On da March [Passive] | Regeneration [Activated · Start of Any Turn],Kruleboyz - Library.cat#c625-96c8-1d47-2e0b
Marshcrawla Sloggoth,Kruleboyz,War Machine,10,4,,"DESTRUCTION,KRULEBOYZ,WAR MACHINE",Sloggoth’s Claws,melee,6,4,2,1,2,,Companion,130,1,6,2,Default,1,,On da March [Passive] | Regeneration [Activated · Start of Any Turn],Kruleboyz - Library.cat#c625-96c8-1d47-2e0b
Murknob with Belcha-banna,Kruleboyz,Infantry Hero,6,4,,"HERO,DESTRUCTION,KRULEBOYZ,INFANTRY",Murknob Cleaver,melee,4,4,3,1,2,,Crit (Mortal),80,1,5,5,Default,1,,Power of Kragnos [Passive] | Breath of the Mire-drakes [Activated · Any Combat Phase],Kruleboyz - Library.cat#3ce1-f1a5-cbd9-1831
Snatchaboss on Sludgeraker Beast,Kruleboyz,Monster Hero,14,4,,"HERO,DESTRUCTION,KRULEBOYZ,MONSTER",Grappling Hook,melee,3,3,3,1,3,,Crit (Mortal),180,1,8,5,Default,1,,"Battle Damaged [Passive] | Festering Wounds [Activated · Once Per Turn (Army), End of Any Turn · Rampage] | Sludgeraker Venom [Activated · Your Hero Phase]",Kruleboyz - Library.cat#60a9-d871-f253-146c
Snatchaboss on Sludgeraker Beast,Kruleboyz,Monster Hero,14,4,,"HERO,DESTRUCTION,KRULEBOYZ,MONSTER",Sludgeraker’s Talons,melee,6,4,2,1,2,,Companion,180,1,8,5,Default,1,,"Battle Damaged [Passive] | Festering Wounds [Activated · Once Per Turn (Army), End of Any Turn · Rampage] | Sludgeraker Venom [Activated · Your Hero Phase]",Kruleboyz - Library.cat#60a9-d871-f253-146c
Snatchaboss on Sludgeraker Beast,Kruleboyz,Monster Hero,14,4,,"HERO,DESTRUCTION,KRULEBOYZ,MONSTER",Sludgeraker’s Bite,melee,1,3,2,1,5,,Companion,180,1,8,5,Default,1,,"Battle Damaged [Passive] | Festering Wounds [Activated · Once Per Turn (Army), End of Any Turn · Rampage] | Sludgeraker Venom [Activated · Your Hero Phase]",Kruleboyz - Library.cat#60a9-d871-f253-146c
Swampboss Skumdrekk,Kruleboyz,Monster Hero,15,4,,"HERO,DESTRUCTION,KRULEBOYZ,UNIQUE,MONSTER",Sloppklaw’s Bite,melee,1,4,2,1,5,,Companion,150,1,8,5,Default,1,,"Battle Damaged [Passive] | Kountin' Krew [Activated · Deployment Phase] | Aggravate Wounds [Activated · Once Per Turn (Army), End of Any Turn · Rampage] | Bet-master [Activated · Deployment Phase]",Kruleboyz - Library.cat#57d2-f5d7-ec57-5d4a
Swampboss Skumdrekk,Kruleboyz,Monster Hero,15,4,,"HERO,DESTRUCTION,KRULEBOYZ,UNIQUE,MONSTER",Snatcha-stikk,melee,5,4,3,1,2,,Crit (Mortal),150,1,8,5,Default,1,,"Battle Damaged [Passive] | Kountin' Krew [Activated · Deployment Phase] | Aggravate Wounds [Activated · Once Per Turn (Army), End of Any Turn · Rampage] | Bet-master [Activated · Deployment Phase]",Kruleboyz - Library.cat#57d2-f5d7-ec57-5d4a
Swampboss Skumdrekk,Kruleboyz,Monster Hero,15,4,,"HERO,DESTRUCTION,KRULEBOYZ,UNIQUE,MONSTER",Sloppklaw’s Talons,melee,6,4,2,1,2,,Companion,150,1,8,5,Default,1,,"Battle Damaged [Passive] | Kountin' Krew [Activated · Deployment Phase] | Aggravate Wounds [Activated · Once Per Turn (Army), End of Any Turn · Rampage] | Bet-master [Activated · Deployment Phase]",Kruleboyz - Library.cat#57d2-f5d7-ec57-5d4a
Swampcalla Shaman with Pot-grot,Kruleboyz,Infantry Hero,6,6,,"HERO,DESTRUCTION,KRULEBOYZ,INFANTRY,WIZARD (1)",Bogbark Staff,melee,3,4,3,0,2,,Crit (Mortal),120,1,5,2,Default,1,,"Pot-grot [Passive] | Foul Elixirs [Activated · Once Per Turn (Army), Your Hero Phase]",Kruleboyz - Library.cat#5f19-cef-ee2-f796
Alarith Spirit of the Mountain,Lumineth Realm-lords,Monster,14,3,,"MONSTER,ORDER,LUMINETH REALM-LORDS,ALARITH,AELEMENTOR",Stoneheart Worldhammer,melee,4,4,2,2,5,,-,310,1,6,5,Default,1,,"Battle Damaged [Passive] | Rain of Stone [Activated · Once Per Turn (Army), Any Combat Phase · Rampage] | With the Force of a Landslide [Passive]",Lumineth Realm-lords - Library.cat#7d2e-77e2-bf89-491c
Alarith Spirit of the Mountain,Lumineth Realm-lords,Monster,14,3,,"MONSTER,ORDER,LUMINETH REALM-LORDS,ALARITH,AELEMENTOR",Geomantic Blast,ranged,1,3,2,2,3,12,Shoot in Combat,310,1,6,5,Default,1,,"Battle Damaged [Passive] | Rain of Stone [Activated · Once Per Turn (Army), Any Combat Phase · Rampage] | With the Force of a Landslide [Passive]",Lumineth Realm-lords - Library.cat#7d2e-77e2-bf89-491c
Alarith Stoneguard,Lumineth Realm-lords,Infantry,2,4,,"CHAMPION,INFANTRY,ORDER,LUMINETH REALM-LORDS,AELF,ALARITH,STANDARD BEARER (1/5)",Stoneguard Hammers,melee,2,3,3,1,2,,-,130,5,5,1,Default,5,,Fortitude of the Earth [Passive],Lumineth Realm-lords - Library.cat#4c4-918b-2c8e-d640
Alarith Stonemage,Lumineth Realm-lords,Infantry Hero,5,4,,"HERO,ORDER,AELF,LUMINETH REALM-LORDS,INFANTRY,WIZARD (1),ALARITH",Staff of the High Peaks,melee,3,3,4,1,2,,-,120,1,6,2,Default,1,,"Strength of Stone [Activated · Once Per Turn (Army), Any Combat Phase] | Raise the Earth [Spell · Your Hero Phase · casting value 7 · Spell]",Lumineth Realm-lords - Library.cat#aef7-5484-24c8-afc4
"Archmage Teclis and Celennar, Spirit of Hysh",Lumineth Realm-lords,Monster Hero,16,4,5,"UNIQUE,HERO,MONSTER,FLY,WARMASTER,ORDER,WARD (5+),WIZARD (4),AELF,LUMINETH REALM-LORDS",Celennar’s Moonbright Talons,melee,5,3,3,2,2,,Companion,640,1,10,10,Default,1,,"Battle Damaged [Passive] | Aura of Celennar [Passive] | Archmage [Activated · Once Per Turn, Your Hero Phase] | Discs of the Aelementiri [Activated · Once Per Battle (Army), Start of Battle Round] | The Light of Truth [Spell · Your Hero Phase · casting value 7 · Spell]",Lumineth Realm-lords - Library.cat#c336-da82-9495-8766
"Archmage Teclis and Celennar, Spirit of Hysh",Lumineth Realm-lords,Monster Hero,16,4,5,"UNIQUE,HERO,MONSTER,FLY,WARMASTER,ORDER,WARD (5+),WIZARD (4),AELF,LUMINETH REALM-LORDS",Sword of Teclis,melee,2,3,3,2,2,,Crit (Mortal),640,1,10,10,Default,1,,"Battle Damaged [Passive] | Aura of Celennar [Passive] | Archmage [Activated · Once Per Turn, Your Hero Phase] | Discs of the Aelementiri [Activated · Once Per Battle (Army), Start of Battle Round] | The Light of Truth [Spell · Your Hero Phase · casting value 7 · Spell]",Lumineth Realm-lords - Library.cat#c336-da82-9495-8766
"Archmage Teclis and Celennar, Spirit of Hysh",Lumineth Realm-lords,Monster Hero,16,4,5,"UNIQUE,HERO,MONSTER,FLY,WARMASTER,ORDER,WARD (5+),WIZARD (4),AELF,LUMINETH REALM-LORDS",Lunar Staff,ranged,1,2,2,2,5,12,-,640,1,10,10,Default,1,,"Battle Damaged [Passive] | Aura of Celennar [Passive] | Archmage [Activated · Once Per Turn, Your Hero Phase] | Discs of the Aelementiri [Activated · Once Per Battle (Army), Start of Battle Round] | The Light of Truth [Spell · Your Hero Phase · casting value 7 · Spell]",Lumineth Realm-lords - Library.cat#c336-da82-9495-8766
"Avalenor, the Stoneheart King",Lumineth Realm-lords,Monster Hero,16,3,,"UNIQUE,HERO,MONSTER,ORDER,LUMINETH REALM-LORDS,ALARITH,AELEMENTOR",Firestealer Hammers,melee,6,4,2,2,4,,-,400,1,6,5,Default,1,,"Battle Damaged [Passive] | Call of the Mountains [Passive] | Unbreakable Bulwark [Activated · Once Per Turn (Army), Any Combat Phase · Rampage] | With the Force of a Landslide [Passive]",Lumineth Realm-lords - Library.cat#f6dc-5ecd-a783-3fa4
"Avalenor, the Stoneheart King",Lumineth Realm-lords,Monster Hero,16,3,,"UNIQUE,HERO,MONSTER,ORDER,LUMINETH REALM-LORDS,ALARITH,AELEMENTOR",Geomantic Blast,ranged,1,3,2,2,3,12,Shoot in Combat,400,1,6,5,Default,1,,"Battle Damaged [Passive] | Call of the Mountains [Passive] | Unbreakable Bulwark [Activated · Once Per Turn (Army), Any Combat Phase · Rampage] | With the Force of a Landslide [Passive]",Lumineth Realm-lords - Library.cat#f6dc-5ecd-a783-3fa4
"Ellania and Ellathor, Eclipsian Warsages",Lumineth Realm-lords,Infantry Hero,10,4,5,"UNIQUE,HERO,ORDER,WARD (5+),AELF,LUMINETH REALM-LORDS,INFANTRY,WIZARD (1),SCINARI,VANARI",Altairi,melee,5,2,3,1,2,,-,310,1,6,4,Default,1,,Total Eclipse [Spell · Your Hero Phase · casting value 8 · Spell] | Equal Prodigies [Activated · Your Hero Phase] | Sudden Translocation [Activated · End of Any Turn],Lumineth Realm-lords - Library.cat#a494-b23a-e95e-ed3f
"Ellania and Ellathor, Eclipsian Warsages",Lumineth Realm-lords,Infantry Hero,10,4,5,"UNIQUE,HERO,ORDER,WARD (5+),AELF,LUMINETH REALM-LORDS,INFANTRY,WIZARD (1),SCINARI,VANARI",Dianaer,melee,2,3,4,1,2,,-,310,1,6,4,Default,1,,Total Eclipse [Spell · Your Hero Phase · casting value 8 · Spell] | Equal Prodigies [Activated · Your Hero Phase] | Sudden Translocation [Activated · End of Any Turn],Lumineth Realm-lords - Library.cat#a494-b23a-e95e-ed3f
"Ellania and Ellathor, Eclipsian Warsages",Lumineth Realm-lords,Infantry Hero,10,4,5,"UNIQUE,HERO,ORDER,WARD (5+),AELF,LUMINETH REALM-LORDS,INFANTRY,WIZARD (1),SCINARI,VANARI",Blazing Sunbolt,ranged,3,3,3,1,2,12,Crit (Auto-wound),310,1,6,4,Default,1,,Total Eclipse [Spell · Your Hero Phase · casting value 8 · Spell] | Equal Prodigies [Activated · Your Hero Phase] | Sudden Translocation [Activated · End of Any Turn],Lumineth Realm-lords - Library.cat#a494-b23a-e95e-ed3f
Hurakan Spirit of the Wind,Lumineth Realm-lords,Monster,8,4,5,"ORDER,LUMINETH REALM-LORDS,MONSTER,FLY,WARD (5+),HURAKAN,AELEMENTOR",Swirling Shards,melee,6,2,4,0,1,,Crit (Mortal),270,1,18,5,Default,1,,"Hunters of Majestic Beasts [Passive] | Spirit of the Wind [Activated · Once Per Turn (Army), Any Shooting Phase · Move] | Hurricane Winds [Activated · Once Per Turn (Army), Any Shooting Phase · Rampage]",Lumineth Realm-lords - Library.cat#4f9b-c3fa-a07b-59b0
Hurakan Spirit of the Wind,Lumineth Realm-lords,Monster,8,4,5,"ORDER,LUMINETH REALM-LORDS,MONSTER,FLY,WARD (5+),HURAKAN,AELEMENTOR",Bow of the Wind’s Vengeance,ranged,4,2,3,2,2,15,"Anti‑**^^Monster^^** (+1 Rend), Shoot in Combat",270,1,18,5,Default,1,,"Hunters of Majestic Beasts [Passive] | Spirit of the Wind [Activated · Once Per Turn (Army), Any Shooting Phase · Move] | Hurricane Winds [Activated · Once Per Turn (Army), Any Shooting Phase · Rampage]",Lumineth Realm-lords - Library.cat#4f9b-c3fa-a07b-59b0
Hurakan Windchargers,Lumineth Realm-lords,Cavalry,3,4,,"CHAMPION,ORDER,LUMINETH REALM-LORDS,AELF,STANDARD BEARER (1/5),CAVALRY,HURAKAN",Treerunner’s Claws,melee,2,5,3,0,1,,Companion,170,5,14,1,Default,5,,Guided by the Winds [Passive],Lumineth Realm-lords - Library.cat#1bca-d303-8bb8-9624
Hurakan Windchargers,Lumineth Realm-lords,Cavalry,3,4,,"CHAMPION,ORDER,LUMINETH REALM-LORDS,AELF,STANDARD BEARER (1/5),CAVALRY,HURAKAN",Windcharger Bow,ranged,3,3,4,1,1,12,"Anti-**^^Cavalry^^** (+1 Rend), Crit (Auto-wound)",170,5,14,1,Default,5,,Guided by the Winds [Passive],Lumineth Realm-lords - Library.cat#1bca-d303-8bb8-9624
Hurakan Windchargers,Lumineth Realm-lords,Cavalry,3,4,,"CHAMPION,ORDER,LUMINETH REALM-LORDS,AELF,STANDARD BEARER (1/5),CAVALRY,HURAKAN",Windcharger Blade,melee,1,4,4,0,1,,-,170,5,14,1,Default,5,,Guided by the Winds [Passive],Lumineth Realm-lords - Library.cat#1bca-d303-8bb8-9624
Hurakan Windmage,Lumineth Realm-lords,Infantry Hero,5,5,,"HERO,ORDER,AELF,LUMINETH REALM-LORDS,INFANTRY,WIZARD (1),HURAKAN,FLY",Windblast Vortex,ranged,1,2,3,2,2,12,Shoot in Combat,140,1,12,2,Default,1,,"Windleap [Activated · Once Per Battle (Army), Your Movement Phase] | Transporting Vortex [Spell · Your Hero Phase · casting value 7 · Spell]",Lumineth Realm-lords - Library.cat#6142-ed59-1f3e-373c
Hurakan Windmage,Lumineth Realm-lords,Infantry Hero,5,5,,"HERO,ORDER,AELF,LUMINETH REALM-LORDS,INFANTRY,WIZARD (1),HURAKAN,FLY",Aspiragillum,melee,3,3,4,1,2,,-,140,1,12,2,Default,1,,"Windleap [Activated · Once Per Battle (Army), Your Movement Phase] | Transporting Vortex [Spell · Your Hero Phase · casting value 7 · Spell]",Lumineth Realm-lords - Library.cat#6142-ed59-1f3e-373c
Hyshian Twinstones,Lumineth Realm-lords,,1,6,6,"WARD (6+),MANIFESTATION,ENDLESS SPELL,ORDER,LUMINETH REALM-LORDS",Crackling Energy,melee,6,4,4,0,1,,-,,1,,,,,,"Reservoir of Power [Passive] | Release Arcane Charge [Activated · Once Per Turn (Army), Reaction: You declared a Spell or Unbind ability for a Lumineth Realm-lords Wizard within 3"" of this Manifestation]",Lumineth Realm-lords - Library.cat#a184-fc56-cfb6-b37b
"Lyrior Uthralle, Warden of Ymetrica",Lumineth Realm-lords,Cavalry Hero,7,3,,"UNIQUE,HERO,ORDER,AELF,LUMINETH REALM-LORDS,WIZARD (1),CAVALRY,VANARI",Lyrior’s Sword,melee,5,2,3,1,2,,"Charge (+1 Damage), Crit (Mortal)",260,1,14,2,Default,1,,Focused Fury [Spell · Your Hero Phase · casting value 5 · Spell] | Champion of the Lord Phoenix [Passive],Lumineth Realm-lords - Library.cat#17ab-ba44-9593-e3d4
"Lyrior Uthralle, Warden of Ymetrica",Lumineth Realm-lords,Cavalry Hero,7,3,,"UNIQUE,HERO,ORDER,AELF,LUMINETH REALM-LORDS,WIZARD (1),CAVALRY,VANARI",Farael’s Horns and Claws,melee,4,4,3,1,1,,Companion,260,1,14,2,Default,1,,Focused Fury [Spell · Your Hero Phase · casting value 5 · Spell] | Champion of the Lord Phoenix [Passive],Lumineth Realm-lords - Library.cat#17ab-ba44-9593-e3d4
"Lyrior Uthralle, Warden of Ymetrica",Lumineth Realm-lords,Cavalry Hero,7,3,,"UNIQUE,HERO,ORDER,AELF,LUMINETH REALM-LORDS,WIZARD (1),CAVALRY,VANARI",Daemonbane,melee,2,2,3,1,2,,"Anti-**^^Daemon^^** (+1 Rend), Charge (+1 Damage)",260,1,14,2,Default,1,,Focused Fury [Spell · Your Hero Phase · casting value 5 · Spell] | Champion of the Lord Phoenix [Passive],Lumineth Realm-lords - Library.cat#17ab-ba44-9593-e3d4
Myari's Purifiers,Lumineth Realm-lords,,3,5,,"ORDER,INFANTRY,UNIQUE,CHAMPION,AELF,LUMINETH REALM-LORDS,VANARI,SCINARI,ALARITH",Auralan Bow,ranged,2,3,4,1,1,18,Crit (Auto-wound),130,4,6,1,Default,1,,Myari Lightcaller [Passive] | Dazzling Light [Spell · Your Hero Phase · casting value 6 · Spell],Lumineth Realm-lords - Library.cat#aaa4-905e-4992-feca
Myari's Purifiers,Lumineth Realm-lords,,3,5,,"ORDER,INFANTRY,UNIQUE,CHAMPION,AELF,LUMINETH REALM-LORDS,VANARI,SCINARI,ALARITH",Purifier Weapons,melee,2,2,4,1,2,,-,130,4,6,1,Default,4,,Myari Lightcaller [Passive] | Dazzling Light [Spell · Your Hero Phase · casting value 6 · Spell],Lumineth Realm-lords - Library.cat#aaa4-905e-4992-feca
Scinari Calligrave,Lumineth Realm-lords,Infantry Hero,5,5,,"HERO,ORDER,AELF,LUMINETH REALM-LORDS,INFANTRY,SCINARI,WIZARD (1)",Calligrave Blade,melee,3,3,4,1,2,,-,130,1,6,2,Default,1,,"Realmscribe [Activated · Once Per Battle (Army), Reaction: You declared the 'Depict Rune' ability]",Lumineth Realm-lords - Library.cat#56b6-9e6e-4f51-60c
Scinari Cathallar,Lumineth Realm-lords,Infantry Hero,5,6,,"HERO,ORDER,AELF,LUMINETH REALM-LORDS,INFANTRY,WIZARD (1),SCINARI",Despairing Touch,melee,3,3,4,0,2,,-,130,1,6,2,Default,1,,"Darkness of the Soul [Activated · Once Per Turn (Army), Your Hero Phase]",Lumineth Realm-lords - Library.cat#957c-42e5-f8c7-55cb
Scinari Enlightener,Lumineth Realm-lords,Infantry Hero,5,5,,"HERO,ORDER,AELF,LUMINETH REALM-LORDS,INFANTRY,SCINARI,WIZARD (2)",Crescent Staff,ranged,3,3,3,1,2,12,Shoot in Combat,180,1,6,2,Default,1,,"Rune of Enthlai [Activated · Once Per Turn (Army), Reaction: You declared an Unlimited Spell ability for this unit] | Clarity of Thought [Spell · Your Hero Phase · casting value 7 · Spell, Unlimited]",Lumineth Realm-lords - Library.cat#c36-bd13-c06d-5fe
Scinari Enlightener,Lumineth Realm-lords,Infantry Hero,5,5,,"HERO,ORDER,AELF,LUMINETH REALM-LORDS,INFANTRY,SCINARI,WIZARD (2)",Enlightener Blade,melee,3,3,4,1,2,,-,180,1,6,2,Default,1,,"Rune of Enthlai [Activated · Once Per Turn (Army), Reaction: You declared an Unlimited Spell ability for this unit] | Clarity of Thought [Spell · Your Hero Phase · casting value 7 · Spell, Unlimited]",Lumineth Realm-lords - Library.cat#c36-bd13-c06d-5fe
Scinari Loreseeker,Lumineth Realm-lords,Infantry Hero,5,4,,"HERO,ORDER,AELF,LUMINETH REALM-LORDS,INFANTRY,SCINARI,WIZARD (1)",Eclipsian Staff,ranged,3,3,3,1,2,12,Shoot in Combat,130,1,6,2,Default,1,,"Arcane Discovery [Activated · Once Per Battle (Army), Your Movement Phase] | Independent Operative [Activated · Once Per Battle (Army), Deployment Phase]",Lumineth Realm-lords - Library.cat#5676-dd7c-77d3-2db1
Scinari Loreseeker,Lumineth Realm-lords,Infantry Hero,5,4,,"HERO,ORDER,AELF,LUMINETH REALM-LORDS,INFANTRY,SCINARI,WIZARD (1)",Loreseeker Blade,melee,5,3,4,1,2,,Crit (Mortal),130,1,6,2,Option,,,"Arcane Discovery [Activated · Once Per Battle (Army), Your Movement Phase] | Independent Operative [Activated · Once Per Battle (Army), Deployment Phase]",Lumineth Realm-lords - Library.cat#5676-dd7c-77d3-2db1
"Sevireth, Lord of the Seventh Wind",Lumineth Realm-lords,Monster Hero,10,4,5,"UNIQUE,HERO,ORDER,LUMINETH REALM-LORDS,MONSTER,FLY,WARD (5+),HURAKAN,AELEMENTOR",Swirling Shards,melee,6,2,4,0,1,,Crit (Mortal),350,1,18,5,Default,1,,"Call of the Winds [Passive] | Searing Desert Winds [Activated · Once Per Turn (Army), Any Combat Phase · Rampage] | Spirit of the Wind [Activated · Once Per Turn (Army), Any Shooting Phase · Move]",Lumineth Realm-lords - Library.cat#880-ddff-1e6d-916f
"Sevireth, Lord of the Seventh Wind",Lumineth Realm-lords,Monster Hero,10,4,5,"UNIQUE,HERO,ORDER,LUMINETH REALM-LORDS,MONSTER,FLY,WARD (5+),HURAKAN,AELEMENTOR","Enathrai, the Howling Death",ranged,4,2,3,3,3,15,Shoot in Combat,350,1,18,5,Default,1,,"Call of the Winds [Passive] | Searing Desert Winds [Activated · Once Per Turn (Army), Any Combat Phase · Rampage] | Spirit of the Wind [Activated · Once Per Turn (Army), Any Shooting Phase · Move]",Lumineth Realm-lords - Library.cat#880-ddff-1e6d-916f
The Light of Eltharion,Lumineth Realm-lords,Infantry Hero,7,3,4,"UNIQUE,HERO,ORDER,AELF,LUMINETH REALM-LORDS,INFANTRY,WARD (4+)",Celennari Blade,melee,2,2,3,1,3,,"Anti-**^^Hero^^** (+1 Rend), Anti-**^^Monster^^** (+1 Rend)",300,1,6,2,Default,1,,Supreme Swordmaster [Passive] | Valorous Intervention [Command · Any Combat Phase · cost 1],Lumineth Realm-lords - Library.cat#d19-ee8b-af86-b163
The Light of Eltharion,Lumineth Realm-lords,Infantry Hero,7,3,4,"UNIQUE,HERO,ORDER,AELF,LUMINETH REALM-LORDS,INFANTRY,WARD (4+)",Fangsword of Eltharion,melee,5,2,3,3,3,,Crit (2 Hits),300,1,6,2,Default,1,,Supreme Swordmaster [Passive] | Valorous Intervention [Command · Any Combat Phase · cost 1],Lumineth Realm-lords - Library.cat#d19-ee8b-af86-b163
The Light of Eltharion,Lumineth Realm-lords,Infantry Hero,7,3,4,"UNIQUE,HERO,ORDER,AELF,LUMINETH REALM-LORDS,INFANTRY,WARD (4+)",Searing Darts of Light,ranged,3,2,3,2,2,12,Shoot in Combat,300,1,6,2,Default,1,,Supreme Swordmaster [Passive] | Valorous Intervention [Command · Any Combat Phase · cost 1],Lumineth Realm-lords - Library.cat#d19-ee8b-af86-b163
Vanari Auralan Sentinels,Lumineth Realm-lords,Infantry,1,5,,"CHAMPION,INFANTRY,ORDER,LUMINETH REALM-LORDS,AELF,VANARI",Auralan Bow,ranged,2,3,4,1,1,18,Crit (Auto-wound),150,10,6,1,Default,10,,Lofted Shots [Activated · Your Shooting Phase],Lumineth Realm-lords - Library.cat#49b1-940c-50a1-24c9
Vanari Auralan Sentinels,Lumineth Realm-lords,Infantry,1,5,,"CHAMPION,INFANTRY,ORDER,LUMINETH REALM-LORDS,AELF,VANARI",Sentinel Blades,melee,1,3,4,0,1,,-,150,10,6,1,Default,10,,Lofted Shots [Activated · Your Shooting Phase],Lumineth Realm-lords - Library.cat#49b1-940c-50a1-24c9
Vanari Auralan Wardens,Lumineth Realm-lords,Infantry,1,4,,"CHAMPION,INFANTRY,ORDER,LUMINETH REALM-LORDS,AELF,VANARI",Warden Pikes and Blades,melee,2,3,4,0,1,,"Anti-charge (+1 Rend), Crit (Mortal)",120,10,6,1,Default,10,,Anticipated Strike [Passive],Lumineth Realm-lords - Library.cat#b62e-acea-4717-14bd
Vanari Bannerblade,Lumineth Realm-lords,Infantry Hero,5,4,,"HERO,ORDER,AELF,LUMINETH REALM-LORDS,VANARI,INFANTRY",Bannerblade’s Sword,melee,5,3,4,1,2,,Crit (Mortal),130,1,6,5,Default,1,,World Banner [Passive],Lumineth Realm-lords - Library.cat#2df7-ab5b-fecc-341b
Vanari Bladelords,Lumineth Realm-lords,Infantry,2,4,,"CHAMPION,INFANTRY,ORDER,LUMINETH REALM-LORDS,AELF,VANARI",Sunmetal Blade,melee,3,3,4,1,1,,Crit (Mortal),150,5,6,1,Default,5,,Masters of Combat [Passive] | Guardians of the Scinari [Passive],Lumineth Realm-lords - Library.cat#b32e-9c8a-a294-9abe
Vanari Dawnriders,Lumineth Realm-lords,Cavalry,3,4,,"CHAMPION,ORDER,LUMINETH REALM-LORDS,AELF,VANARI,STANDARD BEARER (1/5),CAVALRY",Dawnrider Lances and Blades,melee,2,3,4,1,1,,"Charge (+1 Damage), Crit (Mortal)",200,5,14,1,Default,5,,Dawnrider Charge [Passive],Lumineth Realm-lords - Library.cat#8f4-ae60-8a15-6d7d
Vanari Dawnriders,Lumineth Realm-lords,Cavalry,3,4,,"CHAMPION,ORDER,LUMINETH REALM-LORDS,AELF,VANARI,STANDARD BEARER (1/5),CAVALRY",Stallions’ Hooves,melee,2,5,3,0,1,,Companion,200,5,14,1,Default,5,,Dawnrider Charge [Passive],Lumineth Realm-lords - Library.cat#8f4-ae60-8a15-6d7d
Vanari Lord Regent,Lumineth Realm-lords,Infantry Hero,5,4,,"HERO,ORDER,AELF,LUMINETH REALM-LORDS,VANARI,INFANTRY",Regent’s Sword,melee,5,3,4,1,2,,Crit (Mortal),110,1,6,2,Default,1,,"Shining Example [Passive] | Wall of Blades [Activated · Once Per Turn (Army), Any Combat Phase]",Lumineth Realm-lords - Library.cat#69db-94ab-507b-0e92
Vanari Lord Regent on Lightcourser,Lumineth Realm-lords,Cavalry Hero,7,3,,"HERO,ORDER,AELF,LUMINETH REALM-LORDS,CAVALRY,VANARI",Regent’s Sword,melee,5,3,4,1,2,,Crit (Mortal),150,1,14,2,Default,1,,"Lead the Charge [Passive] | Purest Aetherquartz [Activated · Once Per Battle, Your Hero Phase]",Lumineth Realm-lords - Library.cat#2e0b-1a0a-3d2b-8fef
Vanari Lord Regent on Lightcourser,Lumineth Realm-lords,Cavalry Hero,7,3,,"HERO,ORDER,AELF,LUMINETH REALM-LORDS,CAVALRY,VANARI",Lightcourser’s Horns and Claws,melee,3,4,3,1,1,,Companion,150,1,14,2,Default,1,,"Lead the Charge [Passive] | Purest Aetherquartz [Activated · Once Per Battle, Your Hero Phase]",Lumineth Realm-lords - Library.cat#2e0b-1a0a-3d2b-8fef
Vanari Starshard Ballista,Lumineth Realm-lords,War Machine,5,5,,"ORDER,LUMINETH REALM-LORDS,WAR MACHINE,VANARI",Starshard Bolts,ranged,4,3,3,1,2,24,"Anti-**^^Monster^^** (+1 Rend), Crit (2 Hits)",100,1,6,2,Default,1,,"Blinding Bolts [Activated · Once Per Turn (Army), Any Shooting Phase] | Scryhawks [Passive]",Lumineth Realm-lords - Library.cat#ac41-4a7-88c5-9ab2
Vanari Starshard Ballista,Lumineth Realm-lords,War Machine,5,5,,"ORDER,LUMINETH REALM-LORDS,WAR MACHINE,VANARI",Crew’s Arming Swords,melee,2,3,4,0,1,,-,100,1,6,2,Default,1,,"Blinding Bolts [Activated · Once Per Turn (Army), Any Shooting Phase] | Scryhawks [Passive]",Lumineth Realm-lords - Library.cat#ac41-4a7-88c5-9ab2
Ydrilan Riverblades,Lumineth Realm-lords,Infantry,1,5,,"INFANTRY,ORDER,LUMINETH REALM-LORDS,AELF,CHAMPION (1/10),YDRILAN",Ythara Darts,ranged,2,3,4,0,1,10,Shoot in Combat,150,10,7,1,Default,10,,"Relentless as the Driving Current [Activated · Once Per Turn (Army), Any Combat Phase] | Travel the Waterways [Activated · Once Per Turn (Army), Your Movement Phase]",Lumineth Realm-lords - Library.cat#6e14-dd31-2bf8-c9d3
Ydrilan Riverblades,Lumineth Realm-lords,Infantry,1,5,,"INFANTRY,ORDER,LUMINETH REALM-LORDS,AELF,CHAMPION (1/10),YDRILAN",Ydrilan Blades,melee,2,3,4,1,1,,Anti-**^^Hero^^** (+1 Rend),150,10,7,1,Default,10,,"Relentless as the Driving Current [Activated · Once Per Turn (Army), Any Combat Phase] | Travel the Waterways [Activated · Once Per Turn (Army), Your Movement Phase]",Lumineth Realm-lords - Library.cat#6e14-dd31-2bf8-c9d3
Beast of Nurgle,Maggotkin of Nurgle,Beast,8,5,5,"WARD (5+),CHAOS,MAGGOTKIN OF NURGLE,DAEMON,BEAST",Filthy Claws and Slobbering Maw,melee,5,4,3,1,2,,Companion,100,1,7,1,Default,1,,"Attention Seekers [Activated · Once Per Turn (Army), Any Charge Phase · Core, Move, Charge]",Maggotkin of Nurgle - Library.cat#8197-2f04-e647-f5c
Belga the Cystwitch,Maggotkin of Nurgle,Infantry Hero,7,5,6,"HERO,UNIQUE,CHAOS,MAGGOTKIN OF NURGLE,INFANTRY,PRIEST (1),ROTBRINGERS,WARD (6+)",Thrice-tainted Staff,melee,3,4,4,1,2,,-,130,1,4,3,Default,1,,Ruptured Cysts [Prayer · Your Hero Phase · chanting value 4 · Prayer] | Scry the Filth [Activated · Your Hero Phase],Maggotkin of Nurgle - Library.cat#ac24-667b-4672-4e78
Bloab Rotspawned,Maggotkin of Nurgle,Monster Hero,14,4,6,"HERO,UNIQUE,CHAOS,MAGGOTKIN OF NURGLE,MONSTER,ROTBRINGERS,WIZARD (1),WARD (6+)",Bilespurter's Vile Bile,ranged,7,2,4,1,2,7,"Shoot in Combat, Companion",260,1,8,5,Default,1,,"Battle Damaged [Passive] | Daemon Flies [Activated · Once Per Turn (Army), Any Combat Phase · Rampage] | Miasma of Pestilence [Spell · Your Hero Phase · casting value 6]",Maggotkin of Nurgle - Library.cat#5d0c-177b-8fbf-c3ee
Bloab Rotspawned,Maggotkin of Nurgle,Monster Hero,14,4,6,"HERO,UNIQUE,CHAOS,MAGGOTKIN OF NURGLE,MONSTER,ROTBRINGERS,WIZARD (1),WARD (6+)",Harvestman’s Scythe,melee,3,3,3,1,2,,Anti-**^^Monster^^** (+1 Rend),260,1,8,5,Default,1,,"Battle Damaged [Passive] | Daemon Flies [Activated · Once Per Turn (Army), Any Combat Phase · Rampage] | Miasma of Pestilence [Spell · Your Hero Phase · casting value 6]",Maggotkin of Nurgle - Library.cat#5d0c-177b-8fbf-c3ee
Bloab Rotspawned,Maggotkin of Nurgle,Monster Hero,14,4,6,"HERO,UNIQUE,CHAOS,MAGGOTKIN OF NURGLE,MONSTER,ROTBRINGERS,WIZARD (1),WARD (6+)",Bilespurter’s Claws,melee,5,4,2,2,3,,Companion,260,1,8,5,Default,1,,"Battle Damaged [Passive] | Daemon Flies [Activated · Once Per Turn (Army), Any Combat Phase · Rampage] | Miasma of Pestilence [Spell · Your Hero Phase · casting value 6]",Maggotkin of Nurgle - Library.cat#5d0c-177b-8fbf-c3ee
Cankerborn,Maggotkin of Nurgle,Infantry Hero,6,5,5,"CHAOS,INFANTRY,MAGGOTKIN OF NURGLE,DAEMON,WARD (5+),UNIQUE,HERO",Blightblades,melee,4,3,3,1,3,,Crit (Mortal),180,2,4,2,Default,2,,"Utter Defilement [Activated · End of Any Turn] | From the Tainted Earth [Activated · Your Movement Phase · Core, Move] | Entropy Endures [Passive]",Maggotkin of Nurgle - Library.cat#d82c-ba5b-b703-0ab7
"Epidemius, Tallyman of Nurgle",Maggotkin of Nurgle,,7,4,5,"HERO,UNIQUE,CHAOS,MAGGOTKIN OF NURGLE,WARD (5+),INFANTRY,DAEMON",Epidemius’s Balesword,melee,3,4,3,1,2,,-,130,1,4,2,Default,1,,Tallyman of Nurgle [Activated · Your Hero Phase],Maggotkin of Nurgle - Library.cat#5b0d-37e4-73a4-f952
"Epidemius, Tallyman of Nurgle",Maggotkin of Nurgle,,7,4,5,"HERO,UNIQUE,CHAOS,MAGGOTKIN OF NURGLE,WARD (5+),INFANTRY,DAEMON",Mound of Nurglings,melee,10,5,5,0,1,,Companion,130,1,4,2,Default,1,,Tallyman of Nurgle [Activated · Your Hero Phase],Maggotkin of Nurgle - Library.cat#5b0d-37e4-73a4-f952
Feculent Gnarlmaw,Maggotkin of Nurgle,,7,5,5,"CHAOS,MAGGOTKIN OF NURGLE,WARD (5+),FACTION TERRAIN",Maggot-infested Mouth,melee,4,4,3,1,2,,-,,1,-,-,Default,1,,Rot-Blossom [Passive] | Tendrils of Corruption [Activated · Any Movement Phase] | Riddled With Disease [Passive],Maggotkin of Nurgle - Library.cat#f4aa-9ef3-286-f6db
Festus the Leechlord,Maggotkin of Nurgle,Monster Hero,14,4,5,"HERO,UNIQUE,CHAOS,MAGGOTKIN OF NURGLE,DAEMON,MONSTER,WIZARD (2),WARD (5+)",Gnarled Plague Staff,melee,3,3,3,1,D3,,Crit (Auto-wound),290,1,5,5,Default,1,,"Battle Damaged [Passive] | Vile Poisons and Debilitating Toxins [Activated · Once Per Turn (Army), Any Combat Phase · Rampage] | Annelid Engorgement [Activated · End of Any Turn] | The Leechlord's Curse [Spell · Your Hero Phase · casting value 6 · Spell]",Maggotkin of Nurgle - Library.cat#3226-6035-594a-b682
Festus the Leechlord,Maggotkin of Nurgle,Monster Hero,14,4,5,"HERO,UNIQUE,CHAOS,MAGGOTKIN OF NURGLE,DAEMON,MONSTER,WIZARD (2),WARD (5+)",Gathoblyt's Fanged Maw,melee,4,4,2,2,3,,"Crit (Mortal), Companion",290,1,5,5,Default,1,,"Battle Damaged [Passive] | Vile Poisons and Debilitating Toxins [Activated · Once Per Turn (Army), Any Combat Phase · Rampage] | Annelid Engorgement [Activated · End of Any Turn] | The Leechlord's Curse [Spell · Your Hero Phase · casting value 6 · Spell]",Maggotkin of Nurgle - Library.cat#3226-6035-594a-b682
"Gelgus Pust, the Prince of Sores",Maggotkin of Nurgle,Infantry Hero,8,3,5,"HERO,UNIQUE,CHAOS,MAGGOTKIN OF NURGLE,DAEMON,WARD (5+),INFANTRY,FLY",Malady and Contagion,melee,7,3,3,1,3,,Crit (Auto-wound),200,1,8,5,Default,1,,"Grin of the Grandfather [Activated · Any Combat Phase] | Parasitic Infestation [Activated · Any Charge Phase] | Polluting Aura [Passive] | Master Contaminator [Activated · Once Per Battle, Your Hero Phase]",Maggotkin of Nurgle - Library.cat#5fef-f075-9e25-ee6a
Grandfather's Gardeners,Maggotkin of Nurgle,,3,6,5,"INFANTRY,UNIQUE,CHAMPION,MAGGOTKIN OF NURGLE,CHAOS,WARD (5+),DAEMON,STANDARD BEARER",Gardening Tools,melee,1,4,3,0,1,,Crit (Mortal),110,5,4,1,Default,5,,Seeds of Rot [Passive] | Blooming Plague [Activated · End of Any Turn],Maggotkin of Nurgle - Library.cat#c031-2a32-ee55-4a1c
Great Unclean One,Maggotkin of Nurgle,Monster Hero,20,4,5,"HERO,MONSTER,WIZARD (2),WARD (5+),CHAOS,MAGGOTKIN OF NURGLE,DAEMON",Noxious Bile,ranged,5,3,2,2,2,7,Shoot in Combat,380,1,6,5,Default,1,,"Bloated With Corruption [Activated · Once Per Turn (Army), End of Any Turn · Rampage] | Plague Wind [Spell · Your Hero Phase · casting value 7 · Spell] | Locus of Nurgle [Command · Once Per Turn (Army), Your Movement Phase · cost 1] | Battle Damaged [Passive]",Maggotkin of Nurgle - Library.cat#bbb9-4b05-be8a-af89
Great Unclean One,Maggotkin of Nurgle,Monster Hero,20,4,5,"HERO,MONSTER,WIZARD (2),WARD (5+),CHAOS,MAGGOTKIN OF NURGLE,DAEMON",Colossal Blight Weapons,melee,4,3,2,2,4,,-,380,1,6,5,Default,1,,"Bloated With Corruption [Activated · Once Per Turn (Army), End of Any Turn · Rampage] | Plague Wind [Spell · Your Hero Phase · casting value 7 · Spell] | Locus of Nurgle [Command · Once Per Turn (Army), Your Movement Phase · cost 1] | Battle Damaged [Passive]",Maggotkin of Nurgle - Library.cat#bbb9-4b05-be8a-af89
Gutrot Spume,Maggotkin of Nurgle,Infantry Hero,7,4,6,"HERO,UNIQUE,CHAOS,MAGGOTKIN OF NURGLE,ROTBRINGERS,INFANTRY,WARD (6+)",Rot-pocked Axe,melee,5,3,2,1,2,,"Anti-Hero (+1 Rend), Crit (Mortal)",100,1,4,2,Default,1,,Pestilential Beachhead [Activated · Your Movement Phase] | Flailing Tentacles [Activated · Any Combat Phase] | Master of the Slime Fleet [Activated · Deployment Phase · Deploy],Maggotkin of Nurgle - Library.cat#5586-2cfb-7451-aedc
Harbinger of Decay,Maggotkin of Nurgle,Cavalry Hero,7,3,6,"HERO,CHAOS,MAGGOTKIN OF NURGLE,CAVALRY,ROTBRINGERS,PRIEST (1),WARD (6+)",Grim Rotsword or Plague Scythe,melee,3,3,3,1,3,,Crit (Mortal),140,1,8,2,Default,1,,"Knell of Doom [Activated · Once Per Turn (Army), Enemy Hero Phase] | Omens of Decay [Prayer · Your Hero Phase · chanting value 4]",Maggotkin of Nurgle - Library.cat#c473-7f30-9a81-12d4
Harbinger of Decay,Maggotkin of Nurgle,Cavalry Hero,7,3,6,"HERO,CHAOS,MAGGOTKIN OF NURGLE,CAVALRY,ROTBRINGERS,PRIEST (1),WARD (6+)",Daemonic Mount’s Flyblown Bite,melee,2,5,3,0,1,,Companion,140,1,8,2,Default,1,,"Knell of Doom [Activated · Once Per Turn (Army), Enemy Hero Phase] | Omens of Decay [Prayer · Your Hero Phase · chanting value 4]",Maggotkin of Nurgle - Library.cat#c473-7f30-9a81-12d4
Horticulous Slimux,Maggotkin of Nurgle,Cavalry Hero,8,4,5,"HERO,UNIQUE,CHAOS,MAGGOTKIN OF NURGLE,DAEMON,WARD (5+),CAVALRY",Lopping Shears,melee,3,3,3,1,2,,-,140,1,4,2,Default,1,,Cultivating the Garden of Nurgle [Activated · Your Movement Phase] | Beast Handler [Activated · Your Movement Phase] | Gnarlmaw Whisperer [Activated · End of Your Turn],Maggotkin of Nurgle - Library.cat#6393-ad97-81d9-ccbe
Horticulous Slimux,Maggotkin of Nurgle,Cavalry Hero,8,4,5,"HERO,UNIQUE,CHAOS,MAGGOTKIN OF NURGLE,DAEMON,WARD (5+),CAVALRY",Slime-encrusted Jaws,melee,4,4,3,1,2,,Companion,140,1,4,2,Default,1,,Cultivating the Garden of Nurgle [Activated · Your Movement Phase] | Beast Handler [Activated · Your Movement Phase] | Gnarlmaw Whisperer [Activated · End of Your Turn],Maggotkin of Nurgle - Library.cat#6393-ad97-81d9-ccbe
Lord of Afflictions,Maggotkin of Nurgle,Cavalry Hero,8,3,6,"HERO,CHAOS,MAGGOTKIN OF NURGLE,CAVALRY,ROTBRINGERS,FLY,WARD (6+)",Festerspike,melee,4,3,3,1,2,,Charge (+1 Damage),170,1,8,2,Default,1,,"Master of Rot Flies [Activated · Any Combat Phase] | Vectors of Foulest Contagion [Activated · Once Per Turn (Army), Any Combat Phase]",Maggotkin of Nurgle - Library.cat#3da0-ddfc-c8f-5e80
Lord of Afflictions,Maggotkin of Nurgle,Cavalry Hero,8,3,6,"HERO,CHAOS,MAGGOTKIN OF NURGLE,CAVALRY,ROTBRINGERS,FLY,WARD (6+)",Rot Fly’s Mouthparts and Sting,melee,6,4,3,0,1,,Companion,170,1,8,2,Default,1,,"Master of Rot Flies [Activated · Any Combat Phase] | Vectors of Foulest Contagion [Activated · Once Per Turn (Army), Any Combat Phase]",Maggotkin of Nurgle - Library.cat#3da0-ddfc-c8f-5e80
Lord of Blights,Maggotkin of Nurgle,Infantry Hero,7,3,6,"HERO,CHAOS,MAGGOTKIN OF NURGLE,ROTBRINGERS,INFANTRY,WARD (6+)",Bubotic Hammer,melee,4,3,3,1,3,,Anti-charge (+1 Rend),140,1,4,2,Default,1,,"Thrice-ripened Death's Heads [Activated · Any Combat Phase] | Festering Bulwark [Activated · Once Per Turn (Army), Any Combat Phase]",Maggotkin of Nurgle - Library.cat#b0b6-7b56-5e4-a46
Lord of Plagues,Maggotkin of Nurgle,Infantry Hero,7,4,6,"HERO,CHAOS,MAGGOTKIN OF NURGLE,ROTBRINGERS,INFANTRY,WARD (6+)",Plague-ridden Great Blade,melee,5,3,3,1,2,,Crit (Mortal),120,1,4,2,Default,1,,"Sevenfold Slaughter [Activated · Once Per Turn (Army), Any Combat Phase] | Lord of the Infected Legions [Passive]",Maggotkin of Nurgle - Library.cat#542a-9c27-908f-8c30
Morbidex Twiceborn,Maggotkin of Nurgle,Monster Hero,14,4,6,"HERO,UNIQUE,CHAOS,MAGGOTKIN OF NURGLE,MONSTER,ROTBRINGERS,WARD (6+)",Tripletongue’s Slabrous Tongues,ranged,3,3,3,1,1,7,"Shoot in Combat, Companion",250,1,8,5,Default,1,,"Battle Damaged [Passive] | Gigantic Nurgling-kin [Activated · End of Any Turn] | Tide of Nurglings [Activated · Once Per Turn (Army), Any Combat Phase · Rampage] | Lord of Nurglings [Passive]",Maggotkin of Nurgle - Library.cat#4de5-75a7-bc3d-8ced
Morbidex Twiceborn,Maggotkin of Nurgle,Monster Hero,14,4,6,"HERO,UNIQUE,CHAOS,MAGGOTKIN OF NURGLE,MONSTER,ROTBRINGERS,WARD (6+)",Fleshreaper Scythe,melee,5,3,3,1,2,,-,250,1,8,5,Default,1,,"Battle Damaged [Passive] | Gigantic Nurgling-kin [Activated · End of Any Turn] | Tide of Nurglings [Activated · Once Per Turn (Army), Any Combat Phase · Rampage] | Lord of Nurglings [Passive]",Maggotkin of Nurgle - Library.cat#4de5-75a7-bc3d-8ced
Morbidex Twiceborn,Maggotkin of Nurgle,Monster Hero,14,4,6,"HERO,UNIQUE,CHAOS,MAGGOTKIN OF NURGLE,MONSTER,ROTBRINGERS,WARD (6+)",Tripletongue’s Claws,melee,5,4,2,2,3,,Companion,250,1,8,5,Default,1,,"Battle Damaged [Passive] | Gigantic Nurgling-kin [Activated · End of Any Turn] | Tide of Nurglings [Activated · Once Per Turn (Army), Any Combat Phase · Rampage] | Lord of Nurglings [Passive]",Maggotkin of Nurgle - Library.cat#4de5-75a7-bc3d-8ced
Nurglings,Maggotkin of Nurgle,Beast,4,6,5,"WARD (5+),CHAOS,MAGGOTKIN OF NURGLE,DAEMON,BEAST",Tiny Razor-sharp Teeth,melee,5,5,5,0,1,,Crit (Auto-wound),100,3,4,1,Default,3,,"Endless Swarm [Activated · Once Per Turn (Army), End of Any Turn]",Maggotkin of Nurgle - Library.cat#3495-8e1e-11c-5784
Orghotts Daemonspew,Maggotkin of Nurgle,Monster Hero,14,3,6,"HERO,UNIQUE,CHAOS,MAGGOTKIN OF NURGLE,MONSTER,ROTBRINGERS,WARD (6+)",Whippermaw's Grasping Tongue,ranged,1,3,3,0,3,7,"Shoot in Combat, Companion",260,1,8,5,Default,1,,"Battle Damaged [Passive] | Grasping Tongue [Activated · Once Per Turn (Army), Any Combat Phase · Rampage] | Acid Ichor [Passive]",Maggotkin of Nurgle - Library.cat#b30a-a7ad-baf5-52a9
Orghotts Daemonspew,Maggotkin of Nurgle,Monster Hero,14,3,6,"HERO,UNIQUE,CHAOS,MAGGOTKIN OF NURGLE,MONSTER,ROTBRINGERS,WARD (6+)",The Rotaxes,melee,7,3,3,1,2,,-,260,1,8,5,Default,1,,"Battle Damaged [Passive] | Grasping Tongue [Activated · Once Per Turn (Army), Any Combat Phase · Rampage] | Acid Ichor [Passive]",Maggotkin of Nurgle - Library.cat#b30a-a7ad-baf5-52a9
Orghotts Daemonspew,Maggotkin of Nurgle,Monster Hero,14,3,6,"HERO,UNIQUE,CHAOS,MAGGOTKIN OF NURGLE,MONSTER,ROTBRINGERS,WARD (6+)",Whippermaw's Claws,melee,5,4,2,2,3,,Companion,260,1,8,5,Default,1,,"Battle Damaged [Passive] | Grasping Tongue [Activated · Once Per Turn (Army), Any Combat Phase · Rampage] | Acid Ichor [Passive]",Maggotkin of Nurgle - Library.cat#b30a-a7ad-baf5-52a9
Pestigors,Maggotkin of Nurgle,Infantry,2,5,6,"CHAOS,MAGGOTKIN OF NURGLE,CHAMPION,INFANTRY,STANDARD BEARER (1/10),MUSICIAN (1/10),WARD (6+),ROTBRINGERS",Corroded Weapons,melee,2,4,3,0,1,,-,140,10,6,1,Default,10,,Bestial Desecration [Passive],Maggotkin of Nurgle - Library.cat#63e1-62af-0f98-29f4
Plague Drones,Maggotkin of Nurgle,Cavalry,5,5,5,"WARD (5+),CHAOS,MAGGOTKIN OF NURGLE,DAEMON,CAVALRY,CHAMPION,STANDARD BEARER (1/3),MUSICIAN (1/3),FLY",Noxious Plaguesword,melee,2,4,3,0,1,,Crit (Mortal),150,3,8,2,Default,3,,Ripe Pastures [Passive] | Dispersed Formation [Passive],Maggotkin of Nurgle - Library.cat#18c2-5ea0-f7f6-639f
Plague Drones,Maggotkin of Nurgle,Cavalry,5,5,5,"WARD (5+),CHAOS,MAGGOTKIN OF NURGLE,DAEMON,CAVALRY,CHAMPION,STANDARD BEARER (1/3),MUSICIAN (1/3),FLY",Rot Fly's Mouthparts and Sting,melee,6,4,3,0,1,,Companion,150,3,8,2,Default,3,,Ripe Pastures [Passive] | Dispersed Formation [Passive],Maggotkin of Nurgle - Library.cat#18c2-5ea0-f7f6-639f
Plaguebearers,Maggotkin of Nurgle,Infantry,2,6,5,"WARD (5+),CHAOS,MAGGOTKIN OF NURGLE,DAEMON,CHAMPION,INFANTRY,STANDARD BEARER (1/10),MUSICIAN (1/10)",Plaguesword,melee,1,4,3,0,1,,Crit (Mortal),130,10,4,1,Default,10,,Cloud of Flies [Passive],Maggotkin of Nurgle - Library.cat#479f-7f60-d7d1-5b0f
Pox-Wretches,Maggotkin of Nurgle,Infantry,1,6,6,"CHAOS,MAGGOTKIN OF NURGLE,CHAMPION,INFANTRY,WARD (6+),ROTBRINGERS",Decaying Weapons,melee,2,4,4,0,1,,Crit (Auto-wound),110,14,5,1,Default,14,,"Mire Kelpies [Passive] | Contagious Catarrh [Activated · Once Per Turn (Army), End of Any Turn]",Maggotkin of Nurgle - Library.cat#27c3-be21-f827-610f
"Poxbringer, Herald of Nurgle",Maggotkin of Nurgle,Infantry Hero,5,5,5,"HERO,WARD (5+),CHAOS,MAGGOTKIN OF NURGLE,DAEMON,WIZARD (1),INFANTRY",Corrupted Balesword,melee,3,4,3,1,2,,Crit (Mortal),90,1,4,2,Default,1,,Captain of the Plague Legions [Activated · Reaction: You declared a Fight ability for this unit],Maggotkin of Nurgle - Library.cat#3f9b-a5f1-3290-cd8a
Pusgoyle Blightlords,Maggotkin of Nurgle,Cavalry,8,4,6,"CHAOS,MAGGOTKIN OF NURGLE,CAVALRY,FLY,ROTBRINGERS,WARD (6+)",Flyrider’s Arsenal,melee,4,3,3,1,1,,Charge (+1 Damage),190,2,8,2,Default,2,,Relentless Attackers [Passive] | Dispersed Formation [Passive],Maggotkin of Nurgle - Library.cat#fef0-a956-3083-4cf3
Pusgoyle Blightlords,Maggotkin of Nurgle,Cavalry,8,4,6,"CHAOS,MAGGOTKIN OF NURGLE,CAVALRY,FLY,ROTBRINGERS,WARD (6+)",Rot Fly’s Mouthparts and Sting,melee,6,4,3,0,1,,Companion,190,2,8,2,Default,2,,Relentless Attackers [Passive] | Dispersed Formation [Passive],Maggotkin of Nurgle - Library.cat#fef0-a956-3083-4cf3
Putrid Blightkings,Maggotkin of Nurgle,Infantry,3,5,6,"CHAOS,MAGGOTKIN OF NURGLE,CHAMPION,INFANTRY,ROTBRINGERS,STANDARD BEARER (1/5),WARD (6+)",Pox-blighted Weapons,melee,4,3,3,1,1,,"Anti-**^^Priest^^** (+1 Rend), Anti-**^^Wizard^^** (+1 Rend)",130,5,4,1,Default,5,,"Discomfiting Stench [Activated · Once Per Turn (Army), End of Any Turn]",Maggotkin of Nurgle - Library.cat#9951-ae95-5386-f8cf
Rotbringer Sorcerer,Maggotkin of Nurgle,Infantry Hero,6,5,6,"HERO,CHAOS,MAGGOTKIN OF NURGLE,ROTBRINGERS,INFANTRY,WIZARD (1),WARD (6+)",Rotwood Staff,melee,3,4,3,1,2,,-,100,1,4,2,Default,1,,Tainted Sorceries [Activated · Your Hero Phase],Maggotkin of Nurgle - Library.cat#8fe7-5f8f-68ac-b786
Rotigus,Maggotkin of Nurgle,Monster Hero,22,4,5,"HERO,UNIQUE,WARMASTER,CHAOS,MAGGOTKIN OF NURGLE,DAEMON,MONSTER,WIZARD (2),WARD (5+)",Gnarlrod,melee,5,3,2,1,3,,-,420,1,6,10,Default,1,,"Battle Damaged [Passive] | Mountain of Loathsome Flesh [Activated · Once Per Turn (Army), Any Charge Phase · Rampage] | Bringer of Plenty [Passive] | Deluge of Nurgle [Spell · Your Hero Phase · casting value 8 · Spell]",Maggotkin of Nurgle - Library.cat#bb0e-3648-ee6e-3e43
Rotigus,Maggotkin of Nurgle,Monster Hero,22,4,5,"HERO,UNIQUE,WARMASTER,CHAOS,MAGGOTKIN OF NURGLE,DAEMON,MONSTER,WIZARD (2),WARD (5+)",Fanged Maws,melee,4,3,2,2,2,,-,420,1,6,10,Default,1,,"Battle Damaged [Passive] | Mountain of Loathsome Flesh [Activated · Once Per Turn (Army), Any Charge Phase · Rampage] | Bringer of Plenty [Passive] | Deluge of Nurgle [Spell · Your Hero Phase · casting value 8 · Spell]",Maggotkin of Nurgle - Library.cat#bb0e-3648-ee6e-3e43
Rotmire Creed,Maggotkin of Nurgle,Infantry,1,6,6,"CHAOS,MAGGOTKIN OF NURGLE,INFANTRY,CHAMPION (1/10),ROTBRINGERS,WARD (6+)",Bilewood Weapons,melee,2,4,4,0,1,,-,110,10,5,1,Default,10,,Virulent Concoctions [Passive],Maggotkin of Nurgle - Library.cat#6ad6-e6a2-391d-74f3
Rotmire Creed,Maggotkin of Nurgle,Infantry,1,6,6,"CHAOS,MAGGOTKIN OF NURGLE,INFANTRY,CHAMPION (1/10),ROTBRINGERS,WARD (6+)",Contagion Blowpipes,ranged,2,4,3,0,1,12,Crit (Auto-wound),110,10,5,1,Default,10,,Virulent Concoctions [Passive],Maggotkin of Nurgle - Library.cat#6ad6-e6a2-391d-74f3
Rotswords,Maggotkin of Nurgle,Infantry,2,3,6,"CHAOS,MAGGOTKIN OF NURGLE,CHAMPION,INFANTRY,STANDARD BEARER (1/10),MUSICIAN (1/10),WARD (6+),ROTBRINGERS",Ruined Master-crafted Weapons,melee,2,3,3,1,1,,Crit (2 Hits),210,10,4,1,Default,10,,"Sweat-Soaked and Reeking [Activated · Once Per Turn (Army), Any Combat Phase]",Maggotkin of Nurgle - Library.cat#17cc-0dd4-0154-7db5
Shaman Foulhoof,Maggotkin of Nurgle,Infantry Hero,5,5,6,"HERO,UNIQUE,CHAOS,MAGGOTKIN OF NURGLE,INFANTRY,ROTBRINGERS,WARD (6+),WIZARD (1)",Rotstave,melee,3,4,3,1,2,,-,110,1,6,2,Default,1,,Purulent Profusion [Spell · Your Hero Phase · casting value 7 · Spell] | Rampant Defilement [Activated · Any Combat Phase],Maggotkin of Nurgle - Library.cat#e676-1e6d-0d6e-f9de
"Sloppity Bilepiper, Herald of Nurgle",Maggotkin of Nurgle,Infantry Hero,5,5,5,"HERO,WARD (5+),CHAOS,MAGGOTKIN OF NURGLE,DAEMON,INFANTRY",Marotter,melee,3,4,3,1,2,,-,90,1,4,2,Default,1,,"Jolly Gutpipes [Activated · Once Per Turn (Army), Your Hero Phase]",Maggotkin of Nurgle - Library.cat#29d8-9408-2148-b2c9
Sloven Knights,Maggotkin of Nurgle,Cavalry,4,3,6,"CHAOS,MAGGOTKIN OF NURGLE,CHAMPION,ROTBRINGERS,WARD (6+),CAVALRY",Entropic Bludgeons,melee,2,4,3,2,2,,Charge (+1 Damage),180,3,8,1,Default,3,,"Pall of Exhaustion [Activated · Once Per Turn (Army), Any Combat Phase]",Maggotkin of Nurgle - Library.cat#16b5-3022-8c0f-976e
Sloven Knights,Maggotkin of Nurgle,Cavalry,4,3,6,"CHAOS,MAGGOTKIN OF NURGLE,CHAMPION,ROTBRINGERS,WARD (6+),CAVALRY",Foetid Nag's Hooves,melee,2,5,3,0,1,,Companion,180,3,8,1,Default,3,,"Pall of Exhaustion [Activated · Once Per Turn (Army), Any Combat Phase]",Maggotkin of Nurgle - Library.cat#16b5-3022-8c0f-976e
"Spoilpox Scrivener, Herald of Nurgle",Maggotkin of Nurgle,Infantry Hero,5,5,5,"HERO,WARD (5+),CHAOS,MAGGOTKIN OF NURGLE,DAEMON,INFANTRY",Disgusting Sneezes,ranged,3,2,4,0,1,7,Shoot in Combat,80,1,4,2,Default,1,,"Keep Counting, I'm Watching You [Activated · Once Per Turn (Army), Your Hero Phase] | Stupefying Sneezes [Activated · Once Per Turn (Army), Any Shooting Phase]",Maggotkin of Nurgle - Library.cat#d44-acf2-9394-f93
"Spoilpox Scrivener, Herald of Nurgle",Maggotkin of Nurgle,Infantry Hero,5,5,5,"HERO,WARD (5+),CHAOS,MAGGOTKIN OF NURGLE,DAEMON,INFANTRY",Distended Maw,melee,3,4,3,1,2,,-,80,1,4,2,Default,1,,"Keep Counting, I'm Watching You [Activated · Once Per Turn (Army), Your Hero Phase] | Stupefying Sneezes [Activated · Once Per Turn (Army), Any Shooting Phase]",Maggotkin of Nurgle - Library.cat#d44-acf2-9394-f93
The Glottkin,Maggotkin of Nurgle,Monster Hero,24,4,6,"HERO,UNIQUE,WARMASTER,CHAOS,MAGGOTKIN OF NURGLE,MONSTER,ROTBRINGERS,WIZARD (1),WARD (6+)",Ghurk's Lamprey Maw,melee,3,3,2,2,3,,-,470,1,6,10,Default,1,,"Battle Damaged [Passive] | Blighted Stampede [Activated · Once Per Turn (Army), Reaction: You declared the 'Counter-charge' command for this unit · Rampage] | Overgrowth of Flesh [Spell · Your Hero Phase · casting value 6 · Spell] | Horrific Opponent [Passive] | Tentacle Trap [Activated · Any Combat Phase]",Maggotkin of Nurgle - Library.cat#d561-75fb-fd5f-57a5
The Glottkin,Maggotkin of Nurgle,Monster Hero,24,4,6,"HERO,UNIQUE,WARMASTER,CHAOS,MAGGOTKIN OF NURGLE,MONSTER,ROTBRINGERS,WIZARD (1),WARD (6+)",Ghurk's Tentacle,melee,4,3,2,2,5,,-,470,1,6,10,Default,1,,"Battle Damaged [Passive] | Blighted Stampede [Activated · Once Per Turn (Army), Reaction: You declared the 'Counter-charge' command for this unit · Rampage] | Overgrowth of Flesh [Spell · Your Hero Phase · casting value 6 · Spell] | Horrific Opponent [Passive] | Tentacle Trap [Activated · Any Combat Phase]",Maggotkin of Nurgle - Library.cat#d561-75fb-fd5f-57a5
The Glottkin,Maggotkin of Nurgle,Monster Hero,24,4,6,"HERO,UNIQUE,WARMASTER,CHAOS,MAGGOTKIN OF NURGLE,MONSTER,ROTBRINGERS,WIZARD (1),WARD (6+)",Otto's Scythe,melee,4,3,3,1,3,,-,470,1,6,10,Default,1,,"Battle Damaged [Passive] | Blighted Stampede [Activated · Once Per Turn (Army), Reaction: You declared the 'Counter-charge' command for this unit · Rampage] | Overgrowth of Flesh [Spell · Your Hero Phase · casting value 6 · Spell] | Horrific Opponent [Passive] | Tentacle Trap [Activated · Any Combat Phase]",Maggotkin of Nurgle - Library.cat#d561-75fb-fd5f-57a5
The Wurmspat,Maggotkin of Nurgle,Monster Hero,4,4,5,"INFANTRY,UNIQUE,CHAMPION,MAGGOTKIN OF NURGLE,ROTBRINGERS,CHAOS,WARD (5+)",Blighted Weapons,melee,4,3,3,1,1,,-,160,3,4,1,Default,3,,"Retchling [Activated · Once Per Battle, Your Hero Phase] | Fecula Flyblown [Passive]",Maggotkin of Nurgle - Library.cat#1c5d-ff4a-56da-b62a
Awlrach the Drowner,Nighthaunt,War Machine Hero,7,5,5,"HERO,DEATH,UNIQUE,FLY,NIGHTHAUNT,WAR MACHINE,WARD (5+)",Deathwood Oar,melee,4,4,3,0,2,,Crit (Auto-wound),110,1,10,2,Default,1,,"Drifting on Spectral Tides [Activated · End of Any Turn] | Passage Through the Underworlds [Activated · Once Per Battle, Your Movement Phase]",Nighthaunt - Library.cat#d8ef-7494-db04-b1a9
Black Coach,Nighthaunt,War Machine,12,5,5,"DEATH,FLY,NIGHTHAUNT,WAR MACHINE,WARD (5+)",Soulreach Grasp,ranged,2,4,3,2,2,10,"Crit (Auto-wound), Shoot In Combat",200,1,10,5,Default,1,,"Runaway Coach [Activated · Any Charge Phase] | Nimbus of Power [Activated · Once Per Turn (Army), Your Movement Phase · Core] | Evocation of Death [Activated · End of Any Turn]",Nighthaunt - Library.cat#29fe-d90b-4dde-c891
Black Coach,Nighthaunt,War Machine,12,5,5,"DEATH,FLY,NIGHTHAUNT,WAR MACHINE,WARD (5+)",Wraith's Spectral Weapons,melee,5,3,3,1,2,,"Anti-**^^Infantry^^** (+1 Rend), Crit (Auto-wound)",200,1,10,5,Default,1,,"Runaway Coach [Activated · Any Charge Phase] | Nimbus of Power [Activated · Once Per Turn (Army), Your Movement Phase · Core] | Evocation of Death [Activated · End of Any Turn]",Nighthaunt - Library.cat#29fe-d90b-4dde-c891
Black Coach,Nighthaunt,War Machine,12,5,5,"DEATH,FLY,NIGHTHAUNT,WAR MACHINE,WARD (5+)",Relic Bearers’ Claws and Ethereal Steeds’ Hooves,melee,14,4,4,0,1,,"Crit (Auto-wound), Companion",200,1,10,5,Default,1,,"Runaway Coach [Activated · Any Charge Phase] | Nimbus of Power [Activated · Once Per Turn (Army), Your Movement Phase · Core] | Evocation of Death [Activated · End of Any Turn]",Nighthaunt - Library.cat#29fe-d90b-4dde-c891
Bladegheist Revenants,Nighthaunt,Infantry,2,6,5,"INFANTRY,DEATH,FLY,NIGHTHAUNT,WARD (5+)",Tomb Greatblade,melee,2,3,3,1,1,,Crit (Auto-wound),200,10,8,1,Default,10,,Thrashing Desperation [Passive],Nighthaunt - Library.cat#4b64-f4ae-a675-d024
Cairn Wraith,Nighthaunt,Infantry Hero,5,5,5,"HERO,DEATH,FLY,NIGHTHAUNT,INFANTRY,WARD (5+)",Cairnoch Scythe,melee,5,4,3,2,2,,Crit (Auto-wound),130,1,8,2,Default,1,,"Eager Death-Dealers [Activated · Once Per Battle (Army), Any Combat Phase]",Nighthaunt - Library.cat#eac-95c-b449-a7a5
Chainghasts,Nighthaunt,Infantry,3,6,5,"INFANTRY,DEATH,CHAMPION,FLY,NIGHTHAUNT,WARD (5+)",Ghastflails,melee,2,4,3,2,1,,Crit (Auto-wound),90,2,8,2,Default,2,,Another Link in the Chain [Activated · Any Combat Phase],Nighthaunt - Library.cat#4550-ab13-9a71-205c
Chainghasts,Nighthaunt,Infantry,3,6,5,"INFANTRY,DEATH,CHAMPION,FLY,NIGHTHAUNT,WARD (5+)",Ghastflails,ranged,2,4,3,2,1,12,Crit (Auto-wound),90,2,8,2,Default,2,,Another Link in the Chain [Activated · Any Combat Phase],Nighthaunt - Library.cat#4550-ab13-9a71-205c
Chainrasps,Nighthaunt,Infantry,1,6,5,"INFANTRY,DEATH,CHAMPION,FLY,NIGHTHAUNT,WARD (5+)",Malignant Weapon,melee,2,4,5,0,1,,Crit (Auto-wound),100,10,8,1,Default,10,,"Chilling Horde [Activated · Once Per Battle (Army), Deployment Phase]",Nighthaunt - Library.cat#5ca1-5e5e-cb29-238b
Craventhrone Guard,Nighthaunt,Infantry,2,6,5,"INFANTRY,DEATH,CHAMPION,FLY,NIGHTHAUNT,STANDARD BEARER (1/5),WARD (5+)",Wicked Sidearm,melee,1,4,4,0,1,,Crit (Auto-wound),100,5,8,1,Default,5,,"Black-hearted Lackeys [Activated · Once Per Turn (Army), Your Movement Phase]",Nighthaunt - Library.cat#88e9-d216-bef6-b4fe
Craventhrone Guard,Nighthaunt,Infantry,2,6,5,"INFANTRY,DEATH,CHAMPION,FLY,NIGHTHAUNT,STANDARD BEARER (1/5),WARD (5+)",Soulhunter’s Crossbow,ranged,2,4,3,1,1,16,Crit (Auto-wound),100,5,8,1,Default,5,,"Black-hearted Lackeys [Activated · Once Per Turn (Army), Your Movement Phase]",Nighthaunt - Library.cat#88e9-d216-bef6-b4fe
Dreadblade Harrows,Nighthaunt,Cavalry,3,6,5,"DEATH,FLY,NIGHTHAUNT,CAVALRY,WARD (5+)",Dreadblade,melee,4,4,3,1,2,,Crit (Auto-wound),140,2,12,1,Default,2,,"Curse of Loyalty [Passive] | Phantasmal Discorporation [Activated · Once Per Turn (Army), Your Movement Phase · Core]",Nighthaunt - Library.cat#8639-e146-50ea-6d7
Dreadblade Harrows,Nighthaunt,Cavalry,3,6,5,"DEATH,FLY,NIGHTHAUNT,CAVALRY,WARD (5+)",Ethereal Steed’s Ghostly Hooves and Teeth,melee,3,5,3,0,1,,"Crit (Auto-wound), Companion",140,2,12,1,Default,2,,"Curse of Loyalty [Passive] | Phantasmal Discorporation [Activated · Once Per Turn (Army), Your Movement Phase · Core]",Nighthaunt - Library.cat#8639-e146-50ea-6d7
Dreadscythe Harridans,Nighthaunt,Infantry,2,6,5,"INFANTRY,DEATH,FLY,NIGHTHAUNT,CHAMPION,WARD (5+)",Scythed Limbs,melee,3,4,4,1,1,,Crit (Auto-wound),190,10,8,1,Default,10,,Harrowing Shrieks [Passive],Nighthaunt - Library.cat#1a20-8b80-4ae3-5168
Glaivewraith Stalkers,Nighthaunt,Infantry,2,6,5,"INFANTRY,DEATH,FLY,NIGHTHAUNT,MUSICIAN (1/4),WARD (5+)",Hunter’s Glaive,melee,2,4,3,1,1,,"Charge (+1 Damage), Crit (Auto-wound)",100,4,8,1,Default,4,,"Unerring Hunters [Activated · Once Per Turn (Army), Any Combat Phase]",Nighthaunt - Library.cat#43ee-d90-fdd8-e998
Grimghast Reapers,Nighthaunt,Infantry,2,6,5,"INFANTRY,DEATH,CHAMPION,FLY,NIGHTHAUNT,WARD (5+)",Slasher Scythe,melee,2,4,3,1,1,,"Anti-**^^Infantry^^** (+1 Rend), Crit (Auto-wound)",190,10,8,1,Default,10,,Reaped Like Corn [Activated · Any Combat Phase],Nighthaunt - Library.cat#1cc8-87db-4e0c-223e
Guardian of Souls,Nighthaunt,Infantry Hero,5,5,5,"HERO,DEATH,FLY,NIGHTHAUNT,INFANTRY,WIZARD (1),WARD (5+)",Chill Blade,melee,3,4,3,1,2,,Crit (Auto-wound),100,1,8,2,Default,1,,"Nightmare Lantern [Activated · Once Per Turn (Army), Any Combat Phase]",Nighthaunt - Library.cat#76b8-eb95-f916-c5b5
Hexwraiths,Nighthaunt,Cavalry,3,6,5,"DEATH,CHAMPION,FLY,NIGHTHAUNT,CAVALRY,WARD (5+)",Ethereal Steed’s Ghostly Hooves and Teeth,melee,2,5,3,0,1,,"Crit (Auto-wound), Companion",150,5,12,1,Default,5,,Spectral Hunters [Activated · Any Charge Phase],Nighthaunt - Library.cat#66a0-f02f-2616-3c62
Hexwraiths,Nighthaunt,Cavalry,3,6,5,"DEATH,CHAMPION,FLY,NIGHTHAUNT,CAVALRY,WARD (5+)",Spectral Scythe,melee,2,4,4,1,1,,"Charge (+1 Damage), Crit (Auto-wound)",150,5,12,1,Default,5,,Spectral Hunters [Activated · Any Charge Phase],Nighthaunt - Library.cat#66a0-f02f-2616-3c62
Knight of Shrouds,Nighthaunt,Infantry Hero,5,5,5,"HERO,DEATH,FLY,NIGHTHAUNT,INFANTRY,WARD (5+)",Sword of Stolen Hours,melee,5,4,3,1,2,,Crit (Auto-wound),100,1,8,2,Default,1,,Stolen Hours [Passive] | Infantry Overseer [Activated · Reaction: You declared a Fight ability for this unit],Nighthaunt - Library.cat#625-d4af-9738-48ca
Knight of Shrouds on Ethereal Steed,Nighthaunt,Cavalry Hero,7,5,5,"HERO,DEATH,FLY,NIGHTHAUNT,CAVALRY,WARD (5+)",Ethereal Steed’s Ghostly Hooves and Teeth,melee,3,5,3,0,1,,"Crit (Auto-wound), Companion",160,1,12,2,Default,1,,Stolen Hours [Passive] | Cavalry Overseer [Activated · Reaction: You declared a Fight ability for this unit],Nighthaunt - Library.cat#72d-cbfa-2680-9e66
Knight of Shrouds on Ethereal Steed,Nighthaunt,Cavalry Hero,7,5,5,"HERO,DEATH,FLY,NIGHTHAUNT,CAVALRY,WARD (5+)",Sword of Stolen Hours,melee,5,4,3,1,2,,Crit (Auto-wound),160,1,12,2,Default,1,,Stolen Hours [Passive] | Cavalry Overseer [Activated · Reaction: You declared a Fight ability for this unit],Nighthaunt - Library.cat#72d-cbfa-2680-9e66
Krulghast Cruciator,Nighthaunt,Infantry Hero,6,5,5,"HERO,DEATH,FLY,NIGHTHAUNT,INFANTRY,WARD (5+)",Talons and Flensing Knives,melee,4,4,3,1,2,,Crit (Auto-wound),150,1,8,2,Default,1,,Empowered Through Excruciation [Passive],Nighthaunt - Library.cat#d5e7-8080-3243-6c22
Krulghast Cruciator,Nighthaunt,Infantry Hero,6,5,5,"HERO,DEATH,FLY,NIGHTHAUNT,INFANTRY,WARD (5+)",Phantasmal Torture,ranged,4,3,3,2,1,12,"Crit (Auto-wound), Shoot in Combat",150,1,8,2,Default,1,,Empowered Through Excruciation [Passive],Nighthaunt - Library.cat#d5e7-8080-3243-6c22
"Kurdoss Valentian, the Craven King",Nighthaunt,Infantry Hero,7,5,5,"HERO,DEATH,UNIQUE,FLY,NIGHTHAUNT,INFANTRY,WARD (5+)",Sepulchral Sceptre,melee,5,3,3,2,3,,Crit (Auto-wound),160,1,8,2,Default,1,,"Hail Kurdoss! King of Nothing! [Activated · Your Charge Phase] | If I Cannot Rule, None Shall Rule! [Activated · Once Per Turn, Reaction: Opponent declared a command for a unit within 12"" of this unit]",Nighthaunt - Library.cat#9b2f-951a-816b-94c4
"Lady Olynder, Mortarch of Grief",Nighthaunt,Infantry Hero,7,5,5,"HERO,DEATH,UNIQUE,FLY,WARMASTER,NIGHTHAUNT,WIZARD (2),INFANTRY,WARD (5+)",Staff of Midnight,melee,6,4,3,1,2,,Crit (Auto-wound),320,1,8,2,Default,1,,"No Rest for the Wicked [Activated · Once Per Battle, Your Hero Phase] | Mortarch of Grief [Passive] | Grief-stricken [Spell · Your Hero Phase · casting value 6 · Spell]",Nighthaunt - Library.cat#ee75-82ec-9c18-397b
"Lady Olynder, Mortarch of Grief",Nighthaunt,Infantry Hero,7,5,5,"HERO,DEATH,UNIQUE,FLY,WARMASTER,NIGHTHAUNT,WIZARD (2),INFANTRY,WARD (5+)",Horrifying Visage,ranged,1,2,2,3,3,12,"Crit (Auto-wound), Shoot in Combat",320,1,8,2,Default,1,,"No Rest for the Wicked [Activated · Once Per Battle, Your Hero Phase] | Mortarch of Grief [Passive] | Grief-stricken [Spell · Your Hero Phase · casting value 6 · Spell]",Nighthaunt - Library.cat#ee75-82ec-9c18-397b
Lord Executioner,Nighthaunt,Infantry Hero,5,5,5,"HERO,DEATH,FLY,NIGHTHAUNT,INFANTRY,WARD (5+)",Decapitating Greataxe,melee,5,3,3,2,2,,"Anti-**^^Hero^^** (+1 Rend), Crit (Auto-wound)",160,1,8,2,Default,1,,"Ghastly Descent [Activated · End of Any Turn] | Staring Death in the Face [Activated · Once Per Turn (Army), Any Combat Phase]",Nighthaunt - Library.cat#8bd-370e-5881-48fb
Lord Vitriolic,Nighthaunt,Infantry Hero,5,5,5,"HERO,DEATH,FLY,NIGHTHAUNT,INFANTRY,WARD (5+)",Hurled Vial,ranged,1,3,3,2,3,10,Crit (Auto-wound),120,1,8,2,Default,1,,"Spectral Alchemy [Activated · Once Per Turn (Army), Your Shooting Phase]",Nighthaunt - Library.cat#202c-c298-11c5-361e
Lord Vitriolic,Nighthaunt,Infantry Hero,5,5,5,"HERO,DEATH,FLY,NIGHTHAUNT,INFANTRY,WARD (5+)",Culler's Sickle,melee,3,4,3,1,2,,Crit (Auto-wound),120,1,8,2,Default,1,,"Spectral Alchemy [Activated · Once Per Turn (Army), Your Shooting Phase]",Nighthaunt - Library.cat#202c-c298-11c5-361e
Myrmourn Banshees,Nighthaunt,Infantry,2,6,5,"INFANTRY,DEATH,FLY,NIGHTHAUNT,WARD (5+)",Chill Dagger,melee,2,4,3,1,2,,"Anti-**^^Wizard^^** (+1 Rend), Crit (Auto-wound)",100,4,8,1,Default,4,,Spell-eaters [Activated · Reaction: Opponent declared a Spell ability],Nighthaunt - Library.cat#ca83-a38b-b1c6-f4e6
"Nagash, Supreme Lord of the Undead",Nighthaunt,Monster Hero,18,3,5,"DEATH,UNIQUE,HERO,MONSTER,WIZARD (9),WARD (5+),FLY,WARMASTER,NIGHTHAUNT","Alakanash, the Staff of Power",melee,4,3,3,2,D6,,-,750,1,10,10,Default,1,,"Battle Damaged [Passive] | The Staff of Power [Passive] | Hand of Dust [Activated · Once Per Turn (Army), End of Any Turn · Rampage] | Supreme Lord of the Undead [Activated · Once Per Battle, Your Hero Phase] | Invocation of Nagash [Spell · Your Hero Phase · casting value 7 · Spell]",Nighthaunt - Library.cat#fb77-fec9-42ed-a7fd
"Nagash, Supreme Lord of the Undead",Nighthaunt,Monster Hero,18,3,5,"DEATH,UNIQUE,HERO,MONSTER,WIZARD (9),WARD (5+),FLY,WARMASTER,NIGHTHAUNT","Zefet-nebtar, the Mortis Blade",melee,4,3,3,2,3,,-,750,1,10,10,Default,1,,"Battle Damaged [Passive] | The Staff of Power [Passive] | Hand of Dust [Activated · Once Per Turn (Army), End of Any Turn · Rampage] | Supreme Lord of the Undead [Activated · Once Per Battle, Your Hero Phase] | Invocation of Nagash [Spell · Your Hero Phase · casting value 7 · Spell]",Nighthaunt - Library.cat#fb77-fec9-42ed-a7fd
Pyregheists,Nighthaunt,Infantry,2,6,5,"INFANTRY,DEATH,CHAMPION (1/8),FLY,NIGHTHAUNT,WARD (5+)",Flaming Weapons,melee,2,4,4,0,1,,Crit (Auto-wound),180,8,8,1,Default,8,,"Light a Pyre [Activated · Once Per Turn (army), End of Any Turn]",Nighthaunt - Library.cat#5f08-4648-c0e8-e7d9
Pyregheists,Nighthaunt,Infantry,2,6,5,"INFANTRY,DEATH,CHAMPION (1/8),FLY,NIGHTHAUNT,WARD (5+)",Gout of Balefire,ranged,2,2,4,1,1,10,"Crit (Auto-wound), Shoot in Combat",180,8,8,1,Default,8,,"Light a Pyre [Activated · Once Per Turn (army), End of Any Turn]",Nighthaunt - Library.cat#5f08-4648-c0e8-e7d9
Reikenor the Grimhailer,Nighthaunt,Cavalry Hero,7,5,5,"HERO,DEATH,UNIQUE,FLY,NIGHTHAUNT,CAVALRY,WIZARD (1),WARD (5+)",Fellreaper,melee,5,3,3,2,2,,"Charge (+1 Damage), Crit (Auto-wound)",200,1,12,2,Default,1,,Corpse Candles [Activated · Any Hero Phase] | Grim Justice [Passive] | Wraithstorm [Spell · Your Hero Phase · casting value 7 · Spell],Nighthaunt - Library.cat#ea83-60f1-bd67-d25
Reikenor the Grimhailer,Nighthaunt,Cavalry Hero,7,5,5,"HERO,DEATH,UNIQUE,FLY,NIGHTHAUNT,CAVALRY,WIZARD (1),WARD (5+)",Kyllaron’s Ghostly Hooves and Teeth,melee,3,5,3,0,1,,"Crit (Auto-wound), Companion",200,1,12,2,Default,1,,Corpse Candles [Activated · Any Hero Phase] | Grim Justice [Passive] | Wraithstorm [Spell · Your Hero Phase · casting value 7 · Spell],Nighthaunt - Library.cat#ea83-60f1-bd67-d25
Scriptor Mortis,Nighthaunt,Infantry Hero,5,5,5,"HERO,DEATH,FLY,NIGHTHAUNT,INFANTRY,WARD (5+)",Malicious Quill,melee,3,4,3,0,1,,Crit (Auto-wound),110,1,8,2,Default,1,,"Sentenced to Eternal Torment [Activated · Once Per Turn (Army), Your Hero Phase] | Judge, Jury and Executioner [Passive]",Nighthaunt - Library.cat#bd18-dcfd-b081-f533
Shyish Reaper,Nighthaunt,,1,6,6,"DEATH,WARD (6+),MANIFESTATION,ENDLESS SPELL,FLY,NIGHTHAUNT",Almighty Reap,melee,1,3,2,2,4,,Crit (Auto-wound),,1,,,,,,Soulreaper [Passive],Nighthaunt - Library.cat#8fe3-71b-c0fd-506b
Spirit Hosts,Nighthaunt,Infantry,3,6,5,"INFANTRY,DEATH,FLY,NIGHTHAUNT,WARD (5+)",Spectral Claws and Daggers,melee,6,4,4,0,1,,Crit (Auto-wound),110,3,8,1,Default,3,,Drawn to War [Passive],Nighthaunt - Library.cat#e823-b88c-bee5-17a1
Spirit Torment,Nighthaunt,Infantry Hero,6,5,5,"HERO,DEATH,FLY,NIGHTHAUNT,INFANTRY,WARD (5+)",Shacklegheist Chains,melee,5,4,3,1,2,,Crit (Auto-wound),110,1,8,2,Default,1,,Captured Soul Energy [Passive],Nighthaunt - Library.cat#da26-4319-1b6a-9f32
The Headsmen's Curse,Nighthaunt,,3,4,6,"INFANTRY,UNIQUE,CHAMPION,WARD (6+),DEATH,NIGHTHAUNT,FLY",Terminus,melee,3,3,3,2,3,,Crit (Auto-wound),150,4,8,1,Default,1,,Furious Indictment [Activated · Your Hero Phase],Nighthaunt - Library.cat#a074-2ecb-5d24-8c4e
The Headsmen's Curse,Nighthaunt,,3,4,6,"INFANTRY,UNIQUE,CHAMPION,WARD (6+),DEATH,NIGHTHAUNT,FLY",Tool of Judgement,melee,3,4,4,0,1,,-,150,4,8,1,Default,3,,Furious Indictment [Activated · Your Hero Phase],Nighthaunt - Library.cat#a074-2ecb-5d24-8c4e
Thorns of the Briar Queen,Nighthaunt,,2,5,6,"INFANTRY,UNIQUE,WARD (6+),DEATH,NIGHTHAUNT,FLY",Malignant Weapon,melee,2,4,5,0,1,,Crit (Auto-wound),140,7,8,1,Default,6,,"Ghostly Howl [Activated · Once Per Turn (Army), Any Shooting Phase] | The Briar Queen [Passive]",Nighthaunt - Library.cat#378f-c709-a843-3f3e
Thorns of the Briar Queen,Nighthaunt,,2,5,6,"INFANTRY,UNIQUE,WARD (6+),DEATH,NIGHTHAUNT,FLY",Piercing Scream,ranged,D3,4,3,2,2,12,Shoot in Combat,140,7,8,1,Default,1,,"Ghostly Howl [Activated · Once Per Turn (Army), Any Shooting Phase] | The Briar Queen [Passive]",Nighthaunt - Library.cat#378f-c709-a843-3f3e
Thorns of the Briar Queen,Nighthaunt,,2,5,6,"INFANTRY,UNIQUE,WARD (6+),DEATH,NIGHTHAUNT,FLY",Ancient Chill Dagger,melee,3,4,3,2,2,,Crit (Auto-wound),140,7,8,1,Default,1,,"Ghostly Howl [Activated · Once Per Turn (Army), Any Shooting Phase] | The Briar Queen [Passive]",Nighthaunt - Library.cat#378f-c709-a843-3f3e
Tomb Banshee,Nighthaunt,Infantry Hero,5,5,5,"HERO,DEATH,FLY,NIGHTHAUNT,INFANTRY,WARD (5+)",Piercing Scream,ranged,2,4,3,2,2,12,Shoot in Combat,130,1,8,2,Default,1,,"Cacophony of Sorrow [Passive] | Ghostly Howl [Activated · Once Per Battle(Army), Any Shooting Phase]",Nighthaunt - Library.cat#c35d-289f-9b39-a9aa
Tomb Banshee,Nighthaunt,Infantry Hero,5,5,5,"HERO,DEATH,FLY,NIGHTHAUNT,INFANTRY,WARD (5+)",Ancient Chill Dagger,melee,3,4,3,2,2,,Crit (Auto-wound),130,1,8,2,Default,1,,"Cacophony of Sorrow [Passive] | Ghostly Howl [Activated · Once Per Battle(Army), Any Shooting Phase]",Nighthaunt - Library.cat#c35d-289f-9b39-a9aa
Bloodpelt Hunter,Ogor Mawtribes,Infantry Hero,8,5,,"HERO,INFANTRY,DESTRUCTION,OGOR MAWTRIBES,OGOR,BEASTCLAW",Skullshatter Crossbow and Impaling Spear,ranged,4,4,3,1,D3+1,15,Anti-**^^Monster^^** (+1 Rend),130,1,6,3,Default,1,,"Biggest-Game Hunter [Passive] | The First Shot's Mine! [Activated · Once Per Turn (Army), Your Shooting Phase]",Ogor Mawtribes - Library.cat#a800-1a5b-4097-8f11
Bloodpelt Hunter,Ogor Mawtribes,Infantry Hero,8,5,,"HERO,INFANTRY,DESTRUCTION,OGOR MAWTRIBES,OGOR,BEASTCLAW",Hacker-axe and Meatblade,melee,5,4,2,1,2,,Anti-**^^Monster^^** (+1 Rend),130,1,6,3,Default,1,,"Biggest-Game Hunter [Passive] | The First Shot's Mine! [Activated · Once Per Turn (Army), Your Shooting Phase]",Ogor Mawtribes - Library.cat#a800-1a5b-4097-8f11
Butcher,Ogor Mawtribes,Infantry Hunter,7,5,,"HERO,DESTRUCTION,OGOR MAWTRIBES,INFANTRY,OGOR,GUTBUSTERS,WIZARD (1)",Butcher’s Tools,melee,3,4,2,1,3,,-,170,1,6,5,Default,1,,"Trogg-Guts [Activated · Once Per Turn (Army), Any Movement Phase] | More Meat for the Pot... [Activated · Once Per Battle (Army), End of Any Turn]",Ogor Mawtribes - Library.cat#1688-fcbe-1470-a4ee
Firebelly,Ogor Mawtribes,Infantry Hunter,7,5,,"HERO,DESTRUCTION,OGOR MAWTRIBES,INFANTRY,OGOR,WIZARD (1)",Basalt Hammer,melee,3,4,2,1,2,,-,150,1,6,5,Default,1,,Torrent of Flame [Passive],Ogor Mawtribes - Library.cat#d5f3-a7f1-7345-ee4b
Firebelly,Ogor Mawtribes,Infantry Hunter,7,5,,"HERO,DESTRUCTION,OGOR MAWTRIBES,INFANTRY,OGOR,WIZARD (1)",Fire Breath,ranged,6,2,3,0,1,8,Shoot in Combat,150,1,6,5,Default,1,,Torrent of Flame [Passive],Ogor Mawtribes - Library.cat#d5f3-a7f1-7345-ee4b
Frost Sabres,Ogor Mawtribes,Beast,3,6,,"OGOR MAWTRIBES,DESTRUCTION,BEAST,BEASTCLAW RAIDERS",Tusks and Claws,melee,3,4,3,1,1,,-,70,2,9,1,Default,2,,Hunters of the Frozen Wilds [Passive] | Gutless [Passive],Ogor Mawtribes - Library.cat#bdf9-1644-707-f0df
Frostlord on Stonehorn,Ogor Mawtribes,Monster Hero,15,4,,"HERO,MONSTER,DESTRUCTION,OGOR MAWTRIBES,OGOR,BEASTCLAW",Frost Spear,melee,4,4,2,2,2,,Charge (+1 Damage),340,1,10,10,Default,1,,"Stone Skeleton [Passive] | Battle Damaged [Passive] | Earth-Shattering Charge [Activated · Once Per Turn (Army), Any Charge Phase · Rampage] | Enraged Roar [Passive]",Ogor Mawtribes - Library.cat#e445-5f3b-4228-8bd3
Frostlord on Stonehorn,Ogor Mawtribes,Monster Hero,15,4,,"HERO,MONSTER,DESTRUCTION,OGOR MAWTRIBES,OGOR,BEASTCLAW",Stonehorn's Rock-hard Horns and Hooves,melee,7,4,2,2,3,,"Charge (+1 Damage), Companion",340,1,10,10,Default,1,,"Stone Skeleton [Passive] | Battle Damaged [Passive] | Earth-Shattering Charge [Activated · Once Per Turn (Army), Any Charge Phase · Rampage] | Enraged Roar [Passive]",Ogor Mawtribes - Library.cat#e445-5f3b-4228-8bd3
Frostlord on Thundertusk,Ogor Mawtribes,Monster Hero,15,4,,"HERO,DESTRUCTION,OGOR MAWTRIBES,OGOR,MONSTER,BEASTCLAW RAIDERS",Ice Blast,ranged,1,4,2,1,4,12,Companion,280,1,10,10,Default,1,,"Battle Damaged [Passive] | Blessed of the Old Ice [Activated · Once Per Turn (Army), Your Movement Phase] | Sweeping Tusks [Activated · Once Per Turn (Army), Any Movement Phase · Rampage]",Ogor Mawtribes - Library.cat#e1b4-2fef-26cc-81c4
Frostlord on Thundertusk,Ogor Mawtribes,Monster Hero,15,4,,"HERO,DESTRUCTION,OGOR MAWTRIBES,OGOR,MONSTER,BEASTCLAW RAIDERS",Frost Spear,melee,4,4,2,2,2,,Charge (+1 Damage),280,1,10,10,Default,1,,"Battle Damaged [Passive] | Blessed of the Old Ice [Activated · Once Per Turn (Army), Your Movement Phase] | Sweeping Tusks [Activated · Once Per Turn (Army), Any Movement Phase · Rampage]",Ogor Mawtribes - Library.cat#e1b4-2fef-26cc-81c4
Frostlord on Thundertusk,Ogor Mawtribes,Monster Hero,15,4,,"HERO,DESTRUCTION,OGOR MAWTRIBES,OGOR,MONSTER,BEASTCLAW RAIDERS",Thundertusk’s Colossal Tusks,melee,3,4,2,1,5,,"Anti-**^^Infantry^^** (+1 Rend), Companion",280,1,10,10,Default,1,,"Battle Damaged [Passive] | Blessed of the Old Ice [Activated · Once Per Turn (Army), Your Movement Phase] | Sweeping Tusks [Activated · Once Per Turn (Army), Any Movement Phase · Rampage]",Ogor Mawtribes - Library.cat#e1b4-2fef-26cc-81c4
Gnoblar Scraplauncher,Ogor Mawtribes,War Machine,9,4,,"WAR MACHINE,DESTRUCTION,OGOR MAWTRIBES",Piles of Old Scrap,ranged,12,4,2,1,1,18,Crit (2 Hits),160,1,9,2,Default,1,,"Rain of Scrap [Activated · Once Per Turn (Army), Any Shooting Phase]",Ogor Mawtribes - Library.cat#206-8e8e-f77d-e786
Gnoblar Scraplauncher,Ogor Mawtribes,War Machine,9,4,,"WAR MACHINE,DESTRUCTION,OGOR MAWTRIBES",Rhinox's Sharp Horns and Crew's Weapons,melee,3,4,2,1,D3,,Companion,160,1,9,2,Default,1,,"Rain of Scrap [Activated · Once Per Turn (Army), Any Shooting Phase]",Ogor Mawtribes - Library.cat#206-8e8e-f77d-e786
Gnoblars,Ogor Mawtribes,Infantry,1,6,,"INFANTRY,OGOR MAWTRIBES,DESTRUCTION,CHAMPION",Sharp Stuff,ranged,1,4,5,0,1,8,-,130,20,5,1,Default,20,,"Nasty Traps and Tricks [Activated · Once Per Turn (Army), Any Charge Phase] | Gutless [Passive]",Ogor Mawtribes - Library.cat#5d4b-756c-2229-3dd9
Gnoblars,Ogor Mawtribes,Infantry,1,6,,"INFANTRY,OGOR MAWTRIBES,DESTRUCTION,CHAMPION",Motley Assortment of Weapons,melee,1,5,5,0,1,,-,130,20,5,1,Default,20,,"Nasty Traps and Tricks [Activated · Once Per Turn (Army), Any Charge Phase] | Gutless [Passive]",Ogor Mawtribes - Library.cat#5d4b-756c-2229-3dd9
Gorger Mawpack,Ogor Mawtribes,Infantry,5,6,6,"INFANTRY,CHAMPION (1/5),MUSICIAN (1/5),DESTRUCTION,OGOR MAWTRIBES,OGOR,MAWSEEKERS,WARD (6+),NON-GUTBUSTERS,NON-BEASTCLAW","Club, Claws and Jaws",melee,5,4,2,1,2,,Anti-**^^Infantry^^** (+1 Rend),240,5,6,2,Default,5,,Troglodytic Lurkers [Activated · Deployment Phase · Deploy] | Frenzied Hunters [Activated · Your Movement Phase],Ogor Mawtribes - Library.cat#8d6b-1912-d60a-5163
Gorlok Blackpowder,Ogor Mawtribes,,7,5,,"HERO,INFANTRY,DESTRUCTION,OGOR,OGOR MAWTRIBES",Grunderbuss,ranged,2,3,3,1,2,12,Crit (Auto-wound),120,1,6,5,Default,1,,Blackpowder's Buccaneers [Passive] | Tiny Braggarts [Activated · Any Combat Phase],Ogor Mawtribes - Library.cat#3fb9-0714-39ba-3e65
Gorlok Blackpowder,Ogor Mawtribes,,7,5,,"HERO,INFANTRY,DESTRUCTION,OGOR,OGOR MAWTRIBES",Great Cutlass,melee,5,4,2,1,2,,Anti-**^^Infantry^^** (+1 Rend),120,1,6,5,Default,1,,Blackpowder's Buccaneers [Passive] | Tiny Braggarts [Activated · Any Combat Phase],Ogor Mawtribes - Library.cat#3fb9-0714-39ba-3e65
Hrothgorn Mantrapper,Ogor Mawtribes,,7,5,,"HERO,INFANTRY,DESTRUCTION,OGOR,OGOR MAWTRIBES,BEASTCLAW RAIDERS",Trap Launcher,ranged,2,4,3,1,2,12,Anti-**^^Infantry^^** (+1 Rend),120,1,6,5,Default,1,,Hunting Beast [Activated · Your Movement Phase] | Gnoblar Minions [Passive] | Bushwakka's Trap [Passive] | Hrothgorn's Mantrappers [Passive],Ogor Mawtribes - Library.cat#7085-43d6-6b37-a1fa
Hrothgorn Mantrapper,Ogor Mawtribes,,7,5,,"HERO,INFANTRY,DESTRUCTION,OGOR,OGOR MAWTRIBES,BEASTCLAW RAIDERS",Hunting Knife,melee,5,4,2,0,2,,-,120,1,6,5,Default,1,,Hunting Beast [Activated · Your Movement Phase] | Gnoblar Minions [Passive] | Bushwakka's Trap [Passive] | Hrothgorn's Mantrappers [Passive],Ogor Mawtribes - Library.cat#7085-43d6-6b37-a1fa
Huskard on Stonehorn,Ogor Mawtribes,Monster Hero,14,4,,"HERO,MONSTER,PRIEST (1),DESTRUCTION,OGOR MAWTRIBES,OGOR,BEASTCLAW","Chaintrap, Harpoon Launcher or Blood Vulture",ranged,1,4,3,1,3,15,-,300,1,10,10,Default,1,,"Battle Damaged [Passive] | Stone Skeleton [Passive] | Primal Bellow [Activated · Once Per Turn (Army), Any Combat Phase · Rampage]",Ogor Mawtribes - Library.cat#8bfb-791d-158b-35a2
Huskard on Stonehorn,Ogor Mawtribes,Monster Hero,14,4,,"HERO,MONSTER,PRIEST (1),DESTRUCTION,OGOR MAWTRIBES,OGOR,BEASTCLAW",Huskard's Punches and Kicks,melee,4,4,2,1,1,,-,300,1,10,10,Default,1,,"Battle Damaged [Passive] | Stone Skeleton [Passive] | Primal Bellow [Activated · Once Per Turn (Army), Any Combat Phase · Rampage]",Ogor Mawtribes - Library.cat#8bfb-791d-158b-35a2
Huskard on Stonehorn,Ogor Mawtribes,Monster Hero,14,4,,"HERO,MONSTER,PRIEST (1),DESTRUCTION,OGOR MAWTRIBES,OGOR,BEASTCLAW",Stonehorn's Rock-hard Horns and Hooves,melee,7,4,2,2,3,,"Charge (+1 Damage), Companion",300,1,10,10,Default,1,,"Battle Damaged [Passive] | Stone Skeleton [Passive] | Primal Bellow [Activated · Once Per Turn (Army), Any Combat Phase · Rampage]",Ogor Mawtribes - Library.cat#8bfb-791d-158b-35a2
Huskard on Thundertusk,Ogor Mawtribes,Monster Hero,14,4,,"HERO,MONSTER,PRIEST (1),DESTRUCTION,OGOR MAWTRIBES,OGOR,BEASTCLAW","Chaintrap, Harpoon Launcher or Blood Vulture",ranged,1,4,3,1,3,15,-,280,1,10,10,Default,1,,"Battle Damaged [Passive] | Winter's Cruelty [Activated · Once Per Turn (Army), Any Shooting Phase] | Freezing Aura [Activated · Once Per Turn (Army), Any Combat Phase · Rampage]",Ogor Mawtribes - Library.cat#ebcd-aa92-94f1-c1be
Huskard on Thundertusk,Ogor Mawtribes,Monster Hero,14,4,,"HERO,MONSTER,PRIEST (1),DESTRUCTION,OGOR MAWTRIBES,OGOR,BEASTCLAW",Ice Blast,ranged,1,4,2,1,D3+2,12,Companion,280,1,10,10,Default,1,,"Battle Damaged [Passive] | Winter's Cruelty [Activated · Once Per Turn (Army), Any Shooting Phase] | Freezing Aura [Activated · Once Per Turn (Army), Any Combat Phase · Rampage]",Ogor Mawtribes - Library.cat#ebcd-aa92-94f1-c1be
Huskard on Thundertusk,Ogor Mawtribes,Monster Hero,14,4,,"HERO,MONSTER,PRIEST (1),DESTRUCTION,OGOR MAWTRIBES,OGOR,BEASTCLAW",Huskard's Punches and Kicks,melee,4,4,2,1,1,,-,280,1,10,10,Default,1,,"Battle Damaged [Passive] | Winter's Cruelty [Activated · Once Per Turn (Army), Any Shooting Phase] | Freezing Aura [Activated · Once Per Turn (Army), Any Combat Phase · Rampage]",Ogor Mawtribes - Library.cat#ebcd-aa92-94f1-c1be
Huskard on Thundertusk,Ogor Mawtribes,Monster Hero,14,4,,"HERO,MONSTER,PRIEST (1),DESTRUCTION,OGOR MAWTRIBES,OGOR,BEASTCLAW",Thundertusk's Colossal Tusks,melee,3,4,2,1,5,,"Anti-**^^Infantry^^** (+1 Rend), Companion",280,1,10,10,Default,1,,"Battle Damaged [Passive] | Winter's Cruelty [Activated · Once Per Turn (Army), Any Shooting Phase] | Freezing Aura [Activated · Once Per Turn (Army), Any Combat Phase · Rampage]",Ogor Mawtribes - Library.cat#ebcd-aa92-94f1-c1be
Icebrow Hunter,Ogor Mawtribes,Infantry Hero,7,5,,"HERO,DESTRUCTION,OGOR MAWTRIBES,INFANTRY,OGOR,BEASTCLAW",Culling Club,melee,4,4,2,0,2,,Anti-**^^Monster^^** (+1 Rend),130,1,6,3,Default,1,,Masters of Ambush [Activated · Deployment Phase · Deploy] | The Hunt Is On [Activated · Your Movement Phase],Ogor Mawtribes - Library.cat#8ea1-2719-4da0-2b1f
Icebrow Hunter,Ogor Mawtribes,Infantry Hero,7,5,,"HERO,DESTRUCTION,OGOR MAWTRIBES,INFANTRY,OGOR,BEASTCLAW",Great Throwing Spear and Crossbow,ranged,2,4,3,0,D3,12,Anti-**^^Monster^^** (+1 Rend),130,1,6,3,Default,1,,Masters of Ambush [Activated · Deployment Phase · Deploy] | The Hunt Is On [Activated · Your Movement Phase],Ogor Mawtribes - Library.cat#8ea1-2719-4da0-2b1f
Icefall Yhetees,Ogor Mawtribes,Infantry,4,6,6,"OGOR MAWTRIBES,DESTRUCTION,BEASTCLAW RAIDERS,INFANTRY,WARD (6+)",Claws and Ice‑encrusted Weapons,melee,3,4,3,1,2,,-,120,3,6,1,Default,3,,"Bounding Leaps [Activated · Once Per Turn (Army), Enemy Combat Phase]",Ogor Mawtribes - Library.cat#5fed-90de-715-e720
Ironblaster,Ogor Mawtribes,War Machine,9,4,,"WAR MACHINE,DESTRUCTION,OGOR MAWTRIBES,OGOR,GUTBUSTERS,NON-MAWSEEKERS,NON-BEASTCLAW",Ironblaster Cannon Shot,ranged,2,4,2,2,5,18,-,180,1,9,2,Default,1,,"Obliterating Blast [Activated · Once Per Turn (Army), Your Shooting Phase · Core, Attack, Shoot]",Ogor Mawtribes - Library.cat#7f12-bfdf-bff5-c0fd
Ironblaster,Ogor Mawtribes,War Machine,9,4,,"WAR MACHINE,DESTRUCTION,OGOR MAWTRIBES,OGOR,GUTBUSTERS,NON-MAWSEEKERS,NON-BEASTCLAW",Clubbers,melee,2,4,2,1,2,,-,180,1,9,2,Default,1,,"Obliterating Blast [Activated · Once Per Turn (Army), Your Shooting Phase · Core, Attack, Shoot]",Ogor Mawtribes - Library.cat#7f12-bfdf-bff5-c0fd
Ironblaster,Ogor Mawtribes,War Machine,9,4,,"WAR MACHINE,DESTRUCTION,OGOR MAWTRIBES,OGOR,GUTBUSTERS,NON-MAWSEEKERS,NON-BEASTCLAW",Rhinox's Sharp Horns,melee,4,4,2,1,D3,,Companion,180,1,9,2,Default,1,,"Obliterating Blast [Activated · Once Per Turn (Army), Your Shooting Phase · Core, Attack, Shoot]",Ogor Mawtribes - Library.cat#7f12-bfdf-bff5-c0fd
Ironguts,Ogor Mawtribes,Infantry,4,5,,"INFANTRY,CHAMPION,OGOR MAWTRIBES,DESTRUCTION,OGOR,GUTBUSTERS,MUSICIAN (1/4),STANDARD BEARER (1/4)",Irongut Weapon,melee,3,4,2,2,3,,-,200,3,6,2,Default,3,,"Personal Enforcers [Passive] | Displays of Might [Activated · Once Per Turn (Army), Any Charge Phase]",Ogor Mawtribes - Library.cat#7ea4-f81b-b7cc-b16e
"Kragnos, the End of Empires",Ogor Mawtribes,Monster Hero,18,4,5,"HERO,UNIQUE,MONSTER,WARMASTER,WARD (5+),DESTRUCTION,OGOR MAWTRIBES",The Dread Mace,melee,6,3,2,3,4,,-,580,1,10,15,Default,1,,"Rampaging Destruction [Activated · Once Per Turn (Army), Any Charge Phase · Rampage] | The End of Empires [Activated · Your Charge Phase] | Battle Damaged [Passive] | The Shield Inviolate [Activated · Reaction: Opponent declared a Spell ability] | Avatar of Destruction [Passive]",Ogor Mawtribes - Library.cat#7231-fb13-c283-ff9d
"Kragnos, the End of Empires",Ogor Mawtribes,Monster Hero,18,4,5,"HERO,UNIQUE,MONSTER,WARMASTER,WARD (5+),DESTRUCTION,OGOR MAWTRIBES",Tuskbreaker,melee,3,4,2,2,2,,Crit (2 Hits),580,1,10,15,Default,1,,"Rampaging Destruction [Activated · Once Per Turn (Army), Any Charge Phase · Rampage] | The End of Empires [Activated · Your Charge Phase] | Battle Damaged [Passive] | The Shield Inviolate [Activated · Reaction: Opponent declared a Spell ability] | Avatar of Destruction [Passive]",Ogor Mawtribes - Library.cat#7231-fb13-c283-ff9d
"Kragnos, the End of Empires",Ogor Mawtribes,Monster Hero,18,4,5,"HERO,UNIQUE,MONSTER,WARMASTER,WARD (5+),DESTRUCTION,OGOR MAWTRIBES",Hooves of Wrack and Ruin,melee,6,3,2,1,2,,-,580,1,10,15,Default,1,,"Rampaging Destruction [Activated · Once Per Turn (Army), Any Charge Phase · Rampage] | The End of Empires [Activated · Your Charge Phase] | Battle Damaged [Passive] | The Shield Inviolate [Activated · Reaction: Opponent declared a Spell ability] | Avatar of Destruction [Passive]",Ogor Mawtribes - Library.cat#7231-fb13-c283-ff9d
Leadbelchers,Ogor Mawtribes,Infantry,4,5,,"INFANTRY,CHAMPION,OGOR MAWTRIBES,DESTRUCTION,OGOR,GUTBUSTERS",Leadbelcher Gun,ranged,2,4,3,1,1,15,-,140,4,6,2,Default,4,,"Firing from the Belly [Activated · Once Per Turn (Army), Your Shooting Phase] | Powder Gnoblars [Passive]",Ogor Mawtribes - Library.cat#15cd-469c-4ed6-afef
Leadbelchers,Ogor Mawtribes,Infantry,4,5,,"INFANTRY,CHAMPION,OGOR MAWTRIBES,DESTRUCTION,OGOR,GUTBUSTERS",Bludgeoning Blows,melee,2,4,2,0,2,,-,140,4,6,2,Default,4,,"Firing from the Belly [Activated · Once Per Turn (Army), Your Shooting Phase] | Powder Gnoblars [Passive]",Ogor Mawtribes - Library.cat#15cd-469c-4ed6-afef
Maneaters,Ogor Mawtribes,Infantry,4,5,,"INFANTRY,OGOR MAWTRIBES,DESTRUCTION,OGOR",Pistols or Throwing Weapons,ranged,1,3,3,1,2,10,Shoot in Combat,180,3,6,2,Default,3,,"Been There, Done That [Activated · Once Per Turn (Army), Reaction: This unit was picked to be the target of a non-Core ability]",Ogor Mawtribes - Library.cat#f4ef-9156-1fd1-4b91
Maneaters,Ogor Mawtribes,Infantry,4,5,,"INFANTRY,OGOR MAWTRIBES,DESTRUCTION,OGOR",Maneater Weapons,melee,4,4,2,1,2,,-,180,3,6,2,Default,3,,"Been There, Done That [Activated · Once Per Turn (Army), Reaction: This unit was picked to be the target of a non-Core ability]",Ogor Mawtribes - Library.cat#f4ef-9156-1fd1-4b91
Mantrapper,Ogor Mawtribes,Infantry Hunter,8,5,,"HERO,INFANTRY,DESTRUCTION,OGOR,OGOR MAWTRIBES,BEASTCLAW RAIDERS",Mantrap Launcher,ranged,4,3,3,1,2,15,Crit (Auto-wound),130,1,6,3,Default,1,,"Mantrapper's Accomplices [Passive] | Just a Little Closer... [Activated · Once Per Turn (Army), Start of Battle Round] | Trapped! [Activated · Once Per Turn (Army), Any Shooting Phase]",Ogor Mawtribes - Library.cat#9167-b1ce-996d-5d19
Mantrapper,Ogor Mawtribes,Infantry Hunter,8,5,,"HERO,INFANTRY,DESTRUCTION,OGOR,OGOR MAWTRIBES,BEASTCLAW RAIDERS",Mantrapper’s Hunting Knife,melee,4,4,2,1,2,,-,130,1,6,3,Default,1,,"Mantrapper's Accomplices [Passive] | Just a Little Closer... [Activated · Once Per Turn (Army), Start of Battle Round] | Trapped! [Activated · Once Per Turn (Army), Any Shooting Phase]",Ogor Mawtribes - Library.cat#9167-b1ce-996d-5d19
Mournfang Pack,Ogor Mawtribes,Cavalry,6,4,,"CHAMPION,OGOR MAWTRIBES,DESTRUCTION,OGOR,MUSICIAN (1/4),STANDARD BEARER (1/4),CAVALRY,BEASTCLAW RAIDERS",Mournfang Rider Weapon,melee,3,4,2,1,2,,Anti-**^^Cavalry^^** (+1 Rend),200,2,9,2,Default,2,,Alpha Cavalry [Passive],Ogor Mawtribes - Library.cat#b91b-cba6-89af-7225
Mournfang Pack,Ogor Mawtribes,Cavalry,6,4,,"CHAMPION,OGOR MAWTRIBES,DESTRUCTION,OGOR,MUSICIAN (1/4),STANDARD BEARER (1/4),CAVALRY,BEASTCLAW RAIDERS",Mournfang’s Tusks,melee,4,4,2,1,2,,Companion,200,2,9,2,Default,2,,Alpha Cavalry [Passive],Ogor Mawtribes - Library.cat#b91b-cba6-89af-7225
Mournfang Pack,Ogor Mawtribes,Cavalry,6,4,,"CHAMPION,OGOR MAWTRIBES,DESTRUCTION,OGOR,MUSICIAN (1/4),STANDARD BEARER (1/4),CAVALRY,BEASTCLAW RAIDERS",Ironlock Pistol,ranged,1,4,3,1,2,10,Shoot in Combat,200,2,9,2,Option,,,Alpha Cavalry [Passive],Ogor Mawtribes - Library.cat#b91b-cba6-89af-7225
Ogor Gluttons,Ogor Mawtribes,Infantry,4,5,,"INFANTRY,CHAMPION,MUSICIAN (1/6),STANDARD BEARER (1/6),OGOR MAWTRIBES,DESTRUCTION,OGOR,GUTBUSTERS",Glutton Weapons,melee,4,4,2,1,2,,-,220,6,6,2,,,,Wall of Meat [Passive],Ogor Mawtribes - Library.cat#e93b-4897-f014-9b88
Slaughtermaster,Ogor Mawtribes,Infantry Hunter,8,5,,"HERO,DESTRUCTION,OGOR MAWTRIBES,INFANTRY,OGOR,GUTBUSTERS,WIZARD (1)",Gnoblars’ Implements,melee,3,5,5,0,1,,Companion,160,1,6,5,Option,,,"Fill the Pot [Passive] | Great Cauldron [Activated · Once Per Turn (Army), Any Hero Phase]",Ogor Mawtribes - Library.cat#3d51-af3a-455e-2373
Slaughtermaster,Ogor Mawtribes,Infantry Hunter,8,5,,"HERO,DESTRUCTION,OGOR MAWTRIBES,INFANTRY,OGOR,GUTBUSTERS,WIZARD (1)",Stump Blades,melee,6,4,2,1,1,,-,160,1,6,5,Default,1,,"Fill the Pot [Passive] | Great Cauldron [Activated · Once Per Turn (Army), Any Hero Phase]",Ogor Mawtribes - Library.cat#3d51-af3a-455e-2373
Stonehorn Beastriders,Ogor Mawtribes,Monster,14,4,,"MONSTER,DESTRUCTION,OGOR MAWTRIBES,OGOR,BEASTCLAW,NON-GUTBUSTERS,NON-MAWSEEKERS","Chaintrap, Harpoon Launcher or Blood Vulture",ranged,1,4,3,1,3,15,-,280,1,10,10,Default,1,,"Battle Damaged [Passive] | Stone Skeleton [Passive] | Stonehorn Avalanche [Activated · Once Per Turn (Army), Any Charge Phase · Rampage]",Ogor Mawtribes - Library.cat#8b95-893a-4c1a-9224
Stonehorn Beastriders,Ogor Mawtribes,Monster,14,4,,"MONSTER,DESTRUCTION,OGOR MAWTRIBES,OGOR,BEASTCLAW,NON-GUTBUSTERS,NON-MAWSEEKERS",Punches and Kicks,melee,4,4,2,1,1,,-,280,1,10,10,Default,1,,"Battle Damaged [Passive] | Stone Skeleton [Passive] | Stonehorn Avalanche [Activated · Once Per Turn (Army), Any Charge Phase · Rampage]",Ogor Mawtribes - Library.cat#8b95-893a-4c1a-9224
Stonehorn Beastriders,Ogor Mawtribes,Monster,14,4,,"MONSTER,DESTRUCTION,OGOR MAWTRIBES,OGOR,BEASTCLAW,NON-GUTBUSTERS,NON-MAWSEEKERS",Stonehorn's Rock-hard Horns and Hooves,melee,7,4,2,2,3,,"Charge (+1 Damage), Companion",280,1,10,10,Default,1,,"Battle Damaged [Passive] | Stone Skeleton [Passive] | Stonehorn Avalanche [Activated · Once Per Turn (Army), Any Charge Phase · Rampage]",Ogor Mawtribes - Library.cat#8b95-893a-4c1a-9224
Thundertusk Beastriders,Ogor Mawtribes,Monster,14,4,,"MONSTER,DESTRUCTION,OGOR MAWTRIBES,OGOR,BEASTCLAW,NON-GUTBUSTERS,NON-MAWSEEKERS","Chaintrap, Harpoon Launcher or Blood Vulture",ranged,1,4,3,1,3,15,-,240,1,10,10,Default,1,,"Battle Damaged [Passive] | Plough the Icepath [Activated · Once Per Turn (Army), Reaction: You declared a non-Charge Move ability for this unit in your movement phase] | Chilling Onslaught [Activated · Once Per Turn (Army), Any Combat Phase · Rampage]",Ogor Mawtribes - Library.cat#e5a2-5b7c-b7af-8da6
Thundertusk Beastriders,Ogor Mawtribes,Monster,14,4,,"MONSTER,DESTRUCTION,OGOR MAWTRIBES,OGOR,BEASTCLAW,NON-GUTBUSTERS,NON-MAWSEEKERS",Ice Blast,ranged,1,4,2,1,D3+2,12,Companion,240,1,10,10,Default,1,,"Battle Damaged [Passive] | Plough the Icepath [Activated · Once Per Turn (Army), Reaction: You declared a non-Charge Move ability for this unit in your movement phase] | Chilling Onslaught [Activated · Once Per Turn (Army), Any Combat Phase · Rampage]",Ogor Mawtribes - Library.cat#e5a2-5b7c-b7af-8da6
Thundertusk Beastriders,Ogor Mawtribes,Monster,14,4,,"MONSTER,DESTRUCTION,OGOR MAWTRIBES,OGOR,BEASTCLAW,NON-GUTBUSTERS,NON-MAWSEEKERS",Punches and Kicks,melee,4,4,2,1,1,,-,240,1,10,10,Default,1,,"Battle Damaged [Passive] | Plough the Icepath [Activated · Once Per Turn (Army), Reaction: You declared a non-Charge Move ability for this unit in your movement phase] | Chilling Onslaught [Activated · Once Per Turn (Army), Any Combat Phase · Rampage]",Ogor Mawtribes - Library.cat#e5a2-5b7c-b7af-8da6
Thundertusk Beastriders,Ogor Mawtribes,Monster,14,4,,"MONSTER,DESTRUCTION,OGOR MAWTRIBES,OGOR,BEASTCLAW,NON-GUTBUSTERS,NON-MAWSEEKERS",Thundertusk's Colossal Tusks,melee,3,4,2,1,5,,"Anti-**^^Infantry^^** (+1 Rend), Companion",240,1,10,10,Default,1,,"Battle Damaged [Passive] | Plough the Icepath [Activated · Once Per Turn (Army), Reaction: You declared a non-Charge Move ability for this unit in your movement phase] | Chilling Onslaught [Activated · Once Per Turn (Army), Any Combat Phase · Rampage]",Ogor Mawtribes - Library.cat#e5a2-5b7c-b7af-8da6
Tyrant,Ogor Mawtribes,Infantry Hero,8,4,,"HERO,INFANTRY,DESTRUCTION,OGOR MAWTRIBES,OGOR,GUTBUSTERS",Tyrant's Meatcleavers,melee,4,4,2,2,3,,Crit (Mortal),150,1,6,3,Default,1,,Big Name [Activated · Deployment Phase] | Brawlerguts [Activated · Reaction: You declared a Fight ability for this unit],Ogor Mawtribes - Library.cat#8af5-807c-4c2e-2ceb
Arch-Kavalos Zandtos,Ossiarch Bonereapers,Cavalry Hero,8,3,6,"HERO,DEATH,OSSIARCH BONEREAPERS,WARD (6+),UNIQUE,CAVALRY,RELENTLESS DISCIPLINE (7)","Kavalos Steed's Hooves, Teeth, and Barbed Tails",melee,4,5,3,0,1,,Companion,220,1,10,2,Default,1,,"Unstoppable Charge [Activated · Once Per Battle, Any Combat Phase] | Still Their Breath! [Activated · Any Combat Phase · Relentless Discipline]",Ossiarch Bonereapers - Library.cat#3d7d-bb9a-b450-8a47
Arch-Kavalos Zandtos,Ossiarch Bonereapers,Cavalry Hero,8,3,6,"HERO,DEATH,OSSIARCH BONEREAPERS,WARD (6+),UNIQUE,CAVALRY,RELENTLESS DISCIPLINE (7)",The Dark Lance,melee,5,3,3,2,2,,Charge (+1 Damage),220,1,10,2,Default,1,,"Unstoppable Charge [Activated · Once Per Battle, Any Combat Phase] | Still Their Breath! [Activated · Any Combat Phase · Relentless Discipline]",Ossiarch Bonereapers - Library.cat#3d7d-bb9a-b450-8a47
"Arkhan the Black, Mortarch of Sacrament",Ossiarch Bonereapers,Monster Hero,14,3,6,"HERO,DEATH,UNIQUE,OSSIARCH BONEREAPERS,WARD (6+),FLY,MONSTER,WIZARD (3),WARMASTER,RELENTLESS DISCIPLINE (3)",Razarak's Ebon Claws,melee,5,4,2,3,3,,Companion,440,1,12,5,Default,1,,"Battle Damaged [Passive] | The Staff of Spirits [Passive] | The Doom of Traitors [Activated · Once Per Turn (Army), Any Combat Phase · Rampage] | Mortarch of Sacrament [Activated · Once Per Turn, Reaction: Opponent declared a Spell ability for a unit within 18"" of this unit] | Curse of Years [Spell · Your Hero Phase · casting value 7 · Spell]",Ossiarch Bonereapers - Library.cat#6652-19e0-6044-62e8
"Arkhan the Black, Mortarch of Sacrament",Ossiarch Bonereapers,Monster Hero,14,3,6,"HERO,DEATH,UNIQUE,OSSIARCH BONEREAPERS,WARD (6+),FLY,MONSTER,WIZARD (3),WARMASTER,RELENTLESS DISCIPLINE (3)",Zefet-kar and Khenash-an,melee,4,3,4,1,2,,-,440,1,12,5,Default,1,,"Battle Damaged [Passive] | The Staff of Spirits [Passive] | The Doom of Traitors [Activated · Once Per Turn (Army), Any Combat Phase · Rampage] | Mortarch of Sacrament [Activated · Once Per Turn, Reaction: Opponent declared a Spell ability for a unit within 18"" of this unit] | Curse of Years [Spell · Your Hero Phase · casting value 7 · Spell]",Ossiarch Bonereapers - Library.cat#6652-19e0-6044-62e8
Bone-tithe Nexus,Ossiarch Bonereapers,,13,4,,"DEATH,OSSIARCH BONEREAPERS,FACTION TERRAIN",Almighty Obsidian Blade,melee,2,4,2,2,3,,-,0,1,-,-,Default,1,,Deathly Aura [Passive],Ossiarch Bonereapers - Library.cat#d520-813-31df-e5a1
Bone-tithe Shrieker,Ossiarch Bonereapers,,1,6,6,"DEATH,WARD (6+),OSSIARCH BONEREAPERS,MANIFESTATION,ENDLESS SPELL,FLY",Soul-rending Shriek,melee,4,3,4,1,2,,-,,1,,,,,,No Escape [Passive],Ossiarch Bonereapers - Library.cat#6ee6-2cc6-3b2-a7db
Gothizzar Harvester,Ossiarch Bonereapers,War Machine,10,4,6,"OSSIARCH BONEREAPERS,WARD (6+),DEATH,WAR MACHINE",Soulcrusher Weapons,melee,6,4,2,2,3,,-,200,1,6,5,Default,1,,"Bone Harvest [Activated · Once Per Turn (Army), End of Any Turn] | Bone Cage [Passive] | Repair Construct [Activated · Once Per Turn (Army), Your Hero Phase]",Ossiarch Bonereapers - Library.cat#1ae2-1b6e-d767-b8de
Immortis Guard,Ossiarch Bonereapers,Infantry,4,3,6,"INFANTRY,OSSIARCH BONEREAPERS,WARD (6+),DEATH",Dread Halberd,melee,3,3,3,1,2,,-,170,3,5,1,Default,3,,"Immortal Bulwark [Activated · Once Per Turn (Army), Any Combat Phase]",Ossiarch Bonereapers - Library.cat#c1b9-f148-7fe4-8660
Kainan's Reapers,Ossiarch Bonereapers,,2,4,6,"INFANTRY,UNIQUE,WARD (6+),DEATH,OSSIARCH BONEREAPERS,MORTISAN",Soulreaper Axe,melee,4,3,3,2,2,,Anti-charge (+1 Rend),140,6,8,1,Default,1,,Nadirite Bow [Activated · Your Shooting Phase] | Mir Kainan [Passive],Ossiarch Bonereapers - Library.cat#7d6d-699b-e072-6699
Kainan's Reapers,Ossiarch Bonereapers,,2,4,6,"INFANTRY,UNIQUE,WARD (6+),DEATH,OSSIARCH BONEREAPERS,MORTISAN",Nadirite Weapon,melee,3,3,4,0,1,,Anti-charge (+1 Rend),140,6,8,1,Default,5,,Nadirite Bow [Activated · Your Shooting Phase] | Mir Kainan [Passive],Ossiarch Bonereapers - Library.cat#7d6d-699b-e072-6699
"Katakros, Mortarch of the Necropolis",Ossiarch Bonereapers,Infantry Hero,20,3,6,"OSSIARCH BONEREAPERS,DEATH,WARD (6+),HERO,INFANTRY,UNIQUE,WARMASTER,RELENTLESS DISCIPLINE (10)",Inda-Khaat,melee,3,3,3,2,3,,Crit (2 Hits),470,1,4,10,Default,1,,"Battle Damaged [Passive] | Mortarch of the Necropolis [Passive] | Aviarch Spymaster [Activated · Any Hero Phase] | You Dare?! [Activated · Once Per Battle, Start of Any Turn] | Supreme Lord of the Bonereaper Legions [Activated · Any Combat Phase]",Ossiarch Bonereapers - Library.cat#9294-b53c-e996-198c
"Katakros, Mortarch of the Necropolis",Ossiarch Bonereapers,Infantry Hero,20,3,6,"OSSIARCH BONEREAPERS,DEATH,WARD (6+),HERO,INFANTRY,UNIQUE,WARMASTER,RELENTLESS DISCIPLINE (10)",Retinue Blades,melee,10,3,4,1,1,,-,470,1,4,10,Default,1,,"Battle Damaged [Passive] | Mortarch of the Necropolis [Passive] | Aviarch Spymaster [Activated · Any Hero Phase] | You Dare?! [Activated · Once Per Battle, Start of Any Turn] | Supreme Lord of the Bonereaper Legions [Activated · Any Combat Phase]",Ossiarch Bonereapers - Library.cat#9294-b53c-e996-198c
"Katakros, Mortarch of the Necropolis",Ossiarch Bonereapers,Infantry Hero,20,3,6,"OSSIARCH BONEREAPERS,DEATH,WARD (6+),HERO,INFANTRY,UNIQUE,WARMASTER,RELENTLESS DISCIPLINE (10)",The Shield Immortis,melee,3,3,3,2,2,,-,470,1,4,10,Default,1,,"Battle Damaged [Passive] | Mortarch of the Necropolis [Passive] | Aviarch Spymaster [Activated · Any Hero Phase] | You Dare?! [Activated · Once Per Battle, Start of Any Turn] | Supreme Lord of the Bonereaper Legions [Activated · Any Combat Phase]",Ossiarch Bonereapers - Library.cat#9294-b53c-e996-198c
Kavalos Deathriders,Ossiarch Bonereapers,Cavalry,3,4,6,"OSSIARCH BONEREAPERS,WARD (6+),DEATH,CHAMPION,CAVALRY,STANDARD BEARER (1/5)",Kavalos Blades,melee,3,3,4,1,1,,-,150,5,10,1,Default,5,,"Deathrider Wedge [Activated · Any Combat Phase · Core, Attack, Fight]",Ossiarch Bonereapers - Library.cat#efaa-2ff1-8-5f4b
Kavalos Deathriders,Ossiarch Bonereapers,Cavalry,3,4,6,"OSSIARCH BONEREAPERS,WARD (6+),DEATH,CHAMPION,CAVALRY,STANDARD BEARER (1/5)",Kavalos Steed's Hooves and Teeth,melee,2,5,3,0,1,,Companion,150,5,10,1,Default,5,,"Deathrider Wedge [Activated · Any Combat Phase · Core, Attack, Fight]",Ossiarch Bonereapers - Library.cat#efaa-2ff1-8-5f4b
Kavalos War Chariot,Ossiarch Bonereapers,,10,3,6,"DEATH,OSSIARCH BONEREAPERS,WARD (6+),WAR MACHINE",Charioteers' Weapons,melee,4,3,4,1,1,,-,150,1,10,2,Default,1,,"Scything Assault [Activated · Any Combat Phase · Core, Attack, Fight] | Pinning Attacks [Activated · Once Per Turn (Army), Your Shooting Phase]",Ossiarch Bonereapers - Library.cat#322d-d9f2-cdc6-64e6
Kavalos War Chariot,Ossiarch Bonereapers,,10,3,6,"DEATH,OSSIARCH BONEREAPERS,WARD (6+),WAR MACHINE","Kavalos Steed's Hooves, Teeth, and Barbed Tails",melee,6,5,3,0,1,,Companion,150,1,10,2,Default,1,,"Scything Assault [Activated · Any Combat Phase · Core, Attack, Fight] | Pinning Attacks [Activated · Once Per Turn (Army), Your Shooting Phase]",Ossiarch Bonereapers - Library.cat#322d-d9f2-cdc6-64e6
Liege-Kavalos,Ossiarch Bonereapers,Cavalry Hero,7,3,6,"HERO,DEATH,OSSIARCH BONEREAPERS,WARD (6+),CAVALRY,RELENTLESS DISCIPLINE (6)",Commander's Blade,melee,5,3,4,1,2,,Charge (+1 Damage),180,1,10,2,Default,1,,Deathrider Commander [Passive] | Master of Cavalry [Activated · Reaction: You declared a Fight ability for this unit],Ossiarch Bonereapers - Library.cat#94bd-295c-c868-27ee
Liege-Kavalos,Ossiarch Bonereapers,Cavalry Hero,7,3,6,"HERO,DEATH,OSSIARCH BONEREAPERS,WARD (6+),CAVALRY,RELENTLESS DISCIPLINE (6)","Kavalos Steed's Hooves, Teeth, and Barbed Tails",melee,4,5,3,0,1,,Companion,180,1,10,2,Default,1,,Deathrider Commander [Passive] | Master of Cavalry [Activated · Reaction: You declared a Fight ability for this unit],Ossiarch Bonereapers - Library.cat#94bd-295c-c868-27ee
Liege-Kavalos on War Chariot,Ossiarch Bonereapers,War Machine Hero,12,3,6,"HERO,DEATH,OSSIARCH BONEREAPERS,WARD (6+),RELENTLESS DISCIPLINE (6),WAR MACHINE",Commander's Blade,melee,5,3,4,1,2,,Charge (+1 Damage),210,1,10,2,Default,1,,"Grind Them to Dust [Activated · Once Per Turn (Army), Any Movement Phase] | Masterful Charioteer [Activated · Once Per Turn (Army), Any Combat Phase]",Ossiarch Bonereapers - Library.cat#81d0-9a4a-fb83-8626
Liege-Kavalos on War Chariot,Ossiarch Bonereapers,War Machine Hero,12,3,6,"HERO,DEATH,OSSIARCH BONEREAPERS,WARD (6+),RELENTLESS DISCIPLINE (6),WAR MACHINE","Kavalos Steed's Hooves, Teeth, and Barbed Tails",melee,6,5,3,0,1,,Companion,210,1,10,2,Default,1,,"Grind Them to Dust [Activated · Once Per Turn (Army), Any Movement Phase] | Masterful Charioteer [Activated · Once Per Turn (Army), Any Combat Phase]",Ossiarch Bonereapers - Library.cat#81d0-9a4a-fb83-8626
Liege-Mortek,Ossiarch Bonereapers,Infantry Hero,5,3,6,"HERO,DEATH,OSSIARCH BONEREAPERS,WARD (6+),INFANTRY,RELENTLESS DISCIPLINE (5)",Commander's Weapon,melee,5,3,4,1,2,,-,120,1,5,2,Default,1,,"Clinical Efficiency [Activated · Once Per Turn (Army), Any Combat Phase, Reaction: You declared a Fight ability for this unit]",Ossiarch Bonereapers - Library.cat#bf96-2414-2772-b78a
Morghast Archai,Ossiarch Bonereapers,Infantry,6,3,6,"INFANTRY,OSSIARCH BONEREAPERS,WARD (6+),DEATH,FLY",Spirit Weapons,melee,3,3,2,2,3,,"Anti-**^^Monster^^** (+1 Rend), Crit (2 Hits)",250,2,10,2,Default,2,,"Discharge Armour [Activated · Once Per Turn (Army), Any Hero Phase] | Ebon-wrought Armour [Passive]",Ossiarch Bonereapers - Library.cat#5876-caac-a544-1e4f
Morghast Harbingers,Ossiarch Bonereapers,Infantry,6,4,6,"INFANTRY,OSSIARCH BONEREAPERS,WARD (6+),DEATH,FLY",Spirit Weapons,melee,3,3,2,2,3,,"Anti-**^^Monster^^** (+1 Rend), Crit (2 Hits)",240,2,10,2,Default,2,,Harbingers of Death [Passive],Ossiarch Bonereapers - Library.cat#16b9-87fe-ea6d-c02c
Mortek Crawler,Ossiarch Bonereapers,War Machine,12,4,6,"OSSIARCH BONEREAPERS,WARD (6+),DEATH,WAR MACHINE",Attendants' Crawler Tools,melee,6,4,4,0,1,,-,250,1,5,5,Default,1,,"Deathly Barrage [Activated · Once Per Turn (Army), Reaction: You declared a Shoot ability for this unit.] | Cursed Stele [Activated · Once Per Turn (Army), Your Shooting Phase]",Ossiarch Bonereapers - Library.cat#8073-6b0a-5c59-fb6
Mortek Crawler,Ossiarch Bonereapers,War Machine,12,4,6,"OSSIARCH BONEREAPERS,WARD (6+),DEATH,WAR MACHINE",Dread Catapult,ranged,4,4,2,1,4,24,Crit (2 Hits),250,1,5,5,Default,1,,"Deathly Barrage [Activated · Once Per Turn (Army), Reaction: You declared a Shoot ability for this unit.] | Cursed Stele [Activated · Once Per Turn (Army), Your Shooting Phase]",Ossiarch Bonereapers - Library.cat#8073-6b0a-5c59-fb6
Mortek Guard,Ossiarch Bonereapers,Infantry,1,4,6,"INFANTRY,OSSIARCH BONEREAPERS,WARD (6+),DEATH,CHAMPION,STANDARD BEARER (1/10)",Nadirite Blades,melee,2,3,4,0,1,,Anti-**^^Cavalry^^** (+1 Rend),110,10,4,1,Default,10,,"Shields of the Legion [Activated · Once Per Phase (Army), Reaction: Opponent declared an Attack ability that targeted a visible Ossiarch Bonereapers unit within this unit's combat range.]",Ossiarch Bonereapers - Library.cat#10d1-4f28-db72-1eb9
Mortek Triaxes,Ossiarch Bonereapers,Infantry,1,5,6,"INFANTRY,OSSIARCH BONEREAPERS,WARD (6+),DEATH,CHAMPION",Osseous Bow,ranged,2,3,4,1,1,18,-,140,10,4,1,Default,10,,"Balefire Braziers [Passive] | Cursed Flames [Activated · Once Per Turn (Army), Reaction: You declared a Shoot ability for this unit.] | Atavistic Nightmares [Passive]",Ossiarch Bonereapers - Library.cat#5809-fc53-2b72-a16f
Mortek Triaxes,Ossiarch Bonereapers,Infantry,1,5,6,"INFANTRY,OSSIARCH BONEREAPERS,WARD (6+),DEATH,CHAMPION",Nadirite Dagger,melee,1,3,4,0,1,,-,140,10,4,1,Default,10,,"Balefire Braziers [Passive] | Cursed Flames [Activated · Once Per Turn (Army), Reaction: You declared a Shoot ability for this unit.] | Atavistic Nightmares [Passive]",Ossiarch Bonereapers - Library.cat#5809-fc53-2b72-a16f
Mortis Reapers,Ossiarch Bonereapers,Infantry,2,5,6,"INFANTRY,OSSIARCH BONEREAPERS,WARD (6+),DEATH,CHAMPION",Reaper' Blades,melee,3,3,4,1,1,,Anti-**^^Hero^^** (+1 Rend),110,5,6,1,Default,5,,"Necrocaches [Activated · Once Per Turn (Army), End of Any Turn] | No Escaping the Tithe [Activated · Once Per Turn (Army), Any Movement Phase]",Ossiarch Bonereapers - Library.cat#23a0-24e5-cc6d-8b41
Mortisan Boneshaper,Ossiarch Bonereapers,Infantry Hero,5,4,6,"HERO,WIZARD (1),INFANTRY,WARD (6+),OSSIARCH BONEREAPERS,DEATH,RELENTLESS DISCIPLINE (2)",Ossified Talons,melee,3,4,4,0,2,,-,140,1,5,2,Default,1,,Legion Quartermaster [Passive] | Boneshaper [Command · Your Hero Phase · cost 1],Ossiarch Bonereapers - Library.cat#13ec-ca46-9e71-ad2
Mortisan Ossifector,Ossiarch Bonereapers,Infantry Hero,5,4,6,"HERO,WIZARD (1),INFANTRY,WARD (6+),OSSIARCH BONEREAPERS,DEATH,RELENTLESS DISCIPLINE (2),FLY",Ossified Talons,melee,3,4,4,0,2,,-,110,1,5,2,Default,1,,"Refined Creations [Activated · Once Per Turn (Army), Your Hero Phase]",Ossiarch Bonereapers - Library.cat#93ac-6567-8147-a11
Mortisan Soulmason,Ossiarch Bonereapers,Infantry Hero,6,4,6,"HERO,INFANTRY,WARD (6+),OSSIARCH BONEREAPERS,DEATH,WIZARD (2),RELENTLESS DISCIPLINE (2)",Soulmason's Staff,melee,3,4,4,0,2,,-,140,1,6,2,Default,1,,Soul-guide [Spell · Your Hero Phase · casting value 7 · Spell],Ossiarch Bonereapers - Library.cat#49c5-563d-d7b-6d61
Mortisan Soulreaper,Ossiarch Bonereapers,Infantry Hero,5,4,6,"HERO,WIZARD (1),INFANTRY,WARD (6+),OSSIARCH BONEREAPERS,DEATH,RELENTLESS DISCIPLINE (2),FLY",Soulreaper Scythe,melee,4,3,4,2,2,,Crit (2 Hits),120,1,5,2,Default,1,,"Soulreaper [Passive] | Necrotic Impetus [Activated · Once Per Turn (Army), Any Combat Phase]",Ossiarch Bonereapers - Library.cat#647a-dcd6-b2d8-642b
"Nagash, Supreme Lord of the Undead",Ossiarch Bonereapers,Monster Hero,18,3,5,"DEATH,OSSIARCH BONEREAPERS,UNIQUE,HERO,MONSTER,WIZARD (9),WARD (5+),FLY,WARMASTER,RELENTLESS DISCIPLINE (3)","Alakanash, the Staff of Power",melee,4,3,3,2,D6,,-,830,1,10,10,Default,1,,"Battle Damaged [Passive] | The Staff of Power [Passive] | Hand of Dust [Activated · Once Per Turn (Army), End of Any Turn · Rampage] | Supreme Lord of the Undead [Activated · Once Per Battle, Your Hero Phase] | Invocation of Nagash [Spell · Your Hero Phase · casting value 7 · Spell]",Ossiarch Bonereapers - Library.cat#aeef-a74c-9eec-5169
"Nagash, Supreme Lord of the Undead",Ossiarch Bonereapers,Monster Hero,18,3,5,"DEATH,OSSIARCH BONEREAPERS,UNIQUE,HERO,MONSTER,WIZARD (9),WARD (5+),FLY,WARMASTER,RELENTLESS DISCIPLINE (3)","Zefet-nebtar, the Mortis Blade",melee,4,3,3,2,3,,-,830,1,10,10,Default,1,,"Battle Damaged [Passive] | The Staff of Power [Passive] | Hand of Dust [Activated · Once Per Turn (Army), End of Any Turn · Rampage] | Supreme Lord of the Undead [Activated · Once Per Battle, Your Hero Phase] | Invocation of Nagash [Spell · Your Hero Phase · casting value 7 · Spell]",Ossiarch Bonereapers - Library.cat#aeef-a74c-9eec-5169
Necropolis Stalkers,Ossiarch Bonereapers,Infantry,4,4,6,"INFANTRY,OSSIARCH BONEREAPERS,WARD (6+),DEATH",Stalker Blades,melee,4,3,3,2,1,,-,130,3,6,1,Default,3,,"Fourfold Slayers [Activated · Once Per Turn (Army), Any Combat Phase]",Ossiarch Bonereapers - Library.cat#e1b8-41f5-87ac-9333
Nightmare Predator,Ossiarch Bonereapers,,1,6,6,"DEATH,WARD (6+),OSSIARCH BONEREAPERS,MANIFESTATION,ENDLESS SPELL,FLY",Lacerating Claws,melee,6,4,2,2,2,,-,,1,,,,,,Death Incarnate [Activated · End of Any Turn],Ossiarch Bonereapers - Library.cat#93d8-db59-3a1-7eaf
Soulstealer Carrion,Ossiarch Bonereapers,,1,6,6,"DEATH,WARD (6+),OSSIARCH BONEREAPERS,MANIFESTATION,ENDLESS SPELL,FLY",Spectral Claws and Beak,melee,6,4,2,1,2,,-,,1,,,,,,Aviarch Sentry [Passive],Ossiarch Bonereapers - Library.cat#cecf-5bc0-1647-8b2f
Teratic Cohort,Ossiarch Bonereapers,Beast,1,5,6,"OSSIARCH BONEREAPERS,WARD (6+),DEATH,CHAMPION (1/8),BEAST",Cohort Weapons,melee,2,3,4,1,1,,-,90,8,7,1,Default,8,,"Bone-deep Savagery [Activated · Once Per Turn (Army), Any Hero Phase] | Hunters Unleashed [Activated · Deployment Phase]",Ossiarch Bonereapers - Library.cat#c127-fa89-8519-3af0
Thanatek's Tithe,Ossiarch Bonereapers,,2,4,6,"INFANTRY,UNIQUE,WARD (6+),DEATH,OSSIARCH BONEREAPERS,RELENTLESS DISCIPLINE (2)",Weapons of the Tithe-reapers,melee,2,3,4,1,1,,-,90,1,4,1,Default,1,,Truebone Mastery [Activated · Your Hero Phase] | Seeker of Truebone [Passive],Ossiarch Bonereapers - Library.cat#22e2-c9b4-1f73-ff45
"Vokmortian, Master of the Bone-tithe",Ossiarch Bonereapers,Infantry Hero,5,4,6,"HERO,UNIQUE,WIZARD (2),INFANTRY,WARD (6+),DEATH,OSSIARCH BONEREAPERS,RELENTLESS DISCIPLINE (2)",Staff of Retribution,melee,3,4,3,1,2,,-,140,1,5,2,Default,1,,Voice of Nagash [Command · Enemy Hero Phase · cost 1] | Mortal Contract [Spell · Your Hero Phase · casting value 6 · Spell],Ossiarch Bonereapers - Library.cat#f92d-b53f-1f6f-1646
"Vokmortian, Master of the Bone-tithe",Ossiarch Bonereapers,Infantry Hero,5,4,6,"HERO,UNIQUE,WIZARD (2),INFANTRY,WARD (6+),DEATH,OSSIARCH BONEREAPERS,RELENTLESS DISCIPLINE (2)",Gaze of Death,ranged,1,3,2,1,3,12,-,140,1,5,2,Default,1,,Voice of Nagash [Command · Enemy Hero Phase · cost 1] | Mortal Contract [Spell · Your Hero Phase · casting value 6 · Spell],Ossiarch Bonereapers - Library.cat#f92d-b53f-1f6f-1646
Aggradon Lancers,Seraphon,Cavalry,5,4,,"CHAMPION,CAVALRY,STANDARD BEARER (1/3),MUSICIAN (1/3),ORDER,SERAPHON,SAURUS",Aggradon’s Rending Bites and Striking Talons,melee,3,4,3,2,2,,Companion,200,3,10,2,Default,3,,Primal Rage [Activated · End of Any Turn],Seraphon - Library.cat#e485-3d5d-84ae-6f08
Aggradon Lancers,Seraphon,Cavalry,5,4,,"CHAMPION,CAVALRY,STANDARD BEARER (1/3),MUSICIAN (1/3),ORDER,SERAPHON,SAURUS",Celestite Spear and Club,melee,3,3,3,1,1,,"Charge (+1 Damage), , Anti‑**^^Monster^^** (+1 Rend)",200,3,10,2,Default,3,,Primal Rage [Activated · End of Any Turn],Seraphon - Library.cat#e485-3d5d-84ae-6f08
Bastiladon with Ark of Sotek,Seraphon,Monster,12,2,,"ORDER,SERAPHON,SKINK,MONSTER",Bludgeoning Tail,melee,3,3,3,1,2,,Companion,230,1,5,5,Default,1,,"Ark of Sotek [Activated · Once Per Turn (Army), Any Combat Phase · Rampage]",Seraphon - Library.cat#69e4-4d9e-3916-cdbb
Bastiladon with Ark of Sotek,Seraphon,Monster,12,2,,"ORDER,SERAPHON,SKINK,MONSTER",Handlers’ Meteoric Javelins,ranged,6,4,4,0,1,12,Shoot in Combat,230,1,5,5,Default,1,,"Ark of Sotek [Activated · Once Per Turn (Army), Any Combat Phase · Rampage]",Seraphon - Library.cat#69e4-4d9e-3916-cdbb
Bastiladon with Ark of Sotek,Seraphon,Monster,12,2,,"ORDER,SERAPHON,SKINK,MONSTER",Ark of Sotek,melee,20,4,5,0,1,,"Crit (Mortal), Companion",230,1,5,5,Default,1,,"Ark of Sotek [Activated · Once Per Turn (Army), Any Combat Phase · Rampage]",Seraphon - Library.cat#69e4-4d9e-3916-cdbb
Bastiladon with Solar Engine,Seraphon,Monster,12,2,,"ORDER,SERAPHON,MONSTER,SKINK",Bludgeoning Tail,melee,3,3,3,1,2,,Companion,200,1,5,5,Default,1,,"Tail Swipe [Activated · Once Per Turn (Army), Any Combat Phase · Rampage]",Seraphon - Library.cat#4fee-26df-ea45-a2d6
Bastiladon with Solar Engine,Seraphon,Monster,12,2,,"ORDER,SERAPHON,MONSTER,SKINK",Handlers’ Meteoric Javelins,ranged,6,4,4,0,1,12,Shoot in Combat,200,1,5,5,Default,1,,"Tail Swipe [Activated · Once Per Turn (Army), Any Combat Phase · Rampage]",Seraphon - Library.cat#4fee-26df-ea45-a2d6
Bastiladon with Solar Engine,Seraphon,Monster,12,2,,"ORDER,SERAPHON,MONSTER,SKINK",Solar Engine,ranged,3,3,3,2,3,18,Crit (2 Hits),200,1,5,5,Default,1,,"Tail Swipe [Activated · Once Per Turn (Army), Any Combat Phase · Rampage]",Seraphon - Library.cat#4fee-26df-ea45-a2d6
Engine of the Gods,Seraphon,Monster,14,4,,"ORDER,SERAPHON,MONSTER,SKINK",Stegadon’s Horns and Jaws,melee,6,4,2,1,2,,"Charge (+1 Damage), Companion",150,1,8,5,Default,1,,"Battle Damaged [Passive] | Crest of Horns [Activated · Once Per Turn (Army), Any Combat Phase · Rampage] | Cosmic Engine [Activated · Your Hero Phase]",Seraphon - Library.cat#67a9-676f-158a-e087
Engine of the Gods,Seraphon,Monster,14,4,,"ORDER,SERAPHON,MONSTER,SKINK",Handlers’ Meteoric Javelins,ranged,6,4,4,0,1,12,Shoot in Combat,150,1,8,5,Default,1,,"Battle Damaged [Passive] | Crest of Horns [Activated · Once Per Turn (Army), Any Combat Phase · Rampage] | Cosmic Engine [Activated · Your Hero Phase]",Seraphon - Library.cat#67a9-676f-158a-e087
Hunters of Huanchi with Dartpipes,Seraphon,Infantry,1,6,5,"SERAPHON,ORDER,MUSICIAN (1/5),SKINK,INFANTRY,WARD (5+),CHAMPION (1/5)",Feeble Claws,melee,1,4,5,0,1,,-,80,5,8,1,Default,5,,Hidden Hunters [Activated · Deployment Phase · Deploy] | Star-venom [Activated · Any Shooting Phase] | Chameleon Ambush [Activated · Your Movement Phase],Seraphon - Library.cat#85bb-bb0c-b1e9-e870
Hunters of Huanchi with Dartpipes,Seraphon,Infantry,1,6,5,"SERAPHON,ORDER,MUSICIAN (1/5),SKINK,INFANTRY,WARD (5+),CHAMPION (1/5)",Dartpipe,ranged,2,3,3,0,1,10,Crit (Auto-wound),80,5,8,1,Default,5,,Hidden Hunters [Activated · Deployment Phase · Deploy] | Star-venom [Activated · Any Shooting Phase] | Chameleon Ambush [Activated · Your Movement Phase],Seraphon - Library.cat#85bb-bb0c-b1e9-e870
Hunters of Huanchi with Starstone Bolas,Seraphon,Infantry,1,6,5,"INFANTRY,ORDER,CHAMPION (1/5),MUSICIAN (1/5),WARD (5+),SERAPHON,SKINK",Hunter Javelin,melee,3,3,4,1,2,,-,90,5,8,1,Option,,,Starstone Bolas [Activated · Any Shooting Phase] | Hidden Hunters [Activated · Deployment Phase · Deploy] | Chameleon Ambush [Activated · Your Movement Phase],Seraphon - Library.cat#aeda-8cda-b49c-c295
Hunters of Huanchi with Starstone Bolas,Seraphon,Infantry,1,6,5,"INFANTRY,ORDER,CHAMPION (1/5),MUSICIAN (1/5),WARD (5+),SERAPHON,SKINK",Starstone Bolas,ranged,1,3,4,0,1,10,-,90,5,8,1,Default,5,,Starstone Bolas [Activated · Any Shooting Phase] | Hidden Hunters [Activated · Deployment Phase · Deploy] | Chameleon Ambush [Activated · Your Movement Phase],Seraphon - Library.cat#aeda-8cda-b49c-c295
Hunters of Huanchi with Starstone Bolas,Seraphon,Infantry,1,6,5,"INFANTRY,ORDER,CHAMPION (1/5),MUSICIAN (1/5),WARD (5+),SERAPHON,SKINK",Moonstone Club,melee,2,4,5,0,1,,-,90,5,8,1,Default,5,,Starstone Bolas [Activated · Any Shooting Phase] | Hidden Hunters [Activated · Deployment Phase · Deploy] | Chameleon Ambush [Activated · Your Movement Phase],Seraphon - Library.cat#aeda-8cda-b49c-c295
Kroxigor,Seraphon,Infantry,6,4,,"INFANTRY,ORDER,SERAPHON,KROXIGOR",Moonstone Hammer,melee,4,3,2,1,3,,Anti‑**^^Infantry^^** (+1 Rend),200,3,5,2,Option,,,Brutal Blows [Passive],Seraphon - Library.cat#9544-33d8-1d69-2be9
Kroxigor,Seraphon,Infantry,6,4,,"INFANTRY,ORDER,SERAPHON,KROXIGOR",Drakebite Maul,melee,4,4,2,1,2,,Anti‑**^^Infantry^^** (+1 Rend),200,3,5,2,Default,3,,Brutal Blows [Passive],Seraphon - Library.cat#9544-33d8-1d69-2be9
Kroxigor Warspawned,Seraphon,Infantry,6,4,,"INFANTRY,ORDER,SERAPHON,KROXIGOR",Starfang Warpick,melee,4,3,2,1,3,,Anti‑**^^Monster^^** (+1 Rend),200,3,5,2,Option,,,Spawn of Sotek [Passive] | Heavy-scaled Skin [Passive],Seraphon - Library.cat#a2e4-77e6-9246-b9f4
Kroxigor Warspawned,Seraphon,Infantry,6,4,,"INFANTRY,ORDER,SERAPHON,KROXIGOR",Drakefang Warpick,melee,4,4,2,1,2,,Anti‑**^^Monster^^** (+1 Rend),200,3,5,2,Default,3,,Spawn of Sotek [Passive] | Heavy-scaled Skin [Passive],Seraphon - Library.cat#a2e4-77e6-9246-b9f4
Lord Kroak,Seraphon,Hero,18,4,4,"UNIQUE,HERO,FLY,WARMASTER,ORDER,WIZARD (3),WARD (4+),SERAPHON,SLANN",Azyrite Force Barrier,melee,6,3,3,1,1,,Crit (Mortal),410,1,5,5,Default,1,,"Arcane Vassal [Activated · Once Per Turn, Any Hero Phase] | Supreme Master of Order [Passive] | Dead for Innumerable Ages [Activated · End of Any Turn] | Celestial Deliverance [Spell · Your Hero Phase · casting value 7 · Spell]",Seraphon - Library.cat#df01-5aa1-a502-7a0c
Lord Kroak,Seraphon,Hero,18,4,4,"UNIQUE,HERO,FLY,WARMASTER,ORDER,WIZARD (3),WARD (4+),SERAPHON,SLANN",Gaze of Kroak,ranged,1,2,3,2,3,12,-,410,1,5,5,Default,1,,"Arcane Vassal [Activated · Once Per Turn, Any Hero Phase] | Supreme Master of Order [Passive] | Dead for Innumerable Ages [Activated · End of Any Turn] | Celestial Deliverance [Spell · Your Hero Phase · casting value 7 · Spell]",Seraphon - Library.cat#df01-5aa1-a502-7a0c
Raptadon Chargers,Seraphon,Cavalry,3,5,,"CHAMPION,SERAPHON,ORDER,STANDARD BEARER (1/5),MUSICIAN (1/5),SKINK,CAVALRY",Raptadon’s Serrated Fangs,melee,3,4,3,1,1,,Companion,140,5,12,1,Default,5,,Cold-blooded Unity [Passive],Seraphon - Library.cat#4908-4322-32bb-8ee7
Raptadon Chargers,Seraphon,Cavalry,3,5,,"CHAMPION,SERAPHON,ORDER,STANDARD BEARER (1/5),MUSICIAN (1/5),SKINK,CAVALRY",Tepok Lance,melee,3,4,4,1,1,,Charge (+1 Damage),140,5,12,1,Default,5,,Cold-blooded Unity [Passive],Seraphon - Library.cat#4908-4322-32bb-8ee7
Raptadon Hunters,Seraphon,Cavalry,3,5,,"CHAMPION,SERAPHON,ORDER,STANDARD BEARER (1/5),MUSICIAN (1/5),SKINK,CAVALRY",Starstone Atlatl,ranged,2,4,4,2,1,12,-,120,5,12,1,Default,5,,Deadly Cohesion [Activated · Any Charge Phase],Seraphon - Library.cat#dde-6a11-e8d6-ed5
Raptadon Hunters,Seraphon,Cavalry,3,5,,"CHAMPION,SERAPHON,ORDER,STANDARD BEARER (1/5),MUSICIAN (1/5),SKINK,CAVALRY",Raptadon’s Serrated Fangs,melee,3,4,3,1,1,,Companion,120,5,12,1,Default,5,,Deadly Cohesion [Activated · Any Charge Phase],Seraphon - Library.cat#dde-6a11-e8d6-ed5
Raptadon Hunters,Seraphon,Cavalry,3,5,,"CHAMPION,SERAPHON,ORDER,STANDARD BEARER (1/5),MUSICIAN (1/5),SKINK,CAVALRY",Weighted Moonstone Club,melee,3,4,5,0,1,,-,120,5,12,1,Default,5,,Deadly Cohesion [Activated · Any Charge Phase],Seraphon - Library.cat#dde-6a11-e8d6-ed5
Ripperdactyl Chief,Seraphon,Cavalry Hero,5,5,,"HERO,ORDER,SERAPHON,SKINK,CAVALRY,FLY",Skyblade,melee,5,4,4,1,2,,Crit (Auto-wound),110,1,14,2,Default,1,,"Blot Toad [Activated · Once Per Battle (Army), Deployment Phase] | Toad Rage [Passive] | Ripperdactyl Assault [Activated · Once Per Battle, Any Combat Phase]",Seraphon - Library.cat#d8da-70c-5bcc-cf9e
Ripperdactyl Chief,Seraphon,Cavalry Hero,5,5,,"HERO,ORDER,SERAPHON,SKINK,CAVALRY,FLY",Ripperdactyl’s Tearing Jaws,melee,3,4,3,1,1,,"Charge (+1 Damage), Companion",110,1,14,2,Default,1,,"Blot Toad [Activated · Once Per Battle (Army), Deployment Phase] | Toad Rage [Passive] | Ripperdactyl Assault [Activated · Once Per Battle, Any Combat Phase]",Seraphon - Library.cat#d8da-70c-5bcc-cf9e
Ripperdactyl Riders,Seraphon,Cavalry,3,5,,"CHAMPION,SERAPHON,ORDER,CAVALRY,FLY,SKINK",Moonstone Warspear,melee,2,4,4,0,1,,Anti-**^^Cavalry^^** (+1 Rend),100,3,14,1,Default,3,,"Toad Rage [Passive] | Blot Toad [Activated · Once Per Battle (Army), Deployment Phase]",Seraphon - Library.cat#29dd-d95f-3d4a-5d4
Ripperdactyl Riders,Seraphon,,3,5,,"CHAMPION,SERAPHON,ORDER,CAVALRY,FLY,SKINK",Ripperdactyl’s Tearing Jaws,melee,3,4,3,1,1,,"Charge (+1 Damage), Companion",100,3,14,1,Default,3,,"Toad Rage [Passive] | Blot Toad [Activated · Once Per Battle (Army), Deployment Phase]",Seraphon - Library.cat#29dd-d95f-3d4a-5d4
Saurus Astrolith Bearer,Seraphon,Infantry Hero,6,4,,"HERO,ORDER,SERAPHON,INFANTRY,SAURUS",Celestite Warclub,melee,4,3,3,1,2,,-,100,1,5,5,Default,1,,"Celestial Conduit [Activated · Reaction: You declared a Spell ability for a friendly Seraphon Wizard wholly within 12"" of this unit] | Revivifying Energies [Passive]",Seraphon - Library.cat#4b2-de6c-326c-97b6
Saurus Guard,Seraphon,Infantry,2,3,,"CHAMPION,SERAPHON,SAURUS,ORDER,INFANTRY,STANDARD BEARER (1/5),MUSICIAN (1/5)",Celestite Polearm,melee,3,3,3,1,1,,-,110,5,5,1,Default,5,,Selfless Protectors [Passive],Seraphon - Library.cat#e16-5c12-f381-3006
Saurus Oldblood,Seraphon,Infantry Hero,7,4,,"HERO,ORDER,SERAPHON,SAURUS,INFANTRY",Relic Celestite Weapon,melee,5,3,3,1,2,,-,90,1,5,2,Default,1,,"Predatory Exemplar [Activated · Reaction: You declared a Fight ability for this unit] | Wrath of the Seraphon [Activated · Once Per Battle, Any Combat Phase]",Seraphon - Library.cat#3516-7156-6daf-a047
Saurus Oldblood on Carnosaur,Seraphon,Monster Hero,14,4,,"HERO,ORDER,SERAPHON,MONSTER,SAURUS",Sunbolt Gauntlet,ranged,3,3,3,1,1,12,Shoot in Combat,220,1,10,5,Default,1,,"Terror [Passive] | Battle Damaged [Passive] | Spearhead of the Charge [Passive] | Blood Frenzy [Activated · Once Per Turn (Army), Any Combat Phase · Rampage]",Seraphon - Library.cat#21e1-6ffe-85a6-7d9a
Saurus Oldblood on Carnosaur,Seraphon,Monster Hero,14,4,,"HERO,ORDER,SERAPHON,MONSTER,SAURUS",Sunstone Spear,melee,5,3,3,1,2,,Charge (+1 Damage),220,1,10,5,Default,1,,"Terror [Passive] | Battle Damaged [Passive] | Spearhead of the Charge [Passive] | Blood Frenzy [Activated · Once Per Turn (Army), Any Combat Phase · Rampage]",Seraphon - Library.cat#21e1-6ffe-85a6-7d9a
Saurus Oldblood on Carnosaur,Seraphon,Monster Hero,14,4,,"HERO,ORDER,SERAPHON,MONSTER,SAURUS",Carnosaur’s Massive Jaws,melee,3,4,2,2,3,,Companion,220,1,10,5,Default,1,,"Terror [Passive] | Battle Damaged [Passive] | Spearhead of the Charge [Passive] | Blood Frenzy [Activated · Once Per Turn (Army), Any Combat Phase · Rampage]",Seraphon - Library.cat#21e1-6ffe-85a6-7d9a
Saurus Oldblood on Carnosaur,Seraphon,Monster Hero,14,4,,"HERO,ORDER,SERAPHON,MONSTER,SAURUS",Carnosaur’s Clawed Forelimbs,melee,4,4,2,1,3,,Companion,220,1,10,5,Default,1,,"Terror [Passive] | Battle Damaged [Passive] | Spearhead of the Charge [Passive] | Blood Frenzy [Activated · Once Per Turn (Army), Any Combat Phase · Rampage]",Seraphon - Library.cat#21e1-6ffe-85a6-7d9a
Saurus Scar-Veteran on Aggradon,Seraphon,Cavalry Hero,8,4,,"HERO,ORDER,SERAPHON,SAURUS,CAVALRY",Celestite Spear or Club,melee,4,3,3,2,2,,Charge (+1 Damage),140,1,10,2,Default,1,,"Primal Rage [Activated · End of Any Turn] | Alpha Roar [Activated · Once Per Battle (Army), Any Combat Phase]",Seraphon - Library.cat#bbf6-9575-ec45-946e
Saurus Scar-Veteran on Aggradon,Seraphon,Cavalry Hero,8,4,,"HERO,ORDER,SERAPHON,SAURUS,CAVALRY",Aggradon’s Rending Bites and Striking Talons,melee,3,4,3,2,2,,Companion,140,1,10,2,Default,1,,"Primal Rage [Activated · End of Any Turn] | Alpha Roar [Activated · Once Per Battle (Army), Any Combat Phase]",Seraphon - Library.cat#bbf6-9575-ec45-946e
Saurus Scar-Veteran on Carnosaur,Seraphon,Monster Hero,14,4,,"HERO,ORDER,SERAPHON,MONSTER,SAURUS",Relic Celestite Weapon,melee,5,3,3,1,2,,-,200,1,10,5,Default,1,,"Terror [Passive] | Battle Damaged [Passive] | Maim and Tear [Activated · Once Per Turn (Army), End of Any Turn · Rampage]",Seraphon - Library.cat#6a0c-795a-49f9-67e9
Saurus Scar-Veteran on Carnosaur,Seraphon,Monster Hero,14,4,,"HERO,ORDER,SERAPHON,MONSTER,SAURUS",Carnosaur’s Massive Jaws,melee,3,4,2,2,3,,Companion,200,1,10,5,Default,1,,"Terror [Passive] | Battle Damaged [Passive] | Maim and Tear [Activated · Once Per Turn (Army), End of Any Turn · Rampage]",Seraphon - Library.cat#6a0c-795a-49f9-67e9
Saurus Scar-Veteran on Carnosaur,Seraphon,Monster Hero,14,4,,"HERO,ORDER,SERAPHON,MONSTER,SAURUS",Carnosaur’s Clawed Forelimbs,melee,4,4,2,1,3,,Companion,200,1,10,5,Default,1,,"Terror [Passive] | Battle Damaged [Passive] | Maim and Tear [Activated · Once Per Turn (Army), End of Any Turn · Rampage]",Seraphon - Library.cat#6a0c-795a-49f9-67e9
Saurus Warriors,Seraphon,Infantry,2,4,,"CHAMPION,SERAPHON,SAURUS,ORDER,STANDARD BEARER (1/10),MUSICIAN (1/10),INFANTRY",Celestite Weapon,melee,2,3,3,1,1,,-,140,10,5,1,Default,10,,Ordered Cohorts [Passive],Seraphon - Library.cat#f5a9-66a7-bb69-533f
Skink Oracle on Troglodon,Seraphon,Monster Hero,14,4,,"HERO,ORDER,SERAPHON,MONSTER,WIZARD (1),SKINK",Troglodon’s Noxious Spittle,ranged,3,3,3,1,2,15,"Shoot in Combat, Companion",200,1,10,5,Default,1,,"Terror [Passive] | Battle Damaged [Passive] | Troglodon Regeneration [Activated · End of Any Turn] | Noxious Roar [Activated · Once Per Turn (Army), Any Combat Phase · Rampage]",Seraphon - Library.cat#2d05-d5ba-8359-bb2
Skink Oracle on Troglodon,Seraphon,Monster Hero,14,4,,"HERO,ORDER,SERAPHON,MONSTER,WIZARD (1),SKINK",Divining Rod,melee,2,4,4,1,3,,-,200,1,10,5,Default,1,,"Terror [Passive] | Battle Damaged [Passive] | Troglodon Regeneration [Activated · End of Any Turn] | Noxious Roar [Activated · Once Per Turn (Army), Any Combat Phase · Rampage]",Seraphon - Library.cat#2d05-d5ba-8359-bb2
Skink Oracle on Troglodon,Seraphon,Monster Hero,14,4,,"HERO,ORDER,SERAPHON,MONSTER,WIZARD (1),SKINK",Troglodon’s Jaws,melee,3,4,3,1,3,,"Crit (Mortal), Companion",200,1,10,5,Default,1,,"Terror [Passive] | Battle Damaged [Passive] | Troglodon Regeneration [Activated · End of Any Turn] | Noxious Roar [Activated · Once Per Turn (Army), Any Combat Phase · Rampage]",Seraphon - Library.cat#2d05-d5ba-8359-bb2
Skink Oracle on Troglodon,Seraphon,Monster Hero,14,4,,"HERO,ORDER,SERAPHON,MONSTER,WIZARD (1),SKINK",Troglodon’s Talons,melee,2,4,3,1,2,,Companion,200,1,10,5,Default,1,,"Terror [Passive] | Battle Damaged [Passive] | Troglodon Regeneration [Activated · End of Any Turn] | Noxious Roar [Activated · Once Per Turn (Army), Any Combat Phase · Rampage]",Seraphon - Library.cat#2d05-d5ba-8359-bb2
Skink Starpriest,Seraphon,Infantry Hero,5,6,,"HERO,ORDER,SERAPHON,SKINK,WIZARD (1),INFANTRY",Serpent Staff,melee,3,4,4,1,3,,-,90,1,8,2,Default,1,,Serpent Staff [Activated · Your Hero Phase],Seraphon - Library.cat#abb5-c657-a20e-6e47
Skink Starseer,Seraphon,Infantry Hero,6,4,,"HERO,ORDER,SERAPHON,SKINK,INFANTRY,WIZARD (2),FLY",Astromancer’s Staff,melee,2,4,3,1,3,,-,140,1,5,2,Default,1,,"Scry the Stars [Activated · Once Per Battle (Army), Your Hero Phase] | Celestial Doom [Spell · Your Hero Phase · casting value 7 · Spell]",Seraphon - Library.cat#cde3-25dc-fe17-858c
Skinks,Seraphon,Infantry,1,6,,"CHAMPION,SERAPHON,ORDER,INFANTRY,SKINK",Javelins and Boltspitters,ranged,2,4,4,0,1,12,Shoot in Combat,80,10,8,1,Default,10,,Swift and Nimble [Passive],Seraphon - Library.cat#ffd6-47c8-4137-1f3a
Skinks,Seraphon,Infantry,1,6,,"CHAMPION,SERAPHON,ORDER,INFANTRY,SKINK",Celestite Daggers and Moonstone Clubs,melee,1,4,5,0,1,,-,80,10,8,1,Default,10,,Swift and Nimble [Passive],Seraphon - Library.cat#ffd6-47c8-4137-1f3a
Slann Starmaster,Seraphon,Infantry Hero,9,5,6,"HERO,FLY,ORDER,WIZARD (3),SERAPHON,SLANN,WARD (6+),INFANTRY",Azure Lightning,melee,6,3,3,1,1,,Crit (Mortal),260,1,5,2,Default,1,,"Masters of Order [Passive] | Celestial Reinforcements [Command · Once Per Turn (Army), Your Hero Phase · cost 1] | Celestial Equilibrium [Spell · Your Hero Phase · casting value 6 · Spell] | Arcane Vassal [Activated · Once Per Turn, Any Hero Phase]",Seraphon - Library.cat#5165-b82-49a6-36b
Spawn of Chotec,Seraphon,Beast,8,5,,"ORDER,SERAPHON,BEAST,SKINK",Stream of Fire,ranged,5,2,3,1,1,10,"Anti‑**^^Infantry^^** (+1 Rend), Companion",100,1,5,1,Default,1,,Acid-fuelled Flame [Passive] | Sun Acolytes [Passive],Seraphon - Library.cat#f663-5cfc-1f0e-690b
Spawn of Chotec,Seraphon,Beast,8,5,,"ORDER,SERAPHON,BEAST,SKINK",Glob of Flame Acid,ranged,1,4,2,2,6,16,Companion,100,1,5,1,Default,1,,Acid-fuelled Flame [Passive] | Sun Acolytes [Passive],Seraphon - Library.cat#f663-5cfc-1f0e-690b
Spawn of Chotec,Seraphon,Beast,8,5,,"ORDER,SERAPHON,BEAST,SKINK",Fiery Maw,melee,3,3,3,2,3,,Companion,100,1,5,1,Default,1,,Acid-fuelled Flame [Passive] | Sun Acolytes [Passive],Seraphon - Library.cat#f663-5cfc-1f0e-690b
Stegadon,Seraphon,Monster,14,4,,"ORDER,SERAPHON,MONSTER,SKINK",Stegadon’s Horns and Jaws,melee,6,4,2,1,2,,"Charge (+1 Damage), Companion",150,1,8,5,Default,1,,"Battle Damaged [Passive] | Unstoppable Stampede [Activated · Once Per Turn (Army), Any Charge Phase · Rampage]",Seraphon - Library.cat#967b-8047-ea59-d6ea
Stegadon,Seraphon,Monster,14,4,,"ORDER,SERAPHON,MONSTER,SKINK",Handlers’ Meteoric Javelins,ranged,6,4,4,0,1,12,Shoot in Combat,150,1,8,5,Default,1,,"Battle Damaged [Passive] | Unstoppable Stampede [Activated · Once Per Turn (Army), Any Charge Phase · Rampage]",Seraphon - Library.cat#967b-8047-ea59-d6ea
Stegadon,Seraphon,Monster,14,4,,"ORDER,SERAPHON,MONSTER,SKINK",Skystreak Bow,ranged,3,3,3,1,2,18,Anti‑**^^Monster^^** (+1 Rend),150,1,8,5,Default,1,,"Battle Damaged [Passive] | Unstoppable Stampede [Activated · Once Per Turn (Army), Any Charge Phase · Rampage]",Seraphon - Library.cat#967b-8047-ea59-d6ea
Stegadon,Seraphon,Monster,14,4,,"ORDER,SERAPHON,MONSTER,SKINK",Sunfire Throwers,ranged,6,3,3,0,1,10,"Anti‑**^^Infantry^^** (+1 Rend), Crit (2 Hits)",150,1,8,5,Option,,,"Battle Damaged [Passive] | Unstoppable Stampede [Activated · Once Per Turn (Army), Any Charge Phase · Rampage]",Seraphon - Library.cat#967b-8047-ea59-d6ea
Stegadon Chief,Seraphon,Monster Hero,14,4,,"HERO,ORDER,SERAPHON,MONSTER,SKINK",Handlers’ Meteoric Javelins,ranged,6,4,4,0,1,12,Shoot in Combat,160,1,8,5,Default,1,,"Skink Coordination [Passive] | Battle Damaged [Passive] | Crushing Stomps [Activated · Once Per Turn (Army), Any Combat Phase · Rampage]",Seraphon - Library.cat#cd8a-43c6-6598-bd0a
Stegadon Chief,Seraphon,Monster Hero,14,4,,"HERO,ORDER,SERAPHON,MONSTER,SKINK",Meteoric Warspear,melee,3,3,3,1,1,,-,160,1,8,5,Default,1,,"Skink Coordination [Passive] | Battle Damaged [Passive] | Crushing Stomps [Activated · Once Per Turn (Army), Any Combat Phase · Rampage]",Seraphon - Library.cat#cd8a-43c6-6598-bd0a
Stegadon Chief,Seraphon,Monster Hero,14,4,,"HERO,ORDER,SERAPHON,MONSTER,SKINK",Stegadon’s Horns and Jaws,melee,6,4,2,1,2,,"Charge (+1 Damage), Companion",160,1,8,5,Default,1,,"Skink Coordination [Passive] | Battle Damaged [Passive] | Crushing Stomps [Activated · Once Per Turn (Army), Any Combat Phase · Rampage]",Seraphon - Library.cat#cd8a-43c6-6598-bd0a
Stegadon Chief,Seraphon,Monster Hero,14,4,,"HERO,ORDER,SERAPHON,MONSTER,SKINK",Skystreak Bow,ranged,3,3,3,1,2,18,Anti‑**^^Monster^^** (+1 Rend),160,1,8,5,Default,1,,"Skink Coordination [Passive] | Battle Damaged [Passive] | Crushing Stomps [Activated · Once Per Turn (Army), Any Combat Phase · Rampage]",Seraphon - Library.cat#cd8a-43c6-6598-bd0a
Stegadon Chief,Seraphon,Monster Hero,14,4,,"HERO,ORDER,SERAPHON,MONSTER,SKINK",Sunfire Throwers,ranged,6,3,3,0,1,10,"Anti‑**^^Infantry^^** (+1 Rend), Crit (2 Hits)",160,1,8,5,Option,,,"Skink Coordination [Passive] | Battle Damaged [Passive] | Crushing Stomps [Activated · Once Per Turn (Army), Any Combat Phase · Rampage]",Seraphon - Library.cat#cd8a-43c6-6598-bd0a
Sunblood Pack,Seraphon,Infantry Hero,3,4,,"ORDER,SERAPHON,SAURUS,HERO,INFANTRY",Celestite Weapons,melee,3,3,3,1,2,,-,150,3,5,2,Default,3,,"Starspawned [Passive] | Venomite Swarm [Activated · Once Per Turn (Army), Any Combat Phase] | Scaled Protectors [Passive]",Seraphon - Library.cat#1cbd-7a3b-323b-827e
Terradon Chief,Seraphon,Cavalry Hero,5,5,,"HERO,ORDER,SERAPHON,SKINK,CAVALRY,FLY",Skyblade,melee,5,4,4,1,2,,Crit (Auto-wound),100,1,14,2,Default,1,,Chief's Deadly Cargo [Activated · Your Movement Phase] | Attack from On High [Passive],Seraphon - Library.cat#767f-699-a82d-ca70
Terradon Chief,Seraphon,Cavalry Hero,5,5,,"HERO,ORDER,SERAPHON,SKINK,CAVALRY,FLY",Terradon’s Razor-sharp Jaws,melee,3,4,3,1,1,,Companion,100,1,14,2,Default,1,,Chief's Deadly Cargo [Activated · Your Movement Phase] | Attack from On High [Passive],Seraphon - Library.cat#767f-699-a82d-ca70
Terradon Riders,Seraphon,Cavalry,3,5,,"CHAMPION,SERAPHON,ORDER,CAVALRY,FLY,SKINK",Javelins and Bolas,ranged,3,4,5,0,1,10,Crit (Auto-wound),90,3,14,1,Default,3,,Attack from On High [Passive] | Deadly Cargo [Activated · Your Movement Phase] | Dispersed Formation [Passive],Seraphon - Library.cat#66ed-4817-f929-7c3e
Terradon Riders,Seraphon,Cavalry,3,5,,"CHAMPION,SERAPHON,ORDER,CAVALRY,FLY,SKINK",Terradon’s Razor-sharp Jaws,melee,3,4,3,1,1,,Companion,90,3,14,1,Default,3,,Attack from On High [Passive] | Deadly Cargo [Activated · Your Movement Phase] | Dispersed Formation [Passive],Seraphon - Library.cat#66ed-4817-f929-7c3e
Terrawings,Seraphon,Beast,2,5,,"SERAPHON,ORDER,BEAST,FLY",Snapping Beaks,melee,3,4,4,0,1,,Companion,70,3,12,1,Default,3,,Nerve-shredding Screeches [Activated · Your Shooting Phase],Seraphon - Library.cat#c272-3fef-afc9-4f30
The Jaws of Itzl,Seraphon,,3,4,,"ORDER,INFANTRY,UNIQUE,SERAPHON,SAURUS",Celestite Weapon,melee,2,3,3,1,1,,-,120,3,5,2,Default,2,,Scaled Protectors [Passive] | Venomite Swarm [Activated · Any Combat Phase],Seraphon - Library.cat#6959-3eb1-4769-ee0c
The Jaws of Itzl,Seraphon,,3,4,,"ORDER,INFANTRY,UNIQUE,SERAPHON,SAURUS",Relic Celestite Warmace,melee,4,3,3,1,3,,-,120,3,5,2,Default,1,,Scaled Protectors [Passive] | Venomite Swarm [Activated · Any Combat Phase],Seraphon - Library.cat#6959-3eb1-4769-ee0c
The Starblood Stalkers,Seraphon,,2,6,,"ORDER,INFANTRY,UNIQUE,CHAMPION,SERAPHON,SKINK,SAURUS",Relic Celestite Weapon,melee,5,3,3,1,2,,-,110,6,8,1,Default,1,,"Klaq-Trok [Passive] | Kixi-Taka, the Diviner [Passive] | Otapatl's Dartpipe [Activated · Your Shooting Phase]",Seraphon - Library.cat#04d2-230d-c311-024f
The Starblood Stalkers,Seraphon,,2,6,,"ORDER,INFANTRY,UNIQUE,CHAMPION,SERAPHON,SKINK,SAURUS",Starblood Weapons,melee,1,4,5,0,1,,-,110,6,8,1,Default,5,,"Klaq-Trok [Passive] | Kixi-Taka, the Diviner [Passive] | Otapatl's Dartpipe [Activated · Your Shooting Phase]",Seraphon - Library.cat#04d2-230d-c311-024f
Acolyte Globadiers,Skaven,Infantry,2,6,,"SKAVEN,CHAOS,INFANTRY,SKRYRE,WEAPON TEAM,CHAMPION",Rusty Knife,melee,1,4,5,0,1,,-,90,5,6,1,Default,5,,Gas Clouds [Passive],Skaven - Library.cat#f51a-f96d-8cde-824c
Acolyte Globadiers,Skaven,Infantry,2,6,,"SKAVEN,CHAOS,INFANTRY,SKRYRE,WEAPON TEAM,CHAMPION",Poisoned Wind Globe,ranged,1,3,3,1,2,10,"Anti‑**^^Infantry^^** (+1 Rend), Shoot in Combat",90,5,6,1,Default,5,,Gas Clouds [Passive],Skaven - Library.cat#f51a-f96d-8cde-824c
Arch-Warlock,Skaven,Infantry Hero,5,4,,"HERO,SKAVEN,CHAOS,WIZARD (1),INFANTRY,SKRYRE",Warpfire Gauntlet,ranged,3,4,2,2,1,10,Shoot in Combat,140,1,6,2,Default,1,,Overseers of the Enginecovens [Passive],Skaven - Library.cat#a566-7135-d418-bc59
Arch-Warlock,Skaven,Infantry Hero,5,4,,"HERO,SKAVEN,CHAOS,WIZARD (1),INFANTRY,SKRYRE",Stormcage Halberd,melee,3,3,4,1,2,,-,140,1,6,2,Default,1,,Overseers of the Enginecovens [Passive],Skaven - Library.cat#a566-7135-d418-bc59
Arch-Warlock,Skaven,Infantry Hero,5,4,,"HERO,SKAVEN,CHAOS,WIZARD (1),INFANTRY,SKRYRE",Crushing Piston-claw,melee,2,4,2,2,2,,-,140,1,6,2,Default,1,,Overseers of the Enginecovens [Passive],Skaven - Library.cat#a566-7135-d418-bc59
Bell of Doom,Skaven,,1,6,6,"WARD (6+),MANIFESTATION,ENDLESS SPELL,FLY,SKAVEN,CHAOS",Volatile Warp Energy,melee,6,4,4,1,1,,-,,1,,,,,,Toll of Doom [Passive],Skaven - Library.cat#def1-1e33-e2ea-1ad0
Brood Terror,Skaven,Monster,12,5,,"SKAVEN,CHAOS,MOULDER,MONSTER",Warpflame Scourger,ranged,6,4,2,1,2,15,"Anti-**^^Infantry^^** (+1 Rend), Crit (Auto-wound)",220,1,6,5,Default,1,,"Warpstone Fumes [Activated · Once Per Turn (Army), Any Combat Phase · Rampage] | Regenerating Terror [Activated · End of Any Turn]",Skaven - Library.cat#4a53-c768-57de-d622
Brood Terror,Skaven,Monster,12,5,,"SKAVEN,CHAOS,MOULDER,MONSTER",Chain-flail,melee,5,4,2,2,3,,Crit (Mortal),220,1,6,5,Default,1,,"Warpstone Fumes [Activated · Once Per Turn (Army), Any Combat Phase · Rampage] | Regenerating Terror [Activated · End of Any Turn]",Skaven - Library.cat#4a53-c768-57de-d622
Brood Terror,Skaven,Monster,12,5,,"SKAVEN,CHAOS,MOULDER,MONSTER",Bladed Limbs,melee,3,4,4,1,2,,-,220,1,6,5,Default,1,,"Warpstone Fumes [Activated · Once Per Turn (Army), Any Combat Phase · Rampage] | Regenerating Terror [Activated · End of Any Turn]",Skaven - Library.cat#4a53-c768-57de-d622
Clanrats,Skaven,Infantry,1,5,,"SKAVEN,CHAOS,INFANTRY,CHAMPION,VERMINUS,MUSICIAN (1/20),STANDARD BEARER (1/20)",Rusty Weapon,melee,2,4,5,0,1,,Crit (Auto-wound),150,20,6,1,Default,20,,Seething Swarm [Activated · End of Any Turn],Skaven - Library.cat#605a-d055-1afc-a02c
Clawlord,Skaven,Infantry Hero,5,4,,"HERO,SKAVEN,CHAOS,INFANTRY,VERMINUS",Warpforged Blade,melee,6,3,4,1,2,,-,70,1,6,2,Default,1,,Cornered Rat [Passive] | Gnash-gnaw on Their Bones! [Activated · Reaction: You declared a Fight ability for this unit],Skaven - Library.cat#966e-f5f4-99e0-58cf
Clawlord on Gnaw-beast,Skaven,Cavalry Hero,7,4,,"HERO,SKAVEN,CHAOS,VERMINUS,CAVALRY",Warpforged Halberd,melee,5,3,4,1,2,,-,110,1,9,2,Default,1,,Cornered Rat [Passive] | Cruel Commander [Activated · Your Hero Phase],Skaven - Library.cat#2f2b-ecf3-badb-696d
Clawlord on Gnaw-beast,Skaven,Cavalry Hero,7,4,,"HERO,SKAVEN,CHAOS,VERMINUS,CAVALRY",Ratling Pistol,ranged,3,3,3,1,1,10,"Crit (Auto-wound), Shoot in Combat",110,1,9,2,Default,1,,Cornered Rat [Passive] | Cruel Commander [Activated · Your Hero Phase],Skaven - Library.cat#2f2b-ecf3-badb-696d
Clawlord on Gnaw-beast,Skaven,Cavalry Hero,7,4,,"HERO,SKAVEN,CHAOS,VERMINUS,CAVALRY",Gnaw-beast’s Chisel Fangs,melee,4,4,3,1,2,,Companion,110,1,9,2,Default,1,,Cornered Rat [Passive] | Cruel Commander [Activated · Your Hero Phase],Skaven - Library.cat#2f2b-ecf3-badb-696d
Deathmaster,Skaven,Infantry Hero,5,5,,"HERO,SKAVEN,CHAOS,INFANTRY,ESHIN",Eshin Throwing Stars,ranged,5,3,4,0,2,10,"Crit (Auto-wound), Shoot in Combat",120,1,7,2,Default,1,,Shadowy Killers [Passive] | Running Death [Passive],Skaven - Library.cat#8231-16-26f7-f4aa
Deathmaster,Skaven,Infantry Hero,5,5,,"HERO,SKAVEN,CHAOS,INFANTRY,ESHIN",Weeping Blade,melee,5,3,4,1,2,,"Anti-**^^Hero^^** (+1 Rend), Crit (Mortal)",120,1,7,2,Default,1,,Shadowy Killers [Passive] | Running Death [Passive],Skaven - Library.cat#8231-16-26f7-f4aa
Doom-flayers,Skaven,War Machine,4,4,,"SKAVEN,CHAOS,SKRYRE,WAR MACHINE",Whirling Blades,melee,6,3,3,1,1,,"Anti-**^^Infantry^^** (+1 Rend), Charge (+1 Damage)",100,2,9,1,Default,2,,Whirling Doom [Activated · Any Charge Phase],Skaven - Library.cat#c759-c695-2cf9-5d59
Doomwheel,Skaven,War Machine,8,4,,"SKAVEN,CHAOS,WAR MACHINE,SKRYRE",Warp Bolts,ranged,3,3,3,1,2,13,Shoot in Combat,100,1,13,1,Default,1,,"Rolling Doom [Activated · Your Movement Phase · Core, Move]",Skaven - Library.cat#3971-7e19-a33d-c1a8
Doomwheel,Skaven,War Machine,8,4,,"SKAVEN,CHAOS,WAR MACHINE,SKRYRE",Grinding Wheels,melee,6,4,3,0,1,,Charge (+1 Damage),100,1,13,1,Default,1,,"Rolling Doom [Activated · Your Movement Phase · Core, Move]",Skaven - Library.cat#3971-7e19-a33d-c1a8
Grey Seer,Skaven,Infantry Hero,5,6,,"HERO,SKAVEN,CHAOS,WIZARD (1),MASTERCLAN,INFANTRY",Warpstone Staff,melee,3,4,4,1,2,,-,110,1,6,2,Default,1,,Warpstone Shards [Activated · Your Hero Phase],Skaven - Library.cat#a451-d214-7ed8-75ca
Grey Seer on Screaming Bell,Skaven,War Machine Hero,15,4,5,"HERO,SKAVEN,CHAOS,WARD (5+),WAR MACHINE,MASTERCLAN,WIZARD (2)",Rat Ogor’s Tearing Claws,melee,5,4,3,1,2,,Companion,310,1,6,5,Default,1,,Battle Damaged [Passive] | Altar of the Horned Rat [Passive] | Peal of Doom [Activated · Your Hero Phase] | Cracks Call [Spell · Your Hero Phase · casting value 6 · Spell],Skaven - Library.cat#dc6a-710a-58a4-3c7b
Grey Seer on Screaming Bell,Skaven,War Machine Hero,15,4,5,"HERO,SKAVEN,CHAOS,WARD (5+),WAR MACHINE,MASTERCLAN,WIZARD (2)",Crushing Bulk,melee,6,4,2,1,2,,Companion,310,1,6,5,Default,1,,Battle Damaged [Passive] | Altar of the Horned Rat [Passive] | Peal of Doom [Activated · Your Hero Phase] | Cracks Call [Spell · Your Hero Phase · casting value 6 · Spell],Skaven - Library.cat#dc6a-710a-58a4-3c7b
Grey Seer on Screaming Bell,Skaven,War Machine Hero,15,4,5,"HERO,SKAVEN,CHAOS,WARD (5+),WAR MACHINE,MASTERCLAN,WIZARD (2)",Warpstone Staff,melee,3,4,4,1,2,,-,310,1,6,5,Default,1,,Battle Damaged [Passive] | Altar of the Horned Rat [Passive] | Peal of Doom [Activated · Your Hero Phase] | Cracks Call [Spell · Your Hero Phase · casting value 6 · Spell],Skaven - Library.cat#dc6a-710a-58a4-3c7b
Gutter Runners,Skaven,,1,6,,"SKAVEN,CHAOS,INFANTRY,ESHIN",Poisoned Stars,ranged,3,4,4,0,1,10,Crit (Auto-wound),150,10,7,1,Option,,,"Bomb Rats [Activated · Once Per Turn (Army), Any Combat Phase] | Detonate [Activated · End of Any Turn]",Skaven - Library.cat#84db-dfbe-03d0-256c
Gutter Runners,Skaven,,1,6,,"SKAVEN,CHAOS,INFANTRY,ESHIN",Punch Dagger and Blade,melee,3,3,5,1,1,,Crit (Mortal),150,10,7,1,Default,10,,"Bomb Rats [Activated · Once Per Turn (Army), Any Combat Phase] | Detonate [Activated · End of Any Turn]",Skaven - Library.cat#84db-dfbe-03d0-256c
Hell Pit Abomination,Skaven,Monster,14,5,,"SKAVEN,CHAOS,MOULDER,MONSTER",Gnashing Teeth and Flailing Fists,melee,13,4,2,2,2,,"Anti-**^^Infantry^^** (+1 Rend), Companion",200,1,8,5,Default,1,,"Battle Damaged [Passive] | Avalanche of Flesh [Activated · Once Per Turn (Army), Any Combat Phase · Rampage] | Regenerating Monstrosity [Activated · End of Any Turn] | Too Horrible to Die [Passive]",Skaven - Library.cat#375a-e09f-9459-5237
Krittok Foulblade,Skaven,Infantry Hero,6,4,,"UNIQUE,HERO,WARMASTER,SKAVEN,CHAOS,VERMINUS,INFANTRY",Warplock Pistol,ranged,2,3,3,2,2,10,Crit (Auto-wound),140,1,6,2,Default,1,,Foster Competition [Passive] | Doomfang [Activated · Any Combat Phase] | A Reputation For Cunning [Command · Enemy Hero Phase · cost 1],Skaven - Library.cat#64d0-3abe-62b7-7e40
Krittok Foulblade,Skaven,Infantry Hero,6,4,,"UNIQUE,HERO,WARMASTER,SKAVEN,CHAOS,VERMINUS,INFANTRY",Doomfang,melee,5,3,3,2,2,,Crit (Mortal),140,1,6,2,Default,1,,Foster Competition [Passive] | Doomfang [Activated · Any Combat Phase] | A Reputation For Cunning [Command · Enemy Hero Phase · cost 1],Skaven - Library.cat#64d0-3abe-62b7-7e40
Lord Skreech Verminking,Skaven,Monster Hero,13,4,5,"UNIQUE,HERO,MONSTER,WARMASTER,SKAVEN,MASTERCLAN,WARD (5+),CHAOS,DAEMON,VERMINUS,PESTILENS,ESHIN,SKRYRE,MOULDER,WIZARD (2)",Glaive of the Rat King,melee,7,3,2,2,3,,Crit (2 Hits),380,1,10,5,Default,1,,"The Thirteen-headed One [Activated · Your Hero Phase] | Terrifying Monstrosity [Activated · Once Per Turn (Army), Any Combat Phase · Rampage] | The Dreaded Thirteenth Spell [Spell · Your Hero Phase · casting value 7 · Spell]",Skaven - Library.cat#873-d49d-6d01-4397
Master Moulder,Skaven,Infantry Hero,5,6,,"HERO,SKAVEN,CHAOS,INFANTRY,MOULDER",Warpsyringe Pistol,ranged,3,4,2,2,1,10,Shoot in Combat,80,1,6,2,Default,1,,Lord of Flesh-grafting [Activated · End of Any Turn] | Tyrannical Packmaster [Activated · Your Charge Phase],Skaven - Library.cat#4b86-5244-fe24-99c6
Master Moulder,Skaven,Infantry Hero,5,6,,"HERO,SKAVEN,CHAOS,INFANTRY,MOULDER",Arsenal of Mutation,melee,4,3,4,1,1,,Crit (2 Hits),80,1,6,2,Default,1,,Lord of Flesh-grafting [Activated · End of Any Turn] | Tyrannical Packmaster [Activated · Your Charge Phase],Skaven - Library.cat#4b86-5244-fe24-99c6
Night Runners,Skaven,Infantry,1,6,,"SKAVEN,CHAOS,INFANTRY,CHAMPION,ESHIN",Slings and Poisoned Stars,ranged,2,4,4,0,1,10,"Crit (Auto-wound), Shoot in Combat",130,10,7,1,Default,10,,"Grappling Hooks [Activated · Once Per Turn (Army), Your Movement Phase] | Smoke Bombs [Activated · Once Per Turn (Army), Any Combat Phase · Core, Move, Fight]",Skaven - Library.cat#687e-ab15-48d9-4103
Night Runners,Skaven,Infantry,1,6,,"SKAVEN,CHAOS,INFANTRY,CHAMPION,ESHIN",Poisoned Blades,melee,2,4,5,0,1,,Crit (Mortal),130,10,7,1,Default,10,,"Grappling Hooks [Activated · Once Per Turn (Army), Your Movement Phase] | Smoke Bombs [Activated · Once Per Turn (Army), Any Combat Phase · Core, Move, Fight]",Skaven - Library.cat#687e-ab15-48d9-4103
Plague Censer Bearers,Skaven,,2,6,,"SKAVEN,CHAOS,INFANTRY,PESTILENS",Plague Censer,melee,4,4,3,1,2,,Crit (Auto-wound),160,5,6,1,Default,5,,Frenzied Assault [Passive] | Enshrouding Fumes [Passive],Skaven - Library.cat#1d37-8688-0cdd-434b
Plague Monks,Skaven,Infantry,1,6,,"SKAVEN,CHAOS,INFANTRY,CHAMPION,PESTILENS,MUSICIAN (1/20),STANDARD BEARER (1/20)",Foetid Weapons,melee,2,4,5,0,1,,Crit (Auto-wound),140,20,6,1,Default,20,,Spreaders of Filth and Disease [Passive],Skaven - Library.cat#38fa-afa3-6368-1722
Plague Priest,Skaven,,5,5,,"HERO,SKAVEN,CHAOS,INFANTRY,PRIEST (1),PESTILENS",Warpstone-tipped Staff,melee,3,4,4,1,2,,Crit (Auto-wound),110,1,6,2,Default,1,,"Feed on Pestilence [Activated · Reaction: You declared a Fight ability for a friendly Pestilens unit wholly within 13"" of this unit]",Skaven - Library.cat#90a1-d4c0-96ae-328
Plague Priest on Plague Furnace,Skaven,War Machine Hero,15,4,5,"HERO,SKAVEN,CHAOS,PESTILENS,PRIEST (1),WARD (5+),WAR MACHINE",Great Plague Censer,melee,4,4,2,1,3,,Crit (Auto-wound),350,1,6,5,Default,1,,Battle Damaged [Passive] | Corrupting Influence [Passive] | Altar of the Great Corruptor [Passive],Skaven - Library.cat#6cc5-c1f4-812c-ee3b
Plague Priest on Plague Furnace,Skaven,War Machine Hero,15,4,5,"HERO,SKAVEN,CHAOS,PESTILENS,PRIEST (1),WARD (5+),WAR MACHINE",Foetid Blades,melee,6,4,5,0,1,,Crit (Auto-wound),350,1,6,5,Default,1,,Battle Damaged [Passive] | Corrupting Influence [Passive] | Altar of the Great Corruptor [Passive],Skaven - Library.cat#6cc5-c1f4-812c-ee3b
Plague Priest on Plague Furnace,Skaven,War Machine Hero,15,4,5,"HERO,SKAVEN,CHAOS,PESTILENS,PRIEST (1),WARD (5+),WAR MACHINE",Crushing Bulk,melee,6,4,2,1,2,,Companion,350,1,6,5,Default,1,,Battle Damaged [Passive] | Corrupting Influence [Passive] | Altar of the Great Corruptor [Passive],Skaven - Library.cat#6cc5-c1f4-812c-ee3b
Plague Priest on Plague Furnace,Skaven,War Machine Hero,15,4,5,"HERO,SKAVEN,CHAOS,PESTILENS,PRIEST (1),WARD (5+),WAR MACHINE",Warpstone-tipped Staff,melee,3,4,4,1,2,,Crit (Auto-wound),350,1,6,5,Default,1,,Battle Damaged [Passive] | Corrupting Influence [Passive] | Altar of the Great Corruptor [Passive],Skaven - Library.cat#6cc5-c1f4-812c-ee3b
Plagueclaw,Skaven,War Machine,8,4,,"SKAVEN,CHAOS,WAR MACHINE,PESTILENS",Plagueclaw Catapult,ranged,2,3,2,1,3,24,Anti-**^^Infantry^^** (+1 Rend),100,1,3,2,Default,1,,Bubonic Barrage [Passive],Skaven - Library.cat#2eef-4222-6eaf-1e39
Plagueclaw,Skaven,War Machine,8,4,,"SKAVEN,CHAOS,WAR MACHINE,PESTILENS",Crew’s Teeth and Knives,melee,3,4,5,0,1,,,100,1,3,2,Default,1,,Bubonic Barrage [Passive],Skaven - Library.cat#2eef-4222-6eaf-1e39
Plaguepack,Skaven,Infantry,2,6,,"INFANTRY,CHAOS,SKAVEN,PRIEST (1),PESTILENS,CHAMPION (1/5)",Plague Censer,melee,4,4,3,1,2,,Crit (Auto-wound),130,5,6,1,Default,1,,Plague Rat [Passive] | Enshrouding Fumes [Passive],Skaven - Library.cat#f187-0277-e210-7c65
Plaguepack,Skaven,Infantry,2,6,,"INFANTRY,CHAOS,SKAVEN,PRIEST (1),PESTILENS,CHAMPION (1/5)",Weapons of Corruption,melee,2,4,5,0,1,,Crit (Auto-wound),130,5,6,1,Default,4,,Plague Rat [Passive] | Enshrouding Fumes [Passive],Skaven - Library.cat#f187-0277-e210-7c65
Rat Ogors,Skaven,Infantry,4,5,,"SKAVEN,CHAOS,INFANTRY,MOULDER","Claws, Blades and Fangs",melee,5,4,3,1,2,,-,140,3,6,1,Default,3,,Unleashed Warp-fury [Activated · Any Combat Phase],Skaven - Library.cat#1301-b79e-7b2a-1a48
Rat Ogors,Skaven,Infantry,4,5,,"SKAVEN,CHAOS,INFANTRY,MOULDER",Warpfire Gun,ranged,6,2,4,2,1,10,Shoot in Combat,140,3,6,1,Option,,,Unleashed Warp-fury [Activated · Any Combat Phase],Skaven - Library.cat#1301-b79e-7b2a-1a48
Ratling Guns,Skaven,Infantry,3,6,,"SKAVEN,CHAOS,INFANTRY,SKRYRE,WEAPON TEAM",Rusty Knives,melee,2,4,5,0,1,,-,170,3,6,1,Default,3,,,Skaven - Library.cat#536f-8a32-f991-c47a
Ratling Guns,Skaven,Infantry,3,6,,"SKAVEN,CHAOS,INFANTRY,SKRYRE,WEAPON TEAM",Ratling Gun,ranged,9,4,4,1,1,15,Crit (2 Hits),170,3,6,1,Default,3,,,Skaven - Library.cat#536f-8a32-f991-c47a
Ratling Warpblaster,Skaven,War Machine,7,4,,"SKAVEN,CHAOS,WAR MACHINE,SKRYRE",Hail of Warpstone Bullets,ranged,12,4,3,1,1,20,Crit (Auto-wound),110,1,6,2,Default,1,,"More-more Warpstone Bullets! [Activated · Once Per Turn (Army), Your Shooting Phase] | Overwhelming Fire [Passive]",Skaven - Library.cat#6792-1e93-a367-95c8
Ratling Warpblaster,Skaven,War Machine,7,4,,"SKAVEN,CHAOS,WAR MACHINE,SKRYRE",Thrall-rats’ Claws,melee,4,4,5,0,1,,-,110,1,6,2,Default,1,,"More-more Warpstone Bullets! [Activated · Once Per Turn (Army), Your Shooting Phase] | Overwhelming Fire [Passive]",Skaven - Library.cat#6792-1e93-a367-95c8
Skabbik's Plaguepack,Skaven,,2,6,,"INFANTRY,UNIQUE,CHAOS,SKAVEN,PRIEST (1),PESTILENS,CHAMPION",Plague Censer,melee,4,4,5,1,2,,Crit (Auto-wound),100,5,6,1,Default,1,,Enshrouding Fumes [Passive] | Skritter [Passive],Skaven - Library.cat#4f4c-4e64-71f7-d4b2
Skabbik's Plaguepack,Skaven,,2,6,,"INFANTRY,UNIQUE,CHAOS,SKAVEN,PRIEST (1),PESTILENS,CHAMPION",Plaguepack Weapons,melee,2,4,5,0,1,,Crit (Auto-wound),100,5,6,1,Default,4,,Enshrouding Fumes [Passive] | Skritter [Passive],Skaven - Library.cat#4f4c-4e64-71f7-d4b2
Skittershank's Clawpack,Skaven,,2,6,,"INFANTRY,UNIQUE,CHAOS,SKAVEN,ESHIN",Poisoned Stars,ranged,2,4,4,0,1,10,"Crit (Auto-wound), Shoot in Combat",100,5,7,1,Default,5,,Sneaky Infiltrators [Passive] | Shadowy Killers [Passive],Skaven - Library.cat#3c80-fb87-4ba2-326c
Skittershank's Clawpack,Skaven,,2,6,,"INFANTRY,UNIQUE,CHAOS,SKAVEN,ESHIN",Weeping Blade,melee,5,3,4,1,2,,Anti-**^^Hero^^** (+1 Rend),100,5,7,1,Default,1,,Sneaky Infiltrators [Passive] | Shadowy Killers [Passive],Skaven - Library.cat#3c80-fb87-4ba2-326c
Skittershank's Clawpack,Skaven,,2,6,,"INFANTRY,UNIQUE,CHAOS,SKAVEN,ESHIN",Poisoned Blades,melee,2,4,5,0,1,,Crit (Mortal),100,5,7,1,Default,4,,Sneaky Infiltrators [Passive] | Shadowy Killers [Passive],Skaven - Library.cat#3c80-fb87-4ba2-326c
Spiteclaw's Swarm,Skaven,,2,5,,"INFANTRY,UNIQUE,CHAOS,SKAVEN,VERMINUS",Rusty Weapon,melee,2,4,5,0,1,,Crit (Auto-wound),100,5,6,1,Default,4,,Seething Swarm [Activated · End of Any Turn],Skaven - Library.cat#6459-a4be-e73f-7222
Spiteclaw's Swarm,Skaven,,2,5,,"INFANTRY,UNIQUE,CHAOS,SKAVEN,VERMINUS",Wicked Halberd,melee,6,3,4,1,2,,-,100,5,6,1,Default,1,,Seething Swarm [Activated · End of Any Turn],Skaven - Library.cat#6459-a4be-e73f-7222
Stormfiends,Skaven,Infantry,6,4,,"SKAVEN,CHAOS,INFANTRY,MOULDER,SKRYRE",Ratling Cannons,ranged,9,4,3,1,1,15,-,230,3,6,2,Default,1,,"Grinderfist Tunnellers [Activated · Once Per Turn (Army), Any Movement Phase] | Shock Gauntlets [Passive]",Skaven - Library.cat#64f5-f28b-5aa9-4e18
Stormfiends,Skaven,Infantry,6,4,,"SKAVEN,CHAOS,INFANTRY,MOULDER,SKRYRE",Clubbing Blows,melee,3,4,2,0,2,,-,230,3,6,2,Default,2,,"Grinderfist Tunnellers [Activated · Once Per Turn (Army), Any Movement Phase] | Shock Gauntlets [Passive]",Skaven - Library.cat#64f5-f28b-5aa9-4e18
Stormfiends,Skaven,Infantry,6,4,,"SKAVEN,CHAOS,INFANTRY,MOULDER,SKRYRE",Grinderfists,melee,4,4,2,2,2,,-,230,3,6,2,Option,,,"Grinderfist Tunnellers [Activated · Once Per Turn (Army), Any Movement Phase] | Shock Gauntlets [Passive]",Skaven - Library.cat#64f5-f28b-5aa9-4e18
Stormfiends,Skaven,Infantry,6,4,,"SKAVEN,CHAOS,INFANTRY,MOULDER,SKRYRE",Warpfire Projectors,ranged,6,2,4,2,1,10,Shoot in Combat,230,3,6,2,Default,1,,"Grinderfist Tunnellers [Activated · Once Per Turn (Army), Any Movement Phase] | Shock Gauntlets [Passive]",Skaven - Library.cat#64f5-f28b-5aa9-4e18
Stormfiends,Skaven,Infantry,6,4,,"SKAVEN,CHAOS,INFANTRY,MOULDER,SKRYRE",Windlaunchers,ranged,3,4,3,2,2,15,-,230,3,6,2,Option,,,"Grinderfist Tunnellers [Activated · Once Per Turn (Army), Any Movement Phase] | Shock Gauntlets [Passive]",Skaven - Library.cat#64f5-f28b-5aa9-4e18
Stormfiends,Skaven,Infantry,6,4,,"SKAVEN,CHAOS,INFANTRY,MOULDER,SKRYRE",Doomflayer Gauntlets,melee,5,4,2,2,2,,Charge (+1 Damage),230,3,6,2,Default,1,,"Grinderfist Tunnellers [Activated · Once Per Turn (Army), Any Movement Phase] | Shock Gauntlets [Passive]",Skaven - Library.cat#64f5-f28b-5aa9-4e18
Stormfiends,Skaven,Infantry,6,4,,"SKAVEN,CHAOS,INFANTRY,MOULDER,SKRYRE",Shock Gauntlets,melee,4,4,2,1,2,,-,230,3,6,2,Option,,,"Grinderfist Tunnellers [Activated · Once Per Turn (Army), Any Movement Phase] | Shock Gauntlets [Passive]",Skaven - Library.cat#64f5-f28b-5aa9-4e18
Stormvermin,Skaven,Infantry,1,4,,"SKAVEN,CHAOS,INFANTRY,CHAMPION,MUSICIAN (1/10),STANDARD BEARER (1/10),VERMINUS",Stormvermin Weapons,melee,3,3,4,1,1,,Anti-charge (+1 Rend),110,10,6,1,Default,10,,Elite Bodyguard [Passive],Skaven - Library.cat#fed2-4975-ae44-473
Thanquol on Boneripper,Skaven,Monster Hero,14,4,5,"UNIQUE,HERO,MONSTER,WARMASTER,SKAVEN,MASTERCLAN,WIZARD (2),WARD (5+),CHAOS",Warpfire Braziers,melee,6,4,2,2,3,,Companion,310,1,8,5,Default,1,,"Battle Damaged [Passive] | Staff of the Horned Rat [Passive] | Warp-amulet [Activated · End of Any Turn] | Boneripper Rampage [Activated · Once Per Turn (Army), Any Combat Phase · Rampage] | Terrible Madness [Spell · Your Hero Phase · casting value 7 · Spell]",Skaven - Library.cat#63ad-17ef-38e1-210a
Thanquol on Boneripper,Skaven,Monster Hero,14,4,5,"UNIQUE,HERO,MONSTER,WARMASTER,SKAVEN,MASTERCLAN,WIZARD (2),WARD (5+),CHAOS",Staff of the Horned Rat,melee,4,4,4,1,2,,-,310,1,8,5,Default,1,,"Battle Damaged [Passive] | Staff of the Horned Rat [Passive] | Warp-amulet [Activated · End of Any Turn] | Boneripper Rampage [Activated · Once Per Turn (Army), Any Combat Phase · Rampage] | Terrible Madness [Spell · Your Hero Phase · casting value 7 · Spell]",Skaven - Library.cat#63ad-17ef-38e1-210a
Thanquol on Boneripper,Skaven,Monster Hero,14,4,5,"UNIQUE,HERO,MONSTER,WARMASTER,SKAVEN,MASTERCLAN,WIZARD (2),WARD (5+),CHAOS",Custom Warpfire Projectors,ranged,6,2,3,2,1,10,Companion,310,1,8,5,Default,1,,"Battle Damaged [Passive] | Staff of the Horned Rat [Passive] | Warp-amulet [Activated · End of Any Turn] | Boneripper Rampage [Activated · Once Per Turn (Army), Any Combat Phase · Rampage] | Terrible Madness [Spell · Your Hero Phase · casting value 7 · Spell]",Skaven - Library.cat#63ad-17ef-38e1-210a
Verminlord Corruptor,Skaven,Monster Hero,13,4,5,"HERO,MONSTER,SKAVEN,WARD (5+),CHAOS,DAEMON,PESTILENS,PRIEST (1)",Plaguereapers,melee,8,3,2,2,2,,Crit (Auto-wound),260,1,10,5,Default,1,,"Lord of Great Plagues [Activated · Once Per Turn (Army), Your Hero Phase] | Plaguemaster [Activated · Once Per Turn (Army), Any Combat Phase · Rampage]",Skaven - Library.cat#645a-2377-ae20-f9c
Verminlord Deceiver,Skaven,Monster Hero,13,4,5,"HERO,MONSTER,SKAVEN,WARD (5+),CHAOS,WIZARD (1),DAEMON,ESHIN",Doomstar,ranged,6,3,3,1,2,13,Crit (Auto-wound),390,1,10,5,Default,1,,"Lord of Assassins [Activated · Reaction: You declared the 'Redeploy' command for a friendly Eshin Infantry unit wholly within 13"" of this unit] | Burst From the Shadows [Activated · Once Per Turn (Army), Any Combat Phase · Rampage]",Skaven - Library.cat#de4e-185a-4671-283d
Verminlord Deceiver,Skaven,Monster Hero,13,4,5,"HERO,MONSTER,SKAVEN,WARD (5+),CHAOS,WIZARD (1),DAEMON,ESHIN",Warpstiletto,melee,8,3,2,3,2,,Crit (Mortal),390,1,10,5,Default,1,,"Lord of Assassins [Activated · Reaction: You declared the 'Redeploy' command for a friendly Eshin Infantry unit wholly within 13"" of this unit] | Burst From the Shadows [Activated · Once Per Turn (Army), Any Combat Phase · Rampage]",Skaven - Library.cat#de4e-185a-4671-283d
Verminlord Warbringer,Skaven,Monster Hero,13,4,5,"HERO,MONSTER,SKAVEN,WARD (5+),CHAOS,WIZARD (1),DAEMON,VERMINUS",Doom Glaive and Spike-fist,melee,7,3,2,2,3,,Crit (Mortal),260,1,10,5,Default,1,,"Tyrant of Battle [Activated · Once Per Turn (Army), Any Combat Phase] | Killing Blow [Activated · Once Per Turn (Army), End of Any Turn · Rampage]",Skaven - Library.cat#6848-b440-5959-a43
Verminlord Warpseer,Skaven,Monster Hero,13,4,5,"HERO,MONSTER,SKAVEN,WARD (5+),CHAOS,DAEMON,MASTERCLAN,WIZARD (2)",Doom Glaive,melee,6,4,2,2,3,,-,300,1,10,5,Default,1,,"Divine the Future [Passive] | Arch-Manipulator [Activated · Once Per Turn (Army), Any Combat Phase · Rampage] | Hurl Scry-orb [Activated · Once Per Battle, Any Combat Phase] | Tectonic Splintering [Spell · Your Hero Phase · casting value 7 · Spell]",Skaven - Library.cat#8dad-1c7-e47c-b608
Vermintide,Skaven,,1,6,6,"WARD (6+),MANIFESTATION,ENDLESS SPELL,SKAVEN,CHAOS",Chittering Bites,melee,13,5,5,0,1,,Crit (Auto-wound),,1,,,,,,More-more Rats [Activated · End of Any Turn],Skaven - Library.cat#cd7a-5fe-5ea7-5828
"Vizzik Skour, Prophet of the Horned Rat",Skaven,Monster Hero,15,5,5,"UNIQUE,HERO,MONSTER,WARMASTER,SKAVEN,MASTERCLAN,WARD (5+),CHAOS,DAEMON,PRIEST (2)",Host of Vermin,melee,10,5,5,0,1,,"Crit (Auto-wound), Companion",340,1,10,5,Default,1,,"Fissures In Reality [Activated · Any Combat Phase] | Prophet of the Horned Rat [Activated · Once Per Battle, Your Hero Phase] | Gaze of the Gnaw [Activated · Once Per Turn (Army), Any Combat Phase · Rampage] | The Death Frenzy [Prayer · Any Hero Phase · chanting value 8 · Prayer]",Skaven - Library.cat#2a51-7859-e014-cecd
"Vizzik Skour, Prophet of the Horned Rat",Skaven,Monster Hero,15,5,5,"UNIQUE,HERO,MONSTER,WARMASTER,SKAVEN,MASTERCLAN,WARD (5+),CHAOS,DAEMON,PRIEST (2)",Unholy Gnawstaff,melee,6,4,2,1,3,,Crit (Mortal),340,1,10,5,Default,1,,"Fissures In Reality [Activated · Any Combat Phase] | Prophet of the Horned Rat [Activated · Once Per Battle, Your Hero Phase] | Gaze of the Gnaw [Activated · Once Per Turn (Army), Any Combat Phase · Rampage] | The Death Frenzy [Prayer · Any Hero Phase · chanting value 8 · Prayer]",Skaven - Library.cat#2a51-7859-e014-cecd
Warlock Bombardier,Skaven,Infantry Hero,5,5,,"HERO,SKAVEN,CHAOS,INFANTRY,SKRYRE",Doomrocket,ranged,2,4,3,1,3,18,Anti-**^^Infantry^^** (+1 Rend),90,1,6,2,Default,1,,"More-more Doom! [Activated · Reaction: You declared a Shoot ability for this unit, it was not set up this turn and it has not used a Move ability this turn] | Explosive Payload [Passive]",Skaven - Library.cat#c11b-a255-cd5e-cb23
Warlock Bombardier,Skaven,Infantry Hero,5,5,,"HERO,SKAVEN,CHAOS,INFANTRY,SKRYRE",Firing Pole,melee,3,4,4,0,1,,-,90,1,6,2,Default,1,,"More-more Doom! [Activated · Reaction: You declared a Shoot ability for this unit, it was not set up this turn and it has not used a Move ability this turn] | Explosive Payload [Passive]",Skaven - Library.cat#c11b-a255-cd5e-cb23
Warlock Engineer,Skaven,Infantry Hero,5,5,,"HERO,SKAVEN,CHAOS,INFANTRY,SKRYRE",Warplock Musket,ranged,2,3,3,2,2,24,Crit (Auto-wound),100,1,6,2,Default,1,,"More-more Warp Energy! [Activated · Reaction: You declared a Shoot ability for this unit, it was not set up this turn and it has not used a Move ability this turn] | Sniper-master [Activated · Once Per Turn (Army), Your Shooting Phase]",Skaven - Library.cat#e77c-c9e7-720e-86e2
Warlock Engineer,Skaven,Infantry Hero,5,5,,"HERO,SKAVEN,CHAOS,INFANTRY,SKRYRE",Warpforged Dagger,melee,3,4,4,0,2,,-,100,1,6,2,Default,1,,"More-more Warp Energy! [Activated · Reaction: You declared a Shoot ability for this unit, it was not set up this turn and it has not used a Move ability this turn] | Sniper-master [Activated · Once Per Turn (Army), Your Shooting Phase]",Skaven - Library.cat#e77c-c9e7-720e-86e2
Warlock Galvaneer,Skaven,Infantry Hero,5,5,,"HERO,SKAVEN,CHAOS,INFANTRY,SKRYRE",Warpvolt Obliterator,ranged,2,3,3,2,2,18,"Crit (2 Hits), Anti-**^^Cavalry^^** (+1 Rend)",120,1,6,2,Default,1,,"More-more Warpvolt Doom! [Activated · Any Shooting Phase] | Lightning Master [Activated · Once Per Battle (Army), Your Shooting Phase]",Skaven - Library.cat#05dd-ab28-998d-8cca
Warlock Galvaneer,Skaven,Infantry Hero,5,5,,"HERO,SKAVEN,CHAOS,INFANTRY,SKRYRE",Rusted Blade,melee,3,4,5,0,1,,-,120,1,6,2,Default,1,,"More-more Warpvolt Doom! [Activated · Any Shooting Phase] | Lightning Master [Activated · Once Per Battle (Army), Your Shooting Phase]",Skaven - Library.cat#05dd-ab28-998d-8cca
Warp Lightning Cannon,Skaven,War Machine,8,4,,"SKAVEN,CHAOS,WAR MACHINE,SKRYRE",Crew’s Teeth and Knives,melee,3,4,5,0,1,,-,120,1,3,2,Default,1,,"More-more Warp Lightning! [Activated · Once Per Turn (Army), Your Shooting Phase] | Warp Lightning Blast [Passive]",Skaven - Library.cat#3133-1d09-96d0-9a9b
Warp-Grinder,Skaven,War Machine,8,4,,"SKAVEN,CHAOS,SKRYRE,WAR MACHINE",Crew's Teeth and Knives,melee,3,4,5,0,1,,-,100,1,5,2,Default,1,,"Tunnel Skulkers [Activated · Once Per Battle (Army), Deployment Phase · Deploy] | Warp-ambush [Activated · Your Movement Phase]",Skaven - Library.cat#0a17-a47d-e51f-ea9a
Warp-Grinder,Skaven,War Machine,8,4,,"SKAVEN,CHAOS,SKRYRE,WAR MACHINE",Warpstone Drill-fang,melee,2,4,2,3,5,,-,100,1,5,2,Default,1,,"Tunnel Skulkers [Activated · Once Per Battle (Army), Deployment Phase · Deploy] | Warp-ambush [Activated · Your Movement Phase]",Skaven - Library.cat#0a17-a47d-e51f-ea9a
Warpfire Throwers,Skaven,Infantry,3,6,,"SKAVEN,CHAOS,INFANTRY,SKRYRE,WEAPON TEAM",Rusty Knives,melee,2,4,5,0,1,,-,120,3,6,1,Default,3,,,Skaven - Library.cat#3101-8510-5da3-3af
Warpfire Throwers,Skaven,Infantry,3,6,,"SKAVEN,CHAOS,INFANTRY,SKRYRE,WEAPON TEAM",Warpfire Thrower,ranged,6,2,4,2,1,10,Shoot in Combat,120,3,6,1,Default,3,,,Skaven - Library.cat#3101-8510-5da3-3af
Warplock Jezzails,Skaven,Infantry,2,4,,"SKAVEN,CHAOS,INFANTRY,SKRYRE,CHAMPION,CHAMPION",Rusty Knives,melee,2,4,5,0,1,,-,120,3,6,1,Default,3,,Warpstone Snipers [Activated · Your Shooting Phase],Skaven - Library.cat#160-3400-6da6-eb08
Warplock Jezzails,Skaven,Infantry,2,4,,"SKAVEN,CHAOS,INFANTRY,SKRYRE,CHAMPION,CHAMPION",Warplock Jezzail,ranged,2,4,3,2,2,18,Crit (Auto-wound),120,3,6,1,Default,3,,Warpstone Snipers [Activated · Your Shooting Phase],Skaven - Library.cat#160-3400-6da6-eb08
Warpvolt Scourgers,Skaven,Infantry,3,6,,"SKAVEN,CHAOS,INFANTRY,SKRYRE,WEAPON TEAM",Rusty Knives,melee,2,4,5,0,1,,-,170,3,6,1,Default,3,,,Skaven - Library.cat#1199-30df-f5c1-5f1c
Warpvolt Scourgers,Skaven,Infantry,3,6,,"SKAVEN,CHAOS,INFANTRY,SKRYRE,WEAPON TEAM",Warpvolt Scourger,ranged,6,2,4,1,1,15,"Crit (2 Hits), Anti-**^^Cavalry^^** (+1 Rend)",170,3,6,1,Default,3,,,Skaven - Library.cat#1199-30df-f5c1-5f1c
Zikkit's Tunnelpack,Skaven,,2,6,,"INFANTRY,UNIQUE,CHAOS,SKAVEN,SKRYRE",Warp Drill,melee,3,3,4,1,2,,-,110,4,6,1,Default,1,,"Ka-boom! [Activated · Once Per Battle (Army), Any Combat Phase] | Tunneling Team [Activated · Deployment Phase · Deploy] | Tunnelpack Ambush [Activated · Your Movement Phase]",Skaven - Library.cat#2962-829f-aafd-fa84
Zikkit's Tunnelpack,Skaven,,2,6,,"INFANTRY,UNIQUE,CHAOS,SKAVEN,SKRYRE",Tunneling Gear,melee,2,4,4,1,2,,Charge (+1 Damage),110,4,6,1,Default,1,,"Ka-boom! [Activated · Once Per Battle (Army), Any Combat Phase] | Tunneling Team [Activated · Deployment Phase · Deploy] | Tunnelpack Ambush [Activated · Your Movement Phase]",Skaven - Library.cat#2962-829f-aafd-fa84
Zikkit's Tunnelpack,Skaven,,2,6,,"INFANTRY,UNIQUE,CHAOS,SKAVEN,SKRYRE",Skryre Bombs,ranged,2,4,4,2,1,10,Shoot in Combat,110,4,6,1,Default,2,,"Ka-boom! [Activated · Once Per Battle (Army), Any Combat Phase] | Tunneling Team [Activated · Deployment Phase · Deploy] | Tunnelpack Ambush [Activated · Your Movement Phase]",Skaven - Library.cat#2962-829f-aafd-fa84
Zikkit's Tunnelpack,Skaven,,2,6,,"INFANTRY,UNIQUE,CHAOS,SKAVEN,SKRYRE",Mangy Claws,melee,2,4,5,0,1,,-,110,4,6,1,Default,2,,"Ka-boom! [Activated · Once Per Battle (Army), Any Combat Phase] | Tunneling Team [Activated · Deployment Phase · Deploy] | Tunnelpack Ambush [Activated · Your Movement Phase]",Skaven - Library.cat#2962-829f-aafd-fa84
"Abraxia, Spear of the Everchosen",Slaves to Darkness,Monster Hero,14,3,5,"UNIQUE,HERO,MONSTER,SLAVES TO DARKNESS,CHAOS,WARRIORS OF CHAOS,WARD (5+)",Gorbolga,melee,5,3,3,2,2,,"Anti‑**^^Hero^^** (+1 Rend), Charge (+1 Damage)",250,1,10,5,Default,1,,"Battle Damaged [Passive] | Warlord of the First Circle [Passive] | Gorbolga the Accurs'd [Activated · Any Combat Phase] | Blood of Molten Varanite [Passive] | Roar of Domination [Activated · Once Per Turn (Army), Any Combat Phase · Rampage]",Slaves to Darkness - Library.cat#3843-8ca1-6cd7-70e1
"Abraxia, Spear of the Everchosen",Slaves to Darkness,Monster Hero,14,3,5,"UNIQUE,HERO,MONSTER,SLAVES TO DARKNESS,CHAOS,WARRIORS OF CHAOS,WARD (5+)",The Thanatorg’s Claws and Fangs,melee,6,4,3,1,2,,Companion,250,1,10,5,Default,1,,"Battle Damaged [Passive] | Warlord of the First Circle [Passive] | Gorbolga the Accurs'd [Activated · Any Combat Phase] | Blood of Molten Varanite [Passive] | Roar of Domination [Activated · Once Per Turn (Army), Any Combat Phase · Rampage]",Slaves to Darkness - Library.cat#3843-8ca1-6cd7-70e1
Anvil of Apotheosis: Slaves to Darkness Hero,Slaves to Darkness,,5,4,,"HERO,INFANTRY,CHAOS,SLAVES TO DARKNESS",Chaos Blade,melee,3,4,3,1,2,,,,1,5,2,Default,1,,,Slaves to Darkness - Library.cat#0ed5-d41f-e776-045e
Anvil of Apotheosis: Slaves to Darkness Hero,Slaves to Darkness,,5,4,,"HERO,INFANTRY,CHAOS,SLAVES TO DARKNESS",Daemonic Steed's Mighty Hooves,melee,3,5,3,0,1,,Companion,,1,5,2,Option,,,,Slaves to Darkness - Library.cat#0ed5-d41f-e776-045e
Anvil of Apotheosis: Slaves to Darkness Hero,Slaves to Darkness,,5,4,,"HERO,INFANTRY,CHAOS,SLAVES TO DARKNESS",Chaos Steeds' Trampling Hooves,melee,4,5,3,0,1,,Companion,,1,5,2,Option,,,,Slaves to Darkness - Library.cat#0ed5-d41f-e776-045e
Anvil of Apotheosis: Slaves to Darkness Hero,Slaves to Darkness,,5,4,,"HERO,INFANTRY,CHAOS,SLAVES TO DARKNESS",Mighty Chaotic Beast's Talons,melee,6,4,3,1,2,,Companion,,1,5,2,Option,,,,Slaves to Darkness - Library.cat#0ed5-d41f-e776-045e
Anvil of Apotheosis: Slaves to Darkness Hero,Slaves to Darkness,,5,4,,"HERO,INFANTRY,CHAOS,SLAVES TO DARKNESS",Gorebeast's Crushing Fists,melee,4,4,4,0,2,,Companion,,1,5,2,Option,,,,Slaves to Darkness - Library.cat#0ed5-d41f-e776-045e
"Archaon, the Everchosen",Slaves to Darkness,Monster Hero,25,3,5,"UNIQUE,HERO,MONSTER,WARD (5+),FLY,WARMASTER,WIZARD (2),SLAVES TO DARKNESS,DAEMON,WARRIORS OF CHAOS,CHAOS",The Slayer of Kings,melee,4,2,3,2,3,,Anti-**^^Hero^^** (+1 Rend),810,1,14,10,Default,1,,"Battle Damaged [Passive] | The Slayer of Kings [Passive] | The Eye of Sheerian [Activated · Once Per Battle, Your Hero Phase] | Three-headed Titan [Activated · Once Per Turn (Army), Any Combat Phase · Rampage]",Slaves to Darkness - Library.cat#8f2a-58f3-5fab-a1a
"Archaon, the Everchosen",Slaves to Darkness,Monster Hero,25,3,5,"UNIQUE,HERO,MONSTER,WARD (5+),FLY,WARMASTER,WIZARD (2),SLAVES TO DARKNESS,DAEMON,WARRIORS OF CHAOS,CHAOS",Dorghar’s Heads,melee,3,3,2,1,5,,Companion,810,1,14,10,Default,1,,"Battle Damaged [Passive] | The Slayer of Kings [Passive] | The Eye of Sheerian [Activated · Once Per Battle, Your Hero Phase] | Three-headed Titan [Activated · Once Per Turn (Army), Any Combat Phase · Rampage]",Slaves to Darkness - Library.cat#8f2a-58f3-5fab-a1a
"Archaon, the Everchosen",Slaves to Darkness,Monster Hero,25,3,5,"UNIQUE,HERO,MONSTER,WARD (5+),FLY,WARMASTER,WIZARD (2),SLAVES TO DARKNESS,DAEMON,WARRIORS OF CHAOS,CHAOS",Dorghar’s Claws and Tails,melee,6,4,2,2,3,,Companion,810,1,14,10,Default,1,,"Battle Damaged [Passive] | The Slayer of Kings [Passive] | The Eye of Sheerian [Activated · Once Per Battle, Your Hero Phase] | Three-headed Titan [Activated · Once Per Turn (Army), Any Combat Phase · Rampage]",Slaves to Darkness - Library.cat#8f2a-58f3-5fab-a1a
Athol Khul,Slaves to Darkness,,6,5,,"HERO,SLAVES TO DARKNESS,INFANTRY,CHAOS,DARKOATH,UNIQUE,PLEDGED TO KHORNE",Spear of the Khul,melee,6,4,3,1,2,,Crit (Mortal),150,1,5,2,Default,1,,"Tribal Warleader [Activated · Once Per Battle, End of Any Turn] | Oath of Murder [Activated · Once Per Battle, Your Charge Phase]",Slaves to Darkness - Library.cat#5dd5-aaa6-87d7-df8b
"Be'lakor, the Dark Master",Slaves to Darkness,Monster Hero,14,4,6,"UNIQUE,HERO,MONSTER,FLY,WARMASTER,WIZARD (2),SLAVES TO DARKNESS,DAEMON,WARD (6+),CHAOS",Blade of Shadows,melee,8,3,3,2,2,,Crit (Auto-wound),450,1,14,10,Default,1,,"Battle Damaged [Passive] | Shadow Form [Passive] | The Dark Master [Activated · Once Per Battle, Enemy Hero Phase] | Enfeeble Foe [Spell · Your Hero Phase · casting value 6 · Spell] | Deadly Trap [Activated · Once Per Turn (Army), Enemy Combat Phase · Rampage]",Slaves to Darkness - Library.cat#672f-33c8-1e61-cead
"Be'lakor, the Dark Master",Slaves to Darkness,Monster Hero,14,4,6,"UNIQUE,HERO,MONSTER,FLY,WARMASTER,WIZARD (2),SLAVES TO DARKNESS,DAEMON,WARD (6+),CHAOS",Fell Claw and Spearing Tail,melee,2,2,2,2,2,,Charge (+1 Damage),450,1,14,10,Default,1,,"Battle Damaged [Passive] | Shadow Form [Passive] | The Dark Master [Activated · Once Per Battle, Enemy Hero Phase] | Enfeeble Foe [Spell · Your Hero Phase · casting value 6 · Spell] | Deadly Trap [Activated · Once Per Turn (Army), Enemy Combat Phase · Rampage]",Slaves to Darkness - Library.cat#672f-33c8-1e61-cead
Centaurion Marshal,Slaves to Darkness,Cavalry Hero,10,4,,"HERO,SLAVES TO DARKNESS,CAVALRY,CHAOS","Mauling Spear, Skull Bludgeon and Varanspire Gladius",melee,6,3,3,1,2,,Charge (+1 Damage),120,1,8,2,Default,1,,Marshal of the Legions [Activated · You declared a Fight ability for this unit],Slaves to Darkness - Library.cat#4c43-1634-6d7f-2705
Chaos Chariot,Slaves to Darkness,War Machine,7,4,,"CHAOS,SLAVES TO DARKNESS,WARRIORS OF CHAOS,WAR MACHINE",Chaos Steeds’ Trampling Hooves,melee,4,5,3,0,1,,Companion,90,1,10,2,Default,1,,Swift Death [Activated · Any Charge Phase],Slaves to Darkness - Library.cat#e161-b68c-7d8c-9513
Chaos Chariot,Slaves to Darkness,War Machine,7,4,,"CHAOS,SLAVES TO DARKNESS,WARRIORS OF CHAOS,WAR MACHINE",Lashing Whip,melee,2,4,4,0,1,,-,90,1,10,2,Default,1,,Swift Death [Activated · Any Charge Phase],Slaves to Darkness - Library.cat#e161-b68c-7d8c-9513
Chaos Chariot,Slaves to Darkness,War Machine,7,4,,"CHAOS,SLAVES TO DARKNESS,WARRIORS OF CHAOS,WAR MACHINE",Chaos Greatblade,melee,3,4,3,1,2,,-,90,1,10,2,Default,1,,Swift Death [Activated · Any Charge Phase],Slaves to Darkness - Library.cat#e161-b68c-7d8c-9513
Chaos Chariot,Slaves to Darkness,War Machine,7,4,,"CHAOS,SLAVES TO DARKNESS,WARRIORS OF CHAOS,WAR MACHINE",Chaos War-flail,melee,6,3,3,0,1,,-,90,1,10,2,Option,,,Swift Death [Activated · Any Charge Phase],Slaves to Darkness - Library.cat#e161-b68c-7d8c-9513
Chaos Chosen,Slaves to Darkness,Infantry,3,3,,"CHAOS,SLAVES TO DARKNESS,INFANTRY,WARRIORS OF CHAOS,STANDARD BEARER (1/5),MUSICIAN (1/5),CHAMPION",Soul Splitter,melee,3,3,3,1,2,,Crit (Mortal),250,5,5,1,Default,5,,"Heralds of Ruination [Activated · Once Per Battle, Any Combat Phase]",Slaves to Darkness - Library.cat#3aa3-1abd-dbb-4a18
Chaos Furies,Slaves to Darkness,Infantry,1,6,6,"CHAOS,SLAVES TO DARKNESS,DAEMON,FLY,WARD (6+),INFANTRY",Razor-sharp Dagger and Claws,melee,3,4,4,1,1,,-,120,6,12,1,Default,6,,Sneaky Little Devils [Activated · Any Combat Phase],Slaves to Darkness - Library.cat#cdb1-4aba-7c64-aa4d
Chaos Knights,Slaves to Darkness,Cavalry,4,3,,"CHAOS,SLAVES TO DARKNESS,WARRIORS OF CHAOS,STANDARD BEARER (1/5),MUSICIAN (1/5),CAVALRY,CHAMPION",Warsteed’s Hooves,melee,2,5,3,0,1,,Companion,240,5,10,1,Default,5,,Impaling Charge [Passive],Slaves to Darkness - Library.cat#27c4-2bbe-3811-30fc
Chaos Knights,Slaves to Darkness,Cavalry,4,3,,"CHAOS,SLAVES TO DARKNESS,WARRIORS OF CHAOS,STANDARD BEARER (1/5),MUSICIAN (1/5),CAVALRY,CHAMPION",Cursed Lance,melee,3,3,3,1,1,,Charge (+1 Damage),240,5,10,1,Default,5,,Impaling Charge [Passive],Slaves to Darkness - Library.cat#27c4-2bbe-3811-30fc
Chaos Legionnaires,Slaves to Darkness,Infantry,1,4,,"CHAOS,SLAVES TO DARKNESS,INFANTRY,CHAMPION (1/8),UNDIVIDED",Darkiron Weapons,melee,2,3,4,1,1,,-,80,8,5,1,Default,8,,"Sow Confusion [Activated · Once Per Turn (Army), Your Movement Phase]",Slaves to Darkness - Library.cat#82e2-c548-4d0f-3f1e
Chaos Lord,Slaves to Darkness,Infantry Hero,6,3,,"HERO,SLAVES TO DARKNESS,INFANTRY,WARRIORS OF CHAOS,CHAOS",Reaperblade,melee,5,3,3,1,2,,Crit (Mortal),100,1,5,2,Default,1,,Glory in Battle [Activated · Reaction: You declared a Fight ability for this unit],Slaves to Darkness - Library.cat#92ba-6fcd-2c57-cb85
Chaos Lord on Daemonic Mount,Slaves to Darkness,Cavalry Hero,8,3,,"HERO,SLAVES TO DARKNESS,CAVALRY,WARRIORS OF CHAOS,CHAOS",Cursed Weapons,melee,5,3,3,2,2,,Charge (+1 Damage),130,1,10,2,Default,1,,The Knights of Chaos [Activated · You declared a Fight ability for this unit],Slaves to Darkness - Library.cat#4790-6f9d-ad03-83dd
Chaos Lord on Daemonic Mount,Slaves to Darkness,Cavalry Hero,8,3,,"HERO,SLAVES TO DARKNESS,CAVALRY,WARRIORS OF CHAOS,CHAOS",Daemonic Mount’s Mighty Hooves,melee,3,5,3,0,1,,Companion,130,1,10,2,Default,1,,The Knights of Chaos [Activated · You declared a Fight ability for this unit],Slaves to Darkness - Library.cat#4790-6f9d-ad03-83dd
Chaos Lord on Karkadrak,Slaves to Darkness,Cavalry Hero,10,3,,"HERO,SLAVES TO DARKNESS,CAVALRY,WARRIORS OF CHAOS,CHAOS",Hexed Weapons,melee,5,3,3,1,2,,"Charge (+1 Damage), Crit (Mortal)",190,1,9,2,Default,1,,"Drive the Legions Forward [Activated · Once Per Battle (Army), Any Charge Phase] | Brutish Rampage [Activated · Any Charge Phase]",Slaves to Darkness - Library.cat#7a78-c427-452-436b
Chaos Lord on Karkadrak,Slaves to Darkness,Cavalry Hero,10,3,,"HERO,SLAVES TO DARKNESS,CAVALRY,WARRIORS OF CHAOS,CHAOS",Karkadrak’s Claws and Horn,melee,4,4,3,1,2,,Companion,190,1,9,2,Default,1,,"Drive the Legions Forward [Activated · Once Per Battle (Army), Any Charge Phase] | Brutish Rampage [Activated · Any Charge Phase]",Slaves to Darkness - Library.cat#7a78-c427-452-436b
Chaos Lord on Manticore,Slaves to Darkness,,12,4,,"HERO,SLAVES TO DARKNESS,MONSTER,FLY,CHAOS,WARRIORS OF CHAOS",Daemonbound Weapons,melee,5,3,3,1,2,,Crit (Mortal),260,1,12,5,Default,1,,"Iron-willed Overlord [Passive] | Apex Predator [Activated · Once Per Turn (Army), Any Combat Phase · Rampage]",Slaves to Darkness - Library.cat#88e5-f93a-7d25-83ab
Chaos Lord on Manticore,Slaves to Darkness,,12,4,,"HERO,SLAVES TO DARKNESS,MONSTER,FLY,CHAOS,WARRIORS OF CHAOS",Manticore’s Claws and Fangs,melee,6,4,2,1,2,,"Anti-**^^Monster^^** (+1 Rend), Companion",260,1,12,5,Default,1,,"Iron-willed Overlord [Passive] | Apex Predator [Activated · Once Per Turn (Army), Any Combat Phase · Rampage]",Slaves to Darkness - Library.cat#88e5-f93a-7d25-83ab
Chaos Sorcerer Lord,Slaves to Darkness,Infantry Hero,5,4,,"HERO,SLAVES TO DARKNESS,WIZARD (1),INFANTRY,WARRIORS OF CHAOS,CHAOS",Sorcerer Staff and Runeblade,melee,3,4,3,1,2,,-,120,1,5,2,Default,1,,"Oracular Visions [Activated · Once Per Turn (Army), Your Hero Phase]",Slaves to Darkness - Library.cat#eb21-eb7e-ebce-aafe
Chaos Sorcerer Lord on Manticore,Slaves to Darkness,,12,4,,"HERO,SLAVES TO DARKNESS,MONSTER,WIZARD (1),FLY,CHAOS,WARRIORS OF CHAOS",Sorcerous Reaping Staff,melee,3,3,3,1,2,,-,280,1,12,5,Default,1,,"Oracular Visions [Activated · Once Per Turn (Army), Your Hero Phase] | Venomous Tail Strike [Activated · Once Per Turn (Army), Any Combat Phase · Rampage]",Slaves to Darkness - Library.cat#38cd-f1b0-8c08-b511
Chaos Sorcerer Lord on Manticore,Slaves to Darkness,,12,4,,"HERO,SLAVES TO DARKNESS,MONSTER,WIZARD (1),FLY,CHAOS,WARRIORS OF CHAOS",Manticore’s Claws and Fangs,melee,6,4,2,1,2,,"Anti-**^^Monster^^** (+1 Rend), Companion",280,1,12,5,Default,1,,"Oracular Visions [Activated · Once Per Turn (Army), Your Hero Phase] | Venomous Tail Strike [Activated · Once Per Turn (Army), Any Combat Phase · Rampage]",Slaves to Darkness - Library.cat#38cd-f1b0-8c08-b511
Chaos Spawn,Slaves to Darkness,,5,5,,"SLAVES TO DARKNESS,CHAOS,BEAST",Freakish Mutations,melee,6,5,4,0,1,,"Crit (2 Hits), Companion",60,1,6,1,Default,1,,Drawn to Power [Passive],Slaves to Darkness - Library.cat#ead3-8dd9-3ace-8198
Chaos Warriors,Slaves to Darkness,Infantry,2,3,,"CHAOS,SLAVES TO DARKNESS,INFANTRY,WARRIORS OF CHAOS,STANDARD BEARER (1/10),MUSICIAN (1/10),CHAMPION",Rune-etched Weapons,melee,2,3,3,1,1,,Crit (Auto-wound),180,10,5,1,Default,10,,Bringers of Desolation [Passive],Slaves to Darkness - Library.cat#d19d-83a0-f443-4e83
Chaos Warshrine,Slaves to Darkness,,14,4,,"HERO,SLAVES TO DARKNESS,CHAOS,PRIEST (1),WAR MACHINE,WARRIORS OF CHAOS",Sacrificial Blade,melee,4,3,3,1,2,,-,250,1,8,5,Default,1,,Battle Damaged [Passive] | Favour of Chaos [Prayer · Your Hero Phase · chanting value 4 · Prayer] | Protection of the Dark Gods [Passive],Slaves to Darkness - Library.cat#ec2a-ca82-de63-2262
Chaos Warshrine,Slaves to Darkness,,14,4,,"HERO,SLAVES TO DARKNESS,CHAOS,PRIEST (1),WAR MACHINE,WARRIORS OF CHAOS",Flailing Fists,melee,6,4,3,0,2,,Companion,250,1,8,5,Default,1,,Battle Damaged [Passive] | Favour of Chaos [Prayer · Your Hero Phase · chanting value 4 · Prayer] | Protection of the Dark Gods [Passive],Slaves to Darkness - Library.cat#ec2a-ca82-de63-2262
Corvus Cabal,Slaves to Darkness,,1,6,,"CHAOS,SLAVES TO DARKNESS,INFANTRY,UNDIVIDED,CHAMPION (1/9)",Raven Darts,ranged,1,4,4,0,1,10,Shoot in Combat,100,9,6,1,Default,9,,Strike from the Shadows [Activated · Your Movement Phase] | Shadow-lurkers [Activated · Deployment Phase · Deploy],Slaves to Darkness - Library.cat#b5e1-1ff0-d451-335e
Corvus Cabal,Slaves to Darkness,,1,6,,"CHAOS,SLAVES TO DARKNESS,INFANTRY,UNDIVIDED,CHAMPION (1/9)",Hooked Weapons,melee,2,4,4,0,1,,Crit (2 Hits),100,9,6,1,Default,9,,Strike from the Shadows [Activated · Your Movement Phase] | Shadow-lurkers [Activated · Deployment Phase · Deploy],Slaves to Darkness - Library.cat#b5e1-1ff0-d451-335e
Cypher Lords,Slaves to Darkness,,1,6,,"CHAOS,SLAVES TO DARKNESS,INFANTRY,UNDIVIDED,CHAMPION (1/8)",Throwing Stars and Chakrams,ranged,1,4,4,0,1,10,Shoot in Combat,100,8,6,1,Default,8,,"Acrobatic Leaps [Passive] | Shattered Gloom Globes [Activated · Once Per Battle, Any Hero Phase]",Slaves to Darkness - Library.cat#5a21-301b-7e70-62fd
Cypher Lords,Slaves to Darkness,,1,6,,"CHAOS,SLAVES TO DARKNESS,INFANTRY,UNDIVIDED,CHAMPION (1/8)",Exotic Blades,melee,2,3,4,0,1,,-,100,8,6,1,Default,8,,"Acrobatic Leaps [Passive] | Shattered Gloom Globes [Activated · Once Per Battle, Any Hero Phase]",Slaves to Darkness - Library.cat#5a21-301b-7e70-62fd
Daemon Prince,Slaves to Darkness,Infantry Hero,10,3,6,"HERO,INFANTRY,WARD (6+),CHAOS,SLAVES TO DARKNESS,DAEMON",Hellforged Weapons,melee,6,3,3,1,3,,Crit (Mortal),230,1,8,5,Default,1,,Immortal Champion [Activated · Any Combat Phase] | Airborne Horror [Passive] | The Mounted Skulls of the Fallen [Passive],Slaves to Darkness - Library.cat#22ef-99c8-eb17-973f
Darkfire Daemonrift,Slaves to Darkness,,1,6,6,"WARD (6+),MANIFESTATION,ENDLESS SPELL,FLY,CHAOS,SLAVES TO DARKNESS",Darkfire Torrent,ranged,3,2,3,1,1,8,Shoot in Combat,,1,,,,,,Fuelled by Sorcery [Passive],Slaves to Darkness - Library.cat#693b-7893-302-d379
Darkfire Daemonrift,Slaves to Darkness,,1,6,6,"WARD (6+),MANIFESTATION,ENDLESS SPELL,FLY,CHAOS,SLAVES TO DARKNESS",Daemonrift Maw,melee,3,4,2,0,2,,-,,1,,,,,,Fuelled by Sorcery [Passive],Slaves to Darkness - Library.cat#693b-7893-302-d379
Darkoath Chieftain,Slaves to Darkness,Infantry Hero,5,5,,"HERO,SLAVES TO DARKNESS,INFANTRY,CHAOS,DARKOATH",Cursed Broadsword,melee,5,4,3,1,2,,Crit (Mortal),80,1,5,2,Default,1,,"Tribal Warleader [Activated · Reaction: You declared a Fight ability for this unit] | Oath of Murder [Activated · Once Per Battle, End of Any Turn]",Slaves to Darkness - Library.cat#b09c-3f57-8c75-aa38
Darkoath Chieftain on Warsteed,Slaves to Darkness,Cavalry Hero,7,4,,"HERO,SLAVES TO DARKNESS,CHAOS,DARKOATH,CAVALRY",Darkoath Cursed Weapon,melee,5,4,3,1,2,,Crit (Mortal),90,1,12,2,Default,1,,"Cavalry Warleader [Passive] | Oath of Murder [Activated · Once Per Battle, End of Any Turn]",Slaves to Darkness - Library.cat#6bde-370e-478d-cf24
Darkoath Chieftain on Warsteed,Slaves to Darkness,Cavalry Hero,7,4,,"HERO,SLAVES TO DARKNESS,CHAOS,DARKOATH,CAVALRY",Warsteed’s Hooves,melee,2,5,3,0,1,,Companion,90,1,12,2,Default,1,,"Cavalry Warleader [Passive] | Oath of Murder [Activated · Once Per Battle, End of Any Turn]",Slaves to Darkness - Library.cat#6bde-370e-478d-cf24
Darkoath Fellriders,Slaves to Darkness,Cavalry,3,5,,"CHAOS,SLAVES TO DARKNESS,STANDARD BEARER (1/5),MUSICIAN (1/5),CAVALRY,CHAMPION,DARKOATH",Warsteed’s Hooves,melee,2,5,3,0,1,,Companion,130,5,12,1,Default,5,,"Swift Attackers [Passive] | Oath of the Raider [Activated · Once Per Battle, Any Charge Phase]",Slaves to Darkness - Library.cat#30f5-9b05-d94a-fdfb
Darkoath Fellriders,Slaves to Darkness,Cavalry,3,5,,"CHAOS,SLAVES TO DARKNESS,STANDARD BEARER (1/5),MUSICIAN (1/5),CAVALRY,CHAMPION,DARKOATH",Fellrider Blades,melee,2,4,3,0,1,,Charge (+1 Damage),130,5,12,1,Default,5,,"Swift Attackers [Passive] | Oath of the Raider [Activated · Once Per Battle, Any Charge Phase]",Slaves to Darkness - Library.cat#30f5-9b05-d94a-fdfb
Darkoath Fellriders,Slaves to Darkness,Cavalry,3,5,,"CHAOS,SLAVES TO DARKNESS,STANDARD BEARER (1/5),MUSICIAN (1/5),CAVALRY,CHAMPION,DARKOATH",Marauder Javelin,ranged,1,4,3,0,2,10,-,130,5,12,1,Option,,,"Swift Attackers [Passive] | Oath of the Raider [Activated · Once Per Battle, Any Charge Phase]",Slaves to Darkness - Library.cat#30f5-9b05-d94a-fdfb
Darkoath Marauders,Slaves to Darkness,Infantry,1,5,,"CHAOS,SLAVES TO DARKNESS,INFANTRY,STANDARD BEARER (1/10),MUSICIAN (1/10),DARKOATH,CHAMPION",Raider Weapons,melee,2,4,3,0,1,,-,80,10,5,1,Default,10,,"Oath of the Marauder [Activated · Once Per Battle, Any Charge Phase] | Glorious Death [Passive]",Slaves to Darkness - Library.cat#32a0-6285-a243-3a38
Darkoath Savagers,Slaves to Darkness,Infantry,1,5,,"CHAOS,SLAVES TO DARKNESS,INFANTRY,DARKOATH,CHAMPION (1/10)",Darkoath Weapons,melee,2,4,3,0,1,,Crit (Mortal),90,10,5,1,Default,10,,"Oath of Conquest [Activated · Once Per Battle, Any Hero Phase]",Slaves to Darkness - Library.cat#df89-794a-4994-8293
Darkoath Warqueen,Slaves to Darkness,Infantry Hero,5,5,5,"HERO,SLAVES TO DARKNESS,INFANTRY,CHAOS,DARKOATH,WARD (5+)",Rune-etched Axe,melee,5,4,3,1,2,,Crit (Mortal),80,1,5,2,Default,1,,"Ruin-blessed Conqueror [Activated · Once Per Turn (Army), Any Hero Phase] | Oath of Supremacy [Activated · Once Per Battle, Any Charge Phase]",Slaves to Darkness - Library.cat#7f9-8a5a-4a59-769b
Darkoath Wilderfiend,Slaves to Darkness,Beast,9,5,5,"SLAVES TO DARKNESS,CHAOS,DARKOATH,BEAST,WARD (5+)",Razor-sharp Claws,melee,6,4,3,1,2,,Companion,120,1,8,1,Default,1,,Feed on Flesh [Passive] | Primal Sorcery [Activated · Your Hero Phase],Slaves to Darkness - Library.cat#43ac-9228-ce2c-b739
Darkoath Wilderfiend,Slaves to Darkness,Beast,9,5,5,"SLAVES TO DARKNESS,CHAOS,DARKOATH,BEAST,WARD (5+)",Flesh-tearing Maw,melee,3,3,3,2,2,,Companion,120,1,8,1,Default,1,,Feed on Flesh [Passive] | Primal Sorcery [Activated · Your Hero Phase],Slaves to Darkness - Library.cat#43ac-9228-ce2c-b739
"Eternus, Blade of the First Prince",Slaves to Darkness,Cavalry Hero,9,3,,"UNIQUE,HERO,SLAVES TO DARKNESS,CAVALRY,CHAOS",Death Glaive and Skull Flail,melee,6,3,3,1,2,,Charge (+1 Damage),160,1,9,2,Default,1,,"Network of Spies [Activated · Reaction: Opponent declared a command for a unit within 12"" of this unit] | Veins of Black Lightning [Activated · Any Movement Phase · Core]",Slaves to Darkness - Library.cat#de49-6e72-d443-42c0
"Eternus, Blade of the First Prince",Slaves to Darkness,Cavalry Hero,9,3,,"UNIQUE,HERO,SLAVES TO DARKNESS,CAVALRY,CHAOS",Drakocephalus’s Fangs,melee,3,4,3,0,1,,Companion,160,1,9,2,Default,1,,"Network of Spies [Activated · Reaction: Opponent declared a command for a unit within 12"" of this unit] | Veins of Black Lightning [Activated · Any Movement Phase · Core]",Slaves to Darkness - Library.cat#de49-6e72-d443-42c0
Exalted Hero of Chaos,Slaves to Darkness,Infantry Hero,6,3,,"HERO,SLAVES TO DARKNESS,INFANTRY,WARRIORS OF CHAOS,CHAOS",Blades of the Dark Champion,melee,5,3,3,1,2,,"Anti-**^^Hero^^** (+1 Rend), Anti-**^^Monster^^** (+1 Rend)",90,1,5,2,Default,1,,Glory-seeker [Passive],Slaves to Darkness - Library.cat#ce02-e726-b9c0-28f8
Fomoroid Crusher,Slaves to Darkness,Monster,8,5,,"SLAVES TO DARKNESS,CHAOS,MONSTER",Hurled Terrain,ranged,2,4,2,1,2,12,-,120,1,6,2,Default,1,,"Cursed Destroyers [Activated · Once Per Turn (Army), Any Combat Phase · Rampage]",Slaves to Darkness - Library.cat#42-fa77-4a18-a2e3
Fomoroid Crusher,Slaves to Darkness,Monster,8,5,,"SLAVES TO DARKNESS,CHAOS,MONSTER",Crushing Fists and Swinging Masonry,melee,6,4,2,1,2,,Crit (2 Hits),120,1,6,2,Default,1,,"Cursed Destroyers [Activated · Once Per Turn (Army), Any Combat Phase · Rampage]",Slaves to Darkness - Library.cat#42-fa77-4a18-a2e3
Gaunt Summoner,Slaves to Darkness,Infantry Hero,5,6,6,"HERO,SLAVES TO DARKNESS,WIZARD (2),WARD (6+),DAEMON,INFANTRY,CHAOS,PLEDGED TO TZEENTCH",Warptongue Blade,melee,3,3,3,1,2,,-,160,1,5,2,Default,1,,Minions of the Silver Tower [Activated · Deployment Phase · Deploy] | Book of Profane Secrets [Activated · Your Movement Phase] | Divert Realmgate [Spell · Your Hero Phase · casting value 7 · Spell],Slaves to Darkness - Library.cat#6d8c-8fd5-7276-ea
Gaunt Summoner,Slaves to Darkness,Infantry Hero,5,6,6,"HERO,SLAVES TO DARKNESS,WIZARD (2),WARD (6+),DAEMON,INFANTRY,CHAOS,PLEDGED TO TZEENTCH",Changestaff,ranged,3,4,3,1,2,12,Crit (Mortal),160,1,5,2,Default,1,,Minions of the Silver Tower [Activated · Deployment Phase · Deploy] | Book of Profane Secrets [Activated · Your Movement Phase] | Divert Realmgate [Spell · Your Hero Phase · casting value 7 · Spell],Slaves to Darkness - Library.cat#6d8c-8fd5-7276-ea
Gaunt Summoner on Disc of Tzeentch,Slaves to Darkness,Cavalry Hero,6,4,6,"HERO,SLAVES TO DARKNESS,CAVALRY,WIZARD (2),FLY,WARD (6+),DAEMON,CHAOS,PLEDGED TO TZEENTCH",Warptongue Blade,melee,3,3,3,1,2,,-,190,1,14,2,Default,1,,Minions of the Silver Tower [Activated · Deployment Phase · Deploy] | Book of Profane Secrets [Activated · Your Movement Phase] | Arcane Imprisonment [Spell · Your Hero Phase · casting value 7 · Spell],Slaves to Darkness - Library.cat#de-30dc-2385-d1d1
Gaunt Summoner on Disc of Tzeentch,Slaves to Darkness,Cavalry Hero,6,4,6,"HERO,SLAVES TO DARKNESS,CAVALRY,WIZARD (2),FLY,WARD (6+),DAEMON,CHAOS,PLEDGED TO TZEENTCH",Changestaff,ranged,3,4,3,1,2,12,Crit (Mortal),190,1,14,2,Default,1,,Minions of the Silver Tower [Activated · Deployment Phase · Deploy] | Book of Profane Secrets [Activated · Your Movement Phase] | Arcane Imprisonment [Spell · Your Hero Phase · casting value 7 · Spell],Slaves to Darkness - Library.cat#de-30dc-2385-d1d1
Gaunt Summoner on Disc of Tzeentch,Slaves to Darkness,Cavalry Hero,6,4,6,"HERO,SLAVES TO DARKNESS,CAVALRY,WIZARD (2),FLY,WARD (6+),DAEMON,CHAOS,PLEDGED TO TZEENTCH",Disc’s Teeth and Horns,melee,2,4,3,1,2,,Companion,190,1,14,2,Default,1,,Minions of the Silver Tower [Activated · Deployment Phase · Deploy] | Book of Profane Secrets [Activated · Your Movement Phase] | Arcane Imprisonment [Spell · Your Hero Phase · casting value 7 · Spell],Slaves to Darkness - Library.cat#de-30dc-2385-d1d1
Godsworn Hunt,Slaves to Darkness,,2,6,,"INFANTRY,UNIQUE,CHAMPION,UNDIVIDED,DARKOATH,SLAVES TO DARKNESS",Godsworn Weapons,melee,2,4,3,0,1,,Crit (Mortal),110,6,5,1,Default,6,,"Oath of Conquest [Activated · Once Per Battle, Any Hero Phase] | Theddra Skull-scryer [Passive]",Slaves to Darkness - Library.cat#1bb9-8fa7-8bf8-e4a2
Godsworn Hunt,Slaves to Darkness,,2,6,,"INFANTRY,UNIQUE,CHAMPION,UNDIVIDED,DARKOATH,SLAVES TO DARKNESS",Hunting Bow,ranged,2,4,4,0,1,20,Crit (Auto-wound),110,6,5,1,Default,1,,"Oath of Conquest [Activated · Once Per Battle, Any Hero Phase] | Theddra Skull-scryer [Passive]",Slaves to Darkness - Library.cat#1bb9-8fa7-8bf8-e4a2
Gorebeast Chariot,Slaves to Darkness,War Machine,8,4,,"CHAOS,SLAVES TO DARKNESS,WARRIORS OF CHAOS,WAR MACHINE",Gorebeast’s Crushing Fists,melee,4,4,4,0,2,,Companion,100,1,9,2,Default,1,,Brutal Momentum [Passive],Slaves to Darkness - Library.cat#9392-e6fd-9139-464c
Gorebeast Chariot,Slaves to Darkness,War Machine,8,4,,"CHAOS,SLAVES TO DARKNESS,WARRIORS OF CHAOS,WAR MACHINE",Lashing Whip,melee,2,4,4,0,1,,-,100,1,9,2,Default,1,,Brutal Momentum [Passive],Slaves to Darkness - Library.cat#9392-e6fd-9139-464c
Gorebeast Chariot,Slaves to Darkness,War Machine,8,4,,"CHAOS,SLAVES TO DARKNESS,WARRIORS OF CHAOS,WAR MACHINE",Chaos Greatblade,melee,3,4,3,1,2,,-,100,1,9,2,Default,1,,Brutal Momentum [Passive],Slaves to Darkness - Library.cat#9392-e6fd-9139-464c
Gorebeast Chariot,Slaves to Darkness,War Machine,8,4,,"CHAOS,SLAVES TO DARKNESS,WARRIORS OF CHAOS,WAR MACHINE",Chaos War-flail,melee,6,3,3,0,1,,-,100,1,9,2,Option,,,Brutal Momentum [Passive],Slaves to Darkness - Library.cat#9392-e6fd-9139-464c
Gunnar Brand,Slaves to Darkness,Infantry Hero,6,5,,"UNIQUE,HERO,SLAVES TO DARKNESS,CHAOS,INFANTRY,DARKOATH,GUNNAR'S OATHSWORN",Dual Axes,melee,10,4,3,1,1,,Crit (Mortal),180,1,5,2,Default,1,,"Carve a Path to Glory [Activated · Any Combat Phase] | Oath of Bloodshed [Activated · Once Per Battle, End of Any Turn]",Slaves to Darkness - Library.cat#dd16-c1dc-4ff-85f2
Horns of Hashut,Slaves to Darkness,,1,4,,"CHAOS,SLAVES TO DARKNESS,INFANTRY,UNDIVIDED,CHAMPION (1/10)",Forge Weapons,melee,2,4,4,1,1,,-,120,10,6,1,Default,10,,Stampede of Iron [Activated · Any Charge Phase],Slaves to Darkness - Library.cat#4146-b722-ff22-610d
Horns of Hashut,Slaves to Darkness,,1,4,,"CHAOS,SLAVES TO DARKNESS,INFANTRY,UNDIVIDED,CHAMPION (1/10)",Flamehurler,ranged,3,2,3,0,1,8,"Anti-**^^Infantry^^** (+1 Rend), Shoot in Combat",120,10,6,1,Option,,,Stampede of Iron [Activated · Any Charge Phase],Slaves to Darkness - Library.cat#4146-b722-ff22-610d
Iron Golem,Slaves to Darkness,,1,4,,"CHAOS,SLAVES TO DARKNESS,INFANTRY,UNDIVIDED,CHAMPION (1/8),STANDARD BEARER (1/8)",Legion Weapons,melee,2,4,4,1,1,,-,100,8,4,1,Default,8,,Ogor Breacher [Passive] | Iron Resilience [Passive],Slaves to Darkness - Library.cat#9a4c-e68d-108d-98f5
Iron Golem,Slaves to Darkness,,1,4,,"CHAOS,SLAVES TO DARKNESS,INFANTRY,UNDIVIDED,CHAMPION (1/8),STANDARD BEARER (1/8)",Bolas,ranged,1,4,4,0,1,8,Shoot in Combat,100,8,4,1,Default,8,,Ogor Breacher [Passive] | Iron Resilience [Passive],Slaves to Darkness - Library.cat#9a4c-e68d-108d-98f5
Khagra's Ravagers,Slaves to Darkness,,3,3,,"INFANTRY,UNIQUE,CHAMPION,SLAVES TO DARKNESS,WARRIORS OF CHAOS,CHAOS",Hellforged Weapons,melee,3,3,3,1,1,,Crit (Auto-wound),170,4,6,1,Default,4,,Ravagers of the Mortal Realms [Passive] | Zarshia Bittersoul [Passive],Slaves to Darkness - Library.cat#c9bb-a2c8-8c92-a00c
Mindstealer Sphiranx,Slaves to Darkness,Monster,10,5,,"SLAVES TO DARKNESS,CHAOS,MONSTER",Shredding Claws,melee,6,4,4,1,2,,-,140,1,10,5,Default,1,,"Dominate Mind [Activated · Once Per Turn (Army), Any Combat Phase · Rampage]",Slaves to Darkness - Library.cat#a574-8be3-d5ce-d1bc
Mutalith Vortex Beast,Slaves to Darkness,Monster,14,4,,"SLAVES TO DARKNESS,CHAOS,MONSTER,DAEMON,PLEDGED TO TZEENTCH",Crushing Claws,melee,4,4,2,1,2,,Companion,160,1,10,5,Default,1,,"Battle Damaged [Passive] | Aura of Mutation [Activated · Once Per Turn (Army), Any Combat Phase · Rampage] | Mutant Regeneration [Activated · Any Hero Phase]",Slaves to Darkness - Library.cat#321d-437b-9c00-e25d
Mutalith Vortex Beast,Slaves to Darkness,Monster,14,4,,"SLAVES TO DARKNESS,CHAOS,MONSTER,DAEMON,PLEDGED TO TZEENTCH",Betentacled Maw,melee,12,4,4,0,1,,"Crit (Auto-wound), Companion",160,1,10,5,Default,1,,"Battle Damaged [Passive] | Aura of Mutation [Activated · Once Per Turn (Army), Any Combat Phase · Rampage] | Mutant Regeneration [Activated · Any Hero Phase]",Slaves to Darkness - Library.cat#321d-437b-9c00-e25d
Ogroid Myrmidon,Slaves to Darkness,Infantry Hero,8,4,,"HERO,SLAVES TO DARKNESS,INFANTRY,CHAOS",Gladiator Spear,melee,6,3,2,1,3,,Anti-**^^Monster^^** (+1 Rend),120,1,6,2,Default,1,,Myrmidon Rage [Passive] | Pit Master [Activated · Reaction: You declared a Fight ability for this unit],Slaves to Darkness - Library.cat#2955-114b-f931-cafa
Ogroid Myrmidon,Slaves to Darkness,Infantry Hero,8,4,,"HERO,SLAVES TO DARKNESS,INFANTRY,CHAOS",Gladiator Spear,ranged,1,3,3,1,D3,10,-,120,1,6,2,Default,1,,Myrmidon Rage [Passive] | Pit Master [Activated · Reaction: You declared a Fight ability for this unit],Slaves to Darkness - Library.cat#2955-114b-f931-cafa
Ogroid Theridons,Slaves to Darkness,Infantry,5,4,,"CHAOS,SLAVES TO DARKNESS,INFANTRY,MUSICIAN (1/3),STANDARD BEARER (1/3),CHAMPION",Goroan Weapons,melee,4,4,2,1,2,,Anti-Infantry (+1 Rend),150,3,6,2,Default,3,,"Unleashed Savagery [Activated · Once Per Battle, Any Combat Phase]",Slaves to Darkness - Library.cat#dc36-25e9-9522-971e
Raptoryx,Slaves to Darkness,Beast,2,6,,"CHAOS,SLAVES TO DARKNESS,BEAST",Razor-sharp Beak and Talons,melee,3,4,4,0,1,,Companion,100,6,10,1,Default,6,,Crazed Flock [Passive],Slaves to Darkness - Library.cat#7995-d071-b30e-8eb8
Realmscourge Rupture,Slaves to Darkness,,1,6,6,"WARD (6+),MANIFESTATION,ENDLESS SPELL,FLY,CHAOS,SLAVES TO DARKNESS",Surging Spikes,melee,4,4,3,1,1,,Crit (2 Hits),,1,,,,,,Debilitating Shockwave [Activated · Any Charge Phase],Slaves to Darkness - Library.cat#2e02-52d1-c3e3-eb13
Scions of the Flame,Slaves to Darkness,,1,5,,"CHAOS,SLAVES TO DARKNESS,INFANTRY,UNDIVIDED,CHAMPION (1/8)",Scion Weapons,melee,2,4,4,1,1,,Anti-**^^Infantry^^** (+1 Rend),120,8,5,1,Default,8,,All Shall Burn [Passive],Slaves to Darkness - Library.cat#cc95-e171-14b9-002f
Scions of the Flame,Slaves to Darkness,,1,5,,"CHAOS,SLAVES TO DARKNESS,INFANTRY,UNDIVIDED,CHAMPION (1/8)",Flameburst Pots and Infernal Fires,ranged,1,4,4,0,1,10,Anti-**^^Infantry^^** (+1 Rend),120,8,5,1,Default,8,,All Shall Burn [Passive],Slaves to Darkness - Library.cat#cc95-e171-14b9-002f
Singri Brand,Slaves to Darkness,Cavalry Hero,4,5,,"UNIQUE,HERO,SLAVES TO DARKNESS,CHAOS,DARKOATH,GUNNAR'S OATHSWORN,CAVALRY",Singri’s Warbow,ranged,2,3,3,1,2,18,Crit (Auto-wound),0,1,12,2,Default,1,Gunnar Brand,Swift as the Wind [Passive] | Uncanny Shot [Passive],Slaves to Darkness - Library.cat#4191-4be9-6ccd-9f70
Singri Brand,Slaves to Darkness,Cavalry Hero,4,5,,"UNIQUE,HERO,SLAVES TO DARKNESS,CHAOS,DARKOATH,GUNNAR'S OATHSWORN,CAVALRY",Warsteed’s Hooves,melee,2,5,3,0,1,,Companion,0,1,12,2,Default,1,Gunnar Brand,Swift as the Wind [Passive] | Uncanny Shot [Passive],Slaves to Darkness - Library.cat#4191-4be9-6ccd-9f70
Singri Brand,Slaves to Darkness,Cavalry Hero,4,5,,"UNIQUE,HERO,SLAVES TO DARKNESS,CHAOS,DARKOATH,GUNNAR'S OATHSWORN,CAVALRY",Brand Ancestral Knife,melee,3,4,3,1,1,,-,0,1,12,2,Default,1,Gunnar Brand,Swift as the Wind [Passive] | Uncanny Shot [Passive],Slaves to Darkness - Library.cat#4191-4be9-6ccd-9f70
Slaughterbrute,Slaves to Darkness,Monster,14,4,,"SLAVES TO DARKNESS,CHAOS,MONSTER,DAEMON,PLEDGED TO KHORNE",Mighty Jaws,melee,2,4,2,1,3,,Companion,200,1,10,5,Default,1,,"Battle Damaged [Passive] | Rampaging Charge [Activated · Once Per Turn (Army), Any Charge Phase · Rampage] | Sigils of Domination [Activated · Deployment Phase]",Slaves to Darkness - Library.cat#652-2c4a-e24c-cc02
Slaughterbrute,Slaves to Darkness,Monster,14,4,,"SLAVES TO DARKNESS,CHAOS,MONSTER,DAEMON,PLEDGED TO KHORNE",Razor-tipped Claws,melee,8,4,2,1,2,,"Anti-**^^Infantry^^** (+1 Rend), Companion",200,1,10,5,Default,1,,"Battle Damaged [Passive] | Rampaging Charge [Activated · Once Per Turn (Army), Any Charge Phase · Rampage] | Sigils of Domination [Activated · Deployment Phase]",Slaves to Darkness - Library.cat#652-2c4a-e24c-cc02
Soul Grinder,Slaves to Darkness,,16,4,6,"SLAVES TO DARKNESS,CHAOS,DAEMON,MONSTER,WARD (6+)",Harvester Cannon,ranged,6,4,3,1,1,12,Companion,330,1,10,5,Default,1,,"Battle Damaged [Passive] | Piston-driven Carnage [Activated · Once Per Turn (Army), Any Combat Phase · Rampage] | Implacable Advance [Passive]",Slaves to Darkness - Library.cat#8171-deda-b88f-b561
Soul Grinder,Slaves to Darkness,,16,4,6,"SLAVES TO DARKNESS,CHAOS,DAEMON,MONSTER,WARD (6+)",Piston-driven Legs and Daemonic Blade or Claw,melee,8,4,2,1,2,,Companion,330,1,10,5,Default,1,,"Battle Damaged [Passive] | Piston-driven Carnage [Activated · Once Per Turn (Army), Any Combat Phase · Rampage] | Implacable Advance [Passive]",Slaves to Darkness - Library.cat#8171-deda-b88f-b561
Soul Grinder,Slaves to Darkness,,16,4,6,"SLAVES TO DARKNESS,CHAOS,DAEMON,MONSTER,WARD (6+)",Hellforged Claw,melee,1,4,2,2,3,,"Crit (Mortal), Companion",330,1,10,5,Default,1,,"Battle Damaged [Passive] | Piston-driven Carnage [Activated · Once Per Turn (Army), Any Combat Phase · Rampage] | Implacable Advance [Passive]",Slaves to Darkness - Library.cat#8171-deda-b88f-b561
Soul Grinder,Slaves to Darkness,,16,4,6,"SLAVES TO DARKNESS,CHAOS,DAEMON,MONSTER,WARD (6+)",Phlegm Bombardment,ranged,1,4,3,1,3,12,Companion,330,1,10,5,Default,1,,"Battle Damaged [Passive] | Piston-driven Carnage [Activated · Once Per Turn (Army), Any Combat Phase · Rampage] | Implacable Advance [Passive]",Slaves to Darkness - Library.cat#8171-deda-b88f-b561
Spire Tyrants,Slaves to Darkness,,1,5,,"CHAOS,SLAVES TO DARKNESS,INFANTRY,UNDIVIDED,CHAMPION (1/9)",Gladiator Weapons,melee,2,4,4,1,1,,Anti-**^^Hero^^** (+1 Rend),110,8,5,1,Default,8,,Fight for Glory [Passive],Slaves to Darkness - Library.cat#62a3-63bf-2306-e2a2
Splintered Fang,Slaves to Darkness,,1,5,,"CHAOS,SLAVES TO DARKNESS,INFANTRY,UNDIVIDED,CHAMPION (1/9)",Poisoned Weapons,melee,2,4,4,1,1,,Crit (Mortal),110,8,6,1,Default,8,,Slithering Serpents [Activated · End of Any Turn] | Paralysing Strikes [Passive],Slaves to Darkness - Library.cat#78f8-9ac5-641f-8b5c
Tarantulos Brood,Slaves to Darkness,,1,6,,"CHAOS,SLAVES TO DARKNESS,INFANTRY,UNDIVIDED,CHAMPION (1/13)",Brood Weapons,melee,2,4,4,0,1,,-,150,13,6,1,Default,10,,Creeping Summons [Activated · End of Any Turn],Slaves to Darkness - Library.cat#066a-b04a-44ea-fca2
Tarantulos Brood,Slaves to Darkness,,1,6,,"CHAOS,SLAVES TO DARKNESS,INFANTRY,UNDIVIDED,CHAMPION (1/13)",Envenomed Projectiles,ranged,1,4,4,1,1,10,Crit (Auto-wound),150,13,6,1,Default,10,,Creeping Summons [Activated · End of Any Turn],Slaves to Darkness - Library.cat#066a-b04a-44ea-fca2
Tarantulos Brood,Slaves to Darkness,,1,6,,"CHAOS,SLAVES TO DARKNESS,INFANTRY,UNDIVIDED,CHAMPION (1/13)",Venomous Bites,melee,4,5,5,0,1,,Crit (Mortal),150,13,6,1,Default,3,,Creeping Summons [Activated · End of Any Turn],Slaves to Darkness - Library.cat#066a-b04a-44ea-fca2
The Gnarlspirit Pack,Slaves to Darkness,Infantry,2,6,,"INFANTRY,UNIQUE,CHAMPION,UNDIVIDED,DARKOATH,SLAVES TO DARKNESS,CHAOS",Gnarlspirit Weapons,melee,3,4,3,1,1,,-,110,4,5,1,Default,4,,"Oath of Dark Sacrifice [Activated · Once Per Battle, Any Hero Phase] | Sarrakkar Blackwing [Passive]",Slaves to Darkness - Library.cat#8046-a145-5d79-aa66
The Oathsworn Kin,Slaves to Darkness,,3,5,,"UNIQUE,SLAVES TO DARKNESS,CHAOS,DARKOATH,GUNNAR'S OATHSWORN,INFANTRY",Heavy Darkoath Weapon,melee,4,4,3,0,2,,Crit (Mortal),0,3,5,1,Default,2,Gunnar Brand,Broken Nadja [Passive] | Withering Death [Spell · Your Hero Phase · casting value 5 · Spell],Slaves to Darkness - Library.cat#c8b1-7d96-6db6-2293
The Oathsworn Kin,Slaves to Darkness,,3,5,,"UNIQUE,SLAVES TO DARKNESS,CHAOS,DARKOATH,GUNNAR'S OATHSWORN,INFANTRY",Gnarled Staff,melee,3,4,4,0,2,,-,0,3,5,1,Default,1,Gunnar Brand,Broken Nadja [Passive] | Withering Death [Spell · Your Hero Phase · casting value 5 · Spell],Slaves to Darkness - Library.cat#c8b1-7d96-6db6-2293
The Unmade,Slaves to Darkness,,1,6,,"CHAOS,SLAVES TO DARKNESS,INFANTRY,UNDIVIDED,CHAMPION (1/9)",Maiming Weapons,melee,2,4,4,0,1,,Anti-**^^Infantry^^** (+1 Rend),110,9,6,1,Default,9,,Frozen in Fear [Passive],Slaves to Darkness - Library.cat#6aef-12ed-3dc9-2c83
The Unmade,Slaves to Darkness,,1,6,,"CHAOS,SLAVES TO DARKNESS,INFANTRY,UNDIVIDED,CHAMPION (1/9)",Nightmare Sickles,melee,6,4,3,1,1,,Anti-**^^Infantry^^** (+1 Rend),110,9,6,1,Option,,,Frozen in Fear [Passive],Slaves to Darkness - Library.cat#6aef-12ed-3dc9-2c83
Untamed Beasts,Slaves to Darkness,,1,6,,"CHAOS,SLAVES TO DARKNESS,INFANTRY,UNDIVIDED,CHAMPION (1/9)",Ghurish Hunting Weapons,melee,2,4,4,0,1,,Crit (2 Hits),110,9,6,1,Default,9,,Unleash the Beast [Activated · Deployment Phase] | Jagged Harpoon [Activated · End of Any Turn],Slaves to Darkness - Library.cat#056b-6839-dc2f-46db
Varanguard,Slaves to Darkness,Cavalry,5,3,,"CAVALRY,CHAOS,SLAVES TO DARKNESS,WARRIORS OF CHAOS",Daemonforged Blades,melee,3,3,3,2,2,,"Charge (+1 Damage), Crit (Mortal)",300,3,10,2,Default,3,,"Relentless Killers [Activated · Once Per Battle, Any Combat Phase]",Slaves to Darkness - Library.cat#3f86-7961-558c-50aa
Varanguard,Slaves to Darkness,Cavalry,5,3,,"CAVALRY,CHAOS,SLAVES TO DARKNESS,WARRIORS OF CHAOS",Steed’s Tearing Fangs,melee,3,4,3,1,1,,Companion,300,3,10,2,Default,3,,"Relentless Killers [Activated · Once Per Battle, Any Combat Phase]",Slaves to Darkness - Library.cat#3f86-7961-558c-50aa
Beast-smasher Mega-Gargant,Sons of Behemat,Monster Hero,35,4,,"HERO,MONSTER,DESTRUCTION,SONS OF BEHEMAT,MEGA-GARGANT",Menhir Club,melee,5,4,2,2,5,,Anti-**^^Monster^^** (+1 Rend),470,1,10,20,Default,1,,"Battle Damaged [Passive] | Behemoth Brawler [Passive] | Beast-breaking Strike [Activated · Any Combat Phase · Core, Attack, Fight]",Sons of Behemat - Library.cat#4a1b-3873-aa68-6d28
Beast-smasher Mega-Gargant,Sons of Behemat,Monster Hero,35,4,,"HERO,MONSTER,DESTRUCTION,SONS OF BEHEMAT,MEGA-GARGANT",Death Grip,melee,1,4,2,2,3,,Anti-**^^Hero^^** (+1 Rend),470,1,10,20,Default,1,,"Battle Damaged [Passive] | Behemoth Brawler [Passive] | Beast-breaking Strike [Activated · Any Combat Phase · Core, Attack, Fight]",Sons of Behemat - Library.cat#4a1b-3873-aa68-6d28
Beast-smasher Mega-Gargant,Sons of Behemat,Monster Hero,35,4,,"HERO,MONSTER,DESTRUCTION,SONS OF BEHEMAT,MEGA-GARGANT",Almighty Stomp,melee,4,4,2,2,2,,Anti-**^^Infantry^^** (+1 Rend),470,1,10,20,Default,1,,"Battle Damaged [Passive] | Behemoth Brawler [Passive] | Beast-breaking Strike [Activated · Any Combat Phase · Core, Attack, Fight]",Sons of Behemat - Library.cat#4a1b-3873-aa68-6d28
Gatebreaker Mega-Gargant,Sons of Behemat,Monster Hero,35,4,,"HERO,MONSTER,DESTRUCTION,SONS OF BEHEMAT,MEGA-GARGANT",Hurled Boulder,ranged,1,3,2,3,4,18,-,490,1,10,20,Default,1,,"Battle Damaged [Passive] | Smash Down [Activated · Once Per Turn (Army), Any Combat Phase] | Pulverising Strike [Activated · Any Combat Phase · Core, Attack, Fight]",Sons of Behemat - Library.cat#7e9e-7d9f-d3ab-d143
Gatebreaker Mega-Gargant,Sons of Behemat,Monster Hero,35,4,,"HERO,MONSTER,DESTRUCTION,SONS OF BEHEMAT,MEGA-GARGANT",Death Grip,melee,1,4,2,2,3,,Anti-**^^Hero^^** (+1 Rend),490,1,10,20,Default,1,,"Battle Damaged [Passive] | Smash Down [Activated · Once Per Turn (Army), Any Combat Phase] | Pulverising Strike [Activated · Any Combat Phase · Core, Attack, Fight]",Sons of Behemat - Library.cat#7e9e-7d9f-d3ab-d143
Gatebreaker Mega-Gargant,Sons of Behemat,Monster Hero,35,4,,"HERO,MONSTER,DESTRUCTION,SONS OF BEHEMAT,MEGA-GARGANT",Almighty Stomp,melee,4,4,2,2,2,,Anti-**^^Infantry^^** (+1 Rend),490,1,10,20,Default,1,,"Battle Damaged [Passive] | Smash Down [Activated · Once Per Turn (Army), Any Combat Phase] | Pulverising Strike [Activated · Any Combat Phase · Core, Attack, Fight]",Sons of Behemat - Library.cat#7e9e-7d9f-d3ab-d143
Gatebreaker Mega-Gargant,Sons of Behemat,Monster Hero,35,4,,"HERO,MONSTER,DESTRUCTION,SONS OF BEHEMAT,MEGA-GARGANT",Fortcrusha Flail,melee,6,4,2,2,4,,Anti-**^^Faction Terrain^^** (+1 Rend),490,1,10,20,Default,1,,"Battle Damaged [Passive] | Smash Down [Activated · Once Per Turn (Army), Any Combat Phase] | Pulverising Strike [Activated · Any Combat Phase · Core, Attack, Fight]",Sons of Behemat - Library.cat#7e9e-7d9f-d3ab-d143
King Brodd,Sons of Behemat,Monster Hero,40,4,,"HERO,UNIQUE,MONSTER,WARMASTER,DESTRUCTION,SONS OF BEHEMAT,MEGA-GARGANT,PRIEST (1)",Obelisk of Tor Crania,melee,6,4,2,2,5,,-,520,1,10,20,Default,1,,Battle Damaged [Passive] | Creepers [Passive] | Power of Behemat [Prayer · Your Hero Phase · chanting value 5 · Prayer],Sons of Behemat - Library.cat#e2fb-7f41-171f-9418
King Brodd,Sons of Behemat,Monster Hero,40,4,,"HERO,UNIQUE,MONSTER,WARMASTER,DESTRUCTION,SONS OF BEHEMAT,MEGA-GARGANT,PRIEST (1)",Death Grip,melee,1,4,2,2,3,,Anti-**^^Hero^^** (+1 Rend),520,1,10,20,Default,1,,Battle Damaged [Passive] | Creepers [Passive] | Power of Behemat [Prayer · Your Hero Phase · chanting value 5 · Prayer],Sons of Behemat - Library.cat#e2fb-7f41-171f-9418
King Brodd,Sons of Behemat,Monster Hero,40,4,,"HERO,UNIQUE,MONSTER,WARMASTER,DESTRUCTION,SONS OF BEHEMAT,MEGA-GARGANT,PRIEST (1)",Almighty Stomp,melee,4,4,2,2,2,,Anti-**^^Infantry^^** (+1 Rend),520,1,10,20,Default,1,,Battle Damaged [Passive] | Creepers [Passive] | Power of Behemat [Prayer · Your Hero Phase · chanting value 5 · Prayer],Sons of Behemat - Library.cat#e2fb-7f41-171f-9418
"Kragnos, the End of Empires",Sons of Behemat,Monster Hero,18,4,5,"HERO,UNIQUE,MONSTER,WARMASTER,WARD (5+),DESTRUCTION,SONS OF BEHEMAT",The Dread Mace,melee,6,3,2,3,4,,-,590,1,10,15,Default,1,,"Battle Damaged [Passive] | Avatar of Destruction [Passive] | The End of Empires [Activated · Your Charge Phase] | The Shield Inviolate [Activated · Reaction: Opponent declared a Spell ability] | Rampaging Destruction [Activated · Once Per Turn (Army), Any Charge Phase · Rampage]",Sons of Behemat - Library.cat#7c7-7226-5b84-b87c
"Kragnos, the End of Empires",Sons of Behemat,Monster Hero,18,4,5,"HERO,UNIQUE,MONSTER,WARMASTER,WARD (5+),DESTRUCTION,SONS OF BEHEMAT",Tuskbreaker,melee,3,4,2,2,2,,Crit (2 Hits),590,1,10,15,Default,1,,"Battle Damaged [Passive] | Avatar of Destruction [Passive] | The End of Empires [Activated · Your Charge Phase] | The Shield Inviolate [Activated · Reaction: Opponent declared a Spell ability] | Rampaging Destruction [Activated · Once Per Turn (Army), Any Charge Phase · Rampage]",Sons of Behemat - Library.cat#7c7-7226-5b84-b87c
"Kragnos, the End of Empires",Sons of Behemat,Monster Hero,18,4,5,"HERO,UNIQUE,MONSTER,WARMASTER,WARD (5+),DESTRUCTION,SONS OF BEHEMAT",Hooves of Wrack and Ruin,melee,6,3,2,1,2,,-,590,1,10,15,Default,1,,"Battle Damaged [Passive] | Avatar of Destruction [Passive] | The End of Empires [Activated · Your Charge Phase] | The Shield Inviolate [Activated · Reaction: Opponent declared a Spell ability] | Rampaging Destruction [Activated · Once Per Turn (Army), Any Charge Phase · Rampage]",Sons of Behemat - Library.cat#7c7-7226-5b84-b87c
Kraken-eater Mega-Gargant,Sons of Behemat,Monster Hero,35,4,,"HERO,MONSTER,DESTRUCTION,SONS OF BEHEMAT,MEGA-GARGANT",Hurled Debris,ranged,3,4,3,1,2,18,-,410,1,10,20,Default,1,,"Battle Damaged [Passive] | Stuff 'Em in Me Net [Activated · Once Per Turn, Any Combat Phase] | Get Orf Me Land! [Activated · Once Per Turn (Army), Your Hero Phase]",Sons of Behemat - Library.cat#8eda-91ee-7eaa-877a
Kraken-eater Mega-Gargant,Sons of Behemat,Monster Hero,35,4,,"HERO,MONSTER,DESTRUCTION,SONS OF BEHEMAT,MEGA-GARGANT",Death Grip,melee,1,4,2,2,3,,Anti-**^^Hero^^** (+1 Rend),410,1,10,20,Default,1,,"Battle Damaged [Passive] | Stuff 'Em in Me Net [Activated · Once Per Turn, Any Combat Phase] | Get Orf Me Land! [Activated · Once Per Turn (Army), Your Hero Phase]",Sons of Behemat - Library.cat#8eda-91ee-7eaa-877a
Kraken-eater Mega-Gargant,Sons of Behemat,Monster Hero,35,4,,"HERO,MONSTER,DESTRUCTION,SONS OF BEHEMAT,MEGA-GARGANT",Almighty Stomp,melee,4,4,2,2,2,,Anti-**^^Infantry^^** (+1 Rend),410,1,10,20,Default,1,,"Battle Damaged [Passive] | Stuff 'Em in Me Net [Activated · Once Per Turn, Any Combat Phase] | Get Orf Me Land! [Activated · Once Per Turn (Army), Your Hero Phase]",Sons of Behemat - Library.cat#8eda-91ee-7eaa-877a
Kraken-eater Mega-Gargant,Sons of Behemat,Monster Hero,35,4,,"HERO,MONSTER,DESTRUCTION,SONS OF BEHEMAT,MEGA-GARGANT",Shipwrecka Warclub,melee,4,4,2,2,4,,-,410,1,10,20,Default,1,,"Battle Damaged [Passive] | Stuff 'Em in Me Net [Activated · Once Per Turn, Any Combat Phase] | Get Orf Me Land! [Activated · Once Per Turn (Army), Your Hero Phase]",Sons of Behemat - Library.cat#8eda-91ee-7eaa-877a
Mancrusher Gargant,Sons of Behemat,Monster,12,5,,"MONSTER,DESTRUCTION,SONS OF BEHEMAT,GARGANT",’Eadbutt,melee,1,4,2,2,4,,-,120,1,8,10,Default,1,,"Stuff 'Em in Me Bag [Activated · Once Per Turn, Any Combat Phase] | Keep Up! [Passive]",Sons of Behemat - Library.cat#2e41-3174-d7a3-cded
Mancrusher Gargant,Sons of Behemat,Monster,12,5,,"MONSTER,DESTRUCTION,SONS OF BEHEMAT,GARGANT",Throwin’ Rocks,ranged,1,5,2,2,2,12,-,120,1,8,10,Default,1,,"Stuff 'Em in Me Bag [Activated · Once Per Turn, Any Combat Phase] | Keep Up! [Passive]",Sons of Behemat - Library.cat#2e41-3174-d7a3-cded
Mancrusher Gargant,Sons of Behemat,Monster,12,5,,"MONSTER,DESTRUCTION,SONS OF BEHEMAT,GARGANT",Massive Club,melee,4,4,2,1,2,,-,120,1,8,10,Default,1,,"Stuff 'Em in Me Bag [Activated · Once Per Turn, Any Combat Phase] | Keep Up! [Passive]",Sons of Behemat - Library.cat#2e41-3174-d7a3-cded
Mancrusher Gargant,Sons of Behemat,Monster,12,5,,"MONSTER,DESTRUCTION,SONS OF BEHEMAT,GARGANT",Mighty Kick,melee,1,4,2,2,2,,-,120,1,8,10,Default,1,,"Stuff 'Em in Me Bag [Activated · Once Per Turn, Any Combat Phase] | Keep Up! [Passive]",Sons of Behemat - Library.cat#2e41-3174-d7a3-cded
Mancrusher Mob,Sons of Behemat,Monster,12,5,,"MONSTER,DESTRUCTION,SONS OF BEHEMAT,GARGANT",’Eadbutt,melee,1,4,2,2,4,,-,350,3,8,10,Default,3,,"Stuff 'Em in Me Bag [Activated · Once Per Turn, Any Combat Phase] | Keep Up! [Passive] | 'Oo's Under The Heel Now? [Passive]",Sons of Behemat - Library.cat#a0c1-1a99-2cf9-85f9
Mancrusher Mob,Sons of Behemat,Monster,12,5,,"MONSTER,DESTRUCTION,SONS OF BEHEMAT,GARGANT",Throwin’ Rocks,ranged,1,5,2,2,2,12,-,350,3,8,10,Default,3,,"Stuff 'Em in Me Bag [Activated · Once Per Turn, Any Combat Phase] | Keep Up! [Passive] | 'Oo's Under The Heel Now? [Passive]",Sons of Behemat - Library.cat#a0c1-1a99-2cf9-85f9
Mancrusher Mob,Sons of Behemat,Monster,12,5,,"MONSTER,DESTRUCTION,SONS OF BEHEMAT,GARGANT",Massive Club,melee,4,4,2,1,2,,-,350,3,8,10,Default,3,,"Stuff 'Em in Me Bag [Activated · Once Per Turn, Any Combat Phase] | Keep Up! [Passive] | 'Oo's Under The Heel Now? [Passive]",Sons of Behemat - Library.cat#a0c1-1a99-2cf9-85f9
Mancrusher Mob,Sons of Behemat,Monster,12,5,,"MONSTER,DESTRUCTION,SONS OF BEHEMAT,GARGANT",Mighty Kick,melee,1,4,2,2,2,,-,350,3,8,10,Default,3,,"Stuff 'Em in Me Bag [Activated · Once Per Turn, Any Combat Phase] | Keep Up! [Passive] | 'Oo's Under The Heel Now? [Passive]",Sons of Behemat - Library.cat#a0c1-1a99-2cf9-85f9
Warstomper Mega-Gargant,Sons of Behemat,Monster Hero,35,4,,"HERO,MONSTER,DESTRUCTION,SONS OF BEHEMAT,MEGA-GARGANT",Death Grip,melee,1,4,2,2,3,,Anti-**^^Hero^^** (+1 Rend),450,1,10,20,Default,1,,Battle Damaged [Passive] | Hurled Body [Activated · Any Combat Phase] | Titanic Boulderclub [Passive],Sons of Behemat - Library.cat#5201-4045-7632-5a40
Warstomper Mega-Gargant,Sons of Behemat,Monster Hero,35,4,,"HERO,MONSTER,DESTRUCTION,SONS OF BEHEMAT,MEGA-GARGANT",Almightier Stomp,melee,6,4,2,2,2,,Anti-**^^Infantry^^** (+1 Rend),450,1,10,20,Default,1,,Battle Damaged [Passive] | Hurled Body [Activated · Any Combat Phase] | Titanic Boulderclub [Passive],Sons of Behemat - Library.cat#5201-4045-7632-5a40
Warstomper Mega-Gargant,Sons of Behemat,Monster Hero,35,4,,"HERO,MONSTER,DESTRUCTION,SONS OF BEHEMAT,MEGA-GARGANT",Titanic Boulderclub,melee,4,4,2,2,2,,Anti-**^^Infantry^^** (+1 Rend),450,1,10,20,Default,1,,Battle Damaged [Passive] | Hurled Body [Activated · Any Combat Phase] | Titanic Boulderclub [Passive],Sons of Behemat - Library.cat#5201-4045-7632-5a40
Askurgan Trueblades,Soulblight Gravelords,Infantry,2,5,6,"INFANTRY,WARD (6+),DEATH,CHAMPION (1/8),SOULBLIGHT GRAVELORDS,VAMPIRE",Askurgan Weapons,melee,2,3,3,1,1,,"Anti-**^^Monster^^** (+1 Rend), Crit (2 Hits)",140,8,6,1,Default,7,,Gut-wrenching Howl [Activated · Any Combat Phase] | Creed of the Askurga Renkai [Passive],Soulblight Gravelords - Library.cat#a22f-d951-fde0-6dac
Askurgan Trueblades,Soulblight Gravelords,Infantry,2,5,6,"INFANTRY,WARD (6+),DEATH,CHAMPION (1/8),SOULBLIGHT GRAVELORDS,VAMPIRE",Elongated Claws and Slavering Maw,melee,5,4,3,2,1,,-,140,8,6,1,Default,1,,Gut-wrenching Howl [Activated · Any Combat Phase] | Creed of the Askurga Renkai [Passive],Soulblight Gravelords - Library.cat#a22f-d951-fde0-6dac
Barrow Guard,Soulblight Gravelords,Infantry,1,4,6,"DEATH,INFANTRY,WARD (6+),CHAMPION,SOULBLIGHT GRAVELORDS,DEATHRATTLE,STANDARD BEARER (1/5),MUSICIAN (1/5)",Wight Blade,melee,2,3,3,1,1,,Crit (Mortal),130,10,4,1,Default,10,,Guardians of the King [Passive],Soulblight Gravelords - Library.cat#2485-5204-885a-9d5c
Barrow Knights,Soulblight Gravelords,Cavalry,3,4,6,"DEATH,WARD (6+),CAVALRY,CHAMPION,STANDARD BEARER (1/5),SOULBLIGHT GRAVELORDS,DEATHRATTLE,MUSICIAN (1/5)",Skeletal Steed’s Hooves and Teeth,melee,2,5,3,0,1,,Companion,190,5,10,1,Default,5,,"Cursed to Rise Once More [Activated · Once Per Turn (Army), End of Any Turn] | Knights of the King [Passive]",Soulblight Gravelords - Library.cat#83ee-18f8-249d-5fac
Barrow Knights,Soulblight Gravelords,Cavalry,3,4,6,"DEATH,WARD (6+),CAVALRY,CHAMPION,STANDARD BEARER (1/5),SOULBLIGHT GRAVELORDS,DEATHRATTLE,MUSICIAN (1/5)",Barrow Lance,melee,2,4,3,1,1,,"Crit (Mortal), Charge (+1 Damage)",190,5,10,1,Default,5,,"Cursed to Rise Once More [Activated · Once Per Turn (Army), End of Any Turn] | Knights of the King [Passive]",Soulblight Gravelords - Library.cat#83ee-18f8-249d-5fac
"Belladamma Volga, First of the Vyrkos",Soulblight Gravelords,Cavalry Hero,9,4,6,"DEATH,HERO,UNIQUE,WARD (6+),SOULBLIGHT GRAVELORDS,VAMPIRE,WIZARD (2),CAVALRY",Lupine Fangs and Claws,melee,6,4,4,0,1,,Companion,200,1,8,5,Default,1,,Under a Killing Moon [Spell · Your Hero Phase · casting value 7 · Spell] | First of the Vyrkos [Passive] | Wolfguard [Passive],Soulblight Gravelords - Library.cat#2438-c0b5-e74f-8ad6
"Belladamma Volga, First of the Vyrkos",Soulblight Gravelords,Cavalry Hero,9,4,6,"DEATH,HERO,UNIQUE,WARD (6+),SOULBLIGHT GRAVELORDS,VAMPIRE,WIZARD (2),CAVALRY",Timeworn Scimitar,melee,4,3,3,1,2,,-,200,1,8,5,Default,1,,Under a Killing Moon [Spell · Your Hero Phase · casting value 7 · Spell] | First of the Vyrkos [Passive] | Wolfguard [Passive],Soulblight Gravelords - Library.cat#2438-c0b5-e74f-8ad6
Blades of the Hollow King,Soulblight Gravelords,Infantry Hero,6,4,6,"INFANTRY,UNIQUE,WARD (6+),DEATH,WIZARD (1),VAMPIRE,SOULBLIGHT GRAVELORDS,HERO",Kennistrix's Fangs,melee,2,4,2,3,2,,Companion,270,3,6,2,Default,1,,"Solia, the Tutor [Activated · Any Combat Phase] | Aurelias [Activated · Your Hero Phase] | Retribution or Salvation [Spell · Your Hero Phase · casting value 7 · Spell]",Soulblight Gravelords - Library.cat#1ec0-40be-254d-d7a2
Blades of the Hollow King,Soulblight Gravelords,Infantry Hero,6,4,6,"INFANTRY,UNIQUE,WARD (6+),DEATH,WIZARD (1),VAMPIRE,SOULBLIGHT GRAVELORDS,HERO",Ezechiarian Greatsword,melee,5,3,3,2,2,,Crit (Auto-wound),270,3,6,2,Default,1,,"Solia, the Tutor [Activated · Any Combat Phase] | Aurelias [Activated · Your Hero Phase] | Retribution or Salvation [Spell · Your Hero Phase · casting value 7 · Spell]",Soulblight Gravelords - Library.cat#1ec0-40be-254d-d7a2
Blades of the Hollow King,Soulblight Gravelords,Infantry Hero,6,4,6,"INFANTRY,UNIQUE,WARD (6+),DEATH,WIZARD (1),VAMPIRE,SOULBLIGHT GRAVELORDS,HERO",Sissendra's Twin Blades,melee,8,3,3,1,1,,Crit (Mortal),270,3,6,2,Default,1,,"Solia, the Tutor [Activated · Any Combat Phase] | Aurelias [Activated · Your Hero Phase] | Retribution or Salvation [Spell · Your Hero Phase · casting value 7 · Spell]",Soulblight Gravelords - Library.cat#1ec0-40be-254d-d7a2
Blood Knights,Soulblight Gravelords,Cavalry,3,3,6,"DEATH,WARD (6+),CAVALRY,CHAMPION,STANDARD BEARER (1/5),SOULBLIGHT GRAVELORDS,VAMPIRE",Nightmare’s Hooves and Teeth,melee,3,5,3,0,1,,Companion,220,5,12,1,Default,5,,Riders of Ruin [Passive] | Trampled to Dust [Activated · Any Charge Phase],Soulblight Gravelords - Library.cat#3661-54d6-e953-19e0
Blood Knights,Soulblight Gravelords,Cavalry,3,3,6,"DEATH,WARD (6+),CAVALRY,CHAMPION,STANDARD BEARER (1/5),SOULBLIGHT GRAVELORDS,VAMPIRE",Templar Weapon,melee,3,3,3,1,1,,"Anti-**^^Infantry^^**(+1 Rend), Charge (+1 Damage)",220,5,12,1,Default,5,,Riders of Ruin [Passive] | Trampled to Dust [Activated · Any Charge Phase],Soulblight Gravelords - Library.cat#3661-54d6-e953-19e0
Bloodseeker Palanquin,Soulblight Gravelords,War Machine Hero,12,4,6,"HERO,WIZARD (1),WARD (6+),DEATH,SOULBLIGHT GRAVELORDS,VAMPIRE,WAR MACHINE,FLY",Sanguinarch's Stiletto,melee,5,3,3,1,2,,Crit (2 Hits),220,1,10,5,Default,1,,"Wails of the Damned [Passive] | A Promising Concoction [Activated · Once Per Battle (Army), Your Combat Phase]",Soulblight Gravelords - Library.cat#c84b-c9e9-4aa2-abeb
Bloodseeker Palanquin,Soulblight Gravelords,War Machine Hero,12,4,6,"HERO,WIZARD (1),WARD (6+),DEATH,SOULBLIGHT GRAVELORDS,VAMPIRE,WAR MACHINE,FLY",Spectral Host's Blades,melee,10,4,4,0,1,,Companion,220,1,10,5,Default,1,,"Wails of the Damned [Passive] | A Promising Concoction [Activated · Once Per Battle (Army), Your Combat Phase]",Soulblight Gravelords - Library.cat#c84b-c9e9-4aa2-abeb
"Cado Ezechiar, the Hollow King",Soulblight Gravelords,Infantry Hero,6,4,6,"DEATH,HERO,UNIQUE,WARD (6+),SOULBLIGHT GRAVELORDS,VAMPIRE,WIZARD (1),INFANTRY",Ezechiarian Greatsword,melee,5,3,3,2,2,,Crit (Auto-wound),150,1,6,2,Default,1,,Retribution or Salvation [Spell · Your Hero Phase · casting value 7 · Spell] | The Court of the Lost [Activated · Your Hero Phase],Soulblight Gravelords - Library.cat#679f-6196-6a2a-6eff
Corpse Cart,Soulblight Gravelords,War Machine,7,6,6,"WARD (6+),DEATH,SOULBLIGHT GRAVELORDS,WAR MACHINE,DEADWALKERS",Corpsemaster’s Weapon,melee,3,4,4,0,1,,-,70,1,4,2,Default,1,,Locus of Undeath [Passive],Soulblight Gravelords - Library.cat#471d-8225-b5a7-ee73
Corpse Cart,Soulblight Gravelords,War Machine,7,6,6,"WARD (6+),DEATH,SOULBLIGHT GRAVELORDS,WAR MACHINE,DEADWALKERS",Zombies’ Rusty Blades,melee,6,4,4,0,1,,Companion,70,1,4,2,Default,1,,Locus of Undeath [Passive],Soulblight Gravelords - Library.cat#471d-8225-b5a7-ee73
Coven Throne,Soulblight Gravelords,War Machine Hero,12,4,6,"HERO,WIZARD (1),WARD (6+),DEATH,SOULBLIGHT GRAVELORDS,VAMPIRE,WAR MACHINE,FLY",Acolytes' Poniards,melee,6,3,3,1,1,,-,230,1,10,5,Default,1,,"Scrying Pool [Passive] | A Promising Concoction [Activated · Once Per Battle (Army), Your Combat Phase] | Tactical Insight [Passive]",Soulblight Gravelords - Library.cat#8cb0-66eb-ab31-ca66
Coven Throne,Soulblight Gravelords,War Machine Hero,12,4,6,"HERO,WIZARD (1),WARD (6+),DEATH,SOULBLIGHT GRAVELORDS,VAMPIRE,WAR MACHINE,FLY",Matriarch's Stiletto,melee,5,3,3,1,2,,Crit (2 Hits),230,1,10,5,Default,1,,"Scrying Pool [Passive] | A Promising Concoction [Activated · Once Per Battle (Army), Your Combat Phase] | Tactical Insight [Passive]",Soulblight Gravelords - Library.cat#8cb0-66eb-ab31-ca66
Coven Throne,Soulblight Gravelords,War Machine Hero,12,4,6,"HERO,WIZARD (1),WARD (6+),DEATH,SOULBLIGHT GRAVELORDS,VAMPIRE,WAR MACHINE,FLY",Spectral Host's Blades,melee,10,4,4,0,1,,Companion,230,1,10,5,Default,1,,"Scrying Pool [Passive] | A Promising Concoction [Activated · Once Per Battle (Army), Your Combat Phase] | Tactical Insight [Passive]",Soulblight Gravelords - Library.cat#8cb0-66eb-ab31-ca66
Deadwalker Zombies,Soulblight Gravelords,Infantry,1,6,6,"DEATH,INFANTRY,WARD (6+),SOULBLIGHT GRAVELORDS,DEADWALKERS",Crude Weapon or Infectious Bite,melee,1,5,4,0,1,,-,120,20,4,1,Default,20,,Mindless Ferocity [Passive],Soulblight Gravelords - Library.cat#992e-30dd-49de-a177
Deathrattle Skeletons,Soulblight Gravelords,Infantry,1,5,6,"DEATH,INFANTRY,WARD (6+),CHAMPION,STANDARD BEARER (1/10),SOULBLIGHT GRAVELORDS,DEATHRATTLE",Ancient Weapon,melee,2,4,4,0,1,,-,90,10,4,1,Default,10,,Skeleton Legion [Activated · End of Any Turn],Soulblight Gravelords - Library.cat#849b-3125-85cd-a864
Dire Wolves,Soulblight Gravelords,Beast,2,5,6,"DEATH,WARD (6+),SOULBLIGHT GRAVELORDS,DEADWALKERS,BEAST,CHAMPION (1/10)",Rotting Fangs and Claws,melee,2,4,3,0,1,,Companion,150,10,10,1,Default,10,,On the Hunt [Passive],Soulblight Gravelords - Library.cat#663e-ba88-e7a3-e042
Fell Bats,Soulblight Gravelords,Beast,3,6,6,"DEATH,WARD (6+),SOULBLIGHT GRAVELORDS,BEAST,DEADWALKERS,FLY",Chiropteran Fangs,melee,3,4,4,0,2,,Companion,80,3,12,1,Default,3,,Fleet and Fell [Passive],Soulblight Gravelords - Library.cat#39a-8a99-a014-7427
Gorslav the Gravekeeper,Soulblight Gravelords,Infantry Hero,4,6,6,"DEATH,HERO,UNIQUE,WARD (6+),SOULBLIGHT GRAVELORDS,INFANTRY,DEADWALKERS",Gravekeeper's Spade,melee,5,4,3,1,2,,-,120,1,5,2,Default,1,,"Arise! Arise! [Activated · Once Per Battle, Reaction: You declared the 'Endless Legions' ability and picked a friendly Deadwalkers unit to be the target] | Keeper of the Corpse-gardens [Passive]",Soulblight Gravelords - Library.cat#66c8-d9e7-3166-cbbe
Hand of Nagash,Soulblight Gravelords,,1,6,6,"DEATH,WARD (6+),MANIFESTATION,ENDLESS SPELL,FLY,SOULBLIGHT GRAVELORDS",Grasping Talon,melee,5,4,2,1,2,,Crit (Mortal),,1,,,,,,Chill Grasp [Activated · Any Combat Phase] | Inescapable Reach [Activated · Your Movement Phase],Soulblight Gravelords - Library.cat#6802-a38e-cb64-31b8
"Ivya Volga, the Outcast",Soulblight Gravelords,Infantry Hero,5,5,6,"DEATH,HERO,UNIQUE,WARD (6+),SOULBLIGHT GRAVELORDS,VAMPIRE,WIZARD (1),INFANTRY",Heirloom Axe,melee,5,3,3,1,2,,Anti-**^^Monster^^**(+1 Rend),100,1,6,2,Default,1,,Total Dominance [Spell · Your Hero Phase · casting value 6 · Spell] | Shrieking Swarm [Passive] | Behemoth's Bane [Passive],Soulblight Gravelords - Library.cat#a10f-7bd6-ecff-15d0
"Ivya Volga, the Outcast",Soulblight Gravelords,Infantry Hero,5,5,6,"DEATH,HERO,UNIQUE,WARD (6+),SOULBLIGHT GRAVELORDS,VAMPIRE,WIZARD (1),INFANTRY",Bat Swarm's Needling Fangs,ranged,6,4,4,0,1,12,"Shoot in Combat, Companion",100,1,6,2,Default,1,,Total Dominance [Spell · Your Hero Phase · casting value 6 · Spell] | Shrieking Swarm [Passive] | Behemoth's Bane [Passive],Soulblight Gravelords - Library.cat#a10f-7bd6-ecff-15d0
Kosargi Nightguard,Soulblight Gravelords,Infantry,4,5,6,"DEATH,WARD (6+),SOULBLIGHT GRAVELORDS,DEADWALKERS,INFANTRY",Kosargi Bardiche,melee,2,4,2,2,3,,-,110,2,6,3,Default,2,,A Pact Maintained [Passive],Soulblight Gravelords - Library.cat#2e88-624e-bf49-387c
"Kritza, the Rat Prince",Soulblight Gravelords,Infantry Hero,5,5,6,"DEATH,HERO,UNIQUE,WARD (6+),SOULBLIGHT GRAVELORDS,VAMPIRE,INFANTRY",Gnawblade,melee,5,3,3,1,2,,Crit (2 Hits),70,1,6,2,Default,1,,Scurrying Retreat [Activated · Any Combat Phase] | The Verminous Court [Activated · Any Combat Phase],Soulblight Gravelords - Library.cat#9ef5-c8c5-97af-efa2
"Lady Annika, the Thirsting Blade",Soulblight Gravelords,Infantry Hero,5,5,4,"DEATH,HERO,UNIQUE,SOULBLIGHT GRAVELORDS,VAMPIRE,INFANTRY,WARD (4+)",Blade Proboscian,melee,7,3,4,1,2,,-,100,1,6,2,Default,1,,Starving Nightmare [Activated · Your Movement Phase] | Kiss of the Blade Proboscian [Activated · End of Any Turn] | Supernatural Speed [Activated · Deployment Phase · Deploy],Soulblight Gravelords - Library.cat#9b8f-c508-b25b-691f
"Lauka Vai, Mother of Nightmares",Soulblight Gravelords,Monster Hero,11,4,6,"DEATH,HERO,UNIQUE,WARD (6+),MONSTER,FLY,SOULBLIGHT GRAVELORDS,VAMPIRE,WIZARD (1)",Askurga Rapier,melee,5,3,3,2,2,,-,200,1,10,5,Default,1,,"The Queen's Dictat [Spell · Your Hero Phase · casting value 6 · Spell] | Nightmare's Miasma [Passive] | Impaling Talons [Activated · Once Per Turn (Army), Any Combat Phase · Rampage]",Soulblight Gravelords - Library.cat#33c3-992f-3564-9407
"Lauka Vai, Mother of Nightmares",Soulblight Gravelords,Monster Hero,11,4,6,"DEATH,HERO,UNIQUE,WARD (6+),MONSTER,FLY,SOULBLIGHT GRAVELORDS,VAMPIRE,WIZARD (1)",Gore-drenched Talons,melee,3,3,2,3,3,,-,200,1,10,5,Default,1,,"The Queen's Dictat [Spell · Your Hero Phase · casting value 6 · Spell] | Nightmare's Miasma [Passive] | Impaling Talons [Activated · Once Per Turn (Army), Any Combat Phase · Rampage]",Soulblight Gravelords - Library.cat#33c3-992f-3564-9407
"Mannfred von Carstein, Mortarch of Night",Soulblight Gravelords,Monster Hero,14,3,6,"DEATH,HERO,WIZARD (2),UNIQUE,WARD (6+),MONSTER,FLY,SOULBLIGHT GRAVELORDS,VAMPIRE,WARMASTER",Ashigaroth's Claws,melee,5,4,2,3,3,,Companion,410,1,12,5,Default,1,,"Battle Damaged [Passive] | Ashigaroth's Hunger [Activated · Once Per Turn (Army), Any Combat Phase · Rampage] | The Sword of Unholy Power [Passive] | Wind of Death [Spell · Your Hero Phase · casting value 7 · Spell] | The Mortarch of Night [Activated · Reaction: You declared the 'Redeploy' command for a Soulblight Gravelords unit wholly within 12"" of this unit]",Soulblight Gravelords - Library.cat#d749-d136-18ba-1a2
"Mannfred von Carstein, Mortarch of Night",Soulblight Gravelords,Monster Hero,14,3,6,"DEATH,HERO,WIZARD (2),UNIQUE,WARD (6+),MONSTER,FLY,SOULBLIGHT GRAVELORDS,VAMPIRE,WARMASTER",Gheistvor,melee,6,3,3,1,2,,-,410,1,12,5,Default,1,,"Battle Damaged [Passive] | Ashigaroth's Hunger [Activated · Once Per Turn (Army), Any Combat Phase · Rampage] | The Sword of Unholy Power [Passive] | Wind of Death [Spell · Your Hero Phase · casting value 7 · Spell] | The Mortarch of Night [Activated · Reaction: You declared the 'Redeploy' command for a Soulblight Gravelords unit wholly within 12"" of this unit]",Soulblight Gravelords - Library.cat#d749-d136-18ba-1a2
Mortis Engine,Soulblight Gravelords,War Machine Hero,12,4,6,"HERO,WIZARD (1),WARD (6+),DEATH,SOULBLIGHT GRAVELORDS,WAR MACHINE,FLY",Corpsemaster's Staff,melee,3,4,3,1,2,,-,230,1,10,5,Default,1,,"Nexus of Death Energy [Passive] | Wave of Power [Activated · Once Per Turn (Army), Your Shooting Phase] | The Reliquary [Passive]",Soulblight Gravelords - Library.cat#426b-39ed-c88c-13f
Mortis Engine,Soulblight Gravelords,War Machine Hero,12,4,6,"HERO,WIZARD (1),WARD (6+),DEATH,SOULBLIGHT GRAVELORDS,WAR MACHINE,FLY",Spectral Host's Blades,melee,10,4,4,0,1,,Companion,230,1,10,5,Default,1,,"Nexus of Death Energy [Passive] | Wave of Power [Activated · Once Per Turn (Army), Your Shooting Phase] | The Reliquary [Passive]",Soulblight Gravelords - Library.cat#426b-39ed-c88c-13f
"Nagash, Supreme Lord of the Undead",Soulblight Gravelords,Monster Hero,18,3,5,"DEATH,UNIQUE,HERO,MONSTER,WIZARD (9),WARD (5+),FLY,SOULBLIGHT GRAVELORDS","Alakanash, the Staff of Power",melee,4,3,3,2,D6,,-,750,1,10,10,Default,1,,"Battle Damaged [Passive] | The Staff of Power [Passive] | Hand of Dust [Activated · Once Per Turn (Army), End of Any Turn · Rampage] | Supreme Lord of the Undead [Activated · Once Per Battle, Your Hero Phase] | Invocation of Nagash [Spell · Your Hero Phase · casting value 7 · Spell]",Soulblight Gravelords - Library.cat#1823-b6fb-a27f-a7ee
"Nagash, Supreme Lord of the Undead",Soulblight Gravelords,Monster Hero,18,3,5,"DEATH,UNIQUE,HERO,MONSTER,WIZARD (9),WARD (5+),FLY,SOULBLIGHT GRAVELORDS","Zefet-nebtar, the Mortis Blade",melee,4,3,3,2,3,,-,750,1,10,10,Default,1,,"Battle Damaged [Passive] | The Staff of Power [Passive] | Hand of Dust [Activated · Once Per Turn (Army), End of Any Turn · Rampage] | Supreme Lord of the Undead [Activated · Once Per Battle, Your Hero Phase] | Invocation of Nagash [Spell · Your Hero Phase · casting value 7 · Spell]",Soulblight Gravelords - Library.cat#1823-b6fb-a27f-a7ee
Necromancer,Soulblight Gravelords,Infantry Hero,5,6,6,"HERO,WARD (6+),DEATH,SOULBLIGHT GRAVELORDS,INFANTRY,WIZARD (1)",Mortis Staff,melee,3,4,4,1,2,,-,110,1,5,2,Default,1,,"Vanhel's Danse Macabre [Command · Once Per Turn (Army), Your Combat Phase · cost 1] | Undead Minions [Passive]",Soulblight Gravelords - Library.cat#cfe3-2cdf-a635-bd33
"Neferata, Mortarch of Blood",Soulblight Gravelords,Monster Hero,14,3,6,"DEATH,HERO,WIZARD (2),UNIQUE,WARD (6+),MONSTER,FLY,SOULBLIGHT GRAVELORDS,VAMPIRE,WARMASTER",Aken-seth,melee,3,2,3,2,2,,-,450,1,12,5,Default,1,,"Battle Damaged [Passive] | The Adevore [Activated · Once Per Turn (Army), End of Any Turn · Rampage] | Twilight's Allure [Passive] | Dark Mist [Spell · Your Hero Phase · casting value 7 · Spell] | The Mortarch of Blood [Activated · Deployment Phase]",Soulblight Gravelords - Library.cat#ca26-c079-31bc-38a8
"Neferata, Mortarch of Blood",Soulblight Gravelords,Monster Hero,14,3,6,"DEATH,HERO,WIZARD (2),UNIQUE,WARD (6+),MONSTER,FLY,SOULBLIGHT GRAVELORDS,VAMPIRE,WARMASTER",Akmet-har,melee,5,3,3,2,1,,Anti-**^^Hero^^** (+1 Rend),450,1,12,5,Default,1,,"Battle Damaged [Passive] | The Adevore [Activated · Once Per Turn (Army), End of Any Turn · Rampage] | Twilight's Allure [Passive] | Dark Mist [Spell · Your Hero Phase · casting value 7 · Spell] | The Mortarch of Blood [Activated · Deployment Phase]",Soulblight Gravelords - Library.cat#ca26-c079-31bc-38a8
"Neferata, Mortarch of Blood",Soulblight Gravelords,Monster Hero,14,3,6,"DEATH,HERO,WIZARD (2),UNIQUE,WARD (6+),MONSTER,FLY,SOULBLIGHT GRAVELORDS,VAMPIRE,WARMASTER",Nagadron's Claws,melee,5,4,2,3,3,,Companion,450,1,12,5,Default,1,,"Battle Damaged [Passive] | The Adevore [Activated · Once Per Turn (Army), End of Any Turn · Rampage] | Twilight's Allure [Passive] | Dark Mist [Spell · Your Hero Phase · casting value 7 · Spell] | The Mortarch of Blood [Activated · Deployment Phase]",Soulblight Gravelords - Library.cat#ca26-c079-31bc-38a8
Prince Vhordrai,Soulblight Gravelords,Monster Hero,18,3,6,"DEATH,HERO,UNIQUE,WARD (6+),MONSTER,FLY,SOULBLIGHT GRAVELORDS,VAMPIRE,WIZARD (1)",Shordmaire's Claws,melee,7,4,2,1,2,,Companion,470,1,12,5,Default,1,,"Battle Damaged [Passive] | Trail of Crimson [Activated · Once Per Turn (Army), Any Combat Phase · Rampage] | Quickblood [Spell · Your Hero Phase · casting value 7 · Spell] | Saint of Slaughter [Activated · End of Any Turn]",Soulblight Gravelords - Library.cat#27bd-98bc-4798-170c
Prince Vhordrai,Soulblight Gravelords,Monster Hero,18,3,6,"DEATH,HERO,UNIQUE,WARD (6+),MONSTER,FLY,SOULBLIGHT GRAVELORDS,VAMPIRE,WIZARD (1)",Shordmaire's Maw,melee,3,4,2,2,3,,Companion,470,1,12,5,Default,1,,"Battle Damaged [Passive] | Trail of Crimson [Activated · Once Per Turn (Army), Any Combat Phase · Rampage] | Quickblood [Spell · Your Hero Phase · casting value 7 · Spell] | Saint of Slaughter [Activated · End of Any Turn]",Soulblight Gravelords - Library.cat#27bd-98bc-4798-170c
Prince Vhordrai,Soulblight Gravelords,Monster Hero,18,3,6,"DEATH,HERO,UNIQUE,WARD (6+),MONSTER,FLY,SOULBLIGHT GRAVELORDS,VAMPIRE,WIZARD (1)",The Bloodlance,melee,6,3,3,2,2,,Charge (+1 Damage),470,1,12,5,Default,1,,"Battle Damaged [Passive] | Trail of Crimson [Activated · Once Per Turn (Army), Any Combat Phase · Rampage] | Quickblood [Spell · Your Hero Phase · casting value 7 · Spell] | Saint of Slaughter [Activated · End of Any Turn]",Soulblight Gravelords - Library.cat#27bd-98bc-4798-170c
Prince Vhordrai,Soulblight Gravelords,Monster Hero,18,3,6,"DEATH,HERO,UNIQUE,WARD (6+),MONSTER,FLY,SOULBLIGHT GRAVELORDS,VAMPIRE,WIZARD (1)",Shordemaire's Miasma,ranged,3,3,3,2,2,10,"Shoot in Combat, Companion",470,1,12,5,Default,1,,"Battle Damaged [Passive] | Trail of Crimson [Activated · Once Per Turn (Army), Any Combat Phase · Rampage] | Quickblood [Spell · Your Hero Phase · casting value 7 · Spell] | Saint of Slaughter [Activated · End of Any Turn]",Soulblight Gravelords - Library.cat#27bd-98bc-4798-170c
Radukar the Beast,Soulblight Gravelords,Monster Hero,12,4,6,"DEATH,HERO,UNIQUE,WARD (6+),SOULBLIGHT GRAVELORDS,VAMPIRE,WIZARD (1),MONSTER",Blood-slick Claws,melee,6,3,3,2,3,,Crit (Mortal),250,1,8,5,Default,1,,"Armour of the Night [Spell · Your Hero Phase · casting value 6 · Spell] | The Beast Will Out [Activated · Once Per Turn (Army), End of Any Turn · Rampage] | Call to the Hunt [Passive]",Soulblight Gravelords - Library.cat#eba7-9f89-cf56-ceb0
Radukar the Beast,Soulblight Gravelords,Monster Hero,12,4,6,"DEATH,HERO,UNIQUE,WARD (6+),SOULBLIGHT GRAVELORDS,VAMPIRE,WIZARD (1),MONSTER",Vyrkos Blood-born's Piercing Blades,melee,6,3,3,1,2,,-,250,1,8,5,Default,1,,"Armour of the Night [Spell · Your Hero Phase · casting value 6 · Spell] | The Beast Will Out [Activated · Once Per Turn (Army), End of Any Turn · Rampage] | Call to the Hunt [Passive]",Soulblight Gravelords - Library.cat#eba7-9f89-cf56-ceb0
Radukar the Wolf,Soulblight Gravelords,Infantry Hero,7,4,6,"DEATH,HERO,UNIQUE,WARD (6+),SOULBLIGHT GRAVELORDS,VAMPIRE,WIZARD (1),INFANTRY",Vyrkos Barrow-blade,melee,5,3,3,1,2,,Crit (Mortal),130,1,6,2,Default,1,,Master of the Pack [Spell · Your Hero Phase · casting value 6 · Spell] | Call to the Hunt [Passive],Soulblight Gravelords - Library.cat#31c0-d6f2-3b6b-f196
Revenant Draconith,Soulblight Gravelords,Monster,16,5,6,"WARD (6+),DEATH,MONSTER,FLY,SOULBLIGHT GRAVELORDS",Pestilential Miasma,ranged,5,3,3,1,2,10,"Shoot in Combat, Companion",180,1,12,5,Default,1,,"Battle Damaged [Passive] | Death on Tattered Wings [Activated · Deployment Phase · Deploy] | Loathsome Descent [Activated · Your Movement Phase] | Red Ruin [Activated · Once Per Turn (Army), End of Any Turn · Rampage]",Soulblight Gravelords - Library.cat#103c-9945-644a-361c
Revenant Draconith,Soulblight Gravelords,Monster,16,5,6,"WARD (6+),DEATH,MONSTER,FLY,SOULBLIGHT GRAVELORDS",Draconic Maw,melee,3,4,2,2,3,,Companion,180,1,12,5,Default,1,,"Battle Damaged [Passive] | Death on Tattered Wings [Activated · Deployment Phase · Deploy] | Loathsome Descent [Activated · Your Movement Phase] | Red Ruin [Activated · Once Per Turn (Army), End of Any Turn · Rampage]",Soulblight Gravelords - Library.cat#103c-9945-644a-361c
Revenant Draconith,Soulblight Gravelords,Monster,16,5,6,"WARD (6+),DEATH,MONSTER,FLY,SOULBLIGHT GRAVELORDS",Draconic Claws,melee,7,4,2,1,2,,Companion,180,1,12,5,Default,1,,"Battle Damaged [Passive] | Death on Tattered Wings [Activated · Deployment Phase · Deploy] | Loathsome Descent [Activated · Your Movement Phase] | Red Ruin [Activated · Once Per Turn (Army), End of Any Turn · Rampage]",Soulblight Gravelords - Library.cat#103c-9945-644a-361c
Sanguine Swarm,Soulblight Gravelords,Monster,1,6,6,"DEATH,WARD (6+),MANIFESTATION,ENDLESS SPELL,FLY,SOULBLIGHT GRAVELORDS",Leeching Bites,melee,10,5,5,0,1,,Crit (Mortal),,1,,,,,,Leeching Bites [Passive] | Multiple Parts [Passive],Soulblight Gravelords - Library.cat#6da4-07fd-88c7-c1c4
"Sekhar, Fang of Nulahmia",Soulblight Gravelords,Infantry Hero,6,3,6,"DEATH,HERO,UNIQUE,WARD (6+),SOULBLIGHT GRAVELORDS,VAMPIRE,INFANTRY,WIZARD (2)",Nulahmian Warglaive,melee,5,3,3,1,2,,Crit (2 Hits),160,1,6,2,Default,1,,"Death's Construction [Spell · Your Hero Phase · casting value 7 · Spell] | Serpentine Agility [Passive] | The Time-swallower's Maw [Activated · Once Per Battle, Any Combat Phase]",Soulblight Gravelords - Library.cat#9466-2cb5-d4c7-ef45
"Sekhar, Fang of Nulahmia",Soulblight Gravelords,Infantry Hero,6,3,6,"DEATH,HERO,UNIQUE,WARD (6+),SOULBLIGHT GRAVELORDS,VAMPIRE,INFANTRY,WIZARD (2)",Ouboroth’s Godhusk Fangs,melee,3,4,3,2,2,,Companion,160,1,6,2,Default,1,,"Death's Construction [Spell · Your Hero Phase · casting value 7 · Spell] | Serpentine Agility [Passive] | The Time-swallower's Maw [Activated · Once Per Battle, Any Combat Phase]",Soulblight Gravelords - Library.cat#9466-2cb5-d4c7-ef45
Terrorgheist,Soulblight Gravelords,Monster,14,4,6,"WARD (6+),DEATH,MONSTER,FLY,SOULBLIGHT GRAVELORDS",Death shriek,ranged,1,4,2,2,3,10,"Shoot in Combat, Companion",220,1,12,5,Default,1,,"Battle Damaged [Passive] | Gaping Maw [Passive] | Sonic Assault [Activated · Once Per Turn (Army), Any Combat Phase]",Soulblight Gravelords - Library.cat#a1b1-404a-2324-bc9e
Terrorgheist,Soulblight Gravelords,Monster,14,4,6,"WARD (6+),DEATH,MONSTER,FLY,SOULBLIGHT GRAVELORDS",Fanged Maw,melee,3,4,2,2,3,,Companion,220,1,12,5,Default,1,,"Battle Damaged [Passive] | Gaping Maw [Passive] | Sonic Assault [Activated · Once Per Turn (Army), Any Combat Phase]",Soulblight Gravelords - Library.cat#a1b1-404a-2324-bc9e
Terrorgheist,Soulblight Gravelords,Monster,14,4,6,"WARD (6+),DEATH,MONSTER,FLY,SOULBLIGHT GRAVELORDS",Skeletal Talons,melee,6,4,2,1,2,,Companion,220,1,12,5,Default,1,,"Battle Damaged [Passive] | Gaping Maw [Passive] | Sonic Assault [Activated · Once Per Turn (Army), Any Combat Phase]",Soulblight Gravelords - Library.cat#a1b1-404a-2324-bc9e
The Crimson Court,Soulblight Gravelords,,3,3,6,"INFANTRY,UNIQUE,WARD (6+),DEATH,CHAMPION,WIZARD (1),VAMPIRE,SOULBLIGHT GRAVELORDS",Courtly Weapon,melee,3,3,3,1,2,,Anti-**^^Hero^^** (+1 Rend),210,4,6,1,Default,4,,"Come Then, Amuse Us [Activated · Any Combat Phase]",Soulblight Gravelords - Library.cat#c55a-ea11-3543-60b0
The Exiled Dead,Soulblight Gravelords,,2,6,6,"INFANTRY,UNIQUE,WARD (6+),DEATH,CHAMPION,SOULBLIGHT GRAVELORDS,DEADWALKERS",Arco-electric Weapons,melee,3,4,5,0,1,,Crit (2 Hits),140,7,4,1,Default,7,,Unfeeling Fortitude [Activated · Your Hero Phase] | Deintalos the Exile [Passive],Soulblight Gravelords - Library.cat#a66d-8fc5-cd7e-2426
The Sepulchral Guard,Soulblight Gravelords,,2,5,6,"INFANTRY,UNIQUE,WARD (6+),DEATH,CHAMPION,SOULBLIGHT GRAVELORDS,DEATHRATTLE",Ancient Weapon,melee,2,4,4,0,1,,Crit (2 Hits),110,7,4,1,Default,7,,Restless Dead [Activated · End of Any Turn],Soulblight Gravelords - Library.cat#0d4f-e793-20db-9f50
The Sons of Velmorn,Soulblight Gravelords,,2,3,6,"INFANTRY,UNIQUE,WARD (6+),DEATH,CHAMPION,SOULBLIGHT GRAVELORDS,DEATHRATTLE",Royal Weapons,melee,3,4,3,1,1,,Crit (Mortal),130,5,4,1,Default,5,,Rise Again [Activated · Any Combat Phase],Soulblight Gravelords - Library.cat#061f-62b5-05f0-d8cd
Torgillius the Chamberlain,Soulblight Gravelords,Infantry Hero,5,6,6,"DEATH,HERO,UNIQUE,WARD (6+),SOULBLIGHT GRAVELORDS,WIZARD (1),INFANTRY",Familiars’ Fangs and Claws,melee,4,4,4,0,1,,Companion,180,1,5,2,Default,1,,Failing Fortitude [Spell · Your Hero Phase · casting value 6 · Spell] | Trusted Lieutenant [Passive],Soulblight Gravelords - Library.cat#3e64-75ef-6627-5554
Torgillius the Chamberlain,Soulblight Gravelords,Infantry Hero,5,6,6,"DEATH,HERO,UNIQUE,WARD (6+),SOULBLIGHT GRAVELORDS,WIZARD (1),INFANTRY",Necrotising Bolts,ranged,6,4,4,1,2,18,Shoot in Combat,180,1,5,2,Default,1,,Failing Fortitude [Spell · Your Hero Phase · casting value 6 · Spell] | Trusted Lieutenant [Passive],Soulblight Gravelords - Library.cat#3e64-75ef-6627-5554
Vampire Lord,Soulblight Gravelords,Infantry Hero,5,3,6,"HERO,WIZARD (1),WARD (6+),DEATH,SOULBLIGHT GRAVELORDS,INFANTRY,VAMPIRE",Dynastic War-relic,melee,5,3,3,1,2,,"Anti-**^^Hero^^**(+1 Rend), Crit (2 Hits)",140,1,6,2,Default,1,,"Sanguine Blur [Activated · Once Per Turn (Army), Your Hero Phase]",Soulblight Gravelords - Library.cat#e9eb-ee3c-f16e-9d4e
Vampire Lord on Nightmare Steed,Soulblight Gravelords,Cavalry Hero,7,3,6,"HERO,WIZARD (1),WARD (6+),DEATH,SOULBLIGHT GRAVELORDS,VAMPIRE,CAVALRY",Dynastic Cavalier Weapon,melee,5,3,3,2,2,,Charge (+1 Damage),180,1,12,2,Default,1,,Strike at the Heart [Activated · Any Combat Phase] | 'For Glory! For Blood!' [Activated · Reaction: You declared a Charge ability for this unit],Soulblight Gravelords - Library.cat#9043-94cc-3918-acd9
Vampire Lord on Nightmare Steed,Soulblight Gravelords,Cavalry Hero,7,3,6,"HERO,WIZARD (1),WARD (6+),DEATH,SOULBLIGHT GRAVELORDS,VAMPIRE,CAVALRY",Nightmare’s Hooves and Teeth,melee,3,5,3,0,1,,Companion,180,1,12,2,Default,1,,Strike at the Heart [Activated · Any Combat Phase] | 'For Glory! For Blood!' [Activated · Reaction: You declared a Charge ability for this unit],Soulblight Gravelords - Library.cat#9043-94cc-3918-acd9
Vampire Lord on Zombie Dragon,Soulblight Gravelords,Monster Hero,16,3,6,"HERO,WIZARD (1),WARD (6+),DEATH,MONSTER,FLY,SOULBLIGHT GRAVELORDS,VAMPIRE",Pestilential Breath,ranged,3,2,4,1,2,10,"Shoot in Combat, Companion",400,1,12,5,Default,1,,"Battle Damaged [Passive] | Bloodthirsty Dominance [Activated · Once Per Turn (Army), End of Any Turn · Rampage] | That Which Should Not Be [Passive]",Soulblight Gravelords - Library.cat#3af7-48d-a1d4-a796
Vampire Lord on Zombie Dragon,Soulblight Gravelords,Monster Hero,16,3,6,"HERO,WIZARD (1),WARD (6+),DEATH,MONSTER,FLY,SOULBLIGHT GRAVELORDS,VAMPIRE",Dynastic Weapon,melee,4,3,3,2,2,,Charge (+1 Damage),400,1,12,5,Default,1,,"Battle Damaged [Passive] | Bloodthirsty Dominance [Activated · Once Per Turn (Army), End of Any Turn · Rampage] | That Which Should Not Be [Passive]",Soulblight Gravelords - Library.cat#3af7-48d-a1d4-a796
Vampire Lord on Zombie Dragon,Soulblight Gravelords,Monster Hero,16,3,6,"HERO,WIZARD (1),WARD (6+),DEATH,MONSTER,FLY,SOULBLIGHT GRAVELORDS,VAMPIRE",Draconic Maw,melee,3,4,2,2,3,,Companion,400,1,12,5,Default,1,,"Battle Damaged [Passive] | Bloodthirsty Dominance [Activated · Once Per Turn (Army), End of Any Turn · Rampage] | That Which Should Not Be [Passive]",Soulblight Gravelords - Library.cat#3af7-48d-a1d4-a796
Vampire Lord on Zombie Dragon,Soulblight Gravelords,Monster Hero,16,3,6,"HERO,WIZARD (1),WARD (6+),DEATH,MONSTER,FLY,SOULBLIGHT GRAVELORDS,VAMPIRE",Draconic Claws,melee,7,4,2,1,2,,Companion,400,1,12,5,Default,1,,"Battle Damaged [Passive] | Bloodthirsty Dominance [Activated · Once Per Turn (Army), End of Any Turn · Rampage] | That Which Should Not Be [Passive]",Soulblight Gravelords - Library.cat#3af7-48d-a1d4-a796
Vargheists,Soulblight Gravelords,Infantry,4,5,6,"DEATH,WARD (6+),CHAMPION,SOULBLIGHT GRAVELORDS,VAMPIRE,INFANTRY,FLY",Murderous Fangs and Talons,melee,3,4,3,1,2,,Crit (2 Hits),120,3,12,1,Default,3,,"Death's Descent [Activated · Once Per Turn (Army), Your Movement Phase · Core]",Soulblight Gravelords - Library.cat#1b5e-5f83-6c7a-e0cd
Vargskyr,Soulblight Gravelords,Beast,8,5,6,"DEATH,WARD (6+),SOULBLIGHT GRAVELORDS,VAMPIRE,BEAST",Lacerating Fangs,melee,2,4,2,2,3,,Companion,140,1,8,1,Default,1,,Beast [Passive] | Bounding Haste [Passive],Soulblight Gravelords - Library.cat#a48-c5c3-a40b-ae9e
Vargskyr,Soulblight Gravelords,Beast,8,5,6,"DEATH,WARD (6+),SOULBLIGHT GRAVELORDS,VAMPIRE,BEAST",Raking Talons,melee,4,4,2,1,2,,Companion,140,1,8,1,Default,1,,Beast [Passive] | Bounding Haste [Passive],Soulblight Gravelords - Library.cat#a48-c5c3-a40b-ae9e
Vengorian Lord,Soulblight Gravelords,Monster Hero,11,4,6,"HERO,WIZARD (1),WARD (6+),DEATH,MONSTER,FLY,SOULBLIGHT GRAVELORDS,VAMPIRE",Gore-drenched Talons,melee,3,3,2,3,3,,-,200,1,10,5,Default,1,,"Festering Feast [Activated · Once Per Turn (Army), End of Any Turn] | Scything Talons [Activated · Once Per Turn (Army), Any Combat Phase · Rampage] | Nightmare's Miasma [Passive]",Soulblight Gravelords - Library.cat#175a-20d0-dbbd-6630
Vengorian Lord,Soulblight Gravelords,Monster Hero,11,4,6,"HERO,WIZARD (1),WARD (6+),DEATH,MONSTER,FLY,SOULBLIGHT GRAVELORDS,VAMPIRE",Nightmare Sabre,melee,4,3,3,1,2,,-,200,1,10,5,Default,1,,"Festering Feast [Activated · Once Per Turn (Army), End of Any Turn] | Scything Talons [Activated · Once Per Turn (Army), Any Combat Phase · Rampage] | Nightmare's Miasma [Passive]",Soulblight Gravelords - Library.cat#175a-20d0-dbbd-6630
Vyrkos Blood-born,Soulblight Gravelords,Infantry,3,6,6,"DEATH,WARD (6+),SOULBLIGHT GRAVELORDS,INFANTRY,VAMPIRE",Piercing Blade,melee,3,3,3,1,2,,Crit (2 Hits),150,3,8,1,Default,3,,"Shadowfast [Activated · Once Per Turn (Army), End of Enemy Turn] | Cling to the Shadows [Passive]",Soulblight Gravelords - Library.cat#4987-23b7-4b68-330a
Watch Captain Halgrim,Soulblight Gravelords,Infantry Hero,5,4,6,"DEATH,HERO,UNIQUE,WARD (6+),SOULBLIGHT GRAVELORDS,INFANTRY,DEATHRATTLE",Cursed Halberd and Sabre,melee,5,4,3,2,2,,Crit (Mortal),110,1,6,2,Default,1,,Echoes of the Watch [Activated · Reaction: You declared a Fight ability for this unit] | Disciplined Advance [Passive],Soulblight Gravelords - Library.cat#a502-5f4e-6d32-43bd
Wight King,Soulblight Gravelords,Infantry Hero,5,3,6,"HERO,WARD (6+),DEATH,SOULBLIGHT GRAVELORDS,INFANTRY,DEATHRATTLE",Baleful Tomb Blade,melee,5,4,3,1,2,,Crit (Mortal),80,1,4,2,Default,1,,"Ancient Strategies [Activated · Reaction: You declared a Fight ability for this unit] | King of Shambling Bones [Activated · Once Per Turn (Army), Your Hero Phase]",Soulblight Gravelords - Library.cat#8dc4-aa60-df82-d6a5
Wight King on Skeletal Steed,Soulblight Gravelords,Cavalry Hero,8,3,6,"HERO,WARD (6+),DEATH,SOULBLIGHT GRAVELORDS,DEATHRATTLE,CAVALRY",King's Relic Weapon,melee,5,4,3,1,2,,"Charge (+1 Damage), Crit (Mortal)",180,1,10,2,Default,1,,Immortal Conqueror [Activated · Your Hero Phase] | Ancient Barrow Curse [Passive],Soulblight Gravelords - Library.cat#dfe3-12e9-b0d4-3603
Wight King on Skeletal Steed,Soulblight Gravelords,Cavalry Hero,8,3,6,"HERO,WARD (6+),DEATH,SOULBLIGHT GRAVELORDS,DEATHRATTLE,CAVALRY",Skeletal Steed’s Hooves and Teeth,melee,2,5,3,0,1,,Companion,180,1,10,2,Default,1,,Immortal Conqueror [Activated · Your Hero Phase] | Ancient Barrow Curse [Passive],Soulblight Gravelords - Library.cat#dfe3-12e9-b0d4-3603
Wight Lord on Skeletal Steed,Soulblight Gravelords,Cavalry Hero,7,3,6,"HERO,WARD (6+),DEATH,SOULBLIGHT GRAVELORDS,DEATHRATTLE,CAVALRY",Lord's Tomb Blade,melee,4,4,3,1,2,,"Charge (+1 Damage), Crit (Mortal)",110,1,10,2,Default,1,,Royal Companions [Activated · Reaction: You declared a Fight ability for this unit] | Lord of Trampling Bones [Passive],Soulblight Gravelords - Library.cat#ce3f-1647-a605-05c9
Wight Lord on Skeletal Steed,Soulblight Gravelords,Cavalry Hero,7,3,6,"HERO,WARD (6+),DEATH,SOULBLIGHT GRAVELORDS,DEATHRATTLE,CAVALRY",Skeletal Steed’s Hooves and Teeth,melee,2,5,3,0,1,,Companion,110,1,10,2,Default,1,,Royal Companions [Activated · Reaction: You declared a Fight ability for this unit] | Lord of Trampling Bones [Passive],Soulblight Gravelords - Library.cat#ce3f-1647-a605-05c9
Zondara's Gravebreakers,Soulblight Gravelords,,2,6,6,"INFANTRY,UNIQUE,WARD (6+),DEATH,CHAMPION,SOULBLIGHT GRAVELORDS,DEADWALKERS",Graverobber’s Tools,melee,3,4,4,0,1,,-,120,5,4,1,Default,4,,Zondara Rivenheart [Passive] | Wrest from the Realms [Activated · Your Hero Phase],Soulblight Gravelords - Library.cat#70eb-cf32-09df-3ad9
Zondara's Gravebreakers,Soulblight Gravelords,,2,6,6,"INFANTRY,UNIQUE,WARD (6+),DEATH,CHAMPION,SOULBLIGHT GRAVELORDS,DEADWALKERS",Rending Claws,melee,4,4,3,1,2,,-,120,5,4,1,Default,1,,Zondara Rivenheart [Passive] | Wrest from the Realms [Activated · Your Hero Phase],Soulblight Gravelords - Library.cat#70eb-cf32-09df-3ad9
Aetherwings,Stormcast Eternals,Beast,2,6,,"ORDER,STORMCAST ETERNALS,VANGUARD CHAMBER,BEAST,FLY",Beak and Claws,melee,2,4,4,0,1,,Companion,80,3,14,1,Default,3,,Marked for Destruction [Passive],Stormcast Eternals - Library.cat#c6fc-b74d-ee51-d3d0
Annihilators,Stormcast Eternals,Infantry,3,2,,"INFANTRY,CHAMPION,ORDER,STORMCAST ETERNALS,WARRIOR CHAMBER",Meteoric Hammer,melee,3,3,3,1,2,,-,130,3,4,1,Default,3,,Brace for Impact [Activated · Any Charge Phase] | Blazing Impact [Activated · Your Movement Phase],Stormcast Eternals - Library.cat#abd7-bf0a-b2f9-8cc2
Annihilators with Meteoric Grandhammers,Stormcast Eternals,Infantry,3,3,,"INFANTRY,CHAMPION,ORDER,STORMCAST ETERNALS,WARRIOR CHAMBER",Meteoric Grandhammer,melee,3,3,2,2,3,,-,180,3,4,1,Default,3,,Force of a Falling Star [Activated · Any Charge Phase] | Blazing Impact [Activated · Your Movement Phase],Stormcast Eternals - Library.cat#ab5c-802f-f55c-2c2a
Astreia Solbright,Stormcast Eternals,Cavalry Hero,8,3,,"HERO,UNIQUE,ORDER,STORMCAST ETERNALS,SACROSANCT CHAMBER,CAVALRY,WIZARD (1)",Astreia’s Aetherstave,melee,4,3,3,1,2,,Crit (Mortal),220,1,10,2,Default,1,,Lightning Pulse [Spell · Your Hero Phase · casting value 6 · Spell] | Thunderous Pounce [Activated · Your Charge Phase] | Soul Energy of the First Host [Activated · Any Combat Phase],Stormcast Eternals - Library.cat#9fa1-9540-6069-3c75
Astreia Solbright,Stormcast Eternals,Cavalry Hero,8,3,,"HERO,UNIQUE,ORDER,STORMCAST ETERNALS,SACROSANCT CHAMBER,CAVALRY,WIZARD (1)",Kazra’s Monstrous Claws,melee,3,3,3,1,2,,Companion,220,1,10,2,Default,1,,Lightning Pulse [Spell · Your Hero Phase · casting value 6 · Spell] | Thunderous Pounce [Activated · Your Charge Phase] | Soul Energy of the First Host [Activated · Any Combat Phase],Stormcast Eternals - Library.cat#9fa1-9540-6069-3c75
"Aventis Firestrike, Magister of Hammerhal",Stormcast Eternals,Monster Hero,12,3,,"HERO,FLY,UNIQUE,ORDER,STORMCAST ETERNALS,MONSTER,WIZARD (2),SACROSANCT CHAMBER",Staff of Hammerhal,melee,4,3,3,2,2,,-,310,1,14,5,Default,1,,"Pyroelectric Blast [Spell · Your Hero Phase · casting value 6 · Spell] | Comet Trail [Activated · Once Per Turn (Army), Any Combat Phase · Rampage] | Thunderhead Crown [Activated · Your Hero Phase]",Stormcast Eternals - Library.cat#a169-16d2-44ab-4c13
"Aventis Firestrike, Magister of Hammerhal",Stormcast Eternals,Monster Hero,12,3,,"HERO,FLY,UNIQUE,ORDER,STORMCAST ETERNALS,MONSTER,WIZARD (2),SACROSANCT CHAMBER",Loithar’s Stamping Hooves,melee,3,4,3,1,2,,Companion,310,1,14,5,Default,1,,"Pyroelectric Blast [Spell · Your Hero Phase · casting value 6 · Spell] | Comet Trail [Activated · Once Per Turn (Army), Any Combat Phase · Rampage] | Thunderhead Crown [Activated · Your Hero Phase]",Stormcast Eternals - Library.cat#a169-16d2-44ab-4c13
Castigators,Stormcast Eternals,Infantry,2,3,,"CHAMPION,ORDER,STORMCAST ETERNALS,SACROSANCT CHAMBER,INFANTRY",Thunderhead Greatbow,ranged,3,3,3,1,1,15,"Anti-**^^Cavalry^^** (+1 Rend), Crit (2 Hits)",110,3,5,1,Default,3,,Dependable Gryph-hound [Passive] | Castigator Aetheric Channelling [Activated · Your Shooting Phase] | Scouting Companion [Activated · Reaction: You declared a Shoot ability for this unit],Stormcast Eternals - Library.cat#976f-374d-480c-0ee0
Castigators,Stormcast Eternals,Infantry,2,3,,"CHAMPION,ORDER,STORMCAST ETERNALS,SACROSANCT CHAMBER,INFANTRY",Greatbow Stock,melee,1,3,3,0,1,,-,110,3,5,1,Default,3,,Dependable Gryph-hound [Passive] | Castigator Aetheric Channelling [Activated · Your Shooting Phase] | Scouting Companion [Activated · Reaction: You declared a Shoot ability for this unit],Stormcast Eternals - Library.cat#976f-374d-480c-0ee0
"Celestant-Prime, Hammer of Sigmar",Stormcast Eternals,Infantry Hero,10,3,5,"HERO,FLY,WARD (5+),WARMASTER,UNIQUE,ORDER,STORMCAST ETERNALS,INFANTRY",Ghal Maraz,melee,6,3,2,2,4,,Crit (Mortal),240,1,12,2,Default,1,,"Cometstrike Sceptre [Passive] | Retribution From on High [Activated · Once Per Battle, Your Movement Phase]",Stormcast Eternals - Library.cat#ed87-8b4f-7c45-42a5
Celestar Ballista,Stormcast Eternals,War Machine,6,3,,"ORDER,STORMCAST ETERNALS,SACROSANCT CHAMBER,WAR MACHINE",Celestar Stormbolts,ranged,9,4,2,1,1,18,"Anti-**^^Monster^^** (+1 Rend), Crit (2 Hits)",120,1,3,2,Default,1,,"Stormbolt Tempest [Activated · Once Per Battle (Army), Any Combat Phase]",Stormcast Eternals - Library.cat#8824-e8f0-d061-b64d
Celestar Ballista,Stormcast Eternals,War Machine,6,3,,"ORDER,STORMCAST ETERNALS,SACROSANCT CHAMBER,WAR MACHINE",Sacristan Engineers’ Blades,melee,2,3,3,1,1,,-,120,1,3,2,Default,1,,"Stormbolt Tempest [Activated · Once Per Battle (Army), Any Combat Phase]",Stormcast Eternals - Library.cat#8824-e8f0-d061-b64d
Celestian Vortex,Stormcast Eternals,,1,6,6,"WARD (6+),MANIFESTATION,ENDLESS SPELL,FLY,ORDER,STORMCAST ETERNALS",Storm of Vengeance,melee,12,4,4,1,1,,Crit (Auto-wound),,1,,,,,,Tornado of Magic [Passive],Stormcast Eternals - Library.cat#ee09-decd-ff1a-ce30
Decimators,Stormcast Eternals,Infantry,3,3,,"CHAMPION,ORDER,STORMCAST ETERNALS,INFANTRY,WARRIOR CHAMBER",Starsoul Mace,melee,1,3,3,2,3,,Crit (Mortal),240,5,4,1,Option,,,Decimating Blow [Passive],Stormcast Eternals - Library.cat#0c95-4d05-6cbb-210d
Decimators,Stormcast Eternals,Infantry,3,3,,"CHAMPION,ORDER,STORMCAST ETERNALS,INFANTRY,WARRIOR CHAMBER",Decimator Thunderaxe,melee,4,3,3,1,1,,Crit (2 Hits),240,5,4,1,Default,5,,Decimating Blow [Passive],Stormcast Eternals - Library.cat#0c95-4d05-6cbb-210d
Domitan's Stormcoven,Stormcast Eternals,,3,3,,"ORDER,INFANTRY,UNIQUE,STORMCAST ETERNALS,WIZARD (1),WARRIOR CHAMBER",Azyrite Bolts,ranged,2,3,4,1,2,18,-,210,3,5,1,Default,3,,Gather the Aether [Passive] | Aethershock [Spell · Your Hero Phase · casting value 7 · Spell],Stormcast Eternals - Library.cat#784c-e453-6a6b-05fe
Domitan's Stormcoven,Stormcast Eternals,,3,3,,"ORDER,INFANTRY,UNIQUE,STORMCAST ETERNALS,WIZARD (1),WARRIOR CHAMBER",Valedictor Weapons,melee,3,3,3,1,2,,-,210,3,5,1,Default,3,,Gather the Aether [Passive] | Aethershock [Spell · Your Hero Phase · casting value 7 · Spell],Stormcast Eternals - Library.cat#784c-e453-6a6b-05fe
Dracothian Guard Concussors,Stormcast Eternals,Cavalry,5,3,,"ORDER,STORMCAST ETERNALS,EXTREMIS CHAMBER,CAVALRY",Stormblast,ranged,1,3,3,2,2,10,"Crit (2 Hits), Companion",200,2,10,2,Default,2,,"Thunderstruck [Activated · Once Per Turn (Army), Any Combat Phase]",Stormcast Eternals - Library.cat#1b86-303a-7b34-526b
Dracothian Guard Concussors,Stormcast Eternals,Cavalry,5,3,,"ORDER,STORMCAST ETERNALS,EXTREMIS CHAMBER,CAVALRY",Lightning Hammer,melee,3,3,2,1,2,,Crit (Mortal),200,2,10,2,Default,2,,"Thunderstruck [Activated · Once Per Turn (Army), Any Combat Phase]",Stormcast Eternals - Library.cat#1b86-303a-7b34-526b
Dracothian Guard Concussors,Stormcast Eternals,Cavalry,5,3,,"ORDER,STORMCAST ETERNALS,EXTREMIS CHAMBER,CAVALRY",Dracoth’s Claws and Fangs,melee,3,4,2,2,2,,Companion,200,2,10,2,Default,2,,"Thunderstruck [Activated · Once Per Turn (Army), Any Combat Phase]",Stormcast Eternals - Library.cat#1b86-303a-7b34-526b
Dracothian Guard Desolators,Stormcast Eternals,Cavalry,5,3,,"ORDER,STORMCAST ETERNALS,EXTREMIS CHAMBER,CAVALRY",Stormblast,ranged,1,3,3,2,2,10,"Crit (2 Hits), Companion",170,2,10,2,Default,2,,Cleaving Blow [Passive],Stormcast Eternals - Library.cat#bd45-af2b-6ae7-7636
Dracothian Guard Desolators,Stormcast Eternals,Cavalry,5,3,,"ORDER,STORMCAST ETERNALS,EXTREMIS CHAMBER,CAVALRY",Thunderaxe,melee,3,3,3,1,2,,Anti-**^^Infantry^^** (+1 Rend),170,2,10,2,Default,2,,Cleaving Blow [Passive],Stormcast Eternals - Library.cat#bd45-af2b-6ae7-7636
Dracothian Guard Desolators,Stormcast Eternals,Cavalry,5,3,,"ORDER,STORMCAST ETERNALS,EXTREMIS CHAMBER,CAVALRY",Dracoth’s Claws and Fangs,melee,3,4,2,2,2,,Companion,170,2,10,2,Default,2,,Cleaving Blow [Passive],Stormcast Eternals - Library.cat#bd45-af2b-6ae7-7636
Dracothian Guard Fulminators,Stormcast Eternals,Cavalry,5,3,,"ORDER,STORMCAST ETERNALS,EXTREMIS CHAMBER,CAVALRY",Stormblast,ranged,1,3,3,2,2,10,"Crit (2 Hits), Companion",190,2,10,2,Default,2,,Impaling Strikes [Activated · Any Charge Phase],Stormcast Eternals - Library.cat#7d69-482-91aa-e846
Dracothian Guard Fulminators,Stormcast Eternals,Cavalry,5,3,,"ORDER,STORMCAST ETERNALS,EXTREMIS CHAMBER,CAVALRY",Stormstrike Glaive,melee,3,3,3,1,2,,Charge (+1 Damage),190,2,10,2,Default,2,,Impaling Strikes [Activated · Any Charge Phase],Stormcast Eternals - Library.cat#7d69-482-91aa-e846
Dracothian Guard Fulminators,Stormcast Eternals,Cavalry,5,3,,"ORDER,STORMCAST ETERNALS,EXTREMIS CHAMBER,CAVALRY",Dracoth’s Claws and Fangs,melee,3,4,2,2,2,,Companion,190,2,10,2,Default,2,,Impaling Strikes [Activated · Any Charge Phase],Stormcast Eternals - Library.cat#7d69-482-91aa-e846
Dracothian Guard Tempestors,Stormcast Eternals,Cavalry,5,3,,"ORDER,STORMCAST ETERNALS,EXTREMIS CHAMBER,CAVALRY",Volleystorm Crossbow,ranged,3,3,3,1,1,12,Crit (2 Hits),170,2,10,2,Default,2,,Overwhelming Volleystorm [Activated · Any Shooting Phase],Stormcast Eternals - Library.cat#ac89-7f77-6744-c172
Dracothian Guard Tempestors,Stormcast Eternals,Cavalry,5,3,,"ORDER,STORMCAST ETERNALS,EXTREMIS CHAMBER,CAVALRY",Warblade,melee,2,3,3,1,1,,-,170,2,10,2,Default,2,,Overwhelming Volleystorm [Activated · Any Shooting Phase],Stormcast Eternals - Library.cat#ac89-7f77-6744-c172
Dracothian Guard Tempestors,Stormcast Eternals,Cavalry,5,3,,"ORDER,STORMCAST ETERNALS,EXTREMIS CHAMBER,CAVALRY",Dracoth’s Claws and Fangs,melee,3,4,2,2,2,,Companion,170,2,10,2,Default,2,,Overwhelming Volleystorm [Activated · Any Shooting Phase],Stormcast Eternals - Library.cat#ac89-7f77-6744-c172
Dracothian Guard Tempestors,Stormcast Eternals,Cavalry,5,3,,"ORDER,STORMCAST ETERNALS,EXTREMIS CHAMBER,CAVALRY",Stormblast,ranged,1,3,3,2,2,10,"Crit (2 Hits), Companion",170,2,10,2,Default,2,,Overwhelming Volleystorm [Activated · Any Shooting Phase],Stormcast Eternals - Library.cat#ac89-7f77-6744-c172
Drakesworn Templar,Stormcast Eternals,Monster Hero,18,3,,"HERO,ORDER,STORMCAST ETERNALS,MONSTER,FLY,EXTREMIS CHAMBER",Skybolt Bow,ranged,2,3,2,1,1,18,Crit (Auto-wound),390,1,12,5,Default,1,,"Monstrous Challenge [Activated · Once Per Turn (Army), Your Combat Phase · Rampage] | Battle Damaged [Passive]",Stormcast Eternals - Library.cat#2def-8a05-fe6-e8ca
Drakesworn Templar,Stormcast Eternals,Monster Hero,18,3,,"HERO,ORDER,STORMCAST ETERNALS,MONSTER,FLY,EXTREMIS CHAMBER",Templar Weapons,melee,5,3,3,1,2,,"Anti-**^^Hero^^** (+1 Rend), Anti-**^^Monster^^** (+1 Rend)",390,1,12,5,Default,1,,"Monstrous Challenge [Activated · Once Per Turn (Army), Your Combat Phase · Rampage] | Battle Damaged [Passive]",Stormcast Eternals - Library.cat#2def-8a05-fe6-e8ca
Drakesworn Templar,Stormcast Eternals,Monster Hero,18,3,,"HERO,ORDER,STORMCAST ETERNALS,MONSTER,FLY,EXTREMIS CHAMBER",Stardrake’s Cavernous Jaws,melee,7,4,2,2,3,,Companion,390,1,12,5,Default,1,,"Monstrous Challenge [Activated · Once Per Turn (Army), Your Combat Phase · Rampage] | Battle Damaged [Passive]",Stormcast Eternals - Library.cat#2def-8a05-fe6-e8ca
Drakesworn Templar,Stormcast Eternals,Monster Hero,18,3,,"HERO,ORDER,STORMCAST ETERNALS,MONSTER,FLY,EXTREMIS CHAMBER",Rain of Stars,ranged,4,3,2,2,2,24,Companion,390,1,12,5,Default,1,,"Monstrous Challenge [Activated · Once Per Turn (Army), Your Combat Phase · Rampage] | Battle Damaged [Passive]",Stormcast Eternals - Library.cat#2def-8a05-fe6-e8ca
Evocators,Stormcast Eternals,Infantry,3,3,,"CHAMPION,ORDER,STORMCAST ETERNALS,SACROSANCT CHAMBER,INFANTRY",Evocator Weapons,melee,3,3,3,1,1,,Crit (Mortal),180,5,5,2,Default,5,,Warrior Mages [Passive] | Empower [Activated · Any Combat Phase],Stormcast Eternals - Library.cat#2a70-505f-0d78-6f3e
Evocators on Celestial Dracolines,Stormcast Eternals,Cavalry,5,3,,"CHAMPION,ORDER,STORMCAST ETERNALS,SACROSANCT CHAMBER,CAVALRY",Evocator Weapons,melee,3,3,3,1,1,,Crit (Mortal),240,3,10,2,Default,3,,Warrior Mages [Passive] | Dracoline Fury [Passive],Stormcast Eternals - Library.cat#b47e-39f4-710b-042a
Evocators on Celestial Dracolines,Stormcast Eternals,Cavalry,5,3,,"CHAMPION,ORDER,STORMCAST ETERNALS,SACROSANCT CHAMBER,CAVALRY",Celestial Dracoline’s Claws,melee,3,3,3,1,2,,Companion,240,3,10,2,Default,3,,Warrior Mages [Passive] | Dracoline Fury [Passive],Stormcast Eternals - Library.cat#b47e-39f4-710b-042a
Gardus Steel Soul,Stormcast Eternals,Infantry Hero,6,3,5,"HERO,WARD (5+),UNIQUE,ORDER,STORMCAST ETERNALS,INFANTRY,WARRIOR CHAMBER",Sigmarite Runeblade and Warhammer,melee,5,3,3,1,2,,Crit (Auto-wound),160,1,5,2,Default,1,,"Aura of Purity [Passive] | Saintly Assault [Activated · Once Per Battle, Your Charge Phase]",Stormcast Eternals - Library.cat#227e-824c-67f-e51f
Gavriel Sureheart,Stormcast Eternals,Infantry Hero,6,3,,"HERO,ORDER,STORMCAST ETERNALS,INFANTRY,WARRIOR CHAMBER,UNIQUE",Starbound Blade,melee,5,3,3,1,2,,Crit (Mortal),120,1,5,2,Default,1,,"Once More, For Sigmar, Charge! [Activated · Your Charge Phase] | Sigmarite Thundershield [Passive]",Stormcast Eternals - Library.cat#f701-73e7-fd98-6d54
Gryph-hounds,Stormcast Eternals,Beast,2,6,,"ORDER,STORMCAST ETERNALS,BEAST,CHAMPION",Vicious Beak and Claws,melee,4,4,4,0,1,,Companion,90,6,9,1,Default,6,,Warning Cry [Activated · Any Shooting Phase],Stormcast Eternals - Library.cat#1e20-a039-6cc2-fc6c
"Ionus Cryptborn, Warden of Lost Souls",Stormcast Eternals,Monster Hero,16,3,,"HERO,FLY,WARMASTER,UNIQUE,ORDER,STORMCAST ETERNALS,MONSTER,PRIEST (2),RUINATION CHAMBER",Spirit-scouring Flames,ranged,9,2,4,2,1,10,"Shoot in Combat, Companion",340,1,12,5,Default,1,,"Battle Damaged [Passive] | Lightning Tempest [Prayer · Your Hero Phase · chanting value 5 · Prayer] | Spirit-scouring Flames [Activated · Once Per Turn (Army), Any Shooting Phase · Rampage] | Soulburned [Activated · Any Shooting Phase]",Stormcast Eternals - Library.cat#f96a-5448-b667-1ed5
"Ionus Cryptborn, Warden of Lost Souls",Stormcast Eternals,Monster Hero,16,3,,"HERO,FLY,WARMASTER,UNIQUE,ORDER,STORMCAST ETERNALS,MONSTER,PRIEST (2),RUINATION CHAMBER",Soulbreaker,melee,4,3,3,1,2,,-,340,1,12,5,Default,1,,"Battle Damaged [Passive] | Lightning Tempest [Prayer · Your Hero Phase · chanting value 5 · Prayer] | Spirit-scouring Flames [Activated · Once Per Turn (Army), Any Shooting Phase · Rampage] | Soulburned [Activated · Any Shooting Phase]",Stormcast Eternals - Library.cat#f96a-5448-b667-1ed5
"Ionus Cryptborn, Warden of Lost Souls",Stormcast Eternals,Monster Hero,16,3,,"HERO,FLY,WARMASTER,UNIQUE,ORDER,STORMCAST ETERNALS,MONSTER,PRIEST (2),RUINATION CHAMBER",Cthorak’s Ancient Claws,melee,6,4,2,2,3,,Companion,340,1,12,5,Default,1,,"Battle Damaged [Passive] | Lightning Tempest [Prayer · Your Hero Phase · chanting value 5 · Prayer] | Spirit-scouring Flames [Activated · Once Per Turn (Army), Any Shooting Phase · Rampage] | Soulburned [Activated · Any Shooting Phase]",Stormcast Eternals - Library.cat#f96a-5448-b667-1ed5
Iridan the Witness,Stormcast Eternals,Monster Hero,12,3,,"HERO,FLY,UNIQUE,ORDER,STORMCAST ETERNALS,MONSTER,PRIEST (1),RUINATION CHAMBER",Axe of the Final Threshold,melee,4,3,3,2,2,,Crit (Mortal),260,1,12,5,Default,1,,"Prayer of the Witness [Prayer · Your Hero Phase · chanting value 4 · Prayer] | Dark Flight [Activated · Once Per Turn (Army), End of Any Turn · Rampage]",Stormcast Eternals - Library.cat#278f-91b3-fedc-1b1a
Iridan the Witness,Stormcast Eternals,Monster Hero,12,3,,"HERO,FLY,UNIQUE,ORDER,STORMCAST ETERNALS,MONSTER,PRIEST (1),RUINATION CHAMBER",Ariax's Talons,melee,6,4,2,2,2,,"Crit (2 Hits), Companion",260,1,12,5,Default,1,,"Prayer of the Witness [Prayer · Your Hero Phase · chanting value 4 · Prayer] | Dark Flight [Activated · Once Per Turn (Army), End of Any Turn · Rampage]",Stormcast Eternals - Library.cat#278f-91b3-fedc-1b1a
Judicators with Boltstorm Crossbows,Stormcast Eternals,Infantry,2,3,,"CHAMPION,ORDER,STORMCAST ETERNALS,INFANTRY,WARRIOR CHAMBER",Storm Gladius,melee,1,3,3,1,1,,-,160,5,5,1,Default,5,,"Hail of Bolts [Activated · Once Per Turn (Army), Any Shooting Phase]",Stormcast Eternals - Library.cat#87d2-4c1a-cbde-a9f9
Judicators with Boltstorm Crossbows,Stormcast Eternals,Infantry,2,3,,"CHAMPION,ORDER,STORMCAST ETERNALS,INFANTRY,WARRIOR CHAMBER",Boltstorm Crossbow,ranged,3,3,3,0,1,15,Anti-**^^Infantry^^**  (+1 Rend),160,5,5,1,Default,5,,"Hail of Bolts [Activated · Once Per Turn (Army), Any Shooting Phase]",Stormcast Eternals - Library.cat#87d2-4c1a-cbde-a9f9
Judicators with Boltstorm Crossbows,Stormcast Eternals,Infantry,2,3,,"CHAMPION,ORDER,STORMCAST ETERNALS,INFANTRY,WARRIOR CHAMBER",Thunderbolt Crossbow,ranged,3,3,3,0,2,15,Anti-**^^Infantry^^** (+1 Rend),160,5,5,1,Option,,,"Hail of Bolts [Activated · Once Per Turn (Army), Any Shooting Phase]",Stormcast Eternals - Library.cat#87d2-4c1a-cbde-a9f9
Judicators with Skybolt Bows,Stormcast Eternals,Infantry,2,3,,"CHAMPION,ORDER,STORMCAST ETERNALS,INFANTRY,WARRIOR CHAMBER",Storm Gladius,melee,1,3,3,1,1,,-,140,5,5,1,Default,5,,"Subduing Shots [Activated · Once Per Turn (Army), Any Shooting Phase]",Stormcast Eternals - Library.cat#57c8-4a7e-b7f6-cf5b
Judicators with Skybolt Bows,Stormcast Eternals,Infantry,2,3,,"CHAMPION,ORDER,STORMCAST ETERNALS,INFANTRY,WARRIOR CHAMBER",Shockbolt Bow,ranged,5,3,3,1,1,18,Anti-**^^Monster^^** (+1 Rend),140,5,5,1,Option,,,"Subduing Shots [Activated · Once Per Turn (Army), Any Shooting Phase]",Stormcast Eternals - Library.cat#57c8-4a7e-b7f6-cf5b
Judicators with Skybolt Bows,Stormcast Eternals,Infantry,2,3,,"CHAMPION,ORDER,STORMCAST ETERNALS,INFANTRY,WARRIOR CHAMBER",Skybolt Bow,ranged,2,3,3,1,1,18,Crit (Auto-wound),140,5,5,1,Default,5,,"Subduing Shots [Activated · Once Per Turn (Army), Any Shooting Phase]",Stormcast Eternals - Library.cat#57c8-4a7e-b7f6-cf5b
Karazai the Scarred,Stormcast Eternals,Monster Hero,20,3,,"HERO,UNIQUE,ORDER,STORMCAST ETERNALS,WARMASTER,MONSTER,FLY",Blazing Tempest,ranged,1,2,3,2,5,12,Shoot in Combat,420,1,12,5,Default,1,,"Calamitous Tail Sweep [Activated · Once Per Turn (Army), Any Combat Phase · Rampage] | Fires of Retribution [Passive] | Ancient Master of War [Activated · Any Combat Phase]",Stormcast Eternals - Library.cat#c6c-d912-2899-5073
Karazai the Scarred,Stormcast Eternals,Monster Hero,20,3,,"HERO,UNIQUE,ORDER,STORMCAST ETERNALS,WARMASTER,MONSTER,FLY",Annihilating Jaws,melee,4,3,2,2,4,,Anti-**^^Infantry^^** (+1 Rend),420,1,12,5,Default,1,,"Calamitous Tail Sweep [Activated · Once Per Turn (Army), Any Combat Phase · Rampage] | Fires of Retribution [Passive] | Ancient Master of War [Activated · Any Combat Phase]",Stormcast Eternals - Library.cat#c6c-d912-2899-5073
Karazai the Scarred,Stormcast Eternals,Monster Hero,20,3,,"HERO,UNIQUE,ORDER,STORMCAST ETERNALS,WARMASTER,MONSTER,FLY",Drake-lord’s Talons,melee,6,3,2,2,2,,-,420,1,12,5,Default,1,,"Calamitous Tail Sweep [Activated · Once Per Turn (Army), Any Combat Phase · Rampage] | Fires of Retribution [Passive] | Ancient Master of War [Activated · Any Combat Phase]",Stormcast Eternals - Library.cat#c6c-d912-2899-5073
Knight-Arcanum,Stormcast Eternals,Infantry Hero,6,3,,"HERO,ORDER,STORMCAST ETERNALS,INFANTRY,WARRIOR CHAMBER,WIZARD (1)",Valedictor’s Stave,melee,3,3,3,1,2,,Anti-**^^Manifestation^^** (+1 Rend),120,1,5,2,Default,1,,Indomitable Loreseekers [Passive],Stormcast Eternals - Library.cat#3335-9e70-ec3d-f966
Knight-Azyros,Stormcast Eternals,Infantry Hero,6,3,,"HERO,ORDER,STORMCAST ETERNALS,RUINATION CHAMBER,FLY,INFANTRY",Star-blessed Weapon,melee,5,3,3,1,2,,-,110,1,12,5,Default,1,,"Light in the Dark [Activated · Once Per Turn (Army), End of Any Turn] | The Light of Sigmar [Activated · Any Combat Phase]",Stormcast Eternals - Library.cat#7099-e138-068d-e37a
Knight-Draconis,Stormcast Eternals,Monster Hero,11,3,,"HERO,ORDER,STORMCAST ETERNALS,MONSTER,FLY,EXTREMIS CHAMBER",Draconic Flamestream,ranged,4,2,3,2,1,10,"Shoot in Combat, Companion",230,1,12,5,Default,1,,"Arcane Heritage [Activated · Reaction: Opponent declared a Spell ability] | Wrath of the Draconith [Activated · Once Per Turn (Army), Any Combat Phase · Rampage]",Stormcast Eternals - Library.cat#1b67-5ed1-5c9d-388f
Knight-Draconis,Stormcast Eternals,Monster Hero,11,3,,"HERO,ORDER,STORMCAST ETERNALS,MONSTER,FLY,EXTREMIS CHAMBER",Aeonfire Blade,melee,5,3,2,2,2,,-,230,1,12,5,Default,1,,"Arcane Heritage [Activated · Reaction: Opponent declared a Spell ability] | Wrath of the Draconith [Activated · Once Per Turn (Army), Any Combat Phase · Rampage]",Stormcast Eternals - Library.cat#1b67-5ed1-5c9d-388f
Knight-Draconis,Stormcast Eternals,Monster Hero,11,3,,"HERO,ORDER,STORMCAST ETERNALS,MONSTER,FLY,EXTREMIS CHAMBER",Draconith’s Fangs and Talons,melee,4,4,2,2,2,,Companion,230,1,12,5,Default,1,,"Arcane Heritage [Activated · Reaction: Opponent declared a Spell ability] | Wrath of the Draconith [Activated · Once Per Turn (Army), Any Combat Phase · Rampage]",Stormcast Eternals - Library.cat#1b67-5ed1-5c9d-388f
Knight-Heraldor,Stormcast Eternals,Infantry Hero,6,3,,"HERO,ORDER,STORMCAST ETERNALS,INFANTRY,WARRIOR CHAMBER",Sigmarite Broadsword,melee,3,3,3,1,2,,-,110,1,5,2,Default,1,,Thunderblast [Activated · Your Shooting Phase] | Call to Battle [Passive],Stormcast Eternals - Library.cat#a36f-a410-048c-e018
Knight-Incantor,Stormcast Eternals,Infantry Hero,6,3,,"HERO,ORDER,STORMCAST ETERNALS,SACROSANCT CHAMBER,WIZARD (1),INFANTRY",Incantor’s Staff,melee,3,3,3,1,2,,-,140,1,5,2,Default,1,,"Voidstorm Scroll [Activated · Once Per Battle, Reaction: Opponent declared a Spell ability for a Wizard within 30"" of this unit · Unbind] | Aetheric Destabilisation [Passive]",Stormcast Eternals - Library.cat#c029-12b6-9c8d-d1ef
Knight-Judicator with Gryph-hounds,Stormcast Eternals,Infantry Hero,6,3,,"HERO,ORDER,STORMCAST ETERNALS,INFANTRY,WARRIOR CHAMBER",Terminus Greatbow,ranged,3,3,3,2,3,18,-,130,1,6,2,Default,1,,"Faithful Gryph-hounds [Passive] | Hunting Hounds [Activated · Once Per Turn (Army), Your Movement Phase]",Stormcast Eternals - Library.cat#8934-66a7-47ba-727d
Knight-Judicator with Gryph-hounds,Stormcast Eternals,Infantry Hero,6,3,,"HERO,ORDER,STORMCAST ETERNALS,INFANTRY,WARRIOR CHAMBER",Judicator’s Warblade,melee,3,3,3,1,1,,-,130,1,6,2,Default,1,,"Faithful Gryph-hounds [Passive] | Hunting Hounds [Activated · Once Per Turn (Army), Your Movement Phase]",Stormcast Eternals - Library.cat#8934-66a7-47ba-727d
Knight-Questor,Stormcast Eternals,Infantry Hero,6,3,,"HERO,ORDER,STORMCAST ETERNALS,INFANTRY,WARRIOR CHAMBER",Questor Warblade,melee,5,3,3,1,2,,"Anti-**^^Hero^^** (+1 Rend),Crit (Mortal)",110,1,5,2,Default,1,,"His Will Be Done [Passive] | Heroic Retribution [Activated · Reaction: You declared a Fight ability for this unit] | Ordained Quest [Activated · Once Per Battle (Army), Deployment Phase]",Stormcast Eternals - Library.cat#9f39-a639-e695-6de3
Knight-Relictor,Stormcast Eternals,Infantry Hero,6,3,,"HERO,ORDER,STORMCAST ETERNALS,INFANTRY,WARRIOR CHAMBER,PRIEST (1)",Relic Maul,melee,3,3,3,1,2,,-,120,1,5,2,Default,1,,Relic Censer [Activated · Your Shooting Phase],Stormcast Eternals - Library.cat#f858-254e-aaeb-4d19
Knight-Venator,Stormcast Eternals,Infantry Hero,6,3,,"HERO,ORDER,STORMCAST ETERNALS,INFANTRY,WARRIOR CHAMBER,FLY",Realmhunter’s Bow,ranged,6,3,3,1,1,24,"Anti-**^^Monster^^** (+1 Rend), Crit (2 Hits)",170,1,12,2,Default,1,,"Star-fated Arrow [Activated · Once Per Battle (Army), Your Shooting Phase · Core, Attack, Shoot]",Stormcast Eternals - Library.cat#d5aa-f736-3c06-d6ad
Knight-Venator,Stormcast Eternals,Infantry Hero,6,3,,"HERO,ORDER,STORMCAST ETERNALS,INFANTRY,WARRIOR CHAMBER,FLY",Bowstave,melee,3,3,3,0,1,,-,170,1,12,2,Default,1,,"Star-fated Arrow [Activated · Once Per Battle (Army), Your Shooting Phase · Core, Attack, Shoot]",Stormcast Eternals - Library.cat#d5aa-f736-3c06-d6ad
Knight-Venator,Stormcast Eternals,Infantry Hero,6,3,,"HERO,ORDER,STORMCAST ETERNALS,INFANTRY,WARRIOR CHAMBER,FLY",Star-eagle’s Celestial Talons,melee,2,4,3,0,1,,Companion,170,1,12,2,Default,1,,"Star-fated Arrow [Activated · Once Per Battle (Army), Your Shooting Phase · Core, Attack, Shoot]",Stormcast Eternals - Library.cat#d5aa-f736-3c06-d6ad
Knight-Vexillor,Stormcast Eternals,Infantry Hero,6,3,,"HERO,ORDER,STORMCAST ETERNALS,INFANTRY,WARRIOR CHAMBER",Sigmarite Warblade,melee,4,3,3,1,2,,-,100,1,5,5,Default,1,,The Banner of the Reforged [Activated · Any Hero Phase],Stormcast Eternals - Library.cat#276b-7c3d-995e-f24d
Knight-Zephyros,Stormcast Eternals,Infantry Hero,6,3,,"HERO,ORDER,STORMCAST ETERNALS,INFANTRY,VANGUARD CHAMBER",Stormshot Pistol,ranged,3,3,3,0,1,12,Anti-**^^Hero^^** (+1 Rend),130,1,7,2,Default,1,,"Tireless Hunter [Activated · Once Per Turn (Army), Your Movement Phase]",Stormcast Eternals - Library.cat#f0d9-5cb2-345b-565e
Knight-Zephyros,Stormcast Eternals,Infantry Hero,6,3,,"HERO,ORDER,STORMCAST ETERNALS,INFANTRY,VANGUARD CHAMBER",Tempest Axes,melee,6,3,3,1,1,,"Anti-**^^Hero^^** (+1 Rend), Crit (2 Hits)",130,1,7,2,Default,1,,"Tireless Hunter [Activated · Once Per Turn (Army), Your Movement Phase]",Stormcast Eternals - Library.cat#f0d9-5cb2-345b-565e
"Krondys, Son of Dracothion",Stormcast Eternals,Monster Hero,20,3,,"HERO,UNIQUE,ORDER,STORMCAST ETERNALS,WARMASTER,MONSTER,FLY,WIZARD (2)",Blazing Tempest,ranged,1,2,3,2,5,12,Shoot in Combat,480,1,12,5,Default,1,,"Soul-shaking Roar [Activated · Once Per Turn (Army), Any Combat Phase · Rampage] | Battle Damaged [Passive] | Regalia Fulmentarus [Passive] | Atavistic Tempest [Spell · Your Hero Phase · casting value 8 · Spell]",Stormcast Eternals - Library.cat#9c0f-13c7-e2c1-55a
"Krondys, Son of Dracothion",Stormcast Eternals,Monster Hero,20,3,,"HERO,UNIQUE,ORDER,STORMCAST ETERNALS,WARMASTER,MONSTER,FLY,WIZARD (2)",Apex Maw,melee,4,3,2,2,4,,Anti-**^^Infantry^^** (+1 Rend),480,1,12,5,Default,1,,"Soul-shaking Roar [Activated · Once Per Turn (Army), Any Combat Phase · Rampage] | Battle Damaged [Passive] | Regalia Fulmentarus [Passive] | Atavistic Tempest [Spell · Your Hero Phase · casting value 8 · Spell]",Stormcast Eternals - Library.cat#9c0f-13c7-e2c1-55a
"Krondys, Son of Dracothion",Stormcast Eternals,Monster Hero,20,3,,"HERO,UNIQUE,ORDER,STORMCAST ETERNALS,WARMASTER,MONSTER,FLY,WIZARD (2)",Drake-lord’s Talons,melee,6,3,2,2,2,,-,480,1,12,5,Default,1,,"Soul-shaking Roar [Activated · Once Per Turn (Army), Any Combat Phase · Rampage] | Battle Damaged [Passive] | Regalia Fulmentarus [Passive] | Atavistic Tempest [Spell · Your Hero Phase · casting value 8 · Spell]",Stormcast Eternals - Library.cat#9c0f-13c7-e2c1-55a
Liberators,Stormcast Eternals,Infantry,2,3,,"CHAMPION,INFANTRY,ORDER,STORMCAST ETERNALS,WARRIOR CHAMBER",Grandhammer,melee,2,3,3,1,2,,Crit (Mortal),90,5,5,1,Option,,,Stalwart Defenders [Passive],Stormcast Eternals - Library.cat#e914-877f-21fe-8db9
Liberators,Stormcast Eternals,Infantry,2,3,,"CHAMPION,INFANTRY,ORDER,STORMCAST ETERNALS,WARRIOR CHAMBER",Warhammer,melee,2,3,3,1,1,,Crit (Mortal),90,5,5,1,Default,5,,Stalwart Defenders [Passive],Stormcast Eternals - Library.cat#e914-877f-21fe-8db9
"Lorai, Child of the Abyss",Stormcast Eternals,Infantry Hero,5,4,5,"HERO,UNIQUE,ORDER,INFANTRY,THE BLACKTALONS,WIZARD (1),WARD (5+),IDONETH DEEPKIN",Abyssal Touch,melee,3,3,4,0,2,,-,0,1,6,2,Default,1,Neave Blacktalon,Aquatic Illusions [Passive] | Nebulous Sea-fog [Spell · Your Hero Phase · casting value 6 · Spell],Stormcast Eternals - Library.cat#fc54-7cb5-cc46-7aeb
Lord-Aquilor,Stormcast Eternals,Cavalry Hero,8,3,,"HERO,ORDER,STORMCAST ETERNALS,CAVALRY,VANGUARD CHAMBER",Heavy Boltstorm Pistol,ranged,4,3,3,1,1,12,Shoot in Combat,140,1,14,3,Default,1,,Ride the Winds Aetheric [Activated · Your Movement  Phase],Stormcast Eternals - Library.cat#feec-61cb-ca0-7d3c
Lord-Aquilor,Stormcast Eternals,Cavalry Hero,8,3,,"HERO,ORDER,STORMCAST ETERNALS,CAVALRY,VANGUARD CHAMBER",Starbound Blade and Shock Handaxe,melee,5,3,3,1,2,,-,140,1,14,3,Default,1,,Ride the Winds Aetheric [Activated · Your Movement  Phase],Stormcast Eternals - Library.cat#feec-61cb-ca0-7d3c
Lord-Aquilor,Stormcast Eternals,Cavalry Hero,8,3,,"HERO,ORDER,STORMCAST ETERNALS,CAVALRY,VANGUARD CHAMBER",Gryph-charger’s Razor Beak,melee,3,4,3,1,1,,Companion,140,1,14,3,Default,1,,Ride the Winds Aetheric [Activated · Your Movement  Phase],Stormcast Eternals - Library.cat#feec-61cb-ca0-7d3c
Lord-Arcanum,Stormcast Eternals,Infantry Hero,6,3,,"HERO,ORDER,STORMCAST ETERNALS,SACROSANCT CHAMBER,WIZARD (1),INFANTRY",Aetherstave,melee,4,3,3,1,2,,-,140,1,5,2,Default,1,,Magical Mending [Activated · End of Any Turn] | Aetheric Manipulation [Passive],Stormcast Eternals - Library.cat#e9fb-8478-b0ff-8911
Lord-Arcanum on Celestial Dracoline,Stormcast Eternals,Cavalry Hero,8,3,,"HERO,ORDER,STORMCAST ETERNALS,SACROSANCT CHAMBER,CAVALRY,WIZARD (1)",Astreia’s Aetherstave,melee,4,3,3,1,2,,-,210,1,10,2,Default,1,,"Storm Wave [Activated · Once Per Turn (Army), Any Charge Phase] | Pack Alpha [Activated · Any Combat Phase]",Stormcast Eternals - Library.cat#626a-2ffc-5960-b847
Lord-Arcanum on Celestial Dracoline,Stormcast Eternals,Cavalry Hero,8,3,,"HERO,ORDER,STORMCAST ETERNALS,SACROSANCT CHAMBER,CAVALRY,WIZARD (1)",Celestial Dracoline’s Claws,melee,3,3,3,1,2,,Companion,210,1,10,2,Default,1,,"Storm Wave [Activated · Once Per Turn (Army), Any Charge Phase] | Pack Alpha [Activated · Any Combat Phase]",Stormcast Eternals - Library.cat#626a-2ffc-5960-b847
Lord-Arcanum on Gryph-charger,Stormcast Eternals,Cavalry Hero,8,3,,"HERO,ORDER,STORMCAST ETERNALS,SACROSANCT CHAMBER,CAVALRY,WIZARD (1)",Aetherstave,melee,4,3,3,1,2,,-,220,1,12,2,Default,1,,Healing Light [Activated · End of Any Turn] | On the Winds Aetheric [Activated · Your Movement Phase],Stormcast Eternals - Library.cat#2b9b-4a5f-d565-6afe
Lord-Arcanum on Gryph-charger,Stormcast Eternals,Cavalry Hero,8,3,,"HERO,ORDER,STORMCAST ETERNALS,SACROSANCT CHAMBER,CAVALRY,WIZARD (1)",Gryph-charger’s Razor Beak,melee,3,4,3,1,1,,Companion,220,1,12,2,Default,1,,Healing Light [Activated · End of Any Turn] | On the Winds Aetheric [Activated · Your Movement Phase],Stormcast Eternals - Library.cat#2b9b-4a5f-d565-6afe
Lord-Arcanum on Tauralon,Stormcast Eternals,Monster Hero,12,3,,"HERO,FLY,ORDER,STORMCAST ETERNALS,MONSTER,SACROSANCT CHAMBER,WIZARD (1)",Tauralon’s Hooves,melee,3,4,3,1,2,,Companion,280,1,14,5,Default,1,,"Trails of Astral Light [Passive] | Starlight Mantle [Activated · Once Per Turn (Army), Any Combat Phase · Rampage] | Aetheric Deflection [Activated · Once Per Turn (Army), Enemy Hero Phase]",Stormcast Eternals - Library.cat#249a-c939-3927-f0d2
Lord-Arcanum on Tauralon,Stormcast Eternals,Monster Hero,12,3,,"HERO,FLY,ORDER,STORMCAST ETERNALS,MONSTER,SACROSANCT CHAMBER,WIZARD (1)",Aetherstave,melee,4,3,3,1,2,,-,280,1,14,5,Default,1,,"Trails of Astral Light [Passive] | Starlight Mantle [Activated · Once Per Turn (Army), Any Combat Phase · Rampage] | Aetheric Deflection [Activated · Once Per Turn (Army), Enemy Hero Phase]",Stormcast Eternals - Library.cat#249a-c939-3927-f0d2
Lord-Castellant,Stormcast Eternals,Infantry Hero,6,3,,"HERO,ORDER,STORMCAST ETERNALS,INFANTRY,WARRIOR CHAMBER",Castellant’s Halberd,melee,3,3,3,1,2,,Crit (Auto-wound),150,1,5,2,Default,1,,"Loyal Companion [Activated · Once Per Battle, Any Combat Phase] | Dutiful Gryph-hound [Passive] | Warding Lantern [Activated · Your Hero Phase]",Stormcast Eternals - Library.cat#d062-d345-97db-e895
Lord-Castellant,Stormcast Eternals,Infantry Hero,6,3,,"HERO,ORDER,STORMCAST ETERNALS,INFANTRY,WARRIOR CHAMBER",Gryph-hound’s Beak,melee,4,4,4,0,1,,Companion,150,1,5,2,Default,1,,"Loyal Companion [Activated · Once Per Battle, Any Combat Phase] | Dutiful Gryph-hound [Passive] | Warding Lantern [Activated · Your Hero Phase]",Stormcast Eternals - Library.cat#d062-d345-97db-e895
Lord-Celestant,Stormcast Eternals,Infantry Hero,6,3,,"HERO,ORDER,STORMCAST ETERNALS,INFANTRY,WARRIOR CHAMBER",Weapons of Legend,melee,5,3,3,1,2,,Crit (Auto-wound),100,1,5,2,Default,1,,Furious Retribution [Activated · Reaction: You declared a Fight ability for this unit],Stormcast Eternals - Library.cat#89a1-7e05-4334-25f5
Lord-Celestant on Dracoth,Stormcast Eternals,Cavalry Hero,8,3,,"HERO,ORDER,STORMCAST ETERNALS,CAVALRY,EXTREMIS CHAMBER",Stormblast,ranged,1,3,3,2,2,10,"Crit (2 Hits), Companion",150,1,10,2,Default,1,,Righteous Avengers [Activated · Reaction: You declared a Fight ability for this unit],Stormcast Eternals - Library.cat#8d96-c4c8-97a0-7201
Lord-Celestant on Dracoth,Stormcast Eternals,Cavalry Hero,8,3,,"HERO,ORDER,STORMCAST ETERNALS,CAVALRY,EXTREMIS CHAMBER",Dracoth’s Claws and Fangs,melee,3,4,2,2,2,,Companion,150,1,10,2,Default,1,,Righteous Avengers [Activated · Reaction: You declared a Fight ability for this unit],Stormcast Eternals - Library.cat#8d96-c4c8-97a0-7201
Lord-Celestant on Dracoth,Stormcast Eternals,Cavalry Hero,8,3,,"HERO,ORDER,STORMCAST ETERNALS,CAVALRY,EXTREMIS CHAMBER",Weapons of Legend,melee,5,3,3,1,2,,Crit (Auto-wound),150,1,10,2,Default,1,,Righteous Avengers [Activated · Reaction: You declared a Fight ability for this unit],Stormcast Eternals - Library.cat#8d96-c4c8-97a0-7201
Lord-Celestant on Stardrake,Stormcast Eternals,Monster Hero,18,3,,"HERO,ORDER,STORMCAST ETERNALS,MONSTER,FLY,EXTREMIS CHAMBER",Rain of Stars,ranged,4,3,2,2,2,24,Companion,490,1,12,5,Default,1,,"Cavernous Jaws [Activated · Once Per Turn (Army), Any Combat Phase · Rampage] | Battle Damaged [Passive] | Lord of the Host [Activated · Once Per Battle, Any Combat Phase]",Stormcast Eternals - Library.cat#4543-eb5a-9476-4fdb
Lord-Celestant on Stardrake,Stormcast Eternals,Monster Hero,18,3,,"HERO,ORDER,STORMCAST ETERNALS,MONSTER,FLY,EXTREMIS CHAMBER",Stardrake's Cavernous Jaws,melee,7,4,2,2,3,,Companion,490,1,12,5,Default,1,,"Cavernous Jaws [Activated · Once Per Turn (Army), Any Combat Phase · Rampage] | Battle Damaged [Passive] | Lord of the Host [Activated · Once Per Battle, Any Combat Phase]",Stormcast Eternals - Library.cat#4543-eb5a-9476-4fdb
Lord-Celestant on Stardrake,Stormcast Eternals,Monster Hero,18,3,,"HERO,ORDER,STORMCAST ETERNALS,MONSTER,FLY,EXTREMIS CHAMBER",Weapons of Legend,melee,5,3,3,1,2,,Crit (Auto-wound),490,1,12,5,Default,1,,"Cavernous Jaws [Activated · Once Per Turn (Army), Any Combat Phase · Rampage] | Battle Damaged [Passive] | Lord of the Host [Activated · Once Per Battle, Any Combat Phase]",Stormcast Eternals - Library.cat#4543-eb5a-9476-4fdb
Lord-Commander Bastian Carthalos,Stormcast Eternals,Infantry Hero,8,3,5,"HERO,UNIQUE,ORDER,STORMCAST ETERNALS,INFANTRY,WARD (5+)",Thunderbolts of Azyr,ranged,2,2,2,2,2,18,-,190,1,5,2,Default,1,,Voice of Thunder [Passive] | Castellan of Azyr [Activated · Deployment Phase] | Mantle of the First Storm [Activated · End of Any Turn],Stormcast Eternals - Library.cat#27bd-f462-4fbb-5998
Lord-Commander Bastian Carthalos,Stormcast Eternals,Infantry Hero,8,3,5,"HERO,UNIQUE,ORDER,STORMCAST ETERNALS,INFANTRY,WARD (5+)","Uskavar, the Sunderer",melee,4,3,2,2,4,,Crit (Auto-wound),190,1,5,2,Default,1,,Voice of Thunder [Passive] | Castellan of Azyr [Activated · Deployment Phase] | Mantle of the First Storm [Activated · End of Any Turn],Stormcast Eternals - Library.cat#27bd-f462-4fbb-5998
Lord-Exorcist,Stormcast Eternals,Infantry Hero,6,3,,"HERO,ORDER,STORMCAST ETERNALS,SACROSANCT CHAMBER,WIZARD (1),INFANTRY",Redemption Stave,melee,3,3,3,1,2,,-,150,1,5,2,Default,1,,Purifying Blast [Activated · Your Hero Phase] | Redemptor Casket [Passive],Stormcast Eternals - Library.cat#6f35-d6c8-c31b-0406
Lord-Imperatant,Stormcast Eternals,Infantry Hero,6,3,,"HERO,ORDER,STORMCAST ETERNALS,INFANTRY,WARRIOR CHAMBER",Blessed Warhammer,melee,4,3,3,1,2,,Crit (Auto-wound),110,1,5,2,Default,1,,"Guided by Lightning [Activated · Once Per Battle (Army), Your Movement Phase] | Loyal Gryph-hound [Passive]",Stormcast Eternals - Library.cat#c1b5-c776-1613-a463
Lord-Ordinator,Stormcast Eternals,Infantry Hero,6,3,,"HERO,ORDER,STORMCAST ETERNALS,INFANTRY,SACROSANCT CHAMBER",Astral Weapons,melee,3,3,3,1,2,,Crit (Auto-wound),100,1,5,2,Default,1,,"Arcane Engineer [Activated · Once Per Turn (Army), Any Shooting Phase]",Stormcast Eternals - Library.cat#3a7d-1a9b-8191-070a
Lord-Relictor,Stormcast Eternals,Infantry Hero,6,3,,"HERO,ORDER,STORMCAST ETERNALS,INFANTRY,PRIEST (1)",Relic Hammer,melee,4,3,3,1,2,,Crit (Auto-wound),120,1,5,2,Default,1,,Mortis Priest [Passive],Stormcast Eternals - Library.cat#8ec0-257f-7432-f7b9
Lord-Terminos,Stormcast Eternals,Infantry Hero,6,3,,"HERO,ORDER,STORMCAST ETERNALS,INFANTRY,RUINATION CHAMBER",The Blade Terminos,melee,4,3,2,2,3,,Crit (Mortal),140,1,5,2,Default,1,,Earn an Honourable Death [Activated · Reaction: You declared a Fight ability for this unit] | Memorian [Passive],Stormcast Eternals - Library.cat#678a-136a-c7ce-fe8c
Lord-Veritant,Stormcast Eternals,Infantry Hero,6,3,,"HERO,ORDER,STORMCAST ETERNALS,INFANTRY,RUINATION CHAMBER,PRIEST (1)",Staff of Abjuration,melee,1,3,3,1,3,,-,110,1,5,2,Default,1,,Sense Unholy Sorcery [Passive] | Staff of Abjuration [Passive],Stormcast Eternals - Library.cat#1197-3ca0-f8b0-9c67
Lord-Veritant,Stormcast Eternals,Infantry Hero,6,3,,"HERO,ORDER,STORMCAST ETERNALS,INFANTRY,RUINATION CHAMBER,PRIEST (1)",Judgement Blade,melee,3,3,3,1,2,,"Anti-**^^Priest^^** (+1 Rend), Anti-**^^Wizard^^** (+1 Rend)",110,1,5,2,Default,1,,Sense Unholy Sorcery [Passive] | Staff of Abjuration [Passive],Stormcast Eternals - Library.cat#1197-3ca0-f8b0-9c67
Lord-Vigilant on Gryph-stalker,Stormcast Eternals,Cavalry Hero,8,3,,"HERO,ORDER,STORMCAST ETERNALS,RUINATION CHAMBER,CAVALRY",Gryph-stalker’s Beak and Talons,melee,3,4,3,1,2,,Companion,120,1,12,2,Default,1,,"Deliver Judgement [Activated · Once Per Battle (Army), Any Combat Phase]",Stormcast Eternals - Library.cat#57cb-3869-2834-3019
Lord-Vigilant on Gryph-stalker,Stormcast Eternals,Cavalry Hero,8,3,,"HERO,ORDER,STORMCAST ETERNALS,RUINATION CHAMBER,CAVALRY",Hallowed Greataxe,melee,5,3,3,2,2,,-,120,1,12,2,Default,1,,"Deliver Judgement [Activated · Once Per Battle (Army), Any Combat Phase]",Stormcast Eternals - Library.cat#57cb-3869-2834-3019
Lord-Vigilant on Morrgryph,Stormcast Eternals,Monster Hero,12,3,,"HERO,ORDER,STORMCAST ETERNALS,RUINATION CHAMBER,MONSTER,FLY",Morrgryph's Talons,melee,6,4,2,2,2,,Companion,160,1,12,5,Default,1,,"Direct the Assault [Activated · Once Per Turn (Army), Your Hero Phase] | Vice-like Grip [Activated · Once Per Turn (Army), Any Charge Phase]",Stormcast Eternals - Library.cat#a86d-34b5-ebc7-76ed
Lord-Vigilant on Morrgryph,Stormcast Eternals,Monster Hero,12,3,,"HERO,ORDER,STORMCAST ETERNALS,RUINATION CHAMBER,MONSTER,FLY",Hallowed Glaive,melee,5,3,3,1,2,,Charge (+1 Damage),160,1,12,5,Default,1,,"Direct the Assault [Activated · Once Per Turn (Army), Your Hero Phase] | Vice-like Grip [Activated · Once Per Turn (Army), Any Charge Phase]",Stormcast Eternals - Library.cat#a86d-34b5-ebc7-76ed
Neave Blacktalon,Stormcast Eternals,Infantry Hero,6,3,,"HERO,UNIQUE,ORDER,STORMCAST ETERNALS,INFANTRY,VANGUARD CHAMBER,THE BLACKTALONS",Relic Boltstorm Pistol,ranged,2,3,3,1,1,10,Shoot in Combat,280,1,7,2,Default,1,,"Justice From Azyr [Passive] | Windrider [Activated · Your Combat Phase · Core, Attack, Fight]",Stormcast Eternals - Library.cat#8931-32bb-58ba-820a
Neave Blacktalon,Stormcast Eternals,Infantry Hero,6,3,,"HERO,UNIQUE,ORDER,STORMCAST ETERNALS,INFANTRY,VANGUARD CHAMBER,THE BLACKTALONS",Whirlwind Axes,melee,7,2,3,2,2,,Crit (2 Hits),280,1,7,2,Default,1,,"Justice From Azyr [Passive] | Windrider [Activated · Your Combat Phase · Core, Attack, Fight]",Stormcast Eternals - Library.cat#8931-32bb-58ba-820a
Neave's Companions,Stormcast Eternals,Infantry,3,3,,"INFANTRY,ORDER,STORMCAST ETERNALS,UNIQUE,THE BLACKTALONS",Cyclone Sword and Axe,melee,6,3,3,1,1,,-,0,3,5,1,Default,1,Neave Blacktalon,Shield of Azyr [Passive],Stormcast Eternals - Library.cat#a7a2-ab90-9072-b50b
Neave's Companions,Stormcast Eternals,Infantry,3,3,,"INFANTRY,ORDER,STORMCAST ETERNALS,UNIQUE,THE BLACKTALONS",Stormcharged Warhammer,melee,4,3,2,2,2,,-,0,3,5,1,Default,1,Neave Blacktalon,Shield of Azyr [Passive],Stormcast Eternals - Library.cat#a7a2-ab90-9072-b50b
Neave's Companions,Stormcast Eternals,Infantry,3,3,,"INFANTRY,ORDER,STORMCAST ETERNALS,UNIQUE,THE BLACKTALONS",Typhoon Crossbow,ranged,3,3,3,1,2,18,Anti-**^^Hero^^** (+1 Rend),0,3,5,1,Default,1,Neave Blacktalon,Shield of Azyr [Passive],Stormcast Eternals - Library.cat#a7a2-ab90-9072-b50b
Neave's Companions,Stormcast Eternals,Infantry,3,3,,"INFANTRY,ORDER,STORMCAST ETERNALS,UNIQUE,THE BLACKTALONS",Anda’s Celestial Talons,melee,2,4,3,0,1,,Companion,0,3,5,1,Default,1,Neave Blacktalon,Shield of Azyr [Passive],Stormcast Eternals - Library.cat#a7a2-ab90-9072-b50b
Praetors,Stormcast Eternals,Infantry,3,3,,"INFANTRY,CHAMPION,ORDER,STORMCAST ETERNALS,WARRIOR CHAMBER",Soulguard’s Halberd,melee,3,3,3,1,2,,-,120,3,5,1,Default,3,,Soul-bonded [Activated · Deployment Phase] | Soul-forged Guardians [Passive],Stormcast Eternals - Library.cat#e845-969a-b1fd-4b49
Prosecutors,Stormcast Eternals,Infantry,2,3,,"INFANTRY,CHAMPION,ORDER,STORMCAST ETERNALS,FLY,RUINATION CHAMBER",Stormcall Javelin,melee,3,3,3,1,1,,Charge (+1 Damage),150,3,12,1,Default,3,,Dispersed Formation [Passive] | Heralds of Righteousness [Passive],Stormcast Eternals - Library.cat#8f36-3029-450b-62a
Prosecutors,Stormcast Eternals,Infantry,2,3,,"INFANTRY,CHAMPION,ORDER,STORMCAST ETERNALS,FLY,RUINATION CHAMBER",Stormcall Javelin,ranged,1,3,3,1,D3,10,-,150,3,12,1,Default,3,,Dispersed Formation [Passive] | Heralds of Righteousness [Passive],Stormcast Eternals - Library.cat#8f36-3029-450b-62a
Protectors,Stormcast Eternals,Infantry,3,3,,"CHAMPION,ORDER,STORMCAST ETERNALS,INFANTRY,WARRIOR CHAMBER",Starsoul Mace,melee,1,3,3,2,3,,Crit (Mortal),220,5,4,1,Option,,,Shield of the Storm [Passive],Stormcast Eternals - Library.cat#3b76-254c-2c33-327d
Protectors,Stormcast Eternals,Infantry,3,3,,"CHAMPION,ORDER,STORMCAST ETERNALS,INFANTRY,WARRIOR CHAMBER",Protector Stormstrike Glaive,melee,4,3,3,1,1,,-,220,5,4,1,Default,5,,Shield of the Storm [Passive],Stormcast Eternals - Library.cat#3b76-254c-2c33-327d
Questor Soulsworn,Stormcast Eternals,Infantry,3,3,,"INFANTRY,ORDER,STORMCAST ETERNALS,WARRIOR CHAMBER,CHAMPION (1/6)",Questor Weapons,melee,3,3,3,1,2,,-,210,6,5,1,Default,6,,"Ordained Quest [Activated · Once Per Battle (Army), Deployment Phase] | His Will Be Done [Passive] | Relictor Soulguide [Activated · Once Per Battle, Your Movement Phase · Core]",Stormcast Eternals - Library.cat#59c-6be3-dbf8-3fe3
Reclusians,Stormcast Eternals,Infantry,3,3,,"INFANTRY,CHAMPION,ORDER,STORMCAST ETERNALS,RUINATION CHAMBER",Rune-blessed Weapons,melee,3,3,3,1,2,,Crit (Mortal),140,3,5,1,Default,3,,Memorian Descendants [Passive],Stormcast Eternals - Library.cat#74e2-3cca-35ec-6e59
Retributors,Stormcast Eternals,Infantry,3,3,,"CHAMPION,ORDER,STORMCAST ETERNALS,INFANTRY,WARRIOR CHAMBER",Starsoul Mace,melee,1,3,3,2,3,,Crit (Mortal),170,5,4,1,Option,,,Crushing Counter-blow [Passive],Stormcast Eternals - Library.cat#fac7-bade-414e-667f
Retributors,Stormcast Eternals,Infantry,3,3,,"CHAMPION,ORDER,STORMCAST ETERNALS,INFANTRY,WARRIOR CHAMBER",Retributor Lightning Hammer,melee,2,3,3,1,2,,Crit (Mortal),170,5,4,1,Default,5,,Crushing Counter-blow [Passive],Stormcast Eternals - Library.cat#fac7-bade-414e-667f
Sequitors,Stormcast Eternals,Infantry,2,3,,"CHAMPION,ORDER,STORMCAST ETERNALS,SACROSANCT CHAMBER,INFANTRY",Stormsmite Greatmace,melee,2,3,3,1,2,,Crit (2 Hits),120,5,5,1,Option,,,Sequitor Aetheric Channelling [Activated · Any Combat Phase],Stormcast Eternals - Library.cat#de73-4b2d-e8b7-106f
Sequitors,Stormcast Eternals,Infantry,2,3,,"CHAMPION,ORDER,STORMCAST ETERNALS,SACROSANCT CHAMBER,INFANTRY",Sacrosanct Weapons,melee,2,3,3,1,1,,Crit (2 Hits),120,5,5,1,Default,5,,Sequitor Aetheric Channelling [Activated · Any Combat Phase],Stormcast Eternals - Library.cat#de73-4b2d-e8b7-106f
Steelheart's Champions,Stormcast Eternals,,3,3,,"ORDER,INFANTRY,UNIQUE,STORMCAST ETERNALS,WARRIOR CHAMBER,CHAMPION",Heavens-wrought Weapon,melee,3,3,3,1,1,,Crit (Mortal),110,3,5,1,Default,3,,Heroic Guard [Passive] | Stalwart Defenders [Passive],Stormcast Eternals - Library.cat#40fc-df39-8972-4e16
Stormcoven,Stormcast Eternals,Infantry,3,3,,"ORDER,INFANTRY,STORMCAST ETERNALS,WIZARD (1),WARRIOR CHAMBER",Azyrite Bolts,ranged,2,3,4,1,2,18,-,210,3,5,1,Default,3,,Gather the Aether [Passive] | Aethershock [Spell · Your Hero Phase · casting value 7 · Spell],Stormcast Eternals - Library.cat#4322-2d6c-e46f-4165
Stormcoven,Stormcast Eternals,Infantry,3,3,,"ORDER,INFANTRY,STORMCAST ETERNALS,WIZARD (1),WARRIOR CHAMBER",Valedictor Weapons,melee,3,3,3,1,2,,-,210,3,5,1,Default,3,,Gather the Aether [Passive] | Aethershock [Spell · Your Hero Phase · casting value 7 · Spell],Stormcast Eternals - Library.cat#4322-2d6c-e46f-4165
Stormdrake Guard,Stormcast Eternals,Monster,9,3,,"ORDER,STORMCAST ETERNALS,FLY,MONSTER,EXTREMIS CHAMBER",Draconith’s Fangs and Talons,melee,4,4,2,2,2,,Companion,310,2,12,5,Default,2,,"Dispersed Formation [Passive] | Draconic Onslaught [Activated · Once Per Turn (Army), Any Combat Phase · Rampage]",Stormcast Eternals - Library.cat#4fcf-b770-62ff-9013
Stormdrake Guard,Stormcast Eternals,Monster,9,3,,"ORDER,STORMCAST ETERNALS,FLY,MONSTER,EXTREMIS CHAMBER",Draconic Flamestream,ranged,4,2,3,2,1,10,"Shoot in Combat, Companion",310,2,12,5,Default,2,,"Dispersed Formation [Passive] | Draconic Onslaught [Activated · Once Per Turn (Army), Any Combat Phase · Rampage]",Stormcast Eternals - Library.cat#4fcf-b770-62ff-9013
Stormdrake Guard,Stormcast Eternals,Monster,9,3,,"ORDER,STORMCAST ETERNALS,FLY,MONSTER,EXTREMIS CHAMBER",Drakerider’s Lance,melee,3,3,3,1,1,,"Charge (+1 Damage), Anti‑**^^Infantry^^** (+1 Rend)",310,2,12,5,Default,2,,"Dispersed Formation [Passive] | Draconic Onslaught [Activated · Once Per Turn (Army), Any Combat Phase · Rampage]",Stormcast Eternals - Library.cat#4fcf-b770-62ff-9013
Stormdrake Guard,Stormcast Eternals,Monster,9,3,,"ORDER,STORMCAST ETERNALS,FLY,MONSTER,EXTREMIS CHAMBER",Drakerider’s Warblade,melee,6,3,3,1,1,,-,310,2,12,5,Option,,,"Dispersed Formation [Passive] | Draconic Onslaught [Activated · Once Per Turn (Army), Any Combat Phase · Rampage]",Stormcast Eternals - Library.cat#4fcf-b770-62ff-9013
Stormsire's Cursebreakers,Stormcast Eternals,,3,3,,"ORDER,INFANTRY,UNIQUE,STORMCAST ETERNALS,SACROSANCT CHAMBER,CHAMPION",Cursebreaker Weapons,melee,3,3,3,1,1,,Crit (Mortal),130,3,5,1,Default,3,,Averon Stormsire [Passive] | Overwhelming Storm [Activated · Any Combat Phase],Stormcast Eternals - Library.cat#fc52-c5fb-55f9-c25a
Stormstrike Chariot,Stormcast Eternals,War Machine,10,3,,"ORDER,STORMCAST ETERNALS,WAR MACHINE,WARRIOR CHAMBER",Gryph-chargers’ Razor Beaks,melee,6,4,3,1,1,,Companion,110,1,10,2,Default,1,,Celestial Blaze [Passive] | Azyr Unleashed [Activated · Any Charge Phase],Stormcast Eternals - Library.cat#1440-8ecb-6ecb-f4a2
Stormstrike Chariot,Stormcast Eternals,War Machine,10,3,,"ORDER,STORMCAST ETERNALS,WAR MACHINE,WARRIOR CHAMBER",Stormstrike Axe,melee,3,3,3,1,1,,Charge (+1 Damage),110,1,10,2,Default,1,,Celestial Blaze [Passive] | Azyr Unleashed [Activated · Any Charge Phase],Stormcast Eternals - Library.cat#1440-8ecb-6ecb-f4a2
Stormstrike Chariot,Stormcast Eternals,War Machine,10,3,,"ORDER,STORMCAST ETERNALS,WAR MACHINE,WARRIOR CHAMBER",Great Stormbow,ranged,2,3,3,1,1,18,"Anti-**^^Infantry^^** (+1 Rend), Crit (2 Hits)",110,1,10,2,Default,1,,Celestial Blaze [Passive] | Azyr Unleashed [Activated · Any Charge Phase],Stormcast Eternals - Library.cat#1440-8ecb-6ecb-f4a2
Stormstrike Chariot,Stormcast Eternals,War Machine,10,3,,"ORDER,STORMCAST ETERNALS,WAR MACHINE,WARRIOR CHAMBER",Tempestuous Spear,melee,2,3,3,2,1,,-,110,1,10,2,Option,,,Celestial Blaze [Passive] | Azyr Unleashed [Activated · Any Charge Phase],Stormcast Eternals - Library.cat#1440-8ecb-6ecb-f4a2
Stormstrike Palladors,Stormcast Eternals,Cavalry,5,3,,"ORDER,STORMCAST ETERNALS,CAVALRY,CHAMPION,WARRIOR CHAMBER,MUSICIAN (1/3),STANDARD BEARER (1/3)",Stormstrike Lance or Blade,melee,3,3,3,1,1,,"Anti-**^^Infantry^^** (+1 Rend), Charge (+1 Damage)",180,3,12,2,Default,3,,Ride for Vengeance [Passive],Stormcast Eternals - Library.cat#75e5-05cd-3163-7335
Stormstrike Palladors,Stormcast Eternals,Cavalry,5,3,,"ORDER,STORMCAST ETERNALS,CAVALRY,CHAMPION,WARRIOR CHAMBER,MUSICIAN (1/3),STANDARD BEARER (1/3)",Gryph-charger’s Talons,melee,3,4,3,1,1,,Companion,180,3,12,2,Default,3,,Ride for Vengeance [Passive],Stormcast Eternals - Library.cat#75e5-05cd-3163-7335
The Emberwatch,Stormcast Eternals,,3,3,,"ORDER,INFANTRY,UNIQUE,STORMCAST ETERNALS,CHAMPION,VANGUARD CHAMBER",Boltstorm Weapon,ranged,3,4,4,1,1,10,Shoot in Combat,140,3,5,1,Default,3,,Merciless Sentinels [Passive],Stormcast Eternals - Library.cat#f4d2-3807-a8d3-4c83
The Emberwatch,Stormcast Eternals,,3,3,,"ORDER,INFANTRY,UNIQUE,STORMCAST ETERNALS,CHAMPION,VANGUARD CHAMBER",Stormwrought Weapon,melee,3,3,3,1,1,,Crit (Mortal),140,3,5,1,Default,3,,Merciless Sentinels [Passive],Stormcast Eternals - Library.cat#f4d2-3807-a8d3-4c83
The Farstriders,Stormcast Eternals,,3,3,,"ORDER,INFANTRY,UNIQUE,STORMCAST ETERNALS,CHAMPION,VANGUARD CHAMBER",Boltstorm Pistol,ranged,2,4,4,1,1,10,Shoot in Combat,100,3,5,1,Default,3,,Star Falcon [Activated · Your Shooting Phase],Stormcast Eternals - Library.cat#f140-de7f-1bc7-3c62
The Farstriders,Stormcast Eternals,,3,3,,"ORDER,INFANTRY,UNIQUE,STORMCAST ETERNALS,CHAMPION,VANGUARD CHAMBER",Stormwrought Weapon,melee,2,3,3,1,1,,-,100,3,5,1,Default,3,,Star Falcon [Activated · Your Shooting Phase],Stormcast Eternals - Library.cat#f140-de7f-1bc7-3c62
Tornus the Redeemed,Stormcast Eternals,Infantry Hero,8,3,,"HERO,FLY,UNIQUE,ORDER,STORMCAST ETERNALS,RUINATION CHAMBER,INFANTRY",Hallowed Greatspear,ranged,1,3,3,2,2,12,Crit (2 Hits),150,1,12,5,Default,1,,The Light of Sigmar [Activated · Any Combat Phase] | Herald of Redemption [Passive],Stormcast Eternals - Library.cat#b1c3-3db3-fe6b-289b
Tornus the Redeemed,Stormcast Eternals,Infantry Hero,8,3,,"HERO,FLY,UNIQUE,ORDER,STORMCAST ETERNALS,RUINATION CHAMBER,INFANTRY",Hallowed Greatspear,melee,5,3,3,2,2,,Crit (2 Hits),150,1,12,5,Default,1,,The Light of Sigmar [Activated · Any Combat Phase] | Herald of Redemption [Passive],Stormcast Eternals - Library.cat#b1c3-3db3-fe6b-289b
Vandus Hammerhand,Stormcast Eternals,Cavalry Hero,8,3,,"HERO,UNIQUE,ORDER,STORMCAST ETERNALS,WARRIOR CHAMBER,CAVALRY",Stormblast,ranged,1,3,3,2,2,10,"Crit (2 Hits), Companion",160,1,10,2,Default,1,,Lord of the Hammerhands [Passive] | Vengeance Unleashed [Activated · Reaction: You declared a Fight ability for this unit],Stormcast Eternals - Library.cat#cd2e-e2d-7ad-f065
Vandus Hammerhand,Stormcast Eternals,Cavalry Hero,8,3,,"HERO,UNIQUE,ORDER,STORMCAST ETERNALS,WARRIOR CHAMBER,CAVALRY",Heldensen,melee,6,3,2,1,2,,Crit (Auto-wound),160,1,10,2,Default,1,,Lord of the Hammerhands [Passive] | Vengeance Unleashed [Activated · Reaction: You declared a Fight ability for this unit],Stormcast Eternals - Library.cat#cd2e-e2d-7ad-f065
Vandus Hammerhand,Stormcast Eternals,Cavalry Hero,8,3,,"HERO,UNIQUE,ORDER,STORMCAST ETERNALS,WARRIOR CHAMBER,CAVALRY",Calanax’s Claws and Fangs,melee,4,4,2,2,2,,Companion,160,1,10,2,Default,1,,Lord of the Hammerhands [Passive] | Vengeance Unleashed [Activated · Reaction: You declared a Fight ability for this unit],Stormcast Eternals - Library.cat#cd2e-e2d-7ad-f065
Vanguard-Hunters,Stormcast Eternals,Infantry,2,3,,"INFANTRY,CHAMPION,STANDARD BEARER (1/5),ORDER,STORMCAST ETERNALS,VANGUARD CHAMBER",Boltstorm Pistol,ranged,2,4,4,1,1,10,Shoot in Combat,120,5,5,1,Default,5,,"Star-marked [Passive] | Astral Compass [Activated · Once Per Battle (Army), Deployment Phase]",Stormcast Eternals - Library.cat#2a10-8a5d-a743-9706
Vanguard-Hunters,Stormcast Eternals,Infantry,2,3,,"INFANTRY,CHAMPION,STANDARD BEARER (1/5),ORDER,STORMCAST ETERNALS,VANGUARD CHAMBER",Stormwrought Weapon,melee,2,3,3,1,1,,-,120,5,5,1,Default,5,,"Star-marked [Passive] | Astral Compass [Activated · Once Per Battle (Army), Deployment Phase]",Stormcast Eternals - Library.cat#2a10-8a5d-a743-9706
Vanguard-Palladors with Shock Handaxes,Stormcast Eternals,Cavalry,5,3,,"ORDER,STORMCAST ETERNALS,CAVALRY,CHAMPION,VANGUARD CHAMBER,VANGUARD-PALLADORS",Shock Handaxe,melee,2,3,3,1,2,,Charge (+1 Damage),250,3,14,2,Default,3,,Shocking Strikes [Passive],Stormcast Eternals - Library.cat#2d01-fd48-55af-dc1c
Vanguard-Palladors with Shock Handaxes,Stormcast Eternals,Cavalry,5,3,,"ORDER,STORMCAST ETERNALS,CAVALRY,CHAMPION,VANGUARD CHAMBER,VANGUARD-PALLADORS",Boltstorm Pistol,ranged,2,4,4,1,1,10,Shoot in Combat,250,3,14,2,Default,3,,Shocking Strikes [Passive],Stormcast Eternals - Library.cat#2d01-fd48-55af-dc1c
Vanguard-Palladors with Shock Handaxes,Stormcast Eternals,Cavalry,5,3,,"ORDER,STORMCAST ETERNALS,CAVALRY,CHAMPION,VANGUARD CHAMBER,VANGUARD-PALLADORS",Gryph-charger’s Razor Beak,melee,3,4,3,1,1,,Companion,250,3,14,2,Default,3,,Shocking Strikes [Passive],Stormcast Eternals - Library.cat#2d01-fd48-55af-dc1c
Vanguard-Palladors with Starstrike Javelins,Stormcast Eternals,Cavalry,5,3,,"ORDER,STORMCAST ETERNALS,CAVALRY,CHAMPION,VANGUARD CHAMBER,VANGUARD-PALLADORS",Starstrike Javelin,ranged,1,3,3,1,2,12,-,260,3,14,2,Default,3,,Charging Volley [Activated · Your Charge Phase],Stormcast Eternals - Library.cat#b8b2-de1c-526b-523
Vanguard-Palladors with Starstrike Javelins,Stormcast Eternals,Cavalry,5,3,,"ORDER,STORMCAST ETERNALS,CAVALRY,CHAMPION,VANGUARD CHAMBER,VANGUARD-PALLADORS",Starstrike Javelin,melee,1,3,3,1,2,,-,260,3,14,2,Default,3,,Charging Volley [Activated · Your Charge Phase],Stormcast Eternals - Library.cat#b8b2-de1c-526b-523
Vanguard-Palladors with Starstrike Javelins,Stormcast Eternals,Cavalry,5,3,,"ORDER,STORMCAST ETERNALS,CAVALRY,CHAMPION,VANGUARD CHAMBER,VANGUARD-PALLADORS",Boltstorm Pistol,ranged,2,4,4,1,1,10,Shoot in Combat,260,3,14,2,Default,3,,Charging Volley [Activated · Your Charge Phase],Stormcast Eternals - Library.cat#b8b2-de1c-526b-523
Vanguard-Palladors with Starstrike Javelins,Stormcast Eternals,Cavalry,5,3,,"ORDER,STORMCAST ETERNALS,CAVALRY,CHAMPION,VANGUARD CHAMBER,VANGUARD-PALLADORS",Gryph-charger's Razor Beak,melee,3,4,3,1,1,,Companion,260,3,14,2,Default,3,,Charging Volley [Activated · Your Charge Phase],Stormcast Eternals - Library.cat#b8b2-de1c-526b-523
Vanguard-Raptors with Hurricane Crossbows,Stormcast Eternals,Infantry,2,3,,"INFANTRY,CHAMPION,ORDER,STORMCAST ETERNALS,VANGUARD CHAMBER",Hurricane Crossbow,ranged,4,3,3,0,1,12,"Anti-**^^Infantry^^** (+1 Rend), Crit (2 Hits)",110,3,5,1,Default,3,,Coordinated Strike [Activated · Your Shooting Phase],Stormcast Eternals - Library.cat#7a78-2d6e-558f-9e39
Vanguard-Raptors with Hurricane Crossbows,Stormcast Eternals,Infantry,2,3,,"INFANTRY,CHAMPION,ORDER,STORMCAST ETERNALS,VANGUARD CHAMBER",Heavy Stock,melee,1,4,3,0,1,,-,110,3,5,1,Default,3,,Coordinated Strike [Activated · Your Shooting Phase],Stormcast Eternals - Library.cat#7a78-2d6e-558f-9e39
Vanguard-Raptors with Longstrike Crossbows,Stormcast Eternals,Infantry,2,3,,"INFANTRY,CHAMPION,ORDER,STORMCAST ETERNALS,VANGUARD CHAMBER",Heavy Stock,melee,1,4,3,0,1,,-,200,3,5,1,Default,3,,Headshot [Activated · Your Shooting Phase],Stormcast Eternals - Library.cat#b72e-3e0e-b86f-699a
Vanguard-Raptors with Longstrike Crossbows,Stormcast Eternals,Infantry,2,3,,"INFANTRY,CHAMPION,ORDER,STORMCAST ETERNALS,VANGUARD CHAMBER",Longstrike Crossbow,ranged,2,3,3,2,2,18,"Anti‑**^^Hero^^** (+1 Rend), Crit (Auto-wound)",200,3,5,1,Default,3,,Headshot [Activated · Your Shooting Phase],Stormcast Eternals - Library.cat#b72e-3e0e-b86f-699a
Vanquishers,Stormcast Eternals,Infantry,2,3,,"INFANTRY,CHAMPION,MUSICIAN (1/5),STANDARD BEARER (1/5),ORDER,STORMCAST ETERNALS,WARRIOR CHAMBER",Celestial Greatsword,melee,2,3,3,1,1,,Anti-**^^Infantry^^** (+1 Rend),90,5,5,1,Default,5,,Lightning Strikes [Passive],Stormcast Eternals - Library.cat#7b61-e507-bb97-cfe2
Vigilors,Stormcast Eternals,Infantry,2,3,,"INFANTRY,CHAMPION,ORDER,STORMCAST ETERNALS,WARRIOR CHAMBER",Stormcaller Bow,ranged,2,3,3,1,1,18,-,140,5,6,1,Default,5,,Navigators of the Storm [Passive],Stormcast Eternals - Library.cat#a050-164b-681b-eb5c
Vigilors,Stormcast Eternals,Infantry,2,3,,"INFANTRY,CHAMPION,ORDER,STORMCAST ETERNALS,WARRIOR CHAMBER",Stormblade,melee,2,3,3,1,1,,-,140,5,6,1,Default,5,,Navigators of the Storm [Passive],Stormcast Eternals - Library.cat#a050-164b-681b-eb5c
Vindictors,Stormcast Eternals,Infantry,2,3,,"INFANTRY,CHAMPION,STANDARD BEARER (1/5),ORDER,STORMCAST ETERNALS,WARRIOR CHAMBER",Stormspear,melee,2,3,3,1,1,,Anti-charge (+1 Rend),90,5,5,1,Default,5,,Hold the Shieldwall [Activated · Any Combat Phase],Stormcast Eternals - Library.cat#3c28-bdd-f7eb-4ac4
Xandire's Truthseekers,Stormcast Eternals,,3,3,,"ORDER,INFANTRY,UNIQUE,STORMCAST ETERNALS,WARRIOR CHAMBER,CHAMPION",Truthseeker Weapons,melee,3,3,3,1,1,,Crit (Mortal),130,3,5,1,Default,2,,Taros [Passive] | Harrying Aetherwing [Activated · Your Shooting Phase],Stormcast Eternals - Library.cat#5e27-4012-c3cb-938e
Xandire's Truthseekers,Stormcast Eternals,,3,3,,"ORDER,INFANTRY,UNIQUE,STORMCAST ETERNALS,WARRIOR CHAMBER,CHAMPION",Great Hammer,melee,2,3,3,1,2,,"Crit (Mortal), **^^Anti-**^^Monster^^** (+1 Rend)",130,3,5,1,Default,1,,Taros [Passive] | Harrying Aetherwing [Activated · Your Shooting Phase],Stormcast Eternals - Library.cat#5e27-4012-c3cb-938e
Xandire's Truthseekers,Stormcast Eternals,,3,3,,"ORDER,INFANTRY,UNIQUE,STORMCAST ETERNALS,WARRIOR CHAMBER,CHAMPION",Stormcaller Bow,ranged,2,3,3,1,1,18,Crit (Mortal),130,3,5,1,Default,1,,Taros [Passive] | Harrying Aetherwing [Activated · Your Shooting Phase],Stormcast Eternals - Library.cat#5e27-4012-c3cb-938e
"Yndrasta, the Celestial Spear",Stormcast Eternals,Infantry Hero,8,3,5,"HERO,WARD (5+),UNIQUE,ORDER,STORMCAST ETERNALS,INFANTRY,WARMASTER,FLY",Thengavar,ranged,1,3,2,2,4,12,Anti-**^^Monster^^** (+1 Rend),270,1,12,2,Default,1,,The Prime Huntress [Passive] | Dazzling Radiance [Passive] | On Wings of Brilliance [Passive],Stormcast Eternals - Library.cat#b665-fc99-6937-e5e5
"Yndrasta, the Celestial Spear",Stormcast Eternals,Infantry Hero,8,3,5,"HERO,WARD (5+),UNIQUE,ORDER,STORMCAST ETERNALS,INFANTRY,WARMASTER,FLY",Blade of the High Heavens,melee,5,3,3,2,3,,-,270,1,12,2,Default,1,,The Prime Huntress [Passive] | Dazzling Radiance [Passive] | On Wings of Brilliance [Passive],Stormcast Eternals - Library.cat#b665-fc99-6937-e5e5
"Yndrasta, the Celestial Spear",Stormcast Eternals,Infantry Hero,8,3,5,"HERO,WARD (5+),UNIQUE,ORDER,STORMCAST ETERNALS,INFANTRY,WARMASTER,FLY",Thengavar,melee,2,2,2,2,3,,Anti-**^^Monster^^** (+1 Rend),270,1,12,2,Default,1,,The Prime Huntress [Passive] | Dazzling Radiance [Passive] | On Wings of Brilliance [Passive],Stormcast Eternals - Library.cat#b665-fc99-6937-e5e5
Alarielle the Everqueen,Sylvaneth,Monster Hero,16,4,5,"UNIQUE,HERO,MONSTER,FLY,WARMASTER,ORDER,SYLVANETH,WIZARD (3),WARD (5+)",Spear of Kurnoth,melee,5,3,3,2,2,,Charge (+1 Damage),620,1,14,10,Default,1,,"Battle Damaged [Passive] | Metamorphosis [Spell · Your Hero Phase · casting value 7 · Spell] | Lifebloom [Activated · Once Per Turn (Army), Any Hero Phase] | Living Battering Ram [Activated · Once Per Turn (Army), Any Charge Phase · Rampage] | The Goddess Of Life [Command · Once Per Battle, Your Movement Phase · cost 2] | Seasons Of War [Activated · Start of Battle Round]",Sylvaneth - Library.cat#efc2-ef9b-4eee-a341
Alarielle the Everqueen,Sylvaneth,Monster Hero,16,4,5,"UNIQUE,HERO,MONSTER,FLY,WARMASTER,ORDER,SYLVANETH,WIZARD (3),WARD (5+)",Spear of Kurnoth,ranged,1,2,3,2,4,12,-,620,1,14,10,Default,1,,"Battle Damaged [Passive] | Metamorphosis [Spell · Your Hero Phase · casting value 7 · Spell] | Lifebloom [Activated · Once Per Turn (Army), Any Hero Phase] | Living Battering Ram [Activated · Once Per Turn (Army), Any Charge Phase · Rampage] | The Goddess Of Life [Command · Once Per Battle, Your Movement Phase · cost 2] | Seasons Of War [Activated · Start of Battle Round]",Sylvaneth - Library.cat#efc2-ef9b-4eee-a341
Alarielle the Everqueen,Sylvaneth,Monster Hero,16,4,5,"UNIQUE,HERO,MONSTER,FLY,WARMASTER,ORDER,SYLVANETH,WIZARD (3),WARD (5+)",Wardroth Beetle's Antlers,melee,6,4,2,2,4,,Companion,620,1,14,10,Default,1,,"Battle Damaged [Passive] | Metamorphosis [Spell · Your Hero Phase · casting value 7 · Spell] | Lifebloom [Activated · Once Per Turn (Army), Any Hero Phase] | Living Battering Ram [Activated · Once Per Turn (Army), Any Charge Phase · Rampage] | The Goddess Of Life [Command · Once Per Battle, Your Movement Phase · cost 2] | Seasons Of War [Activated · Start of Battle Round]",Sylvaneth - Library.cat#efc2-ef9b-4eee-a341
Arch-Revenant,Sylvaneth,Infantry Hero,6,4,,"HERO,ORDER,SYLVANETH,FLY,INFANTRY",Revenant’s Glaive and Tail Pincers,melee,5,3,4,1,2,,-,110,1,12,2,Default,1,,"Fight And Fly [Activated · Reaction: You declared a Fight ability for this unit] | Gossamid Commander [Activated · Once Per Turn (Army), Any Combat Phase]",Sylvaneth - Library.cat#c21d-479c-e8ef-b406
"Belthanos, First Thorn of Kurnoth",Sylvaneth,Monster Hero,14,3,,"UNIQUE,HERO,MONSTER,ORDER,SYLVANETH,FLY,KURNOTHI",Kurnoth Glaive,melee,5,3,3,2,2,,Charge (+1 Damage),290,1,12,5,Default,1,,"Huntmaster's Strike [Activated · Once Per Turn (Army), End of Any Turn] | Kurnothi War-horn [Passive] | Rhythm of the Chase [Activated · Once Per Turn (Army), Any Combat Phase · Rampage] | Battle Damaged [Passive]",Sylvaneth - Library.cat#f6f4-66ce-c346-42ed
"Belthanos, First Thorn of Kurnoth",Sylvaneth,Monster Hero,14,3,,"UNIQUE,HERO,MONSTER,ORDER,SYLVANETH,FLY,KURNOTHI",Carnelian Greatspite's Mandibles,melee,4,4,2,2,3,,Companion,290,1,12,5,Default,1,,"Huntmaster's Strike [Activated · Once Per Turn (Army), End of Any Turn] | Kurnothi War-horn [Passive] | Rhythm of the Chase [Activated · Once Per Turn (Army), Any Combat Phase · Rampage] | Battle Damaged [Passive]",Sylvaneth - Library.cat#f6f4-66ce-c346-42ed
Branchwych,Sylvaneth,Infantry Hero,5,5,,"ORDER,SYLVANETH,HERO,WIZARD (1),INFANTRY",Swarm of Spites,ranged,6,4,4,1,1,12,"Crit (Auto-wound), Companion",100,1,6,2,Option,,,"Slay The Trespassers! [Activated · Once Per Turn (Army), Your Hero Phase]",Sylvaneth - Library.cat#e410-e36e-9cea-2482
Branchwych,Sylvaneth,Infantry Hero,5,5,,"ORDER,SYLVANETH,HERO,WIZARD (1),INFANTRY",Greenwood Scythe and Bittergrub,melee,3,3,4,1,2,,-,100,1,6,2,Default,1,,"Slay The Trespassers! [Activated · Once Per Turn (Army), Your Hero Phase]",Sylvaneth - Library.cat#e410-e36e-9cea-2482
Dryads,Sylvaneth,Infantry,1,5,,"CHAMPION,ORDER,INFANTRY,SYLVANETH",Wracking Talons,melee,2,4,4,0,1,,-,100,10,6,1,Default,10,,One With The Forest [Passive],Sylvaneth - Library.cat#ccce-ab0c-7c1-bbc2
Drycha Hamadreth,Sylvaneth,Monster Hero,12,3,,"UNIQUE,HERO,MONSTER,ORDER,SYLVANETH,WIZARD (1),FOREST ELDER",Slashing Talons,melee,5,3,2,2,2,,Crit (2 Hits),250,1,10,5,Default,1,,"Terror Of The Deep Woods [Passive] | Enrage The Spites [Spell · Your Hero Phase · casting value 7 · Spell] | Merciless Ambush [Command · Your Charge Phase · cost 1 · Core, Move, Charge, Rampage]",Sylvaneth - Library.cat#b3b6-f91d-754d-af73
Drycha Hamadreth,Sylvaneth,Monster Hero,12,3,,"UNIQUE,HERO,MONSTER,ORDER,SYLVANETH,WIZARD (1),FOREST ELDER",Swarm of Spites,melee,20,4,4,0,1,,"Crit (Mortal), Companion",250,1,10,5,Default,1,,"Terror Of The Deep Woods [Passive] | Enrage The Spites [Spell · Your Hero Phase · casting value 7 · Spell] | Merciless Ambush [Command · Your Charge Phase · cost 1 · Core, Move, Charge, Rampage]",Sylvaneth - Library.cat#b3b6-f91d-754d-af73
Gladewyrm,Sylvaneth,,1,6,6,"WARD (6+),MANIFESTATION,ENDLESS SPELL,FLY,ORDER,SYLVANETH",Fearsome Mandibles and Bladed Carapace,melee,6,4,2,1,2,,Anti-**^^Wizard^^** (+1 Rend),,1,,,,,,Eldritch Hunters [Activated · Your Movement Phase · Core] | Feed on Eldritch Energy [Passive],Sylvaneth - Library.cat#e02f-38d3-f495-6509
Gossamid Archers,Sylvaneth,Infantry,2,5,,"CHAMPION,ORDER,INFANTRY,FLY,SYLVANETH",Gossamid Bow,ranged,2,3,3,1,1,12,"Crit (Auto-wound), Shoot in Combat",120,5,12,1,Default,5,,Forest Fighters [Passive] | Zephyrspites [Activated · Reaction: You declared a Shoot ability for this unit · Move],Sylvaneth - Library.cat#7395-623b-7652-b8c6
Gossamid Archers,Sylvaneth,Infantry,2,5,,"CHAMPION,ORDER,INFANTRY,FLY,SYLVANETH",Cruel Talons,melee,1,3,4,0,1,,-,120,5,12,1,Default,5,,Forest Fighters [Passive] | Zephyrspites [Activated · Reaction: You declared a Shoot ability for this unit · Move],Sylvaneth - Library.cat#7395-623b-7652-b8c6
"Kelthannor, the Forest Prince",Sylvaneth,,6,4,,"UNIQUE,HERO,ORDER,SYLVANETH,KURNOTHI,CAVALRY",Kurnothi Princeling’s Bow,ranged,3,3,3,2,2,18,Crit (Auto-wound),150,1,12,2,Default,1,,Debilitating Shot [Activated · Any Shooting Phase] | Clarion of the Forest Prince [Activated · Your Hero Phase],Sylvaneth - Library.cat#4a81-2d60-fb40-0e97
"Kelthannor, the Forest Prince",Sylvaneth,,6,4,,"UNIQUE,HERO,ORDER,SYLVANETH,KURNOTHI,CAVALRY",Hooves and Knuckles,melee,4,3,3,1,1,,Charge (+1 Damage,150,1,12,2,Default,1,,Debilitating Shot [Activated · Any Shooting Phase] | Clarion of the Forest Prince [Activated · Your Hero Phase],Sylvaneth - Library.cat#4a81-2d60-fb40-0e97
Kurnoth Hunters with Kurnoth Greatbows,Sylvaneth,Infantry,5,4,,"CHAMPION,ORDER,INFANTRY,SYLVANETH,KURNOTHI",Kurnoth Greatbow,ranged,2,3,3,1,2,18,Anti-**^^Hero^^** (+1 Rend),190,3,5,2,Default,3,,"Hunter's Endurance [Passive] | Steady Aim [Activated · Once Per Turn (Army), Your Shooting Phase]",Sylvaneth - Library.cat#a457-63b8-99fb-b82f
Kurnoth Hunters with Kurnoth Greatbows,Sylvaneth,Infantry,5,4,,"CHAMPION,ORDER,INFANTRY,SYLVANETH,KURNOTHI",Vicious Claws,melee,3,3,3,0,1,,-,190,3,5,2,Default,3,,"Hunter's Endurance [Passive] | Steady Aim [Activated · Once Per Turn (Army), Your Shooting Phase]",Sylvaneth - Library.cat#a457-63b8-99fb-b82f
Kurnoth Hunters with Kurnoth Greatswords,Sylvaneth,Infantry,5,4,,"CHAMPION,ORDER,INFANTRY,SYLVANETH,KURNOTHI",Kurnoth Greatsword,melee,4,3,3,1,2,,Crit (Mortal),210,3,5,2,Default,3,,Hunter's Endurance [Passive] | Crashing Impact [Activated · Any Combat Phase],Sylvaneth - Library.cat#7403-c67e-a2d-a1af
Kurnoth Hunters with Kurnoth Scythes,Sylvaneth,Infantry,5,4,,"CHAMPION,ORDER,INFANTRY,SYLVANETH,KURNOTHI",Kurnoth Scythe,melee,3,3,3,1,3,,Anti-charge (+1 Rend),200,3,5,2,Default,3,,Hunter's Endurance [Passive] | Tanglethorn Thicket [Activated · Any Combat Phase],Sylvaneth - Library.cat#577a-d471-c08e-6ff4
Kurnoth's Heralds,Sylvaneth,,3,5,,"ORDER,UNIQUE,CHAMPION,KURNOTHI,CAVALRY",Hunter Weapons,melee,3,3,4,1,1,,Charge (+1 Damage),110,3,12,1,Default,3,,Graceful Leaps [Passive],Sylvaneth - Library.cat#5c29-c1ee-6dd4-a32b
Kurnoth's Heralds,Sylvaneth,,3,5,,"ORDER,UNIQUE,CHAMPION,KURNOTHI,CAVALRY",Kurnothi Bow,ranged,3,3,4,1,1,18,-,110,3,12,1,Default,1,,Graceful Leaps [Passive],Sylvaneth - Library.cat#5c29-c1ee-6dd4-a32b
Revenant Seekers,Sylvaneth,Cavalry,5,4,,"CAVALRY,CHAMPION,STANDARD BEARER (1/3),MUSICIAN (1/3),FLY,ORDER,SYLVANETH,REVENANT",Seeker's Sickle,melee,3,3,4,1,1,,Crit (Mortal),180,3,12,2,Default,3,,"Deafening Drone [Activated · Once Per Turn (Army), Any Combat Phase] | Forest Fighters [Passive]",Sylvaneth - Library.cat#766a-54f1-440b-b878
Revenant Seekers,Sylvaneth,Cavalry,5,4,,"CAVALRY,CHAMPION,STANDARD BEARER (1/3),MUSICIAN (1/3),FLY,ORDER,SYLVANETH,REVENANT",Dragonspite's Mandibles,melee,3,4,3,1,2,,Companion,180,3,12,2,Default,3,,"Deafening Drone [Activated · Once Per Turn (Army), Any Combat Phase] | Forest Fighters [Passive]",Sylvaneth - Library.cat#766a-54f1-440b-b878
Skaeth's Wild Hunt,Sylvaneth,,2,5,,"ORDER,INFANTRY,UNIQUE,CHAMPION,MUSICIAN (1/5),KURNOTHI",Tracker Weapons,melee,2,3,4,1,1,,-,90,5,6,1,Default,5,,Karthaen [Passive] | Fleet of Foot [Passive],Sylvaneth - Library.cat#c0d2-82ed-9fc0-3deb
Skaeth's Wild Hunt,Sylvaneth,,2,5,,"ORDER,INFANTRY,UNIQUE,CHAMPION,MUSICIAN (1/5),KURNOTHI",Wild Hunt Ranged Weapons,ranged,2,3,4,1,1,12,-,90,5,6,1,Default,2,,Karthaen [Passive] | Fleet of Foot [Passive],Sylvaneth - Library.cat#c0d2-82ed-9fc0-3deb
Spirit of Durthu,Sylvaneth,Monster Hero,14,3,,"HERO,ORDER,SYLVANETH,MONSTER",Verdant Blast,ranged,5,4,3,1,2,12,-,320,1,5,5,Default,1,,"Groundshaker [Activated · Once Per Turn (Army), Any Combat Phase · Rampage] | Battle Damaged [Passive] | Guardian Of The Glades [Activated · Once Per Turn (Army), Reaction: You declared a Charge ability for this unit]",Sylvaneth - Library.cat#f163-eaf6-2b5b-1cd3
Spirit of Durthu,Sylvaneth,Monster Hero,14,3,,"HERO,ORDER,SYLVANETH,MONSTER",Guardian Sword,melee,4,3,2,2,5,,Anti-**^^Monster^^** (+1 Rend),320,1,5,5,Default,1,,"Groundshaker [Activated · Once Per Turn (Army), Any Combat Phase · Rampage] | Battle Damaged [Passive] | Guardian Of The Glades [Activated · Once Per Turn (Army), Reaction: You declared a Charge ability for this unit]",Sylvaneth - Library.cat#f163-eaf6-2b5b-1cd3
Spirit of Durthu,Sylvaneth,Monster Hero,14,3,,"HERO,ORDER,SYLVANETH,MONSTER",Massive Impaling Talons,melee,2,4,2,2,3,,Crit (Mortal),320,1,5,5,Default,1,,"Groundshaker [Activated · Once Per Turn (Army), Any Combat Phase · Rampage] | Battle Damaged [Passive] | Guardian Of The Glades [Activated · Once Per Turn (Army), Reaction: You declared a Charge ability for this unit]",Sylvaneth - Library.cat#f163-eaf6-2b5b-1cd3
Spite-Revenants,Sylvaneth,Infantry,2,5,,"CHAMPION,ORDER,SYLVANETH,INFANTRY",Cruel Talons and Fangs,melee,3,3,4,0,1,,Crit (Mortal),100,5,5,1,Default,5,,"Shadowcreep [Activated · Once Per Turn (Army), Your Movement Phase]",Sylvaneth - Library.cat#bede-574b-208d-f486
Spiterider Lancers,Sylvaneth,Cavalry,5,4,,"CAVALRY,CHAMPION,STANDARD BEARER (1/3),MUSICIAN (1/3),FLY,ORDER,SYLVANETH,REVENANT",Spiterider Lance,melee,3,3,4,1,1,,"Charge (+1 Damage), Crit (2 Hits)",230,3,12,2,Default,3,,"Strike And Fade [Activated · Once Per Turn (Army), End of Any Turn] | Forest Fighters [Passive]",Sylvaneth - Library.cat#8d4f-cdc2-f74f-daac
Spiterider Lancers,Sylvaneth,Cavalry,5,4,,"CAVALRY,CHAMPION,STANDARD BEARER (1/3),MUSICIAN (1/3),FLY,ORDER,SYLVANETH,REVENANT",Dragonspite's Mandibles,melee,3,4,3,1,2,,Companion,230,3,12,2,Default,3,,"Strike And Fade [Activated · Once Per Turn (Army), End of Any Turn] | Forest Fighters [Passive]",Sylvaneth - Library.cat#8d4f-cdc2-f74f-daac
The Lady of Vines,Sylvaneth,Monster Hero,8,3,,"UNIQUE,HERO,MONSTER,WARMASTER,ORDER,SYLVANETH,WIZARD (2)",Kurnotheal’s Wrath,ranged,1,2,2,1,3,12,-,280,1,8,5,Default,1,,"Verdian Crown [Activated · Once Per Battle, Any Hero Phase] | Protection Of The Everqueen [Spell · Your Hero Phase · casting value 7 · Spell] | Hands Of The Everqueen [Activated · Once Per Turn (Army), Any Hero Phase · Rampage]",Sylvaneth - Library.cat#72e5-d623-ac8c-14a1
The Lady of Vines,Sylvaneth,Monster Hero,8,3,,"UNIQUE,HERO,MONSTER,WARMASTER,ORDER,SYLVANETH,WIZARD (2)",Kurnotheal’s Wrath and Lashing Vines,melee,6,3,3,2,2,,Crit (Mortal),280,1,8,5,Default,1,,"Verdian Crown [Activated · Once Per Battle, Any Hero Phase] | Protection Of The Everqueen [Spell · Your Hero Phase · casting value 7 · Spell] | Hands Of The Everqueen [Activated · Once Per Turn (Army), Any Hero Phase · Rampage]",Sylvaneth - Library.cat#72e5-d623-ac8c-14a1
The Twistweald,Sylvaneth,Infantry,2,5,,"INFANTRY,CHAMPION (1/8),ORDER,SYLVANETH,REVENANT",Twistroot Weapons,melee,3,3,4,1,1,,-,140,8,6,1,Default,6,,"Latching Paraspites [Activated · Once Per Turn (Army), End of Any Turn] | Pain-Induced Frenzy [Passive]",Sylvaneth - Library.cat#64d1-d8c8-5bff-506c
The Twistweald,Sylvaneth,Infantry,2,5,,"INFANTRY,CHAMPION (1/8),ORDER,SYLVANETH,REVENANT",Warden's Bow,ranged,2,3,4,1,1,18,-,140,8,6,1,Option,,,"Latching Paraspites [Activated · Once Per Turn (Army), End of Any Turn] | Pain-Induced Frenzy [Passive]",Sylvaneth - Library.cat#64d1-d8c8-5bff-506c
The Twistweald,Sylvaneth,Infantry,2,5,,"INFANTRY,CHAMPION (1/8),ORDER,SYLVANETH,REVENANT",Voracious Swarm,ranged,6,3,4,1,1,10,Shoot in Combat,140,8,6,1,Default,1,,"Latching Paraspites [Activated · Once Per Turn (Army), End of Any Turn] | Pain-Induced Frenzy [Passive]",Sylvaneth - Library.cat#64d1-d8c8-5bff-506c
Tree-Revenants,Sylvaneth,Infantry,2,5,,"CHAMPION,ORDER,SYLVANETH,INFANTRY,STANDARD BEARER (1/5),MUSICIAN (1/5),REVENANT",Revenant Blade,melee,3,3,4,1,1,,-,110,5,6,1,Default,5,,Waypiper's Dance [Passive],Sylvaneth - Library.cat#d0bc-bdf6-3a68-4aa9
Treelord,Sylvaneth,Monster Hero,14,3,,"ORDER,SYLVANETH,MONSTER,HERO",Strangleroots,ranged,3,3,2,1,2,10,Shoot in Combat,240,1,5,5,Default,1,,"Strangling Grasp [Activated · Once Per Turn (Army), Any Combat Phase · Rampage] | Battle Damaged [Passive] | Lash And Tangle [Activated · Once Per Turn (Army), Any Shooting Phase]",Sylvaneth - Library.cat#a896-d266-a881-f920
Treelord,Sylvaneth,Monster Hero,14,3,,"ORDER,SYLVANETH,MONSTER,HERO",Sweeping Blows,melee,5,4,2,1,2,,Anti-charge (+1 Rend),240,1,5,5,Default,1,,"Strangling Grasp [Activated · Once Per Turn (Army), Any Combat Phase · Rampage] | Battle Damaged [Passive] | Lash And Tangle [Activated · Once Per Turn (Army), Any Shooting Phase]",Sylvaneth - Library.cat#a896-d266-a881-f920
Treelord,Sylvaneth,Monster Hero,14,3,,"ORDER,SYLVANETH,MONSTER,HERO",Massive Impaling Talons,melee,2,4,2,2,3,,Crit (Mortal),240,1,5,5,Default,1,,"Strangling Grasp [Activated · Once Per Turn (Army), Any Combat Phase · Rampage] | Battle Damaged [Passive] | Lash And Tangle [Activated · Once Per Turn (Army), Any Shooting Phase]",Sylvaneth - Library.cat#a896-d266-a881-f920
Treelord Ancient,Sylvaneth,Monster Hero,14,3,,"ORDER,SYLVANETH,MONSTER,HERO,WIZARD (1)",Doom Tendril Staff,ranged,4,4,3,1,2,18,-,280,1,5,5,Default,1,,"Eldest Of Elders [Activated · Once Per Turn (Army), Any Combat Phase · Rampage] | Battle Damaged [Passive] | Awaken Slumbering Spirits [Activated · Once Per Turn (Army), Your Movement Phase]",Sylvaneth - Library.cat#678-a231-5f4c-4d7c
Treelord Ancient,Sylvaneth,Monster Hero,14,3,,"ORDER,SYLVANETH,MONSTER,HERO,WIZARD (1)",Sweeping Blows,melee,5,4,2,1,2,,Anti-charge (+1 Rend),280,1,5,5,Default,1,,"Eldest Of Elders [Activated · Once Per Turn (Army), Any Combat Phase · Rampage] | Battle Damaged [Passive] | Awaken Slumbering Spirits [Activated · Once Per Turn (Army), Your Movement Phase]",Sylvaneth - Library.cat#678-a231-5f4c-4d7c
Treelord Ancient,Sylvaneth,Monster Hero,14,3,,"ORDER,SYLVANETH,MONSTER,HERO,WIZARD (1)",Massive Impaling Talons,melee,2,4,2,2,3,,Crit (Mortal),280,1,5,5,Default,1,,"Eldest Of Elders [Activated · Once Per Turn (Army), Any Combat Phase · Rampage] | Battle Damaged [Passive] | Awaken Slumbering Spirits [Activated · Once Per Turn (Army), Your Movement Phase]",Sylvaneth - Library.cat#678-a231-5f4c-4d7c
Vengeful Skullroot,Sylvaneth,,1,6,6,"WARD (6+),MANIFESTATION,ENDLESS SPELL,FLY,ORDER,SYLVANETH",Lumbering Bulk,melee,3,4,2,1,2,,-,,1,,,,,,Vengeful Terrors [Passive],Sylvaneth - Library.cat#84dc-2eda-87f2-5b53
Warsong Revenant,Sylvaneth,Infantry Hero,7,5,6,"HERO,ORDER,SYLVANETH,FLY,INFANTRY,WARD (6+),PRIEST (1),REVENANT", Spirit Falchion and Spearing Vines,melee,5,3,3,1,D3,,-,170,1,6,2,Default,1,,"Wyldwood Revenants [Activated · Once Per Turn (Army), Reaction: You made an unmodified chanting roll of 1 for a Sylvaneth Priest wholy within 12"" of this unit.] | Alarielle's Song [Passive]",Sylvaneth - Library.cat#438e-768a-7545-d329
Ylthari's Guardians,Sylvaneth,Infantry,3,5,,"ORDER,INFANTRY,UNIQUE,CHAMPION,SYLVANETH",Enchanted Glade Weapons,melee,3,3,4,1,1,,Crit (Auto-wound),140,4,5,1,Default,3,,Ylthari [Passive] | Bitterness of the Soul [Passive],Sylvaneth - Library.cat#57ce-ad2e-d412-37f5
Ylthari's Guardians,Sylvaneth,Infantry,3,5,,"ORDER,INFANTRY,UNIQUE,CHAMPION,SYLVANETH",Revenant Bow,melee,1,3,4,0,1,,-,140,4,5,1,Default,1,,Ylthari [Passive] | Bitterness of the Soul [Passive],Sylvaneth - Library.cat#57ce-ad2e-d412-37f5
Ylthari's Guardians,Sylvaneth,Infantry,3,5,,"ORDER,INFANTRY,UNIQUE,CHAMPION,SYLVANETH",Revenant Bow,ranged,2,3,4,1,1,18,Crit (Auto-wound),140,4,5,1,Default,1,,Ylthari [Passive] | Bitterness of the Soul [Passive],Sylvaneth - Library.cat#57ce-ad2e-d412-37f5
