id,unit_name,army,category,troop_type,points,points_per_model,min_models,M,WS,BS,S,T,W,I,A,Ld,armour,shield,ward,regeneration,weapon,weapon_S,weapon_AP,weapon_rules,armour_bane,cleaving_blow,poisoned,requires_two_hands,fight_in_extra_rank,extra_attacks,horde,stubborn,unbreakable,unstable,indomitable,hatred,frenzy,named,mounts,special_rules
beastlord,Beastlord,Beastmen Brayherds,characters,Heavy Infantry,115,115,1,5,6,3,5,5,3,5,4,8,,,,,Hand Weapon,S,0,,,,,,,,,,,,,,,,,"Blood Rage, Brayhorn (General Only), Foe Render, Gaze of the Gods, Mark of Chaos Undivided, Primal Fury, Warband"
wargor,Wargor,Beastmen Brayherds,characters,Heavy Infantry,55,55,1,5,5,3,4,5,2,4,3,7,,,,,Hand Weapon,S,0,,,,,,,,,,,,,,,,,"Blood Rage, Brayhorn (General Only), Foe Render, Gaze of the Gods, Mark of Chaos Undivided, Primal Fury, Warband"
great-bray-shaman,Great Bray-Shaman,Beastmen Brayherds,characters,Regular Infantry,150,150,1,5,5,3,4,5,3,4,2,8,,,,,Hand Weapon,S,0,,,,,,,,,,,,,,,,,"Braystaff, Gaze of the Gods, Lore of Beasts, Mark of Chaos Undivided, Primal Fury, Warband"
bray-shaman,Bray-Shaman,Beastmen Brayherds,characters,Regular Infantry,65,65,1,5,4,3,3,4,2,3,1,7,,,,,Hand Weapon,S,0,,,,,,,,,,,,,,,,,"Braystaff, Gaze of the Gods, Lore of Beasts, Mark of Chaos Undivided, Primal Fury, Warband"
doombull,Doombull,Beastmen Brayherds,characters,Monstrous Infantry,210,210,1,6,6,3,6,5,5,5,5,8,,,,,Hand Weapon,S,0,,,,,,,,,,,,,,,,,"Armour Bane (1), Blood Greed, Blood Rage, Bull-gors, Fear, Foe Render, Gaze of the Gods, Impact Hits (1), Mark of Chaos Undivided, Primal Fury, Slaughterer's Call, Warband"
gorebull,Gorebull,Beastmen Brayherds,characters,Monstrous Infantry,130,130,1,6,5,3,5,5,4,4,4,7,,,,,Hand Weapon,S,0,,,,,,,,,,,,,,,,,"Armour Bane (1), Blood Greed, Blood Rage, Bull-gors, Fear, Foe Render, Gaze of the Gods, Impact Hits (1), Mark of Chaos Undivided, Primal Fury, Slaughterer's Call, Warband"
warhoof,Warhoof,Beastmen Brayherds,characters,Light Cavalry,75,75,1,8,5,3,5,4,3,3,4,7,,,,,Hand Weapon,S,0,,,,,,,,,,,,,,,,,"Drunken, Fast Cavalry, Gaze of the Gods, Mark of Chaos Undivided, Move Through Cover, Primal Fury, Stomp Attacks (1), Swiftstride, Warband"
kralmaw-the-prophet-of-ruin,Kralmaw,Beastmen Brayherds,characters,Regular Infantry,245,245,1,5,3,3,4,5,4,3,2,8,,,,,Hand Weapon,S,0,,,,,,,,,,,,,,,yes,,"Braystaff, Future Sight, Gaze of the Gods, Leering Spirit, Lore of Beasts, Mark of Chaos Undivided, Primal Fury, Warband"
ghorros-warhoof,Ghorros,Beastmen Brayherds,characters,Heavy Cavalry,155,155,1,8,5,3,5,4,3,4,4,8,,,,,Hand Weapon,S,0,,,,,,,,,,,,,,,yes,,"Drunken, Father of Beasts, Gaze of the Gods, Mark of Chaos Undivided, Move Through Cover, Primal Fury, Stomp Attacks (D3), Swiftstride, The Sons of Ghorros, Warband"
primal-warherd,Primal Warherd,Beastmen Brayherds,core,Regular Infantry,0,0,10,5,4,2,3,4,1,3,1,6,,,,,Hand Weapon,S,0,,,,,,,,yes,,,,,,,,,"Bestial Charge (Gors only), Blood Rage, Close Order, Horde, Impetuous, Mark of Chaos Undivided, Mixed Unit, Motley Crew, Move Through Cover, Primal Fury, Warband, Furious Charge (Gors only)"
bestigor-herd,Bestigor Herd,Beastmen Brayherds,core,Heavy Infantry,65,13,5,5,4,3,4,4,1,4,1,7,5,,,,Great Weapon,S+2,-2,"Armour Bane (1), Requires Two Hands, Strike Last",1,,,yes,,,,,,,,,,,,"Blood Rage, Close Order, Mark of Chaos Undivided, Primal Fury, Warband, Furious Charge"
gor-herd,Gor Herd,Beastmen Brayherds,core,Regular Infantry,35,7,5,5,4,2,3,4,1,3,1,6,,,,,Hand Weapon,S,0,,,,,,,,yes,,,,,,,,,"Bestial Charge, Blood Rage, Horde, Mark of Chaos Undivided, Move Through Cover, Open Order, Primal Fury, Skirmishers, Warband, Furious Charge"
ungor-herd,Ungor Herd,Beastmen Brayherds,core,Regular Infantry,50,5,10,5,3,3,3,3,1,3,1,5,,yes,,,Hand Weapon,S,0,,,,,,,,yes,,,,,,,,,"Chariot Runners, Horde, Mark of Chaos Undivided, Move Through Cover, Open Order, Primal Fury, Skirmishers, Warband"
chaos-warhounds,Chaos Warhounds,Beastmen Brayherds,core,War Beast,30,6,5,7,4,0,3,3,1,3,1,6,,,,,Hand Weapon,S,0,,,,,,,,,,,,,,,,,"Loner, Move Through Cover, Open Order, Swiftstride"
primal-warhounds,Primal Warhounds,Beastmen Brayherds,core,War Beast,60,6,10,7,4,0,3,3,1,3,1,5,,,,,Hand Weapon,S,0,,,,,,,,yes,,,,,,,,,"Close Order, Horde, Motley Crew, Move Through Cover, Swiftstride, Warband"
razorgor-herd,Razorgor Herd,Beastmen Brayherds,core,War Beast,52,52,1,7,3,0,5,5,3,2,4,6,6,,,,Hand Weapon,S,0,,,,,,,,,,,,,,,,,"Armour Bane (1), Fear, Foe Render, Impact Hits (D3), Loner, Open Order, Primal Fury, Razor Tusks, Swiftstride"
centigor-herd,Centigor Herd,Beastmen Brayherds,core,Light Cavalry,85,17,5,8,4,3,4,4,1,2,1,6,,yes,,,Hand Weapon,S,0,,,,,,,,yes,,,,,,,,,"Drunken, Fast Cavalry, Horde, Mark of Chaos Undivided, Move Through Cover, Open Order, Primal Fury, Skirmishers, Stomp Attacks (1), Swiftstride, Warband"
tuskgor-chariot,Tuskgor Chariot,Beastmen Brayherds,core,Heavy Chariot,85,85,1,,4,3,4,4,4,4,1,7,,,,,Hand Weapon,S,0,,,,,,,,,,,,,,,,WS4 S3 I3 A1 | WS3 S4 I2 A1,"Close Order, First Charge, Impact Hits (D6+1), Mark of Chaos Undivided, Primal Fury, Razor Tusks, Warband"
minotaur-herd,Minotaur Herd,Beastmen Brayherds,core,Monstrous Infantry,88,44,2,6,4,3,5,4,3,3,3,7,6,,,,Hand Weapon,S,0,,,,,,,,,,,,,,,,,"Blood Greed, Blood Rage, Bull-gors, Close Order, Fear, Foe Render, Impact Hits (1), Mark of Chaos Undivided, Motley Crew, Primal Fury, Warband"
harpies,Harpies,Beastmen Brayherds,special,Regular Infantry,55,11,5,5,3,0,3,3,1,5,2,6,,,,,Hand Weapon,S,0,,,,,,,,,,,,,,,,,"Fly (10), Move Through Cover, Scouts, Skirmishers, Swiftstride"
cockatrice,Cockatrice,Beastmen Brayherds,special,Monstrous Creature,155,155,1,4,4,5,4,5,4,6,6,6,5,,,,Hand Weapon,S,0,,,,,,,,,,,,,,,,,"Close Order, Fly (10), Large Target, Stomp Attacks (1), Stony Stare, Swiftstride, Terror"
centigor-herd,Centigor Herd,Beastmen Brayherds,special,Light Cavalry,85,17,5,8,4,3,4,4,1,2,1,6,,yes,,,Hand Weapon,S,0,,,,,,,,yes,,,,,,,,,"Drunken, Fast Cavalry, Horde, Mark of Chaos Undivided, Move Through Cover, Open Order, Primal Fury, Skirmishers, Stomp Attacks (1), Swiftstride, Warband"
dragon-ogres,Dragon Ogres,Beastmen Brayherds,special,Monstrous Cavalry,118,59,2,7,4,2,5,4,4,2,3,8,4,,,,Hand Weapon,S,0,,,,,,,,,,,,,,,,,"Armour Bane (1), Armoured Hide (2), Close Order, Fear, Ensorcelled Weapons, Immune to Psychology, Stomp Attacks (2), The Quickening Storm"
razorgor-chariot,Razorgor Chariot,Beastmen Brayherds,special,Heavy Chariot,120,120,1,,4,3,4,5,4,4,1,7,,,,,Hand Weapon,S,0,,,,,,,,,,,,,,,,WS4 S3 I3 A1 | WS3 S5 I2 A4,"Armour Bane (1 - Razorgor only), Close Order, Fear, First Charge, Foe Render (Razorgor only), Impact Hits (D6+2), Mark of Chaos Undivided, Primal Fury, Razor Tusks"
chaos-ogres,Chaos Ogres,Beastmen Brayherds,special,Monstrous Infantry,93,31,3,6,3,2,4,4,3,2,3,7,5,,,,Hand Weapon,S,0,,,,,,,,,,,,,,,,,"Armour Bane (1), Close Order, Fear, Impact Hits (1), Ogre Charge"
jabberslythe,Jabberslythe,Beastmen Brayherds,special,Monstrous Creature,185,185,1,6,5,4,5,5,5,3,5,9,5,,,,Wicked Claws,S,-2,,,,yes,,,,,,,,,,,,,"Close Order, Fly (9), Large Target, Maddening Aura, Poisoned Attacks, Spurting Bile Blood, Stomp Attacks (D3), Swiftstride, Terror"
cygor,Cygor,Beastmen Brayherds,special,Behemoth,205,205,1,7,2,1,6,6,6,3,4,8,6,,,,Hand Weapon,S,0,,,,,,,,,yes,,,,,,,,"Close Order, Ghostsight, Immune to Psychology, Large Target, Soul-eater, Stomp Attacks (D3), Stubborn, Terror, Timmm-berrr!"
ghorgon,Ghorgon,Beastmen Brayherds,special,Behemoth,245,245,1,7,4,0,6,7,6,4,5,9,6,,,6,Cleaver-limbs,S,-2,"Killing Blow, Monster Slayer",,,,,,,,yes,,,,,yes,,,"Blood Greed, Close Order, Frenzy, Large Target, Primal Fury, Regeneration (6+), Stomp Attacks (D3), Stubborn, Swallow Whole, Terror, Timmm-berrr!"
herdstone,Herdstone,Beastmen Brayherds,special,,100,100,1,,,,,,,,,,,,,,Hand Weapon,S,0,,,,,,,,,,,,,,,,,"A Tingle in the Air, Bestial Fury {beastmen}, Dark Sorcery, Fearsome Edifice"
preyton,Preyton,Beastmen Brayherds,special,Monstrous Creature,160,160,1,6,5,0,5,5,5,5,4,6,,,,,Hand Weapon,S,0,,,,,,,,,,,,,,,,,"Close Order, Crown of Antlers {beastmen}, Endless Malice, Fly (10), Impact Hits (D3), Large Target, Terror"
warped-gors,Warped Gors,Beastmen Brayherds,special,Regular Infantry,80,16,5,5,4,2,3,4,1,3,,7,6,yes,,,Hand Weapon,S,0,,,,,,,,,yes,,,,,,,,"Armoured Hide (1), Blessing of Chaos, Blood Rage, Mark of Chaos Undivided, Move Through Cover, Open Order, Primal Fury, Random Attacks, Stubborn, Warband, Furious Charge"
tuskgor-chariot,Tuskgor Chariot,Beastmen Brayherds,special,Heavy Chariot,85,85,1,,4,3,4,4,4,4,1,7,,,,,Hand Weapon,S,0,,,,,,,,,,,,,,,,WS4 S3 I3 A1 | WS3 S4 I2 A1,"Close Order, First Charge, Impact Hits (D6+1), Mark of Chaos Undivided, Primal Fury, Razor Tusks, Warband"
dragon-ogre-shaggoth,Dragon Ogre Shaggoth,Beastmen Brayherds,rare,Monstrous Creature,225,225,1,7,6,2,6,5,6,4,5,9,4,,,,Hand Weapon,S,0,,,,,,,,,,,,,,,,,"Armour Bane (2), Armoured Hide (2), Close Order, Ensorcelled Weapons, Immune to Psychology, Large Target, Stomp Attacks (D3+1), Storm Call {warriors}, Terror, The Quickening Storm"
chaos-giant,Chaos Giant,Beastmen Brayherds,rare,Behemoth,200,200,1,6,3,1,6,7,6,2,,10,6,,,,Giant's Club,S,0,,,,,,,,,,yes,,,,,,,"Close Order, Giant Attacks, Immune to Psychology, Large Target, Pick Up And..., Stomp Attacks (D6), Terror, Timmm-berrr!, Unbreakable"
chaos-trolls,Chaos Trolls,Beastmen Brayherds,rare,Monstrous Infantry,39,39,1,6,3,1,5,4,3,2,3,6,6,,,5,Troll Vomit,3,-2,,,,,,,,,,,,,,,,,"Armour Bane (1), Close Order, Fear, Flammable, Regeneration (5+), Stupidity, Motley Crew"
chaos-spawn,Chaos Spawn,Beastmen Brayherds,rare,Monstrous Infantry,50,50,1,,3,0,4,5,3,3,,10,5,,,,Hand Weapon,S,0,,,,,,,,,,yes,,,,,,,"Armour Bane (2), Fear, Immune to Psychology, Open Order, Random Attacks, Random Movement, Stomp Attacks (1), Unbreakable"
gigantic-spawn-of-chaos,Gigantic Spawn of Chaos,Beastmen Brayherds,rare,Behemoth,145,145,1,,3,0,6,6,6,3,,10,5,,,,Gnashing Maws,S,-2,Strike Last,,,,,,,,,yes,,,,,,,"Armour Bane (2), Close Order, First Charge, Immune to Psychology, Large Target, Random Attacks, Random Movement, Stomp Attacks (D6), Terror, Timmm-berrr!, Unbreakable"
sorcerer-prophet,Sorcerer-Prophet,Chaos Dwarfs,characters,Heavy Infantry,195,195,1,3,5,4,4,5,3,2,3,10,5,,,,Hand Weapon,S,0,,,,,,,,,yes,,,,,,,,"Blackshard Armour, Ensorcelled Weapons, Infernal Engineer, Lore of Hashut, Resolute, Sorcerer's Curse, Stubborn"
daemonsmith-sorcerer,Daemonsmith Sorcerer,Chaos Dwarfs,characters,Heavy Infantry,85,85,1,3,4,4,4,4,2,2,2,9,5,,,,Hand Weapon,S,0,,,,,,,,,yes,,,,,,,,"Blackshard Armour, Ensorcelled Weapons, Infernal Engineer, Lore of Hashut, Resolute, Sorcerer's Curse, Stubborn"
infernal-castellan,Infernal Castellan,Chaos Dwarfs,characters,Heavy Infantry,125,125,1,3,6,4,5,5,3,3,4,10,5,,,,Hand Weapon,S,0,,,,,,,,,yes,,,,,,,,"Blackshard Armour, Ensorcelled Weapons, Rallying Cry, Resolute, Stubborn"
infernal-castellan,Castellan,Chaos Dwarfs,characters,Heavy Infantry,75,75,1,3,6,4,5,5,3,3,4,10,5,,,,Hand Weapon,S,0,,,,,,,,,yes,,,,,,,,"Blackshard Armour, Ensorcelled Weapons, Rallying Cry, Resolute, Stubborn, Eternal Taskmaster, Quell Panic"
infernal-seneschal,Infernal Seneschal,Chaos Dwarfs,characters,Heavy Infantry,60,60,1,3,5,4,4,5,2,2,3,9,5,,,,Hand Weapon,S,0,,,,,,,,,yes,,,,,,,,"Blackshard Armour, Ensorcelled Weapons, Rallying Cry, Resolute, Stubborn"
infernal-seneschal,Seneschal,Chaos Dwarfs,characters,Heavy Infantry,65,65,1,3,5,4,4,5,2,2,3,9,5,,,,Hand Weapon,S,0,,,,,,,,,yes,,,,,,,,"Blackshard Armour, Ensorcelled Weapons, Rallying Cry, Relentless March, Resolute, Stubborn"
bull-centaur-taurruk,Bull Centaur Taur'ruk,Chaos Dwarfs,characters,Monstrous Cavalry,145,145,1,7,5,2,5,5,4,4,4,9,4,,,,Hand Weapon,S,0,,,,,,,,,yes,,,,,,,,"Armour Bane (1), Armoured Hide (1), Blackshard Armour, Ensorcelled Weapons, Fear, First Charge, Impact Hits (D3+1), Loner, Stampede, Stubborn, Swiftstride"
hobgoblin-khan,Hobgoblin Khan,Chaos Dwarfs,characters,Regular Infantry,45,45,1,4,5,4,4,4,2,5,3,7,,,,,Hand Weapon,S,0,,,,,,,,,,,,,,,,,"Backstab, Evasive, Levies, Warband"
black-orc-warboss,Black Orc Warboss,Chaos Dwarfs,characters,Heavy Infantry,135,135,1,4,7,3,5,5,3,6,4,9,4,,,,Hand Weapon,S,0,,,,,,,,,,,,,,,,,"Choppas, Da Boyz, Furious Charge, Ignore Panic, Quell Impetuosity, Rallying Cry, Waaagh!"
black-orc-bigboss,Black Orc Bigboss,Chaos Dwarfs,characters,Heavy Infantry,75,75,1,4,6,3,4,5,2,5,3,8,4,,,,Hand Weapon,S,0,,,,,,,,,,,,,,,,,"Choppas, Da Boyz, Furious Charge, Ignore Panic, Quell Impetuosity, Rallying Cry, Waaagh!"
hobgoblin-wolf-riders,Hobgoblin Wolf Riders,Chaos Dwarfs,core,Light Cavalry,60,12,5,,3,3,3,3,1,3,1,6,6,yes,,,Hand Weapon,S,0,,,,,,,,,,,,,,,,WS3 S3 I3 A1,"Backstab, Evasive, Fast Cavalry, Fire & Flee, Levies, Open Order, Skirmishers, Swiftstride"
infernal-guard,Infernal Guard,Chaos Dwarfs,core,Heavy Infantry,110,11,10,3,4,3,4,4,1,2,1,9,5,,,,Hand Weapon,S,0,,,,,,,,,yes,,,,,,,,"Close Order, Detachment, Regimental Unit, Resolute, Shieldwall, Stubborn"
hobgoblin-cutthroats,Hobgoblin Cutthroats,Chaos Dwarfs,core,Regular Infantry,30,3,10,4,3,3,3,3,1,3,1,4,6,yes,,,Hand Weapon,S,0,,,,,,,,yes,,,,,,,,,"Backstab, Close Order, Horde, Levies, Warband"
black-orc-mob,Black Orc Mob,Chaos Dwarfs,core,Heavy Infantry,60,12,5,4,4,3,4,4,1,3,1,8,4,,,,Hand Weapon,S,0,,,,,,,,,,,,,,,,,"Choppas, Close Order, Da Boyz, Furious Charge, Ignore Panic, Motley Crew, Quell Impetuosity"
infernal-ironsworn,Infernal Ironsworn,Chaos Dwarfs,core,Heavy Infantry,80,16,5,3,5,3,4,4,1,2,2,9,5,,,,Hand Weapon,S,0,,,,,,,,,yes,,,,,,,,"Blackshard Armour, Close Order, Drilled, Ensorcelled Weapons, Quell Panic, Regimental Unit, Resolute, Shieldwall, Stubborn, Veteran"
sneaky-gits,Sneaky Gits,Chaos Dwarfs,special,Regular Infantry,60,6,10,4,4,4,3,3,1,4,1,5,6,,,,Hand Weapon,S,0,,,,,,,,,,,,,,,,,"Ambushers, Backstab, Evasive, Levies, Move Through Cover, Skirmishers"
kdaai-fireborn,K'daai Fireborn,Chaos Dwarfs,special,Monstrous Infantry,123,41,3,6,4,2,5,4,2,4,3,7,,,,5,Hand Weapon,S,0,,,,,,,,,,yes,yes,,,,,,"Blazing Body, Close Order, Ensorcelled Weapons, Fear, Flaming Attacks, Immune to Psychology, Regeneration (5+), Unbreakable, Unstable, Warp-spawned"
bull-centaur-renders,Bull Centaur Renders,Chaos Dwarfs,special,Monstrous Cavalry,168,56,3,7,4,2,4,5,3,3,2,8,5,,,,Hand Weapon,S,0,,,,,,,,,yes,,,,,,,,"Armoured Hide (1), Blackshard Armour, Close Order, Ensorcelled Weapons, Fear, First Charge, Impact Hits (D3), Loner, Stampede, Stubborn, Swiftstride"
iron-daemon,Iron Daemon,Chaos Dwarfs,special,Heavy Chariot,275,275,1,5,4,4,3,7,7,2,1,9,,,,,Hand Weapon,S,0,,,,,,,,,,yes,,,,,,,"Carriage Hauler, Close Order, Fear, Grinding Wheels, Immune to Psychology, Impact Hits (D6+1), Large Target, Lumbering Destruction, Stomp Attacks (D3+1), Unbreakable"
deathshrieker-rocket-launcher,Deathshrieker Rocket Launcher,Chaos Dwarfs,special,War Machine,120,120,1,,3,3,3,6,3,2,3,9,5,,,,Hand Weapon,S,0,,,,,,,,,,,,,,,,,"Blackshard Armour, Skirmishers"
magma-cannon,Magma Cannon,Chaos Dwarfs,special,War Machine,125,125,1,,3,3,3,6,3,2,3,9,5,,,,Hand Weapon,S,0,,,,,,,,,,,,,,,,,"Blackshard Armour, Skirmishers"
hobgoblin-bolt-thrower,Hobgoblin Bolt Thrower,Chaos Dwarfs,special,War Machine,45,45,1,,3,3,3,4,3,3,2,6,6,,,,Hand Weapon,S,0,,,,,,,,,,,,,,,,,"Levies, Skirmishers"
dreadquake-mortar,Dreadquake Mortar,Chaos Dwarfs,rare,War Machine,165,165,1,,3,3,3,7,4,2,3,9,5,,,,Hand Weapon,S,0,,,,,,,,,,,,,,,,,"Blackshard Armour, Skirmishers"
hellcannon,Hellcannon,Chaos Dwarfs,rare,Behemoth,215,215,1,3,4,3,5,6,5,1,5,4,,,,6,Hand Weapon,S,0,,,,,,,,,,yes,,,,,,WS4 S3 I2 A1,"Armour Bane (1), Caged Fury, Close Order, Ensorcelled Weapons, Immune to Psychology, Impact Hits (D6), Large Target, Monster Handlers, Regeneration (6+), Terror, Unbreakable, Warp-spawned"
chaos-giant,Chaos Giant,Chaos Dwarfs,rare,Behemoth,200,200,1,6,3,1,6,7,6,2,,10,6,,,,Giant's Club,S,0,,,,,,,,,,yes,,,,,,,"Close Order, Giant Attacks, Immune to Psychology, Large Target, Pick Up And..., Stomp Attacks (D6), Terror, Timmm-berrr!, Unbreakable"
daemon-prince-daemons-of-chaos,Daemon Prince,Daemons of Chaos,characters,Monstrous Infantry,210,210,1,6,7,5,6,5,4,7,5,9,6,,5,,Ensorcelled Weapon,S,-1,,,,,,,,,,yes,,,,,,,"Chaos Armour {daemons of chaos}, Daemonic {renegade}, Infernal Favour (2), Lore of Daemons, Stomp Attacks (D3+1)"
bloodthirster,Bloodthirster,Daemons of Chaos,characters,Behemoth,355,355,1,8,10,5,6,6,6,7,6,9,,,5,,Great Axe,S+2,-3,"Armour Bane (2), Monster Slayer, Requires Two Hands, Strike Last",2,,,yes,,,,,yes,,,,,,,"Daemonic, Daemonic Charge, Daemon of Khorne, Fly (10), Furious Charge, Impact Hits (D3), Impetuous, Infernal Favour (2), Large Target, Magic Resistance (-2), Terror"
daemonic-herald-of-khorne,Daemonic Herald of Khorne,Daemons of Chaos,characters,Heavy Infantry,80,80,1,5,7,4,5,4,2,6,3,8,,,5,,Hellblade,S,-1,Cleaving Blow,,yes,,,,,,,yes,,,,,,,"Daemonic, Daemon of Khorne, Furious Charge, Impetuous, Infernal Favour (1), Magic Resistance (-1)"
great-unclean-one,Great Unclean One,Daemons of Chaos,characters,Behemoth,330,330,1,5,6,3,6,7,7,4,5,9,,,5,5,Hand Weapon,S,0,,,,yes,,,,,,yes,,,,,,,"Daemonic, Daemon of Nurgle, Infernal Favour (2), Large Target, Lore of Daemons, Poisoned Attacks, Regeneration (5+), Stomp Attacks (D3+1), Terror"
daemonic-herald-of-nurgle,Daemonic Herald of Nurgle,Daemons of Chaos,characters,Regular Infantry,95,95,1,4,5,5,5,5,2,4,3,8,,,5,6,Plaguesword,S,0,Armour Bane (1),1,,yes,,,,,,yes,,,,,,,"Daemonic {renegade}, Daemon of Nurgle, Infernal Favour (1), Lore of Daemons {renegade}, Poisoned Attacks, Regeneration (6+)"
keeper-of-secrets,Keeper of Secrets,Daemons of Chaos,characters,Behemoth,330,330,1,8,7,6,6,6,6,7,6,9,,,5,,Hand Weapon,S,0,,,,,,,,,,yes,,,,,,,"Daemonic, Daemon of Slaanesh, Infernal Favour (2), Large Target, Lore of Daemons, Stomp Attacks (D3), Swiftstride, Terror"
daemonic-herald-of-slaanesh,Daemonic Herald of Slaanesh,Daemons of Chaos,characters,Regular Infantry,85,85,1,6,6,4,4,3,2,6,3,8,,,5,,Piercing Claws,S,-1,"Armour Bane (2), Extra Attacks (+1), Requires Two Hands",2,,,yes,,1,,,yes,,,,,,,"Daemonic, Daemon of Slaanesh, Infernal Favour (1), Lore of Daemons"
lord-of-change,Lord of Change,Daemons of Chaos,characters,Behemoth,310,310,1,6,6,6,6,6,6,6,4,9,,,5,,Hand Weapon,S,0,,,,,,,,,,yes,,,,,,,"Daemonic, Daemon of Tzeentch, Flaming Attacks, Fly (9), Infernal Favour (2), Large Target, Lore of Daemons, Stomp Attacks (D3), Swiftstride, Terror"
daemonic-herald-of-tzeentch,Daemonic Herald of Tzeentch,Daemons of Chaos,characters,Regular Infantry,90,90,1,4,3,4,3,3,2,3,2,8,,,5,,Hand Weapon,S,0,,,,,,,,,,yes,,,,,,,"Daemonic, Daemon of Tzeentch, Infernal Favour (1), Lore of Daemons {renegade}"
daemonettes-of-slaanesh,Daemonettes of Slaanesh,Daemons of Chaos,core,Regular Infantry,66,11,6,5,4,3,3,3,1,5,1,7,,,5,,Piercing Claws,S,-1,"Armour Bane (2), Extra Attacks (+1), Requires Two Hands",2,,,yes,,1,,,yes,,,,,,,"Close Order, Daemonic, Daemons of Slaanesh"
seekers-of-slaanesh,Seekers of Slaanesh,Daemons of Chaos,core,Light Cavalry,105,21,5,,4,3,3,3,1,5,1,7,,,5,,Piercing Claws,S,-1,"Armour Bane (2), Extra Attacks (+1), Requires Two Hands",2,,yes,yes,,1,,,yes,,,,,,WS3 S3 I5 A1,"Armour Bane (1 - Steed of Slaanesh only), Counter Charge, Daemonic {renegade}, Daemon of Slaanesh, Fast Cavalry, Open Order, Poisoned Attacks (Steed of Slaanesh only), Skirmishers, Swiftstride"
plaguebearers-of-nurgle,Plaguebearers of Nurgle,Daemons of Chaos,core,Regular Infantry,91,13,7,4,3,3,4,4,1,2,1,7,,,5,6,Plaguesword,S,0,Armour Bane (1),1,,yes,,,,,,yes,,,,,,,"Close Order, Daemonic, Daemons of Nurgle, Poisoned Attacks, Regeneration (6+)"
nurglings,Nurglings,Daemons of Chaos,core,Swarm,135,45,3,4,2,0,2,3,7,2,,5,,,5,6,Hand Weapon,S,0,,,,yes,,,,,,yes,,,,,,,"Daemonic, Daemons of Nurgle, Loner, Poisoned Attacks, Random Attacks, Regeneration (6+), Skirmishers"
bloodletters-of-khorne,Bloodletters of Khorne,Daemons of Chaos,core,Heavy Infantry,112,14,8,5,5,3,4,3,1,4,1,7,6,,5,,Hellblade,S,-1,Cleaving Blow,,yes,,,,,,,yes,,,,,,,"Close Order, Daemonic, Daemons of Khorne, Impetuous, Magic Resistance (-1)"
flesh-hounds-of-khorne,Flesh Hounds of Khorne,Daemons of Chaos,core,Heavy Cavalry,160,32,5,8,5,0,4,4,2,4,2,7,6,,5,,Hand Weapon,S,0,,,,,,,,,,yes,,,,,,,"Armour Bane (1), Close Order, Counter Charge, Daemonic, Daemons of Khorne, Impetuous, Magic Resistance (-2)"
pink-horrors-of-tzeentch,Pink Horrors of Tzeentch,Daemons of Chaos,core,Regular Infantry,108,12,9,4,3,3,3,3,1,3,1,7,,,5,,Hand Weapon,S,0,,,,,,,,,,yes,,,,,,,"Close Order, Daemonic, Daemons of Tzeentch, Scintillating Sorcery"
blue-horrors-of-tzeentch,Blue Horrors of Tzeentch,Daemons of Chaos,core,Regular Infantry,81,9,9,4,2,3,3,3,1,3,1,7,,,5,,Hand Weapon,S,0,,,,,,,,,,yes,,,,,,,"Daemonic, Daemons of Tzeentch, Move Through Cover, Open Order"
brimstone-horrors-of-tzeentch,Brimstone Horrors of Tzeentch,Daemons of Chaos,core,Swarm,76,38,2,5,2,2,2,3,6,2,4,5,,,5,,Hand Weapon,S,0,,,,,,,,,,yes,,,,,,,"Daemonic {renegade}, Daemons of Tzeentch, Flaming Attacks, Loner, Skirmishers"
chaos-furies,Chaos Furies,Daemons of Chaos,core,Regular Infantry,60,12,5,4,3,0,4,3,1,4,1,5,,,5,,Daemonic Talons,S,-1,,,,,,,,,,yes,,,,,,,"Daemonic, Fly (8), Furious Charge, Skirmishers, Swiftstride, Vanguard"
chaos-furies,Chaos Furies of Slaanesh,Daemons of Chaos,core,Regular Infantry,70,14,5,4,3,0,4,3,1,4,1,5,,,5,,Daemonic Talons,S,-1,,,,,,,,,,yes,,,,,,,"Daemonic, Fly (8), Furious Charge, Skirmishers, Swiftstride, Vanguard, Daemons of Slaanesh"
chaos-furies,Chaos Furies of Nurgle,Daemons of Chaos,core,Regular Infantry,70,14,5,4,3,0,4,3,1,4,1,5,,,5,,Daemonic Talons,S,-1,,,,,,,,,,yes,,,,,,,"Daemonic, Fly (8), Furious Charge, Skirmishers, Swiftstride, Vanguard, Daemons of Nurgle"
chaos-furies,Chaos Furies of Khorne,Daemons of Chaos,core,Regular Infantry,70,14,5,4,3,0,4,3,1,4,1,5,,,5,,Daemonic Talons,S,-1,,,,,,,,,,yes,,,,,,,"Daemonic, Fly (8), Furious Charge, Skirmishers, Swiftstride, Vanguard, Daemons of Khorne"
chaos-furies,Chaos Furies of Tzeentch,Daemons of Chaos,core,Regular Infantry,70,14,5,4,3,0,4,3,1,4,1,5,,,5,,Daemonic Talons,S,-1,,,,,,,,,,yes,,,,,,,"Daemonic, Fly (8), Furious Charge, Skirmishers, Swiftstride, Vanguard, Daemons of Tzeentch"
fiends-of-slaanesh,Fiends of Slaanesh,Daemons of Chaos,special,Monstrous Cavalry,198,66,3,8,4,0,4,4,3,6,3,7,,,5,,Piercing Claws,S,-1,"Armour Bane (2), Extra Attacks (+1), Requires Two Hands",2,,,yes,,1,,,yes,,,,,,,"Close Order, Daemonic, Daemons of Slaanesh, Soporific Musk, Swiftstride"
seeker-chariot-of-slaanesh,Seeker Chariot of Slaanesh,Daemons of Chaos,special,Light Chariot,100,100,1,,4,3,3,4,4,5,1,7,,,5,,Piercing Claws,S,-1,"Armour Bane (2), Extra Attacks (+1), Requires Two Hands",2,,yes,yes,,1,,,yes,,,,,,WS3 S3 I5 A1,"Armour Bane (1 - Steed of Slaanesh only), Counter Charge, Daemonic, Daemon of Slaanesh, First Charge, Impact Hits (D3+1), Open Order, Poisoned Attacks (Steed of Slaanesh only), Swiftstride"
hellflayer-of-slaanesh,Hellflayer of Slaanesh,Daemons of Chaos,special,Light Chariot,145,145,1,,5,3,3,4,4,5,2,7,,,5,,Piercing Claws,S,-1,"Armour Bane (2), Extra Attacks (+1), Requires Two Hands",2,,yes,yes,,1,,,yes,,,,,,WS4 S3 I5 A1 | WS3 S3 I5 A1,"Armour Bane (1 - Steed of Slaanesh only), Close Order, Counter Charge, Daemonic, Daemon of Slaanesh, First Charge, Impact Hits (2D6+1), Poisoned Attacks (Steed of Slaanesh only), Swiftstride"
beasts-of-nurgle,Beasts of Nurgle,Daemons of Chaos,special,Monstrous Infantry,124,62,2,5,3,0,4,5,4,2,,7,,,5,5,Writhing Tentacles (Daemons of Chaos),S,-1,Armour Bane (1),1,,yes,,,,,,yes,,,,,,,"Attention Seeker, Close Order, Daemonic {renegade}, Daemons of Nurgle, Impetuous, Infernal Favour (1), Loner, Poisoned Attacks, Random Attacks, Regeneration (5+), Slime Trail"
plague-drones-of-nurgle,Plague Drones of Nurgle,Daemons of Chaos,special,Monstrous Cavalry,189,63,3,,3,3,4,5,3,2,1,7,,,5,6,Plaguesword,S,0,Armour Bane (1),1,,yes,,,,,,yes,,,,,,WS3 S5 I2 A3,"Armour Bane (2 - Rot Fly only), Daemonic {renegade}, Daemons of Nurgle, Fly (9), Poisoned Attacks, Regeneration (6+), Skirmishers, Swiftstride"
bloodcrushers-of-khorne,Bloodcrushers of Khorne,Daemons of Chaos,special,Monstrous Cavalry,195,65,3,,5,3,4,4,3,4,1,7,6,,5,,Hellblade,S,-1,Cleaving Blow,,yes,,,,,,,yes,,,,,,WS4 S5 I2 A2,"Armoured Hide (1), Close Order, Daemonic, Daemon of Khorne, Impact Hits (2), Impetuous, Magic Resistance (-1), Swiftstride"
soul-grinder,Soul Grinder of Khorne,Daemons of Chaos,special,Behemoth,250,240,1,8,3,3,6,6,6,3,4,7,4,,5,,Iron Claw,S,-3,Killing Blow,,,,,,,,,yes,,,,,,,"Close Order, Daemonic {renegade}, Furious Charge, Large Target, Reserve Move, Stomp Attacks (D6+1), Terror"
screamers-of-tzeentch,Screamers of Tzeentch,Daemons of Chaos,special,War Beast,132,44,3,1,3,0,4,4,2,4,2,7,,,5,,Lamprey's Bite,S,-1,Multiple Wounds (D3),,,,,,,,,yes,,,,,,,"Daemonic, Daemons of Tzeentch, Fly (9), Loner, Skirmishers, Slashing Attack"
flamers-of-tzeentch,Flamers of Tzeentch,Daemons of Chaos,special,Regular Infantry,120,40,3,6,2,4,4,4,2,4,2,7,,,5,,Hand Weapon,S,0,,,,,,,,,,yes,,,,,,,"Daemonic {renegade}, Daemons of Tzeentch, Flaming Attacks, Infernal Favour (1 - Exalted Flamer only), Lore of Daemons {renegade}, Move Through Cover, Skirmishers"
burning-chariot-of-tzeentch,Burning Chariot of Tzeentch,Daemons of Chaos,special,Heavy Chariot,140,140,1,,2,5,4,4,4,4,2,7,,,5,,Lamprey's Bite,S,-1,Multiple Wounds (D3),,,,,,,,,yes,,,,,,WS2 S3 I3 A1 | WS3 S4 I4 A2,"Close Order, Daemonic {renegade}, Daemon of Tzeentch {renegade}, Fly (9), Impact Hits (D6+1), Lore of Daemons {renegade}, Slashing Attack (Screamers only)"
soul-grinder,Soul Grinder,Daemons of Chaos,rare,Behemoth,255,255,1,8,3,3,6,6,6,3,4,7,5,,5,,Iron Claw,S,-3,Killing Blow,,,,,,,,,yes,,,,,,,"Close Order, Daemonic, Furious Charge, Large Target, Reserve Move, Stomp Attacks (D6+1), Terror"
skull-cannon-of-khorne,Skull Cannon of Khorne,Daemons of Chaos,rare,Heavy Chariot,185,185,1,7,5,,5,5,4,2,3,,,,5,,Hand Weapon,S,0,,,,,,,,,,yes,,,,,,WS5 S4 I4 A1,"Brazen Wheels, Close Order, Daemonic, Daemon of Khorne, First Charge, Impact Hits (D3+1), Impetuous, Stomp Attacks (D3)"
dark-elf-dreadlord,Dark Elf Dreadlord,Dark Elves,characters,Regular Infantry,130,130,1,5,7,7,4,3,3,6,4,10,6,,,,Hand Weapon,S,0,,,,,,,,,,,,,yes,,,,"Eternal Hatred, Hatred (High Elves)*, Murderous {renegade}, Strike First*"
dark-elf-master,Dark Elf Master,Dark Elves,characters,Regular Infantry,70,70,1,5,6,6,4,3,2,5,3,9,6,,,,Hand Weapon,S,0,,,,,,,,,,,,,yes,,,,"Eternal Hatred, Hatred (High Elves)*, Murderous {renegade}, Strike First*"
supreme-sorceress,Supreme Sorceress,Dark Elves,characters,Regular Infantry,150,150,1,5,4,4,3,3,3,5,2,8,,,,,Hand Weapon,S,0,,,,,,,,,,,,,yes,,,,"Elven Reflexes, Eternal Hatred, Hatred (High Elves), Hekarti's Blessing, Lore of Naggaroth {renegade}, Murderous {renegade}"
sorceress,Sorceress,Dark Elves,characters,Regular Infantry,75,75,1,5,4,4,3,3,2,4,1,8,,,,,Hand Weapon,S,0,,,,,,,,,,,,,yes,,,,"Elven Reflexes, Eternal Hatred, Hatred (High Elves), Hekarti's Blessing, Lore of Naggaroth {renegade}, Murderous {renegade}"
high-beastmaster,High Beastmaster,Dark Elves,characters,Regular Infantry,75,75,1,,7,7,4,3,3,5,3,9,6,,,,Whip,S,0,"Fight In Extra Rank, Strike First",,,,,,,,,,,,yes,,,,"Eternal Hatred, Goad Beast, Hatred (High Elves)*, Murderous {renegade}, Strike First*"
death-hag,Death Hag,Dark Elves,characters,Regular Infantry,70,70,1,5,6,6,4,3,2,7,3,8,,,,,Hand Weapon,S,0,,,,,,,,,,,,,,,,,
khainite-assassin,Khainite Assassin,Dark Elves,characters,Regular Infantry,80,80,1,5,8,7,4,3,2,7,3,8,,,,,Hand Weapon,S,0,,,,,,,,,,,,,,,,,
dark-elf-warriors,Dark Elf Warriors,Dark Elves,core,Regular Infantry,80,8,10,5,4,4,3,3,1,4,1,8,6,yes,,,Hand Weapon,S,0,,,,,,,,,,,,,yes,,,,"Close Order, Elven Reflexes, Hatred (High Elves), Martial Prowess"
repeater-crossbowmen,Repeater Crossbowmen,Dark Elves,core,Regular Infantry,110,11,10,5,4,4,3,3,1,4,1,8,6,,,,Hand Weapon,S,0,,,,,,,,,,,,,yes,,,,"Close Order, Elven Reflexes, Hatred (High Elves), Martial Prowess"
black-ark-corsairs,Black Ark Corsairs,Dark Elves,core,Regular Infantry,110,11,10,5,4,4,3,3,1,4,1,8,6,,,,Hand Weapon,S,0,,,,,,,,,,,,,yes,,,,"Elven Reflexes, Hatred (High Elves), Move Through Cover, Open Order, Sea Dragon Cloak"
dark-riders,Dark Riders,Dark Elves,core,Light Cavalry,80,16,5,,4,4,3,3,1,4,1,8,6,,,,Cavalry Spear,S+1,-1,Fight In Extra Rank,,,,,,,,,,,,yes,,,WS3 S3 I4 A1,"Elven Reflexes, Fast Cavalry, Hatred (High Elves), Open Order, Skirmishers, Swiftstride"
witch-elves,Witch Elves,Dark Elves,core,Regular Infantry,110,11,10,5,4,4,3,3,1,5,1,8,,,,,Hand Weapon,S,0,,,,yes,,,,yes,,,,,yes,yes,,,"Close Order, Elven Reflexes, Frenzy, Hatred (High Elves), Horde, Loner, Murderous {renegade}, Poisoned Attacks"
har-ganeth-executioners,Har Ganeth Executioners,Dark Elves,special,Regular Infantry,150,15,10,5,5,4,4,3,1,5,1,9,5,,,,Har Ganeth Greatsword,S+2,-1,"Cleaving Blow, Requires Two Hands",,yes,,yes,,,,,,,,yes,,,,"Close Order, Elven Reflexes, Hatred (High Elves), Murderous {renegade}, Veteran"
dark-elf-shades,Dark Elf Shades,Dark Elves,special,Regular Infantry,75,15,5,5,5,5,3,3,1,5,1,8,,,,,Hand Weapon,S,0,,,,,,,,,,,,,,,,,
harpies,Harpies,Dark Elves,special,Regular Infantry,55,11,5,5,3,0,3,3,1,5,2,6,,,,,Hand Weapon,S,0,,,,,,,,,,,,,,,,," Fly (10), Move Through Cover, Scouts, Skirmishers, Swiftstride"
black-guard-of-naggarond,Black Guard of Naggarond,Dark Elves,special,Regular Infantry,150,15,10,5,5,4,3,3,1,5,1,9,4,,,,Dread Halberd,S+1,-1,"Armour Bane (1), Fight in Extra Rank, Requires Two Hands",1,,,yes,yes,,,yes,,,,yes,,,,"Close Order, Elven Reflexes, Eternal Hatred, Hatred (High Elves), Immune to Psychology, Martial Prowess, Stubborn"
cold-one-knights,Cold One Knights,Dark Elves,special,Heavy Cavalry,155,31,5,,5,4,4,4,1,5,1,9,5,yes,,,Lance,S+2,-2,Armour Bane (1),1,,,,,,,,,,,,,,WS3 S4 I2 A2,
scourgerunner-chariot,Scourgerunner Chariots,Dark Elves,special,Light Chariot,85,85,1,,4,4,3,4,4,4,1,8,,,,,Cavalry Spear,S+1,-1,Fight In Extra Rank,,,,,,,,,,,,yes,,,WS3 S3 I4 A1,"Elven Reflexes, Hatred (High Elves), Impact Hits (D6), Open Order, Sea Dragon Cloak, Swiftstride"
cold-one-chariot,Cold One Chariot,Dark Elves,special,Heavy Chariot,125,125,1,,5,4,4,5,4,5,1,9,,,,,Cavalry Spear,S+1,-1,Fight In Extra Rank,,,,,,,,,,,,yes,,,WS3 S4 I2 A2,"Armour Bane (1 - Cold One only), Close Order, Elven Reflexes, Fear,  First Charge, Hatred (High Elves), Impact Hits (D6+1), Stupidity"
war-hydra,War Hydra,Dark Elves,special,Behemoth,200,200,1,6,4,0,5,5,5,3,2,6,,,,5,Wicked Claws,S,-2,,,,,,,,,,,,,,,,WS4 S3 I4 A1,"Close Order, Extra Attacks (+remaining Wounds), Immune to Psychology, Large Target, Monster Handlers, Regeneration (5+), Stomp Attacks (D3), Terror"
kharibdyss,Kharibdyss,Dark Elves,special,Behemoth,195,195,1,6,5,0,7,5,5,3,5,6,,,,,Cavernous Maw,S,-2,"Armour Bane (1), Killing Blow",1,,,,,,,,,,,,,,WS4 S3 I4 A1,"Abyssal Howl, Close Order, Immune to Psychology, Large Target, Monster Handlers, Stomp Attacks (D3+1), Terror"
sisters-of-slaughter,Sisters of Slaughter,Dark Elves,rare,Regular Infantry,170,17,10,5,5,4,3,3,1,6,2,9,,,,,Lash & Buckler,S,-1,"Armour Bane (1), Fight in Extra Rank, Requires Two Hands",1,,,yes,yes,,,,,,,yes,,,,"Dance of Death, Elven Reflexes, Hatred (High Elves), Impetuous, Loner, Murderous {renegade}, Open Order"
bloodwrack-shrine,Bloodwrack Shrines,Dark Elves,rare,Heavy Chariot,175,175,1,2,4,4,3,5,5,5,1,8,,,,,Cavalry Spear,S+1,-1,Fight In Extra Rank,,,yes,,,,,,,,,yes,yes,,WS5 S4 I5 A3,"Close Order, Dragged Along, Elven Reflexes, Frenzy, Hatred (High Elves), Impact Hits (D6+1), Large Target, Magic Resistance (-1), Murderous {renegade}, Poisoned Attacks, Stony Stare, Terror"
bloodwrack-medusa,Bloodwrack Medusas,Dark Elves,rare,Monstrous Creature,85,85,1,7,5,5,4,4,4,5,3,7,6,,,,Hand Weapon,S,0,,,,yes,,,,,,,,,yes,yes,,,"Close Order, Elven Reflexes, Fear, Frenzy, Hatred (High Elves), Magic Resistance (-1), Murderous {renegade}, Poisoned Attacks, Stony Stare"
doomfire-warlocks,Doomfire Warlocks,Dark Elves,rare,Light Cavalry,110,22,5,,4,4,4,3,1,5,1,8,,,,,Hand Weapon,S,0,,,,yes,,,,,,,,,yes,,,WS3 S3 I4 A1,"Cursed Coven {renegade}, Dark Runes {renegade}, Elven Reflexes, Fast Cavalry, Hatred (High Elves), Open Order, Poisoned Attacks (Doomfire Warlocks and Master only), Swiftstride"
reaper-bolt-thrower,Reaper Bolt Thrower,Dark Elves,rare,War Machine,80,80,1,,4,4,3,6,2,4,2,8,6,,,,Hand Weapon,S,0,,,,,,,,,,,,,yes,,,,"Elven Reflexes, Hatred (High Elves), Skirmishers"
merwyrm,Merwyrm,Dark Elves,rare,Behemoth,200,200,1,6,6,0,6,6,6,3,4,8,5,,,,Lashing Talons,S,-1,Armour Bane (1),1,,,,,,,,,,,,,,,"Abyssal Cloak, Close Order, Enfeebling Cold, Impact Hits (D3), Large Target, Stomp Attacks (D3+1), Terror"
king,King,Dwarfen Mountain Holds,characters,Heavy Infantry,125,125,1,3,7,4,4,5,3,4,4,10,4,,,,Hand Weapon,S,0,,,,,,,,,yes,,,,yes,,,,"Ancestral Grudge, Dwarf Crafted, Gromril Armour, Gromril Weapons, Hatred (Orcs & Goblins), Magic Resistance (-1), Rallying Cry, Resolute, Stubborn"
thane,Thane,Dwarfen Mountain Holds,characters,Heavy Infantry,60,60,1,3,6,4,4,5,2,3,3,9,4,,,,Hand Weapon,S,0,,,,,,,,,yes,,,,yes,,,,"Ancestral Grudge, Dwarf Crafted, Gromril Armour, Gromril Weapons, Hatred (Orcs & Goblins), Magic Resistance (-1), Rallying Cry, Resolute, Stubborn"
anvil-of-doom,Anvil of Doom,Dwarfen Mountain Holds,characters,War Machine,235,235,1,,6,4,4,7,5,3,5,9,5,yes,,,Hand Weapon,S,0,,,,,,,,,,yes,,,yes,,,,"Ancestral Shield, Gromril Armour, Gromril Weapons, Hatred (Orcs & Goblins), Immune to Psychology, Magic Resistance (-3), Resolute, Rune Lore, Skirmishers, Strike the Runes, Unbreakable"
runelord,Runelord,Dwarfen Mountain Holds,characters,Heavy Infantry,120,120,1,3,6,4,4,5,3,3,3,9,5,,,,Hand Weapon,S,0,,,,,,,,,yes,,,,yes,,,,"Armour Bane (1), Forgefire, Gromril Armour, Gromril Weapons, Hatred (Orcs & Goblins), Magic Resistance (-2), Resolute, Rune Lore, Stubborn"
runesmith,Runesmith,Dwarfen Mountain Holds,characters,Heavy Infantry,65,65,1,3,5,4,4,4,2,2,2,9,5,,,,Hand Weapon,S,0,,,,,,,,,yes,,,,yes,,,,"Armour Bane (1), Forgefire, Gromril Armour, Gromril Weapons, Hatred (Orcs & Goblins), Magic Resistance (-2), Resolute, Rune Lore, Stubborn"
daemon-slayer,Daemon Slayer,Dwarfen Mountain Holds,characters,Heavy Infantry,130,130,1,3,7,3,4,5,3,5,4,10,,,,,Hand Weapon,S,0,,,,,,,,,,yes,,,yes,,,,"Deathblow, Gromril Weapons, Hatred (Orcs & Goblins), Immune to Psychology, Killing Blow, Loner, Magic Resistance (-2), Resolute, Slayer of Daemons, Unbreakable, Vanguard"
dragon-slayer,Dragon Slayer,Dwarfen Mountain Holds,characters,Heavy Infantry,70,70,1,3,6,3,4,5,2,4,3,10,,,,,Hand Weapon,S,0,,,,,,,,,,yes,,,yes,,,,"Deathblow, Gromril Weapons, Hatred (Orcs & Goblins), Immune to Psychology, Killing Blow, Loner, Magic Resistance (-2), Resolute, Slayer of Dragons, Unbreakable, Vanguard"
engineer,Engineer,Dwarfen Mountain Holds,characters,Heavy Infantry,50,50,1,3,4,5,4,4,2,2,2,9,5,,,,Hand Weapon,S,0,,,,,,,,,yes,,,,yes,,,,"Artillery Master, Dwarf Crafted, Entrenchment, Gromril Armour, Hatred (Orcs & Goblins), Magic Resistance (-1), Resolute, ""Stand Back Chief"", Stubborn"
engineer-sapper,Engineer Sapper,Dwarfen Mountain Holds,characters,Heavy Infantry,70,70,1,3,4,5,4,4,2,2,2,9,5,,,,Hand Weapon,S,0,,,,,,,,,yes,,,,yes,,,,"""Dig In!"", Dwarf Crafted, Gromril Armour, Hatred (Orcs & Goblins), Hostile Terrain, Magic Resistance (-1), Resolute, Stubborn"
thorgrim-ulleksson,Thorgrim Ulleksson,Dwarfen Mountain Holds,characters,Heavy Infantry,250,250,1,3,6,4,4,5,3,3,3,10,,yes,,,Hand Weapon,S,0,,,,,,,,,yes,,,,yes,,yes,,"Gromril Armour, Grudgelore, Hatred (Orcs & Goblins), Magic Resistance (-1), Rallying Cry, Resolute, Stubborn"
ungrim-ironfist,Ungrim Ironfist,Dwarfen Mountain Holds,characters,Heavy Infantry,315,315,1,3,9,4,4,6,3,5,4,10,6,,,,Hand Weapon,S,0,,,,,,,,,,yes,,,yes,,yes,,"Deathblow, Gromril Armour, Hatred (Orcs & Goblins), Immune to Psychology, King of the Slayer Hold, Magic Resistance (-2), Rallying Cry, Resolute, Slayer, Unbreakable"
burlok-damminson,Burlok Damminson,Dwarfen Mountain Holds,characters,Heavy Infantry,85,85,1,3,5,5,4,4,2,2,3,10,5,,,,Furnace Hammer,S,-2,Flaming Attacks,,,,,,,,yes,,,,yes,,yes,,"Dwarf Crafted, Gromril Armour, Hatred (Orcs & Goblins), Magic Resistance (-1), Prepared Positions, Range Finding Optics, Resolute, ""Stand Back Chief"", Stubborn"
dwarf-warriors,Dwarf Warriors,Dwarfen Mountain Holds,core,Heavy Infantry,40,8,5,3,4,3,3,4,1,2,1,9,5,,,,Hand Weapon,S,0,,,,,,,,,,,,,yes,,,,"Close Order, Hatred (Orcs & Goblins), Magic Resistance (-1), Resolute, Shieldwall"
royal-clan-warriors,Royal Clan Warriors,Dwarfen Mountain Holds,core,Heavy Infantry,50,10,5,3,4,3,3,4,1,2,1,9,5,yes,,,Hand Weapon,S,0,,,,,,,,,,,,,yes,,,,"Close Order, Gromril Armour, Gromril Weapons, Hatred (Orcs & Goblins), Magic Resistance (-1), Resolute, Shieldwall"
longbeards,Longbeards,Dwarfen Mountain Holds,core,Heavy Infantry,60,12,5,3,5,3,4,4,1,2,1,9,5,,,,Hand Weapon,S,0,,,,,,,,,,,,,yes,,,,"Close Order, Gromril Weapons, Hatred (Orcs & Goblins), Magic Resistance (-1), Resolute, Shieldwall, Venerable, Veteran"
quarrellers,Quarrellers,Dwarfen Mountain Holds,core,Heavy Infantry,45,9,5,3,3,3,3,4,1,2,1,9,5,,,,Hand Weapon,S,0,,,,,,,,,,,,,yes,,,,"Close Order, Dwarf Crafted, Hatred (Orcs & Goblins), Magic Resistance (-1), Resolute"
thunderers,Thunderers,Dwarfen Mountain Holds,core,Heavy Infantry,50,10,5,3,3,3,3,4,1,2,1,9,5,,,,Hand Weapon,S,0,,,,,,,,,,,,,yes,,,,"Close Order, Dwarf Crafted, Hatred (Orcs & Goblins), Magic Resistance (-1), Resolute"
rangers,Rangers,Dwarfen Mountain Holds,core,Heavy Infantry,55,11,5,3,4,4,3,4,1,2,1,9,5,,,,Hand Weapon,S,0,,,,,,,,,,,,,yes,,,,"Dwarf Crafted, Hatred (Orcs & Goblins), Magic Resistance (-1), Move Through Cover, Open Order, Resolute, Scouts, Skirmishers"
scout-gyrocopter,Scout Gyrocopters,Dwarfen Mountain Holds,core,Monstrous Cavalry,60,60,1,1,4,4,4,4,3,2,2,9,5,,,,Hand Weapon,S,0,,,,,,,,,,,,,yes,,,,"Dispersed Formation, Fire & Flee, Fly (10), Hatred (Orcs & Goblins), Hit & Run, Impact Hits (D3), Magic Resistance (-1), Skirmishers, Swiftstride, Vanguard"
dwarf-cart,Dwarf Cart,Dwarfen Mountain Holds,core,Light Chariot,65,65,1,,4,4,3,5,3,2,1,8,,,,,Hand Weapon,S,0,,,,,,,,,,,,,yes,,,WS3 S3 I3 A1,"Hatred (Orcs & Goblins), Impact Hits (D3), Magic Resistance (-1), Open Order, Resolute"
dwarf-cart,Dwarf Cart,Dwarfen Mountain Holds,core,Light Chariot,65,65,1,,4,4,3,5,3,2,1,8,,,,,Hand Weapon,S,0,,,,,,,,,,,,,yes,,,WS3 S3 I3 A1,"Hatred (Orcs & Goblins), Impact Hits (D3), Magic Resistance (-1), Open Order, Resolute"
hammerers,Hammerers,Dwarfen Mountain Holds,special,Heavy Infantry,80,16,5,3,5,3,4,4,1,3,1,9,5,,,,Great Hammer,S+2,-2,"Armour Bane (2), Magical Attacks, Requires Two Hands",2,,,yes,,,,yes,,,,yes,,,,"Close Order, Gromril Weapons, Hatred (Orcs & Goblins), Magic Resistance (-1), Resolute, Royal Guard, Shieldwall, Stoic Defenders, Stubborn, Gromril Armour"
ironbreakers,Ironbreakers,Dwarfen Mountain Holds,special,Heavy Infantry,75,15,5,3,5,3,4,4,1,2,1,9,4,yes,,,Hand Weapon,S,0,,,,,,,,,yes,,,,yes,,,,"Close Order, Gromril Armour, Gromril Weapons, Hatred (Orcs & Goblins), Magic Resistance (-1), Regimental Unit, Resolute, Runes of Protection, Shieldwall, Stubborn"
miners,Miners,Dwarfen Mountain Holds,special,Heavy Infantry,60,12,5,3,4,3,3,4,1,2,1,9,5,,,,Great Weapon,S+2,-2,"Armour Bane (1), Requires Two Hands, Strike Last",1,,,yes,,,,,,,,yes,,,,"Ambushers, Close Order, Hatred (Orcs & Goblins), Magic Resistance (-1), Resolute, Vanguard"
slayers,Slayers,Dwarfen Mountain Holds,special,Regular Infantry,60,12,5,3,4,3,3,4,1,2,1,10,,,,,Hand Weapon,S,0,,,,,,,,,,yes,,,yes,,,,"Deathblow, ""Fight Me!"" (Giant Slayer), Hatred (Orcs & Goblins), Immune to Psychology, Loner, Magic Resistance (-2), Motley Crew, Open Order, Resolute, Slayer, Unbreakable, Furious Charge"
brotherhood-of-grimnir,Brotherhood of Grimnir,Dwarfen Mountain Holds,special,Regular Infantry,90,18,5,3,5,3,4,4,1,3,2,10,,,,,Hand Weapon,S,0,,,,,,,,,,yes,,,yes,,,,"Blessings of Grimnir (Shrine Keeper only), Close Order, Deathblow, Gromril Weapons, Hatred (Orcs & Goblins), Immune to Psychology, Loner, Magic Resistance (-2), Motley Crew, Resolute, Slayer, Unbreakable"
doomseeker,Doomseeker,Dwarfen Mountain Holds,special,Heavy Infantry,50,50,1,3,5,0,5,4,2,3,,10,,,,,Hand Weapon,S,0,,,,,,,,,,yes,,,yes,,,,"Deathblow, Doomseeker {dwarfs}, First to the Fray, Gromril Weapons, Hatred (Orcs & Goblins), Immune to Psychology, Impact Hits (D3+1), Loner, Magic Resistance (-2), Random Attacks, Resolute, Unbreakable, Vanguard, Whirlwind of Death, Skirmishers"
gyrocopter,Gyrocopters,Dwarfen Mountain Holds,special,Monstrous Cavalry,60,60,1,1,4,3,4,5,3,2,2,9,4,,,,Hand Weapon,S,0,,,,,,,,,,,,,,,,,"Dive Bomb, Fire & Flee, Fly (9), Impact Hits (D3), Magic Resistance (-1), Skirmishers, Swiftstride, Vanguard, Dispersed Formation"
bolt-thrower,Bolt Thrower,Dwarfen Mountain Holds,special,War Machine,55,55,1,,3,3,3,6,3,2,3,9,6,,,,Hand Weapon,S,0,,,,,,,,,yes,,,,yes,,,,"Hatred (Orcs & Goblins), Magic Resistance (-1), Skirmishers, Stubborn"
grudge-thrower,Grudge Thrower,Dwarfen Mountain Holds,special,War Machine,95,95,1,,3,3,3,7,3,2,3,9,6,,,,Hand Weapon,S,0,,,,,,,,,yes,,,,yes,,,,"Hatred (Orcs & Goblins), Magic Resistance (-1), Skirmishers, Stubborn"
cannon,Cannon,Dwarfen Mountain Holds,special,War Machine,95,95,1,,3,3,3,7,3,2,3,9,6,,,,Hand Weapon,S,0,,,,,,,,,yes,,,,yes,,,,"Hatred (Orcs & Goblins), Magic Resistance (-1), Skirmishers, Stubborn"
irondrakes,Irondrakes,Dwarfen Mountain Holds,rare,Heavy Infantry,75,15,5,3,4,4,4,4,1,2,1,9,4,,,,Hand Weapon,S,0,,,,,,,,,yes,,,,yes,,,,"Close Order, Detachment, Gromril Armour, Hatred (Orcs & Goblins), Magic Resistance (-1), Resolute, Runes of Warding, Stubborn"
gyrobomber,Gyrobomber,Dwarfen Mountain Holds,rare,Monstrous Creature,95,95,1,1,4,3,4,5,4,2,2,9,4,,,,Hand Weapon,S,0,,,,,,,,,,,,,yes,,,,"Bombing Run, Close Order, Fly (8), Impact Hits (D3+1), Swiftstride, Magic Resistance (-1), Hatred (Orcs & Goblins)"
organ-gun,Organ Gun,Dwarfen Mountain Holds,rare,War Machine,115,115,1,,3,3,3,7,3,2,3,9,6,,,,Hand Weapon,S,0,,,,,,,,,yes,,,,yes,,,,"Hatred (Orcs & Goblins), Magic Resistance (-1), Skirmishers, Stubborn"
flame-cannon,Flame Cannon,Dwarfen Mountain Holds,rare,War Machine,120,120,1,,3,3,3,6,3,2,3,9,6,,,,Hand Weapon,S,0,,,,,,,,,yes,,,,yes,,,,"Hatred (Orcs & Goblins), Magic Resistance (-1), Skirmishers, Stubborn"
goblin-hewer,Goblin-Hewer,Dwarfen Mountain Holds,rare,War Machine,120,120,1,,4,3,3,6,3,2,2,10,,,,,Hand Weapon,S,0,,,,,,,,,,yes,,,yes,,,,"Hatred (Orcs & Goblins), Immune to Psychology, Magic Resistance (-1), Skirmishers, Unbreakable"
imperial-dwarf-mercenaries,Imperial Dwarf Mercenaries,Dwarfen Mountain Holds,mercenaries,Heavy Infantry,40,8,5,3,4,3,3,4,1,2,1,9,6,,,,Hand Weapon,S,0,,,,,,,,,,,,,yes,,,,"Close Order, Hatred (Orcs & Goblins), Magic Resistance (-1), Resolute, Shieldwall"
prince-ulthers-dragon-company,Prince Ulther's Dragon Company,Dwarfen Mountain Holds,mercenaries,Heavy Infantry,115,115,1,3,5,5,4,5,2,2,3,10,6,yes,,,Hand Weapon,S,0,,,,,,,,,yes,,,,yes,,yes,,"Close Order, Drilled, Gromril Weapons, Hatred (Orcs & Goblins), Magic Resistance (-1), Resolute, Stubborn"
general-of-the-empire,General of the Empire,Empire of Man,characters,Regular Infantry,90,90,1,4,5,5,4,4,3,5,3,10,6,,,,Hand Weapon,S,0,,,,,,,,,,,,,,,,,"""Hold the Line!"", Rallying Cry"
captain-of-the-empire,Captain of the Empire,Empire of Man,characters,Regular Infantry,45,45,1,4,5,5,4,4,2,4,2,9,6,,,,Hand Weapon,S,0,,,,,,,,,,,,,,,,,"""Hold the Line!"", Rallying Cry"
wizard-lord,Wizard Lord,Empire of Man,characters,Regular Infantry,130,130,1,4,4,3,3,4,3,3,2,8,,,,,Hand Weapon,S,0,,,,,,,,,,,,,,,,,"Magical Attacks, Magic Resistance (-1)"
master-mage,Master Mage,Empire of Man,characters,Regular Infantry,60,60,1,4,3,3,3,3,2,3,1,7,,,,,Hand Weapon,S,0,,,,,,,,,,,,,,,,,"Magical Attacks, Magic Resistance (-1)"
grand-master,Grand Master,Empire of Man,characters,Heavy Cavalry,210,145,1,,6,3,4,4,3,6,4,9,5,,,,Hand Weapon,S,0,,,,,,,,,yes,,,,,,,,"Counter Charge, First Charge, Immune to Psychology, Master of Battle, Rallying Cry, Stubborn, Swiftstride, Veteran"
chapter-master,Chapter Master,Empire of Man,characters,Heavy Cavalry,140,75,1,,5,3,4,4,2,5,3,8,5,,,,Hand Weapon,S,0,,,,,,,,,yes,,,,,,,,"Counter Charge, First Charge, Immune to Psychology, Master of Battle, Rallying Cry, Stubborn, Swiftstride, Veteran"
witch-hunter,Witch Hunter,Empire of Man,characters,Regular Infantry,55,55,1,4,4,4,4,4,2,5,2,8,6,,,,Hand Weapon,S,0,,,,,,,,,,,,,,,,,"Immune to Psychology, Killing Blow, Suffer Not..."
lector-of-sigmar,Lector of Sigmar,Empire of Man,characters,Regular Infantry,110,110,1,4,5,3,4,4,3,5,3,9,6,,,,Hand Weapon,S,0,,,,,,,,,,,,,,,,,"Magical Attacks, Magic Resistance (-1), Prayers of Sigmar"
priest-of-sigmar,Priest of Sigmar,Empire of Man,characters,Regular Infantry,60,60,1,4,4,3,4,4,2,4,2,8,6,,,,Hand Weapon,S,0,,,,,,,,,,,,,,,,,"Magical Attacks, Magic Resistance (-1), Prayers of Sigmar"
high-priest-of-ulric,High Priest of Ulric,Empire of Man,characters,Regular Infantry,110,110,1,4,5,3,4,4,3,5,3,9,6,,,,Hand Weapon,S,0,,,,,,,,,,,,,,,,,"Magical Attacks, Magic Resistance (-1), Prayers of Ulric"
priest-of-ulric,Priest of Ulric,Empire of Man,characters,Regular Infantry,60,60,1,4,4,3,4,4,2,4,2,8,6,,,,Hand Weapon,S,0,,,,,,,,,,,,,,,,,"Magical Attacks, Magic Resistance (-1), Prayers of Ulric"
empire-engineer,Empire Engineer,Empire of Man,characters,Regular Infantry,45,45,1,4,3,4,3,3,2,3,1,7,6,,,,Hand Weapon,S,0,,,,,,,,,,,,,,,,,"Clouds of Soot & Smoke, Master of Ballistics"
harbinger-of-doom,Harbinger of Doom,Empire of Man,characters,Regular Infantry,65,65,1,4,5,2,4,4,2,4,3,8,,,,,Hand Weapon,S,0,,,,,,,,,,yes,,,yes,,,,"Feel No Pain, Furious Charge, Immune to Psychology, Impetuous, Hatred (all enemies), Prayer of the Damned, Unbreakable, Zealot"
general-hans-von-loewenhacke,General Hans von Löwenhacke,Empire of Man,characters,Regular Infantry,190,190,1,4,6,5,4,4,3,4,4,10,4,,,,Hand Weapon,S,0,,,,,,,,,yes,,,,,,yes,,"""Hold the Line!"", Mercenary Commander, Rallying Cry, Strategic Mastery, Stubborn"
harald-gemunsen,Harald Gemunsen,Empire of Man,characters,Heavy Cavalry,185,185,1,,7,3,4,4,3,6,4,9,3,,5,,Hand Weapon,S,0,,,,,,,,,yes,yes,,,yes,,yes,WS3 S3 I3 A1,"Counter Charge, First Charge, Grand Master of the Knights Panther, Hatred (Warriors of Chaos + Beastmen Brayherds + Daemonic models), Immune to Psychology, Magic Resistance (-1), Master of Battle, Rallying Cry, Skilled Duellist, Stubborn, Swiftstride, Veteran"
inner-circle-knights,Inner Circle Knights Panther,Empire of Man,core,Heavy Cavalry,120,30,4,,4,3,4,3,1,4,1,9,3,yes,5,,Lance,S+2,-2,Armour Bane (1),1,,,,,,,,yes,,,yes,,,WS3 S3 I3 A1,"Order of the Knights Panther, Close Order, Counter Charge, Drilled, First Charge, Inner Circle, Swiftstride, Veteran, Hatred (Warriors of Chaos + Beastmen Brayherds + Daemonic models), Magic Resistance (-1)"
inner-circle-knights,Inner Circle Knights of the White Wolf,Empire of Man,core,Heavy Cavalry,124,31,4,,4,3,4,3,1,4,1,9,3,yes,,,Great Weapon,S+2,-2,"Armour Bane (1), Requires Two Hands, Strike Last",1,,,yes,,,,,,,,,,,WS3 S3 I3 A1,"Order of the White Wolf, Close Order, Counter Charge, Drilled, First Charge, Inner Circle, Swiftstride, Veteran, Furious Charge"
inner-circle-knights,Inner Circle Knights of the Blazing Sun,Empire of Man,core,Heavy Cavalry,120,30,4,,4,3,4,3,1,4,1,9,3,yes,,,Lance,S+2,-2,Armour Bane (1),1,,,,,,,,,,,,,,WS3 S3 I3 A1,"Order of the Blazing Sun, Close Order, Counter Charge, Drilled, First Charge, Inner Circle, Swiftstride, Veteran, Evasive, Flaming Attacks"
inner-circle-knights,Inner Circle Knights of Morr,Empire of Man,core,Heavy Cavalry,124,31,4,,4,3,4,3,1,4,1,9,3,yes,,,Lance,S+2,-2,Armour Bane (1),1,,,,,,,,,,,yes,,,WS3 S3 I3 A1,"Order of the Knights of Morr, Close Order, Counter Charge, Drilled, First Charge, Inner Circle, Swiftstride, Veteran, Hatred (Undead models), Fear, Magical Attacks"
inner-circle-knights,Inner Circle Knights of the Fiery Heart,Empire of Man,core,Heavy Cavalry,124,31,4,,4,3,4,3,1,4,1,9,3,yes,,,Lance,S+2,-2,Armour Bane (1),1,,,,,,,,,,,yes,,,WS3 S3 I3 A1,"Order of the Fiery Heart, Close Order, Counter Charge, Drilled, First Charge, Inner Circle, Swiftstride, Veteran, Hatred (enemy Wizards + Orcs & Goblins)"
state-troops,State Troops,Empire of Man,core,Regular Infantry,50,5,10,4,3,3,3,3,1,3,1,7,6,,,,Hand Weapon,S,0,,,,,,,,yes,,,,,,,,,"Close Order, Detachment, Regimental Unit, Horde"
nuln-state-troops,Nuln State Troops,Empire of Man,core,Regular Infantry,50,5,10,4,3,3,3,3,1,3,1,7,6,,,,Halberd,S+1,0,"Armour Bane (1), Requires Two Hands",1,,,yes,,,yes,,,,,,,,,"Close Order, Regimental Unit, Nuln State Troops {empire}, Horde"
veteran-state-troops,Veteran State Troops,Empire of Man,core,Regular Infantry,70,7,10,4,4,3,3,3,1,3,1,7,6,,,,Hand Weapon,S,0,,,,,,,,yes,,,,,,,,,"Close Order, Detachment, Regimental Unit, Veteran, Horde"
nuln-veteran-state-troops,Nuln Veteran State Troops,Empire of Man,core,Regular Infantry,70,7,10,4,4,3,3,3,1,3,1,7,6,,,,Halberd,S+1,0,"Armour Bane (1), Requires Two Hands",1,,,yes,,,yes,,,,,,,,,"Close Order, Regimental Unit, Veteran, Nuln State Troops {empire}, Horde"
state-missile-troops,State Missile Troops,Empire of Man,core,Regular Infantry,70,7,10,4,3,3,3,3,1,3,1,7,6,,,,Hand Weapon,S,0,,,,,,,,,,,,,,,,,"Close Order, Detachment, Regimental Unit"
free-company-militia,Free Company Militia,Empire of Man,core,Regular Infantry,60,6,10,4,3,3,3,3,1,3,1,6,,,,,Hand Weapon,S,0,,,,,,,,yes,,,,,,,,,"Detachment, Horde, Impetuous, Levies, Open Order, Warband, Furious Charge"
empire-archers,Empire Archers,Empire of Man,core,Regular Infantry,35,7,5,4,3,3,3,3,1,3,1,7,,,,,Hand Weapon,S,0,,,,,,,,,,,,,,,,,"Detachment, Move Through Cover, Open Order, Skirmishers, Vanguard"
outriders,Outriders,Empire of Man,core,Light Cavalry,76,19,4,,3,4,3,3,1,3,1,7,5,,,,Hand Weapon,S,0,,,,,,,,,,,,,,,,WS3 S3 I3 A1,"Fast Cavalry, Fire & Flee, Open Order, Skirmishers, Swiftstride, Vanguard"
empire-knights,Empire Knights,Empire of Man,core,Heavy Cavalry,80,20,4,,4,3,3,3,1,3,1,8,4,yes,,,Lance,S+2,-2,Armour Bane (1),1,,,,,,,,,,,,,,WS3 S3 I3 A1,"Close Order, Counter Charge, First Charge, Swiftstride"
empire-knights,Empire Knights Panther,Empire of Man,core,Heavy Cavalry,88,22,4,,4,3,3,3,1,3,1,8,4,yes,5,,Lance,S+2,-2,Armour Bane (1),1,,,,,,,,yes,,,yes,,,WS3 S3 I3 A1,"Order of the Knights Panther, Close Order, Counter Charge, First Charge, Swiftstride, Hatred (Warriors of Chaos + Beastmen Brayherds + Daemonic models)"
empire-knights,Empire Knights of the White Wolf,Empire of Man,core,Heavy Cavalry,92,23,4,,4,3,3,3,1,3,1,8,4,yes,,,Great Weapon,S+2,-2,"Armour Bane (1), Requires Two Hands, Strike Last",1,,,yes,,,,,,,,,,,WS3 S3 I3 A1,"Order of the White Wolf, Close Order, Counter Charge, First Charge, Swiftstride, Furious Charge"
empire-knights,Empire Knights of the Blazing Sun,Empire of Man,core,Heavy Cavalry,88,22,4,,4,3,3,3,1,3,1,8,4,yes,,,Lance,S+2,-2,Armour Bane (1),1,,,,,,,,,,,,,,WS3 S3 I3 A1,"Order of the Blazing Sun, Close Order, Counter Charge, First Charge, Swiftstride, Evasive, Flaming Attacks"
empire-knights,Empire Knights of Morr,Empire of Man,core,Heavy Cavalry,92,23,4,,4,3,3,3,1,3,1,8,4,yes,,,Lance,S+2,-2,Armour Bane (1),1,,,,,,,,,,,yes,,,WS3 S3 I3 A1,"Order of the Knights of Morr, Close Order, Counter Charge, First Charge, Swiftstride, Hatred (Undead models)"
empire-knights,Empire Knights of the Fiery Heart,Empire of Man,core,Heavy Cavalry,92,23,4,,4,3,3,3,1,3,1,8,4,yes,,,Lance,S+2,-2,Armour Bane (1),1,,,,,,,,,,,yes,,,WS3 S3 I3 A1,"Order of the Fiery Heart, Close Order, Counter Charge, First Charge, Swiftstride, Hatred (enemy Wizards + Orcs & Goblins)"
empire-greatswords,Empire Greatswords,Empire of Man,special,Regular Infantry,55,11,5,4,4,3,4,3,1,3,1,8,4,,,,Great Weapon,S+2,-2,"Armour Bane (1), Requires Two Hands, Strike Last",1,,,yes,,,,yes,,,,,,,,"Close Order, Regimental Unit, Stubborn, Furious Charge"
teutogen-guard,Teutogen Guard,Empire of Man,special,Heavy Infantry,65,13,5,4,4,3,3,4,1,3,1,8,4,,,,Wolf Hammer,S+1,-2,Requires Two Hands,,,,yes,,,,yes,,,,,,,,"Blessings of Ulric, Close Order, Drilled, Stubborn, Veteran"
pistoliers,Pistoliers,Empire of Man,special,Light Cavalry,75,15,5,,3,3,3,3,1,3,1,6,5,,,,Hand Weapon,S,0,,,,,,,,,,,,,,,,WS3 S3 I3 A1,"Counter Charge, Fast Cavalry, Fire & Flee, Impetuous, Open Order, Skirmishers, Swiftstride"
great-cannon,Great Cannon,Empire of Man,special,War Machine,125,125,1,,3,3,3,6,3,3,3,7,,,,,Hand Weapon,S,0,,,,,,,,,,,,,,,,,Skirmishers
mortar,Mortar,Empire of Man,special,War Machine,95,95,1,,3,3,3,6,3,3,3,7,,,,,Hand Weapon,S,0,,,,,,,,,,,,,,,,,Skirmishers
empire-war-wagon,Empire War Wagon,Empire of Man,special,Heavy Chariot,140,140,1,,3,3,3,5,6,3,1,8,,,,,Ball & Chain,S+3,-2,"Armour Bane (1), Requires Two Hands, Strike Last",1,,,yes,,,,,,,,,,,WS3 S3 I3 A1,"Close Order, Crushing Weight, Impact Hits (D6+1 - War Wagon only), Large Target, Stable Firing Platform, Stomp Attacks (D3+1)"
inner-circle-knights,Inner Circle Knights,Empire of Man,special,Heavy Cavalry,112,28,4,,4,3,4,3,1,4,1,9,3,yes,,,Lance,S+2,-2,Armour Bane (1),1,,,,,,,,,,,,,,WS3 S3 I3 A1,"Close Order, Counter Charge, Drilled, First Charge, Inner Circle, Swiftstride, Veteran"
demigryph-knights,Demigryph Knights,Empire of Man,special,Monstrous Cavalry,116,58,2,,4,3,4,4,3,4,1,8,4,yes,,,Lance,S+2,-2,Armour Bane (1),1,,,,,,,,,,,,,,WS4 S5 I4 A3,"Close Order, Counter Charge, First Charge, Fear, Swiftstride, Wicked Claws (Demigryph)"
demigryph-knights,Demigryph Knights Panther,Empire of Man,special,Monstrous Cavalry,120,60,2,,4,3,4,4,3,4,1,8,4,yes,5,,Lance,S+2,-2,Armour Bane (1),1,,,,,,,,yes,,,yes,,,WS4 S5 I4 A3,"Order of the Knights Panther, Close Order, Counter Charge, First Charge, Fear, Swiftstride, Wicked Claws (Demigryph), Hatred (Warriors of Chaos + Beastmen Brayherds + Daemonic models)"
demigryph-knights,Demigryph Knights of the White Wolf,Empire of Man,special,Monstrous Cavalry,122,61,2,,4,3,4,4,3,4,1,8,4,yes,,,Wolf Hammer,S+1,-2,Requires Two Hands,,,,yes,,,,,,,,,,,WS4 S5 I4 A3,"Order of the White Wolf, Close Order, Counter Charge, First Charge, Fear, Swiftstride, Wicked Claws (Demigryph), Furious Charge"
demigryph-knights,Demigryph Knights of the Blazing Sun,Empire of Man,special,Monstrous Cavalry,120,60,2,,4,3,4,4,3,4,1,8,4,yes,,,Lance,S+2,-2,Armour Bane (1),1,,,,,,,,,,,,,,WS4 S5 I4 A3,"Order of the Blazing Sun, Close Order, Counter Charge, First Charge, Fear, Swiftstride, Wicked Claws (Demigryph), Evasive, Flaming Attacks"
demigryph-knights,Demigryph Knights of Morr,Empire of Man,special,Monstrous Cavalry,122,61,2,,4,3,4,4,3,4,1,8,4,yes,,,Lance,S+2,-2,Armour Bane (1),1,,,,,,,,,,,yes,,,WS4 S5 I4 A3,"Order of the Knights of Morr, Close Order, Counter Charge, First Charge, Fear, Swiftstride, Wicked Claws (Demigryph), Hatred (Undead models)"
demigryph-knights,Demigryph Knights of the Fiery Heart,Empire of Man,special,Monstrous Cavalry,122,61,2,,4,3,4,4,3,4,1,8,4,yes,,,Lance,S+2,-2,Armour Bane (1),1,,,,,,,,,,,yes,,,WS4 S5 I4 A3,"Order of the Fiery Heart, Close Order, Counter Charge, First Charge, Fear, Swiftstride, Wicked Claws (Demigryph), Hatred (enemy Wizards + Orcs & Goblins)"
empire-road-wardens,Empire Road Wardens,Empire of Man,rare,Light Cavalry,72,18,4,,3,4,3,3,1,3,1,7,5,,,,Hand Weapon,S,0,,,,,,,,,,,,,,,,WS3 S3 I3 A1,"Fast Cavalry, Fire & Flee, Open Order, Skirmishers, Swiftstride"
empire-steam-tank,Steam Tank,Empire of Man,rare,Heavy Chariot,265,265,1,4,3,4,3,7,10,3,1,8,,,,,Hand Weapon,S,0,,,,,,,,,,yes,,,,,,,"Close Order, Grinding Wheels, Immune to Psychology, Impact Hits (D6+1), Large Target, Steam Power, Stomp Attacks (D3+1), Temperamental, Terror, Unbreakable"
flagellants,Flagellants,Empire of Man,rare,Regular Infantry,65,13,5,4,3,2,3,4,1,3,1,5,,,,,Flail,S+2,-2,"Armour Bane (1), Requires Two Hands",1,,,yes,,,,,yes,,,yes,,,,"Close Order, Fanatical Zeal, Feel No Pain, Furious Charge, Immune to Psychology, Impetuous, Hatred (all enemies), Unbreakable"
helblaster-volley-gun,Helblaster Volley Gun,Empire of Man,rare,War Machine,120,120,1,,3,3,3,6,3,3,3,7,,,,,Hand Weapon,S,0,,,,,,,,,,,,,,,,,Skirmishers
helstorm-rocket-battery,Helstorm Rocket Battery,Empire of Man,rare,War Machine,125,125,1,,3,3,3,6,3,3,3,7,,,,,Hand Weapon,S,0,,,,,,,,,,,,,,,,,Skirmishers
imperial-ogres,Imperial Ogres,Empire of Man,mercenaries,Monstrous Infantry,87,29,3,6,3,3,4,4,3,2,3,7,6,,,,Hand Weapon,S,0,,,,,,,,,,,,,,,,,"Armour Bane (1), Close Order, Fear, Impact Hits (1), Mercenaries, Motley Crew, Ogre Charge"
miao-ying,Miao Ying,Grand Cathay,characters,Heavy Infantry,485,485,1,4,7,5,4,4,7,7,4,10,4,,5,,Hand Weapon,S,0,,,,,,,,,yes,yes,,,yes,,yes,,"Celestial Forged Armour (5+), Disdain of the Dragons, Hatred (Warriors of Chaos & Daemonic models), Magic Resistance (-1), Mastery of the Storm Winds, Lore of Yang, Lore of Yin, Mastery of the Elemental Winds, Stubborn, Supreme Matriarch of Nan-Gau, Transformation of the Dragon, Will of the Dragons, Wrath of the Storm, Rallying Cry (Human Form), Fly (9 - Dragon Form), Large Target (Dragon Form), Stomp Attacks (D6 - Dragon Form), Swiftstride (Dragon Form), Terror (Dragon Form)"
shugengan-lord,Shugengan Lord,Grand Cathay,characters,Monstrous Creature,220,220,1,,6,3,4,5,7,6,4,9,4,,,,Hand Weapon,S,0,,,,,,,,,,,,,,,,WS5 S5 I4 A3,"Armoured Hide (2), Celestial Forged Armour (5+), Counter Charge, Fear, Fly (9), Impact Hits (D3+1), Mastery of the Elemental Winds, Swiftstride, Will of the Dragons, Crown of horns {cathay}"
shugengan-general,Shugengan General,Grand Cathay,characters,Monstrous Creature,145,145,1,,5,3,4,5,6,5,3,8,4,,,,Hand Weapon,S,0,,,,,,,,,,,,,,,,WS5 S5 I4 A3,"Armoured Hide (2), Celestial Forged Armour (5+), Counter Charge, Fear, Fly (9), Impact Hits (D3+1), Mastery of the Elemental Winds, Swiftstride, Will of the Dragons, Crown of horns {cathay}"
lord-magistrate,Lord Magistrate,Grand Cathay,characters,Regular Infantry,65,65,1,4,5,4,3,3,3,4,2,9,6,,,,Hand Weapon,S,0,,,,,,,,,,,,,,,,,"Grand Strategist, Harmony of Stone & Steel, Will of the Dragons"
supreme-astromancer,Supreme Astromancer,Grand Cathay,characters,Regular Infantry,125,125,1,4,3,3,3,3,3,3,2,8,,,,,Hand Weapon,S,0,,,,,,,,,,,,,,,,,"Magical Attacks, Magic Resistance (-1), Mastery of the Elemental Winds"
strategist,Strategist,Grand Cathay,characters,Regular Infantry,40,40,1,4,4,4,3,3,2,3,1,9,6,,,,Hand Weapon,S,0,,,,,,,,,,,,,,,,,"Grand Strategist, Harmony of Stone & Steel, Will of the Dragons"
gate-master,Gate Master,Grand Cathay,characters,Heavy Infantry,80,80,1,4,7,4,4,4,3,4,3,9,5,yes,,,Hand Weapon,S,0,,,,,,,,,,,,,,,,,"Harmony of Stone & Steel, Will of the Dragons"
gate-keeper,Gate Keeper,Grand Cathay,characters,Heavy Infantry,45,45,1,4,6,4,4,4,2,4,2,8,5,yes,,,Hand Weapon,S,0,,,,,,,,,,,,,,,,,"Harmony of Stone & Steel, Will of the Dragons"
astromancer,Astromancer,Grand Cathay,characters,Regular Infantry,65,65,1,4,3,3,3,3,2,3,1,8,,,,,Hand Weapon,S,0,,,,,,,,,,,,,,,,,"Magical Attacks, Magic Resistance (-1), Mastery of the Elemental Winds"
peasant-levy,Peasant Levy,Grand Cathay,core,Regular Infantry,40,4,10,4,2,3,3,3,1,3,1,5,,,,,Hand Weapon,S,0,,,,,,,,yes,,,,,,,,,"Close Order, Horde, Warband"
jade-warriors,Jade Warriors,Grand Cathay,core,Heavy Infantry,40,8,5,4,4,3,3,3,1,3,1,8,5,yes,,,Hand Weapon,S,0,,,,,,,,,,,,,,,,,"Close Order, Defensive Stance, Detachment, Regimental Unit, Will of the Dragons"
jade-lancers,Jade Lancers,Grand Cathay,core,Heavy Cavalry,100,20,5,,4,3,3,3,1,3,1,8,4,yes,,,Hand Weapon,S,0,,,,,,,,yes,,,,,,,,WS3 S3 I3 A1,"Cathayan Cataphracts, Close Order, Counter Charge, Horde, Swiftstride, Will of the Dragons"
cathayan-grand-cannon,Cathayan Grand Cannon,Grand Cathay,special,War Machine,130,130,1,,3,3,3,6,3,3,3,7,6,,,,Hand Weapon,S,0,,,,,,,,,,,,,,,,,Skirmishers
fire-rain-rocket-battery,Fire Rain Rocket Battery,Grand Cathay,special,War Machine,130,130,1,,3,3,3,6,3,3,3,7,6,,,,Hand Weapon,S,0,,,,,,,,,,,,,,,,,Skirmishers
cathayan-sentinel,Cathayan Sentinel,Grand Cathay,special,Behemoth,230,230,1,6,5,1,6,6,6,3,3,10,5,,,,Hand Weapon,S,0,,,,,,,,,,yes,,,,,,,"Close Order, Immune to Psychology, Implacable, Large Target, Stomp Attacks (D3+1), Terror, Timmm-berrr!, Unbreakable"
sky-lantern,Sky Lantern,Grand Cathay,special,Heavy Chariot,135,135,1,1,3,4,3,4,7,3,1,8,,,,,Hand Weapon,S,0,,,,,,,,,,,,,,,,WS3 S3 I3 A2,"Close Order, Disengage, Eye of the Dragon, Feigned Flight, Fire & Flee, Fly (8), Heavenly Beacon, Impact Hits (D3+1 - Sky Lantern only), Large Target, Reserve Move, Scouts, Flammable"
crane-gunner-teams,Crane Gunner Teams,Grand Cathay,special,Regular Infantry,48,16,3,4,3,3,3,3,2,3,2,7,6,yes,,,Hand Weapon,S,0,,,,,,,,,,,,,,,,,Open Order
iron-hail-gunners,Iron Hail Gunners,Grand Cathay,special,Regular Infantry,48,12,4,4,3,3,3,3,1,3,1,7,6,,,,Hand Weapon,S,0,,,,,,,,,,,,,,,,,"Open Order, Skirmishers"
prince,Prince,High Elf Realms,characters,Regular Infantry,130,130,1,5,7,7,4,3,3,6,4,10,6,,,,Hand Weapon,S,0,,,,,,,,,,,,,,,,,"Ithilmar Weapons, Strike First, Valour of Ages"
noble,Noble,High Elf Realms,characters,Regular Infantry,70,70,1,5,6,6,4,3,2,5,3,9,6,,,,Hand Weapon,S,0,,,,,,,,,,,,,,,,,"Ithilmar Weapons, Strike First, Valour of Ages"
archmage,Archmage,High Elf Realms,characters,Regular Infantry,155,155,1,5,4,4,3,3,3,5,2,8,4,,,,Hand Weapon,S,0,,,,,,,,,,,,,,,,,"Elven Reflexes, Ithilmar Weapons, Lileath's Blessing, Lore of Saphery, Valour of Ages"
mage,Mage,High Elf Realms,characters,Regular Infantry,80,80,1,5,4,4,3,3,2,4,1,8,4,,,,Hand Weapon,S,0,,,,,,,,,,,,,,,,,"Elven Reflexes, Ithilmar Weapons, Lileath's Blessing, Lore of Saphery, Valour of Ages"
dragon-mage,Dragon Mage,High Elf Realms,characters,Behemoth,275,275,1,,4,4,3,5,6,5,2,8,6,,,,Hand Weapon,S,0,,,,,,,,,,,,,,,,WS5 S5 I4 A4,"Blessings of Asuryan, Close Order, Dragon Armour, Elven Reflexes, Fly (10), Impetuous, Ithilmar Weapons, Large Target, Lileath's Blessing, Lore of Saphery, Stomp Attacks (D6), Swiftstride, Terror, Valour of Ages"
handmaiden-of-the-everqueen,Handmaiden of the Everqueen,High Elf Realms,characters,Regular Infantry,65,65,1,5,6,7,4,3,2,6,2,8,6,,,,Hand Weapon,S,0,,,,,,,,,,,,,,,,,"Arrows of Isha, Evasive, Ignores Cover, Immune to Psychology, Ithilmar Armour, Ithilmar Weapons, Strike First"
chracian-chieftain,Chracian Chieftain,High Elf Realms,characters,Heavy Infantry,105,105,1,5,6,4,4,3,3,5,3,9,5,,,,Hand Weapon,S,0,,,,,,,,,yes,,,,,,,,"Furious Charge, Ithilmar Weapons, Lion Cloak, Move Through Cover*, Strike First*, Stubborn, Valour of Ages"
sea-guard-garrison-commander,Sea Guard Garrison Commander,High Elf Realms,characters,Regular Infantry,90,90,1,5,6,7,4,3,2,5,3,9,6,,,,Hand Weapon,S,0,,,,,,,,,,,,,,,,,"Accomplished Archers, Ithilmar Weapons, Naval Discipline, Strike First*, Valour of Ages"
storm-weaver,Storm Weaver,High Elf Realms,characters,Regular Infantry,85,85,1,5,4,4,3,3,2,4,2,9,,,,,Hand Weapon,S,0,,,,,,,,,,,,,,,,,"Elven Reflexes, Ithilmar Weapons, Lore of Saphery, Valour of Ages"
korhil-lionmane,Korhil Lionmane,High Elf Realms,characters,Heavy Infantry,175,175,1,5,7,5,4,3,3,6,4,9,5,,,,Hand Weapon,S,0,,,,,,,,,yes,,,,,,yes,,"Elven Reflexes, Furious Charge, Mighty Constitution, Move Through Cover*, Stubborn, Valour of Ages"
ishaya-vess,Ishaya Vess,High Elf Realms,characters,Regular Infantry,170,170,1,5,7,7,4,3,3,7,3,9,5,yes,,,Hand Weapon,S,0,,,,,,,,,,,,,,,yes,,"Commanding Voice, Ithilmar Weapons, Naval Discipline, Rallying Cry, Strike First, Precision Strikes, Valour of Ages"
elven-spearmen,Elven Spearmen,High Elf Realms,core,Regular Infantry,40,8,5,5,4,4,3,3,1,4,1,8,6,yes,,,Hand Weapon,S,0,,,,,,,,,,,,,,,,,"Close Order, Elven Reflexes, Martial Prowess, Regimental Unit, Valour of Ages"
elven-archers,Elven Archers,High Elf Realms,core,Regular Infantry,45,9,5,5,4,4,3,3,1,4,1,8,6,,,,Hand Weapon,S,0,,,,,,,,,,,,,,,,,"Close Order, Detachment, Elven Reflexes, Valour of Ages"
lothern-sea-guard,Lothern Sea Guard,High Elf Realms,core,Regular Infantry,50,10,5,5,4,4,3,3,1,4,1,8,6,,,,Thrusting Spear,S,0,Fight In Extra Rank,,,,,,,,,,,,,,,,"Close Order, Elven Reflexes, Martial Prowess, Naval Discipline, Valour of Ages"
ellyrian-reavers,Ellyrian Reavers,High Elf Realms,core,Light Cavalry,80,16,5,,4,4,3,3,1,4,1,8,6,,,,Cavalry Spear,S+1,-1,Fight In Extra Rank,,,,,,,,,,,,,,,WS3 S3 I4 A1,"Elven Reflexes, Fast Cavalry, Open Order, Swiftstride, Valour of Ages"
silver-helms,Silver Helms,High Elf Realms,core,Heavy Cavalry,92,23,4,,4,4,3,3,1,5,1,8,4,,,,Lance,S+2,-2,Armour Bane (1),1,,,,,,,,,,,,,,WS3 S3 I4 A1,"Close Order, Elven Reflexes, First Charge, Ithilmar Barding, Swiftstride, Valour of Ages"
sisters-of-avelorn,Sisters of Avelorn,High Elf Realms,core,Regular Infantry,75,15,5,5,5,5,3,3,1,5,1,8,6,,,,Hand Weapon,S,0,,,,,,,,,,,,,,,,,"Arrows of Isha, Evasive, Ignores Cover, Immune to Psychology, Ithilmar Armour, Ithilmar Weapons, Open Order, Skirmishers, Strike First"
chracian-woodsmen,Chracian Woodsmen,High Elf Realms,core,Regular Infantry,60,12,5,5,4,4,4,3,1,4,1,8,6,,,,Chracian Great Blade,S+2,-3,"Requires Two Hands, Strike Last",,,,yes,,,,,,,,,,,,"Elven Reflexes, Move Through Cover, Skirmishers, Valour of Ages"
white-lions-of-chrace,White Lions of Chrace,High Elf Realms,core,Regular Infantry,70,14,5,5,5,4,4,3,1,5,1,8,5,,,,Chracian Great Blade,S+2,-3,"Requires Two Hands, Strike Last",,,,yes,,,,yes,,,,,,,,"Chracian Warriors, Elven Reflexes, King's Guard, Lion Cloak, Move Through Cover, Open Order, Stubborn, Valour of Ages, Furious Charge"
ships-company,Ship's Company,High Elf Realms,core,Regular Infantry,45,9,5,5,4,4,3,3,1,4,1,8,,,,,Hand Weapon,S,0,,,,,,,,,,,,,,,,,"Detachment, Elven Reflexes, Evasive, Fire & Flee, Open Order, Valour of Ages"
dragon-princes,Dragon Princes,High Elf Realms,special,Heavy Cavalry,111,37,3,,5,4,3,3,1,5,2,9,3,yes,,,Lance,S+2,-2,Armour Bane (1),1,,,,,,,,,,,,,,WS3 S3 I4 A1,"Close Order, Counter Charge, Dragon Armour, Drilled, Elven Reflexes, First Charge, Impetuous, Ithilmar Barding, Ithilmar Weapons, Sons of Caledor, Swiftstride, Valour of Ages"
swordmasters-of-hoeth,Swordmasters of Hoeth,High Elf Realms,special,Regular Infantry,70,14,5,5,6,4,3,3,1,6,1,8,5,,,,Sword of Hoeth,S+2,-2,"Magical Attacks, Requires Two Hands",,,,yes,,,,,,,,,,,,"Cleaving Blow, Close Order, Deflect Shots, Elven Reflexes, Ithilmar Armour, Magic Resistance (-1), Valour of Ages, Warriors of the White Tower"
phoenix-guard,Phoenix Guard,High Elf Realms,special,Heavy Infantry,80,16,5,5,5,4,3,3,1,5,1,9,4,,,,Ceremonial Halberd,S+1,-1,"Armour Bane (1), Fight in Extra Rank, Magical Attacks, Requires Two Hands",1,,,yes,yes,,,,,,,,,,,"Blessings of Asuryan, Close Order, Elven Reflexes, Fear, Martial Prowess, Veteran, Witness to Destiny"
shadow-warriors,Shadow Warriors,High Elf Realms,special,Regular Infantry,70,14,5,5,5,5,3,3,1,5,1,8,6,,,,Hand Weapon,S,0,,,,,,,,,,,,,,,,,"Elven Reflexes, Evasive, Fire & Flee, Ithilmar Weapons, Move Through Cover, Scouts, Skirmishers, Veteran, Warriors of Nagarythe"
tiranoc-chariot,Tiranoc Chariots,High Elf Realms,special,Light Chariot,75,75,1,,4,4,3,4,4,4,1,8,,,,,Cavalry Spear,S+1,-1,Fight In Extra Rank,,,,,,,,,,,,,,,WS3 S3 I4 A1,"Elven Reflexes, Impact Hits (D6), Open Order, Quick Shot, Swiftstride, Valour of Ages"
lion-chariot-of-chrace,Lion Chariot of Chrace,High Elf Realms,special,Heavy Chariot,125,125,1,,5,4,4,4,4,4,1,8,,,,,Chracian Great Blade,S+2,-3,"Requires Two Hands, Strike Last",,,,yes,,,,yes,,,,,,,WS5 S4 I4 A2,"Close Order, Elven Reflexes, Fear, First Charge, Impact Hits (D6), Lion Cloak, Stubborn, Valour of Ages"
lothern-skycutter,Lothern Skycutter,High Elf Realms,special,Heavy Chariot,90,90,1,,4,4,3,4,4,4,1,8,,,,,Cavalry Spear,S+1,-1,Fight In Extra Rank,,,,,,,,,,,,,,,WS5 S4 I4 A2,"Close Order, Fear, Fly (10), Elven Reflexes (Sea Guard Crew only), Impact Hits (D3+1), Swiftstride, Valour of Ages"
war-lions,War Lions,High Elf Realms,special,War Beast,36,18,2,8,5,0,4,4,1,4,2,7,,,,,Hand Weapon,S,0,,,,,,,,,,,,,,,,,"Cleaving Blow, Fear, Move Through Cover, Open Order, Swiftstride, Vanguard"
flamespyre-phoenix,Flamespyre Phoenix,High Elf Realms,rare,Monstrous Creature,170,170,1,2,5,0,5,5,5,4,3,7,5,,,,Wicked Claws,S,-2,,,,,,,,,,,,,,,,,"Blessings of Asuryan, Close Order, Fear, Flaming Attacks, Fly (10), From the Ashes, Large Target, Stomp Attacks (2), Swiftstride, Wake of Fire"
frostheart-phoenix,Frostheart Phoenix,High Elf Realms,rare,Monstrous Creature,205,205,1,2,6,0,6,6,5,3,4,8,4,,,,Wicked Claws,S,-2,,,,,,,,,,,,,,,,,"Blizzard Aura, Close Order, Fear, Fly (9), Large Target, Stomp Attacks (2), Swiftstride"
great-eagle,Great Eagle,High Elf Realms,rare,Monstrous Creature,60,60,1,2,5,0,4,4,3,4,3,6,,,,,Wicked Claws,S,-2,,,,,,,,,,,,,,,,,"Close Order, Fear, Fly (10), Stomp Attacks (1), Swiftstride"
eagle-claw-bolt-thrower,Eagle-Claw Bolt Thrower,High Elf Realms,rare,War Machine,70,70,1,,4,4,3,6,2,4,2,8,6,,,,Hand Weapon,S,0,,,,,,,,,,,,,,,,,"Elven Reflexes, Skirmishers, Valour of Ages"
lion-guard,Lion Guard,High Elf Realms,rare,Heavy Infantry,85,17,5,5,6,4,4,3,1,5,1,9,5,,,,Chracian Great Blade,S+2,-3,"Requires Two Hands, Strike Last",,,,yes,,,,yes,,,,,,,,"Champions of Chrace, Close Order, Elven Reflexes, Furious Charge, Lion Cloak, Stubborn, Veteran"
merwyrm,Merwyrm,High Elf Realms,rare,Behemoth,200,200,1,6,6,0,6,6,6,3,4,8,5,,,,Lashing Talons,S,-1,Armour Bane (1),1,,,,,,,,,,,,,,,"Abyssal Cloak, Close Order, Enfeebling Cold, Impact Hits (D3), Large Target, Stomp Attacks (D3+1), Terror"
duke,Duke,Kingdom of Bretonnia,characters,Regular Infantry,175,175,1,4,7,3,5,4,4,5,5,9,5,,,,Hand Weapon,S,0,,,,,,,,,,,,,,,,,"Blessings of the Lady, Rallying Cry, The Grail Vow"
baron,Baron,Kingdom of Bretonnia,characters,Regular Infantry,100,100,1,4,6,3,4,4,3,5,4,9,5,,,,Hand Weapon,S,0,,,,,,,,,,,,,,,,,"Blessings of the Lady, Rallying Cry, The Knight's Vow"
prophetess,Prophetess,Kingdom of Bretonnia,characters,Regular Infantry,135,135,1,4,4,3,3,3,3,3,2,8,,,,,Hand Weapon,S,0,,,,,,,,,,,,,,,,,"Aura of the Lady, Blessings of the Lady, Lore of the Lady, Magical Attacks, Magic Resistance (-2), Shield of the Lady"
paladin,Paladin,Kingdom of Bretonnia,characters,Regular Infantry,60,60,1,4,6,3,4,4,2,4,3,8,5,,,,Hand Weapon,S,0,,,,,,,,,,,,,,,,,"Blessings of the Lady, Rallying Cry, The Knight's Vow"
damsel,Damsel,Kingdom of Bretonnia,characters,Regular Infantry,60,60,1,4,3,3,3,3,2,3,1,7,,,,,Hand Weapon,S,0,,,,,,,,,,,,,,,,,"Aura of the Lady, Blessings of the Lady, Lore of the Lady, Magical Attacks, Magic Resistance (-2), Shield of the Lady"
sergeant-at-arms,Sergeant-at-Arms,Kingdom of Bretonnia,characters,Regular Infantry,45,45,1,4,4,2,4,3,2,4,2,7,6,,,,Hand Weapon,S,0,,,,,,,,,,,,,,,,,"Levies, Peasant's Duty, Peasantry, Warband"
outcast-wizard,Outcast Wizard,Kingdom of Bretonnia,characters,Regular Infantry,45,45,1,4,3,3,3,3,2,3,1,7,,,,,Hand Weapon,S,0,,,,,,,,,,,,,,,,,"Magical Attacks, Magic Resistance (-1), Untutored Arcanist"
the-green-knight,The Green Knight,Kingdom of Bretonnia,characters,Heavy Cavalry,275,275,1,,7,3,4,4,4,6,4,9,4,yes,,,Hand Weapon,S,0,,,,,,,,,,yes,yes,,,,yes,WS4 S4 I4 A1,"Aura of the Fay, Blessed Knight, Ethereal, Guardian of the Sacred Sites, Immune to Psychology, Loner, Move Through Cover, Rallying Cry, Terror, Unbreakable, Unstable"
sir-cecil-gastonne,Sir Cecil Gastonne,Kingdom of Bretonnia,characters,Regular Infantry,165,165,1,4,7,3,4,4,3,5,4,9,5,yes,,,Hand Weapon,S,0,,,,,,,,,,,,,,,yes,,"Blessings of the Lady, Rallying Cry, The Wyrm Slayer, The Exile's Vow"
lady-elisse-duchaard,Lady Élisse Duchaard,Kingdom of Bretonnia,characters,Monstrous Cavalry,225,225,1,,4,3,3,4,5,3,2,8,6,,,,Hand Weapon,S,0,,,,,,,,,,,,,,,yes,WS4 S4 I5 A2,"Arcane Backlash, Armour Bane (2 - Ariandir only), Armoured Hide (1), Aura of the Lady, Beguiling Aura, Blessings of the Lady, Counter Charge, Lore of the Lady, Magical Attacks, Magic Resistance (-2), Shield of the Lady, Stomp Attacks (1), Swiftstride"
men-at-arms,Men-at-Arms,Kingdom of Bretonnia,core,Regular Infantry,40,4,10,4,2,2,3,3,1,3,1,5,6,yes,,,Hand Weapon,S,0,,,,,,,,yes,,,,,,,,,"Close Order, Horde, Levies, Peasantry, Shieldwall, Warband"
peasant-bowmen,Peasant Bowmen,Kingdom of Bretonnia,core,Regular Infantry,50,5,10,4,2,3,3,3,1,3,1,7,,,,,Hand Weapon,S,0,,,,,,,,,,,,,,,,,"Close Order, Levies, Peasantry"
knights-of-the-realm-on-foot,Knights of the Realm on Foot,Kingdom of Bretonnia,core,Heavy Infantry,55,11,5,4,4,2,3,3,1,3,1,8,,yes,,,Hand Weapon,S,0,,,,,,,,,,,,,,,,,"Blessings of the Lady, Close Order, Furious Charge, The Knight's Vow"
mounted-knights-of-the-realm,Mounted Knights of the Realm,Kingdom of Bretonnia,core,Heavy Cavalry,72,24,3,,4,2,3,3,1,3,1,8,4,yes,,,Lance,S+2,-2,Armour Bane (1),1,,,,,,,,,,,,,,WS3 S3 I3 A1,"Blessings of the Lady, Close Order, Counter Charge, Finest Warhorses, First Charge, Lance Formation, Swiftstride, The Knight's Vow"
knights-errant,Knights Errant,Kingdom of Bretonnia,core,Heavy Cavalry,57,19,3,,3,2,3,3,1,3,1,7,4,yes,,,Lance,S+2,-2,Armour Bane (1),1,,,,,,,,,,,,,,WS3 S3 I3 A1,"Blessings of the Lady, Close Order, Finest Warhorses, First Charge, Impetuous, Lance Formation, Swiftstride, The Knight's Vow"
yeomen-guard,Yeomen Guard,Kingdom of Bretonnia,core,Regular Infantry,50,5,10,4,3,3,3,3,1,3,1,6,6,yes,,,Halberd,S+1,0,"Armour Bane (1), Requires Two Hands",1,,,yes,,,yes,,,,,,,,,"Close Order, Horde, Peasantry, Shieldwall, Veteran, Warband"
battle-pilgrims,Battle Pilgrims,Kingdom of Bretonnia,core,Heavy Infantry,30,6,5,4,2,2,3,3,1,3,1,8,6,yes,,,Hand Weapon,S,0,,,,,,,,,yes,,,,yes,,,,"Close Order, Hatred (all enemies), Levies, Peasantry, Stubborn"
questing-knights,Questing Knights,Kingdom of Bretonnia,special,Heavy Cavalry,78,26,3,,5,2,4,3,1,4,1,8,4,yes,,,Great Weapon,S+2,-2,"Armour Bane (1), Requires Two Hands, Strike Last",1,,,yes,,,,,,,,,,,WS3 S3 I3 A1,"Blessings of the Lady, Close Order, Finest Warhorses, First Charge, Lance Formation, Swiftstride, the Questing Vow"
pegasus-knights,Pegasus Knights,Kingdom of Bretonnia,special,Monstrous Cavalry,177,59,3,,4,2,4,4,2,3,1,8,4,yes,,,Lance,S+2,-2,Armour Bane (1),1,,,,,,,,,,,,,,WS3 S4 I4 A2,"Blessings of the Lady, Counter Charge, Dispersed Formation, First Charge, Fly (10), Furious Charge (Pegasus Knights & First Knight only), Skirmishers, Swiftstride, The Knight's Vow"
mounted-yeomen,Mounted Yeomen,Kingdom of Bretonnia,special,Light Cavalry,65,13,5,,3,3,3,3,1,3,1,6,,,,,Cavalry Spear,S+1,-1,Fight In Extra Rank,,,,,,,,,,,,,,,WS3 S3 I3 A1,"Fast Cavalry, Fire & Flee, Levies, Open Order, Peasantry, Reserve Move, Skirmishers, Swiftstride"
squires,Squires,Kingdom of Bretonnia,special,Regular Infantry,35,7,5,4,3,3,3,3,1,3,1,7,,,,,Hand Weapon,S,0,,,,,,,,,,,,,,,,,"Move Through Cover, Open Order, Peasantry, Skirmishers, Vanguard"
grail-knights,Grail Knights,Kingdom of Bretonnia,rare,Heavy Cavalry,114,38,3,,6,2,4,4,1,5,2,9,4,yes,,,Lance,S+2,-2,Armour Bane (1),1,,,,,,,,,,,,,,WS3 S3 I3 A1,"Blessings of the Lady, Close Order, Counter Charge, Finest Warhorses, First Charge, Lance Formation, Living Saints, Swiftstride, The Grail Vow"
field-trebuchet,Field Trebuchet,Kingdom of Bretonnia,rare,War Machine,100,100,1,,2,2,3,7,3,3,4,6,,,,,Hand Weapon,S,0,,,,,,,,,,,,,,,,,"Levies, Peasantry, Skirmishers"
border-princes-brigands,Border Princes Brigands,Kingdom of Bretonnia,rare,Regular Infantry,40,4,10,4,3,3,3,3,1,3,1,6,6,,,,Hand Weapon,S,0,,,,,,,,yes,,,,,,,,,"Horde, Impetuous, Levies, Motley Crew, Open Order, Warband"
border-princes-bombard,Border Princes Bombard,Kingdom of Bretonnia,rare,War Machine,100,100,1,,3,3,3,7,3,3,3,7,6,,,,Hand Weapon,S,0,,,,,,,,,,,,,,,,,"Levies, Skirmishers"
slann-mage-priest,Slann Mage-Priest,Lizardmen,characters,Monstrous Creature,285,285,1,2,2,3,3,4,5,2,1,9,,,,,Hand Weapon,S,0,,,,,,,,,,,,,,,,,"Arcane Shield, Cold Blooded {renegade}, Fly (8), Lore of Lustria, Palanquin, Wisdom of the Old Ones"
saurus-oldblood,Saurus Oldblood,Lizardmen,characters,Heavy Infantry,140,140,1,4,6,0,5,5,3,3,5,8,,,,,Hand Weapon,S,0,,,,,,,,,,,,,,,,,
saurus-scar-veteran,Saurus Scar-Veteran,Lizardmen,characters,Heavy Infantry,90,90,1,4,5,0,5,5,2,3,4,8,,,,,Hand Weapon,S,0,,,,,,,,,,,,,,,,,
skink-priest,Skink Priest,Lizardmen,characters,Regular Infantry,60,60,1,6,2,3,3,2,2,4,1,6,,,,,Hand Weapon,S,0,,,,,,,,,,,,,,,,,
skink-chief,Skink Chief,Lizardmen,characters,Regular Infantry,45,45,1,6,4,5,4,3,2,6,3,6,,,,,Hand Weapon,S,0,,,,,,,,,,,,,,,,,
saurus-warriors,Saurus Warriors,Lizardmen,core,Heavy Infantry,140,14,10,4,3,0,4,4,1,1,2,8,5,yes,,,Hand Weapon,S,0,,,,,,,,,,,,,,,,,"Close Order, Cold Blooded {renegade}, Obsidian Blades"
temple-guard,Temple Guard,Lizardmen,core,Heavy Infantry,150,15,10,4,4,0,4,4,1,1,2,8,4,yes,,,Halberd,S+1,0,"Armour Bane (1), Requires Two Hands",1,,,yes,,,,yes,,,,,,,,"Close Order, Cold Blooded {renegade}, Guardians {renegade}, Obsidian Blades, Predatory Fighter, Armoured Hide (2), Shieldwall, Stubborn"
skink-skirmishers,Skink Skirmishers,Lizardmen,core,Regular Infantry,50,5,10,6,2,3,3,2,1,4,1,5,6,yes,,,Hand Weapon,S,0,,,,yes,,,,,,,,,,,,,"Cold Blooded {renegade}, Move Through Cover, Poisoned Attacks (Javelins only), Skirmishers"
jungle-swarms,Jungle Swarms,Lizardmen,core,Swarm,120,40,3,5,3,0,2,2,5,1,5,5,,,,,Hand Weapon,S,0,,,,yes,,,,,,yes,,,,,,,"Cold Blooded {renegade}, Immune to Psychology, Loner, Move Through Cover, Poisoned Attacks, Skirmishers, Unbreakable, Vanguard"
chameleon-skinks,Chameleon Skinks,Lizardmen,special,Regular Infantry,55,11,5,6,2,4,3,2,1,4,1,6,6,,,,Hand Weapon,S,0,,,,,,,,,,,,,,,,,
kroxigor,Kroxigors,Lizardmen,special,Monstrous Infantry,147,49,3,6,3,0,5,4,3,3,3,7,,,,,Great Weapon,S+2,-2,"Armour Bane (1), Requires Two Hands, Strike Last",1,,,yes,,,,,,,,,,,,
terradon-riders,Terradon Riders,Lizardmen,special,Monstrous Cavalry,96,32,3,,2,3,3,3,2,4,1,5,,,,,Hand Weapon,S,0,,,,,,,,,,,,,,,,WS3 S4 I2 A1,
ripperdactyl-riders,Ripperdactyl Riders,Lizardmen,special,Monstrous Cavalry,120,40,3,,2,3,3,3,2,4,1,5,,,,,Hand Weapon,S,0,,,,,,,,,,,,,,,,WS3 S4 I3 A2,
cold-one-riders,Cold One Riders,Lizardmen,special,Heavy Cavalry,170,34,5,,4,0,4,4,1,2,2,8,4,yes,,,Hand Weapon,S,0,,,,,,,,,,,,,,,,WS3 S4 I2 A2,"Armour Bane (1 - Cold One only), Armoured Hide (1), Close Order, Cold Blooded {renegade}, Fear, Obsidian Blades, Stupidity, Swiftstride"
bastiladon,Bastiladon,Lizardmen,special,Monstrous Creature,160,160,1,4,3,,4,5,4,1,3,,,,,,Thunderous Bludgeon,S,-3,Strike Last,,,yes,,,,,yes,,,,,,,WS2 S3 I4 A1,"Close Order, Cold Blooded {renegade}, Immune to Psychology, Impact Hits (D3), Impervious Defence, Large Target, Poisoned Attacks (Javelins only), Stomp Attacks (D3+1), Stubborn, Terror"
stegadon,Stegadon,Lizardmen,special,Behemoth,215,215,1,6,3,,5,6,5,2,4,,,,,,Great Horns,S,-3,,,,yes,,,,,yes,,,,,,,WS2 S3 I4 A1,"Close Order, Cold Blooded {renegade}, Howdah {renegade}, Immune to Psychology, Impact Hits (D3+1), Large Target, Poisoned Attacks (Javelins only), Stomp Attacks (D3+2), Stubborn, Terror"
salamander-pack,Salamander Pack,Lizardmen,rare,Regular Infantry,75,75,1,6,2,3,3,2,1,4,1,5,5,,,,Hand Weapon,S,0,,,,,,,,,,,,,,,,,"Aquatic, Beast Handlers, Cold Blooded {renegade}, Fear, Skirmishers"
razordon-pack,Razordon Pack,Lizardmen,rare,Regular Infantry,60,60,1,6,2,3,3,2,1,4,1,5,5,,,,Wicked Claws,S,-2,,,,,,,,,,,,,,,,,"Aquatic, Beast Handlers, Cold Blooded {renegade}, Fear, Skirmishers"
troglodon,Troglodon,Lizardmen,rare,Monstrous Creature,200,200,1,7,3,,5,5,5,2,3,,5,,,,Venomous Talons,S,-2,Poisoned Attacks,,,yes,,,,,yes,,,,,,,WS2 S3 I4 A1,"Arcane Vassal, Aquatic, Close Order, Cold Blooded {renegade}, Immune to Psychology, Large Target, Lore of Lustria, Primeval Roar, Stomp Attacks (2), Stubborn, Terror"
ancient-stegadon,Ancient Stegadon,Lizardmen,rare,Behemoth,230,230,1,6,4,,6,6,5,1,3,,,,,,Great Horns,S,-3,,,,yes,,,,,yes,,,,,,,WS2 S3 I4 A1,"Close Order, Cold Blooded {renegade}, Howdah {renegade}, Immune to Psychology, Impact Hits (D3+1), Large Target, Poisoned Attacks (Javelins only), Stomp Attacks (D3+2), Stubborn, Terror"
tyrant,Tyrant,Ogre Kingdoms,characters,Monstrous Infantry,185,185,1,6,6,4,5,5,5,5,5,9,6,,,,Hand Weapon,S,0,,,,,,,,,,,,,,,,,
bruiser,Bruiser,Ogre Kingdoms,characters,Monstrous Infantry,110,110,1,6,5,3,5,5,4,4,4,8,6,,,,Hand Weapon,S,0,,,,,,,,,,,,,,,,,
slaughtermaster,Slaughtermaster,Ogre Kingdoms,characters,Monstrous Infantry,230,230,1,6,4,3,4,5,5,3,4,8,,,,,Hand Weapon,S,0,,,,,,,,,,,,,,,,,"Armour Bane (1), Fear, Impact Hits (2), Lore of the Great Maw {renegade}, Ogre Charge"
butcher,Butcher,Ogre Kingdoms,characters,Monstrous Infantry,105,105,1,6,3,2,4,5,4,2,3,7,,,,,Hand Weapon,S,0,,,,,,,,,,,,,,,,,"Armour Bane (1), Fear, Impact Hits (2), Lore of the Great Maw {renegade}, Ogre Charge"
hunter,Hunter,Ogre Kingdoms,characters,Monstrous Infantry,115,115,1,6,5,4,5,5,4,3,4,9,6,,,,Hand Weapon,S,0,,,,,,,,,,,,,,,,,
firebelly,Firebelly,Ogre Kingdoms,characters,Monstrous Infantry,110,110,1,6,3,2,4,5,4,2,3,7,,,,,Hand Weapon,S,0,,,,,,,,,,,,,,,,,"Armour Bane (1), Blessings of the Volcano God, Fear, Flaming Attacks, Impact Hits (1), Ogre Charge"
ogre-bulls,Ogre Bulls,Ogre Kingdoms,core,Monstrous Infantry,93,31,3,6,3,2,4,4,3,2,3,7,6,,,,Hand Weapon,S,0,,,,,,,,,,,,,,,,,
ironguts,Ironguts,Ogre Kingdoms,core,Monstrous Infantry,117,39,3,6,3,2,4,4,3,2,3,8,5,,,,Great Weapon,S+2,-2,"Armour Bane (1), Requires Two Hands, Strike Last",1,,,yes,,,,,,,,,,,,
gnoblar-fighters,Gnoblar Fighters,Ogre Kingdoms,core,Regular Infantry,40,2,20,4,2,3,2,3,1,3,1,5,,,,,Hand Weapon,S,0,,,,,,,,yes,,,,,,,,,"Close Order, Horde, Largely Insignificant"
gnoblar-trappers,Gnoblar Trappers,Ogre Kingdoms,core,Regular Infantry,50,5,10,4,2,3,2,3,1,3,1,5,,,,,Hand Weapon,S,0,,,,,,,,,,,,,,,,,
sabretusk-pack,Sabretusk Pack,Ogre Kingdoms,core,War Beast,34,17,2,8,4,0,4,4,2,4,2,6,,,,,Hand Weapon,S,0,,,,,,,,,,,,,,,,,"Armour Bane (1), Fear, Impetuous, Loner, Move Through Cover, Open Order, Skirmishers, Swiftstride"
leadbelchers,Leadbelchers,Ogre Kingdoms,special,Monstrous Infantry,82,41,2,6,3,3,4,4,3,2,3,7,6,,,,Hand Weapon,S,0,,,,,,,,,,,,,,,,,
maneaters,Maneaters,Ogre Kingdoms,special,Monstrous Infantry,108,54,2,6,4,4,5,4,3,3,4,8,6,,,,Hand Weapon,S,0,,,,,,,,,,,,,,,,,
mournfang-cavalry,Mournfang Cavalry,Ogre Kingdoms,special,Monstrous Cavalry,128,64,2,,3,2,4,4,4,2,3,7,6,,,,Hand Weapon,S,0,,,,,,,,,,,,,,,,WS3 S5 I2 A3,
yhetees,Yhetees,Ogre Kingdoms,special,Monstrous Infantry,138,46,3,7,3,0,5,4,3,4,3,7,6,,,,Grimfrost Weapon,S,-1,"Armour Bane (1), Magical Attacks",1,,,,,,,,,,,,,,,"Armoured Hide (1), Fear, Flammable, Loner, Move Through Cover, Numbing Chill, Open Order, Swiftstride"
ironblaster,Ironblaster,Ogre Kingdoms,special,Heavy Chariot,185,185,1,,3,3,4,6,5,2,3,7,,,,,Hand Weapon,S,0,,,,,,,,,,,,,,,,WS2 S2 I3 A1 | WS3 S5 I2 A3,"Armour Bane (2 - Rhinox only), Close Order, Fear, First Charge, Impact Hits (D6+1), Large Target"
gnoblar-scraplauncher,Gnoblar Scraplauncher,Ogre Kingdoms,special,Heavy Chariot,140,140,1,,2,3,2,5,5,3,1,5,,,,,Hand Weapon,S,0,,,,,,,,,,,,,,,,WS3 S5 I2 A3,"Armour Bane (2 - Rhinox only), Close Order, Fear, First Charge, Impact Hits (D6+1), Large Target"
stonehorn-riders,Stonehorn Riders,Ogre Kingdoms,rare,Behemoth,245,245,1,7,3,,6,6,6,2,4,,,,,,Hand Weapon,S,0,,,,,,,,,,,,,,,,WS3 S4 I2 A3 | WS3 S4 I2 A3,"Armour Bane (2 - Stonehorn only), Close Order, First Charge, Howdah, Impact Hits (D6+1), Large Target, Stone Skeleton, Swiftstride, Terror, Thunderous Charge"
thundertusk-riders,Thundertusk Riders,Ogre Kingdoms,rare,Behemoth,215,215,1,6,3,,6,6,6,2,4,,,,,,Hand Weapon,S,0,,,,,,,,,,,,,,,,WS3 S4 I2 A3 | WS3 S4 I2 A3,"Close Order, First Charge, Howdah, Impact Hits (D3), Large Target, Numbing Chill, Stomp Attacks (3), Swiftstride, Terror"
giant,Giant,Ogre Kingdoms,rare,Behemoth,200,200,1,6,3,1,6,7,6,2,,10,6,,,,Giant's Club,S,0,,,,,,,,,,yes,,,,,,,"Close Order, Giant Attacks, Immune to Psychology, Large Target, Pick Up And..., Stomp Attacks (D6), Terror, Timmm-berrr!, Unbreakable"
gorger,Gorger,Ogre Kingdoms,rare,Monstrous Creature,90,90,1,6,3,0,5,5,4,2,4,8,6,,,,Wicked Claws,S,-2,,,,,,,,,,,,,,,,,
black-orc-warboss,Black Orc Warboss,Orc & Goblin Tribes,characters,Heavy Infantry,135,135,1,4,7,3,5,5,3,6,4,9,4,,,,Hand Weapon,S,0,,,,,,,,,,,,,,,,,"Choppas, Da Boyz, Furious Charge (doesn't apply to a mount), Ignore Panic, Quell Impetuosity, Rallying Cry, Waaagh!"
black-orc-bigboss,Black Orc Bigboss,Orc & Goblin Tribes,characters,Heavy Infantry,75,75,1,4,6,3,4,5,2,5,3,8,4,,,,Hand Weapon,S,0,,,,,,,,,,,,,,,,,"Choppas, Da Boyz, Furious Charge (doesn't apply to a mount), Ignore Panic, Quell Impetuosity, Rallying Cry, Waaagh!"
orc-warboss,Orc Warboss,Orc & Goblin Tribes,characters,Regular Infantry,110,110,1,4,6,2,5,5,3,5,4,8,6,,,,Hand Weapon,S,0,,,,,,,,,,,,,,,,,"Choppas, Furious Charge (doesn't apply to a mount), Ignore Goblin Panic, Impetuous, Rallying Cry, Waaagh!, Warband"
orc-bigboss,Orc Bigboss,Orc & Goblin Tribes,characters,Regular Infantry,55,55,1,4,5,2,4,5,2,4,3,7,6,,,,Hand Weapon,S,0,,,,,,,,,,,,,,,,,"Choppas, Furious Charge (doesn't apply to a mount), Ignore Goblin Panic, Impetuous, Rallying Cry, Waaagh!, Warband"
orc-weirdnob,Orc Weirdnob,Orc & Goblin Tribes,characters,Regular Infantry,140,140,1,4,4,2,4,5,3,4,2,8,,,,,Hand Weapon,S,0,,,,,,,,,,,,,,,,,"Choppas, Ignore Goblin Panic, Lore of Gork, Mob Rule, Warband"
orc-weirdboy,Orc Weirdboy,Orc & Goblin Tribes,characters,Regular Infantry,65,65,1,4,3,2,3,4,2,3,1,7,,,,,Hand Weapon,S,0,,,,,,,,,,,,,,,,,"Choppas, Ignore Goblin Panic, Lore of Gork, Mob Rule, Warband"
goblin-warboss,Goblin Warboss,Orc & Goblin Tribes,characters,Regular Infantry,60,60,1,4,5,3,4,4,3,5,4,7,6,,,,Hand Weapon,S,0,,,,,,,,,,,,,,,,,"Fear of Elves, Impetuous, Rallying Cry, Warband"
goblin-bigboss,Goblin Bigboss,Orc & Goblin Tribes,characters,Regular Infantry,35,35,1,4,4,3,4,4,2,4,3,6,6,,,,Hand Weapon,S,0,,,,,,,,,,,,,,,,,"Fear of Elves, Impetuous, Rallying Cry, Warband"
goblin-oddnob,Goblin Oddnob,Orc & Goblin Tribes,characters,Regular Infantry,135,135,1,4,4,3,3,4,3,4,2,7,,,,,Hand Weapon,S,0,,,,,,,,,,,,,,,,,"Fear of Elves, Lore of Mork, Warband"
goblin-oddgit,Goblin Oddgit,Orc & Goblin Tribes,characters,Regular Infantry,60,60,1,4,3,3,3,3,2,3,1,6,,,,,Hand Weapon,S,0,,,,,,,,,,,,,,,,,"Fear of Elves, Lore of Mork, Warband"
night-goblin-warboss,Night Goblin Warboss,Orc & Goblin Tribes,characters,Regular Infantry,55,55,1,4,5,3,4,4,3,5,4,6,6,,,,Hand Weapon,S,0,,,,,,,,,,,,,yes,,,,"Fear of Elves, Hatred (Dwarfs), Rallying Cry, Warband"
night-goblin-bigboss,Night Goblin Bigboss,Orc & Goblin Tribes,characters,Regular Infantry,30,30,1,4,4,3,4,4,2,4,3,5,6,,,,Hand Weapon,S,0,,,,,,,,,,,,,yes,,,,"Fear of Elves, Hatred (Dwarfs), Rallying Cry, Warband"
night-goblin-oddnob,Night Goblin Oddnob,Orc & Goblin Tribes,characters,Regular Infantry,130,130,1,4,4,3,3,4,3,4,2,6,,,,,Hand Weapon,S,0,,,,,,,,,,,,,yes,,,,"Fear of Elves, Hatred (Dwarfs), Lore of Mork, Warband"
night-goblin-oddgit,Night Goblin Oddgit,Orc & Goblin Tribes,characters,Regular Infantry,55,55,1,4,3,3,3,3,2,3,1,5,,,,,Hand Weapon,S,0,,,,,,,,,,,,,yes,,,,"Fear of Elves, Hatred (Dwarfs), Lore of Mork, Warband"
kiknik-toofsnatcha,Kiknik Toofsnatcha,Orc & Goblin Tribes,characters,Light Cavalry,105,105,1,4,5,3,4,4,3,5,4,8,5,yes,,,Cavalry Spear,S+1,-1,Fight In Extra Rank,,,,,,,,,,,,,,yes,WS3 S4 I3 A2,"All Sneaky Like, Ambushers, Armour Bane (1 - Chompa only), Armoured Hide (1), Chariot Runners, Fast Cavalry, Fear of Elves, Impetuous, 'It & Run, Rallying Cry, Swiftstride, Warband"
ogdruz-swampdigga,Ogdruz Swampdigga,Orc & Goblin Tribes,characters,Regular Infantry,195,195,1,4,4,2,4,5,3,4,2,8,,,,,Hand Weapon,S,0,,,,,,,,,,,,,,,yes,,"Choppas, Da Troll Calla, Ignore Goblin Panic, Protect Da Boss, Syphoned Strength, Warband"
troll-hag,Troll Hag,Orc & Goblin Tribes,characters,Behemoth,235,235,1,5,3,2,6,5,6,2,3,8,5,,,5,Troll Vomit,3,-2,,,,,,,,,,yes,,,,,,,"Close Order, Flammable, Immune to Psychology, Indiscriminate Hunger, Large Target, Motherly Love, Regeneration (5+), Slimy Shanks, Stomp Attacks (D6), Stupidity, Terror, Timmm-berrr!, Unbreakable"
common-troll-mob,Common Troll Mob,Orc & Goblin Tribes,core,Monstrous Infantry,39,39,1,6,3,1,5,4,3,2,3,6,6,,,5,Troll Vomit,3,-2,,,,,,,,,,,,,,,,,"Armour Bane (1), Close Order, Fear, Flammable, Regeneration (5+), Stupidity, Motley Crew"
river-troll-mob,River Troll Mob,Orc & Goblin Tribes,core,Monstrous Infantry,47,47,1,6,3,1,5,4,4,1,3,6,6,,,5,Troll Vomit,3,-2,,,,,,,,,,,,,,,,,"Armour Bane (1), Close Order, Fear, Flammable, Regeneration (5+), Stupidity, Motley Crew"
stone-troll-mob,Stone Troll Mob,Orc & Goblin Tribes,core,Monstrous Infantry,43,43,1,6,3,1,5,4,3,1,3,7,5,,,5,Troll Vomit,3,-2,,,,,,,,,,,,,,,,,"Armour Bane (1), Armoured Hide (1), Close Order, Fear, Flammable, Magic Resistance (-1), Regeneration (5+), Stupidity, Motley Crew"
orc-mob,Orc Mob,Orc & Goblin Tribes,core,Regular Infantry,25,5,5,4,3,3,3,4,1,3,1,6,6,,,,Hand Weapon,S,0,,,,,,,,,,,,,,,,,"Choppas, Close Order, Ignore Goblin Panic, Impetuous, Warband, Furious Charge"
black-orc-mob,Black Orc Mob,Orc & Goblin Tribes,core,Heavy Infantry,60,12,5,4,4,3,4,4,1,3,1,8,4,,,,Hand Weapon,S,0,,,,,,,,,,,,,,,,,"Choppas, Close Order, Da Boyz, Furious Charge, Ignore Panic, Motley Crew, Quell Impetuosity"
goblin-mob,Goblin Mob,Orc & Goblin Tribes,core,Regular Infantry,30,3,10,4,2,3,3,3,1,3,1,5,6,yes,,,Hand Weapon,S,0,,,,,,,,yes,,,,,,,,,"Close Order, Fear of Elves, Horde, Impetuous, Warband"
snotling-mob,Snotling Mob,Orc & Goblin Tribes,core,Swarm,70,35,2,5,2,2,2,2,6,3,5,4,,,,,Hand Weapon,S,0,,,,,,,,,,yes,,,,,,,"Immune to Psychology, Impetuous, Loner, Open Order, Skirmishers, Unbreakable, Vanguard"
night-goblin-mob,Night Goblin Mob,Orc & Goblin Tribes,core,Regular Infantry,30,3,10,4,2,3,3,3,1,3,1,4,,yes,,,Hand Weapon,S,0,,,,,,,,yes,,,,,yes,,,,"Close Order, Fear of Elves, Hatred (Dwarfs), Horde, Warband"
goblin-spider-rider-mob,Goblin Spider Rider Mob,Orc & Goblin Tribes,core,Light Cavalry,60,12,5,,2,3,3,3,1,3,1,5,,yes,,,Hand Weapon,S,0,,,,yes,,,,,,,,,,,,WS3 S3 I4 A1,"Fast Cavalry, Fear of Elves, Impetuous, Move Through Cover, Open Order, Poisoned Attacks, Swiftstride, Warband"
goblin-wolf-rider-mob,Goblin Wolf Rider Mob,Orc & Goblin Tribes,core,Light Cavalry,50,10,5,,2,3,3,3,1,3,1,5,6,yes,,,Hand Weapon,S,0,,,,,,,,,,,,,,,,WS3 S3 I3 A1,"Chariot Runners, Fast Cavalry, Fear of Elves, Fire & Flee, Impetuous, Open Order, Skirmishers, Swiftstride, Warband"
orc-boar-boy-mob,Orc Boar Boy Mob,Orc & Goblin Tribes,core,Heavy Cavalry,60,15,4,,3,3,3,4,1,3,1,6,5,,,,Hand Weapon,S,0,,,,,,,,,,,,,,,,WS3 S3 I3 A1,"Armoured Hide (1), Choppas, Close Order, Counter Charge, Furious Charge (Orc Boar Boys & Boss only), Ignore Goblin Panic, Impetuous, Swiftstride, Tusker Charge, Warband"
night-goblin-squig-herd,Night Goblin Squig Herd,Orc & Goblin Tribes,core,Regular Infantry,50,10,5,4,2,3,3,3,1,3,1,6,,,,,Hand Weapon,S,0,,,,,,,,,,,,,yes,,,,"Hatred (Dwarfs), Immune to Psychology, Impetuous, Loner, Motley Crew, Open Order, Skirmishers, Squigs Go Wild, Warband"
black-orc-boar-chariot,Black Orc Boar Chariot,Orc & Goblin Tribes,core,Heavy Chariot,130,130,1,,4,3,4,5,4,3,1,8,,,,,Hand Weapon,S,0,,,,,,,,,,,,,,,,WS3 S3 I3 A1,"Choppas, Close Order, First Charge, Furious Charge (Black Orc Crew only), Ignore Panic, Impact Hits (D6+1), Tusker Charge"
night-goblin-squig-hopper-mob,Night Goblin Squig Hopper Mob,Orc & Goblin Tribes,special,Light Cavalry,60,12,5,,2,3,3,3,1,3,1,5,,,,,Hand Weapon,S,0,,,,,,,,,,,,,yes,,,WS4 S5 I4 A2,"Hatred (Dwarfs), Immune to Psychology, Impact Hits (1), Loner, Open Order, Random Movement, Skirmishers, Warband"
orc-boar-chariot,Orc Boar Chariot,Orc & Goblin Tribes,special,Heavy Chariot,90,90,1,,3,3,3,5,4,3,1,7,,,,,Cavalry Spear,S+1,-1,Fight In Extra Rank,,,,,,,,,,,,,,,WS3 S3 I3 A1,"Choppas, Close Order, First Charge, Ignore Goblin Panic, Impact Hits (D6+1), Impetuous, Tusker Charge, Warband"
goblin-wolf-chariot,Goblin Wolf Chariots,Orc & Goblin Tribes,special,Light Chariot,53,53,1,,2,3,3,4,3,3,1,6,,,,,Cavalry Spear,S+1,-1,Fight In Extra Rank,,,,,,,,,,,,,,,WS3 S3 I3 A1,"Fear of Elves, Impact Hits (D3+1), Impetuous, Open Order, Swiftstride, Warband"
snotling-pump-wagon,Snotling Pump Wagons,Orc & Goblin Tribes,special,Light Chariot,35,35,1,,2,2,2,4,3,3,1,4,,,,,Hand Weapon,S,0,,,,,,,,,,,,,,,,,"Armour Bane (3 - Impact Hits), Immune to Psychology, Impact Hits (D3+1), Loner, Open Order, Random Movement"
goblin-bolt-throwa,Goblin Bolt Throwa,Orc & Goblin Tribes,special,War Machine,45,45,1,,2,3,3,5,3,3,3,4,,,,,Hand Weapon,S,0,,,,,,,,,,,,,,,,,"Fear of Elves, Skirmishers"
giant,Giant,Orc & Goblin Tribes,rare,Behemoth,200,200,1,6,3,1,6,7,6,2,,10,6,,,,Giant's Club,S,0,,,,,,,,,,yes,,,,,,,"Close Order, Giant Attacks, Immune to Psychology, Large Target, Pick Up And..., Stomp Attacks (D6), Terror, Timmm-berrr!, Unbreakable"
doom-diver-catapult,Doom Diver Catapult,Orc & Goblin Tribes,rare,War Machine,95,95,1,,2,3,3,5,3,3,3,4,,,,,Hand Weapon,S,0,,,,,,,,,,,,,,,,,"Doom Diver, Fear of Elves, Skirmishers"
goblin-rock-lobber,Goblin Rock Lobber,Orc & Goblin Tribes,rare,War Machine,75,75,1,,2,3,3,6,4,3,3,4,,,,,Hand Weapon,S,0,,,,,,,,,,,,,,,,,"Fear of Elves, Skirmishers"
arachnarok-spider,Arachnarok Spider,Orc & Goblin Tribes,rare,Behemoth,310,310,1,7,4,,5,6,7,4,6,,,,,,Venom Surge,S,-2,"Multiple Wounds (D6), Poisoned Attacks, Strike First",,,yes,,,,,yes,,,,,,,WS2 S3 I3 A1,"Close Order, Howdah, Immune to Psychology, Large Target, Move Through Cover, Poisoned Attacks, Stomp Attacks (D6), Stubborn, Swiftstride, Terror"
mangler-squigs,Mangler Squigs,Orc & Goblin Tribes,rare,Behemoth,95,95,1,,4,0,6,5,4,3,,4,5,,,,Colossal Fang-filled Gob,S,-2,Killing Blow,,,,,,,,,,,,yes,,,,"Close Order, Hatred (Dwarfs), Immune to Psychology, Impact Hits (D6), Ker-splat, Large Target, Random Attacks, Random Movement, Spiked Ball & Chains, Stomp Attacks (D3), Timmm-berrr!"
badlands-ogre-bulls,Badlands Ogre Bulls,Orc & Goblin Tribes,mercenaries,Monstrous Infantry,93,31,3,6,3,2,4,4,3,2,3,7,6,,,,Hand Weapon,S,0,,,,,,,,,,,,,,,,,"Armour Bane (1), Close Order, Fear, Impact Hits (1), Mercenaries, Motley Crew, Ogre Charge"
bonegrinder-giant,Bonegrinder Giant,Orc & Goblin Tribes,mercenaries,Behemoth,300,300,1,6,3,1,7,7,8,3,,10,6,,,,Bonegrinder Giant's Club,S,0,,,,,,,,,,yes,,,,,,,"Bonegrinder Giant Attacks, Close Order, Immune to Psychology, Large Target, Mercenaries, Stomp Attacks (D6+1), Terror, Timmm-berrr!, Unbreakable"
renegade-prince,Renegade Prince,Renegade Crowns,characters,Regular Infantry,75,75,1,4,6,4,4,4,3,5,3,8,6,,,,Hand Weapon,S,0,,,,,,,,,,,,,,,,,"Rallying Cry, Veteran, Warband"
renegade-captain,Renegade Captain,Renegade Crowns,characters,Regular Infantry,35,35,1,4,5,4,4,4,2,4,2,7,6,,,,Hand Weapon,S,0,,,,,,,,,,,,,,,,,"Rallying Cry, Veteran, Warband"
outcast-wizard,Outcast Wizard,Renegade Crowns,characters,Regular Infantry,45,45,1,4,3,3,3,3,2,3,1,7,,,,,Hand Weapon,S,0,,,,,,,,,,,,,,,,,"Magical Attacks, Magic Resistance (-1), Untutored Arcanist"
sellsword-infantry,Sellsword Infantry,Renegade Crowns,core,Regular Infantry,20,4,5,4,3,3,3,3,1,3,1,5,6,,,,Hand Weapon,S,0,,,,,,,,yes,,,,,,,,,"Close Order, Detachment, Horde, Regimental Unit, Warband"
veteran-sellswords,Veteran Sellswords,Renegade Crowns,core,Regular Infantry,25,5,5,4,4,3,3,3,1,3,1,5,6,,,,Hand Weapon,S,0,,,,,,,,yes,,,,,,,,,"Close Order, Detachment, Horde, Regimental Unit, Warband, Veteran"
freeblade-knights,Freeblade Knights,Renegade Crowns,core,Heavy Cavalry,90,18,5,,4,3,3,3,1,3,1,8,5,,,,Lance,S+2,-2,Armour Bane (1),1,,,,,,,,,,,,,,WS3 S3 I3 A1 | WS3 S3 I3 A1,"Close Order, Counter Charge, First Charge, Swiftstride"
hireling-outriders,Hireling Outriders,Renegade Crowns,core,Light Cavalry,55,11,5,,3,3,3,3,1,3,1,7,,,,,Hand Weapon,S,0,,,,,,,,,,,,,,,,WS3 S3 I3 A1,"Fast Cavalry, Fire & Flee, Open Order, Skirmishers, Swiftstride"
free-company-militia,Free Company Militia,Renegade Crowns,core,Regular Infantry,60,6,10,4,3,3,3,3,1,3,1,6,,,,,Hand Weapon,S,0,,,,,,,,yes,,,,,,,,,"Detachment, Horde, Impetuous, Levies, Open Order, Warband"
empire-archers,Empire Archers,Renegade Crowns,core,Regular Infantry,35,7,5,4,3,3,3,3,1,3,1,7,,,,,Hand Weapon,S,0,,,,,,,,,,,,,,,,,"Detachment, Move Through Cover, Open Order, Skirmishers, Vanguard"
veteran-freeblades,Veteran Freeblades,Renegade Crowns,special,Heavy Cavalry,110,22,5,,4,3,4,3,1,3,1,8,5,,,,Lance,S+2,-2,Armour Bane (1),1,,,,,,,,,,,,,,WS3 S3 I3 A1 | WS3 S3 I3 A1,"Close Order, Counter Charge, First Charge, Swiftstride, Veteran"
border-princes-mortar,Border Princes Mortar,Renegade Crowns,special,War Machine,90,90,1,,3,3,3,7,3,3,3,7,,,,,Hand Weapon,S,0,,,,,,,,,,,,,,,,,"Levies, Skirmishers"
border-princes-brigands,Border Princes Brigands,Renegade Crowns,rare,Regular Infantry,40,4,10,4,3,3,3,3,1,3,1,6,6,,,,Hand Weapon,S,0,,,,,,,,yes,,,,,,,,,"Horde, Impetuous, Levies, Motley Crew, Open Order, Warband"
border-princes-organ-gun,Border Princes Organ Gun,Renegade Crowns,rare,War Machine,125,125,1,,3,3,3,7,3,3,3,7,,,,,Hand Weapon,S,0,,,,,,,,,,,,,,,,,"Levies, Skirmishers"
border-princes-bombard,Border Princes Bombard,Renegade Crowns,rare,War Machine,100,100,1,,3,3,3,7,3,3,3,7,6,,,,Hand Weapon,S,0,,,,,,,,,,,,,,,,,"Levies, Skirmishers"
skaven-warlord,Skaven Warlord,Skaven,characters,Regular Infantry,90,90,1,5,6,4,4,4,3,7,4,7,6,,,,Hand Weapon,S,0,,,,,,,,,,,,,,,,,"Scurry Away, Verminous Valour, Warband, Warpstone Weapons"
skaven-chieftain,Skaven Chieftain,Skaven,characters,Regular Infantry,45,45,1,5,5,4,4,4,2,6,3,6,6,,,,Hand Weapon,S,0,,,,,,,,,,,,,,,,,"Scurry Away, Verminous Valour, Warband, Warpstone Weapons"
grey-seer,Grey Seer,Skaven,characters,Regular Infantry,185,185,1,5,3,3,3,4,3,5,2,7,,,,,Hand Weapon,S,0,,,,,,,,,,,,,,,,,"Lore of the Horned Rat {renegade}, Magical Attacks, Magic Resistance (-1), Scurry Away, Verminous Valour, Warband, Warpstone Weapons (not for the mount)"
warlock-engineer,Warlock Engineer,Skaven,characters,Regular Infantry,35,35,1,5,3,3,3,3,2,4,2,5,,,,,Hand Weapon,S,0,,,,,,,,,,,,,,,,,"Lore of the Horned Rat {renegade}, Magical Attacks, Scurry Away, Verminous Valour, Warband, Warpstone Weapons"
master-assassin,Master Assassin,Skaven,characters,Regular Infantry,90,90,1,6,8,7,4,4,2,8,3,7,,,,,Hand Weapon,S,0,,,,yes,,,,,,,,,,,,,"Ambushers, Eshin Infiltration, Evasive, Feigned Flight, Fire & Flee, Hidden {skaven}, Move Through Cover, Poisoned Attacks, Scurry Away, Verminous Valour, Warpstone Weapons"
plague-priest,Plague Priest,Skaven,characters,Regular Infantry,60,60,1,5,5,3,4,5,2,5,3,6,,,,,Hand Weapon,S,0,,,,,,,,,,,,,,yes,,,"Cloud of Flies, Frenzy, Lore of the Horned Rat {renegade}, Magical Attacks, Scurry Away, Verminous Valour, Warband, Warpstone Weapons (not for the mount)"
stormvermin,Stormvermin,Skaven,core,Regular Infantry,100,10,10,5,4,3,3,3,1,5,1,5,5,,,,Halberd,S+1,0,"Armour Bane (1), Requires Two Hands",1,,,yes,,,yes,,,,,,,,,"Close Order, Horde, Scurry Away, Warband, Warpstone Weapons"
clanrats,Clanrats,Skaven,core,Regular Infantry,80,4,20,5,3,3,3,3,1,4,1,4,6,,,,Hand Weapon,S,0,,,,,,,,yes,,,,,,,,,"Close Order, Horde, Scurry Away, Warband"
rat-swarms,Rat Swarms,Skaven,core,Swarm,108,36,3,6,2,0,2,2,5,4,5,4,,,,,Hand Weapon,S,0,,,,,,,,,,yes,,,,,,,"Immune to Psychology, Loner, Skirmishers, Unbreakable, Vanguard"
giant-rats,Giant Rats,Skaven,core,War Beast,30,3,10,6,2,0,2,3,1,4,1,3,,,,,Hand Weapon,S,0,,,,,,yes,,yes,,,,,,,,,"Close Order, Fight in Extra Rank, Horde, Scurry Away, Warband"
night-runners,Night Runners,Skaven,core,Regular Infantry,70,7,10,6,3,3,3,3,1,5,1,5,,,,,Hand Weapon,S,0,,,,,,,,,,,,,,,,,"Evasive, Fire & Flee, Scurry Away, Skirmishers"
plague-monks,Plague Monks,Skaven,core,Regular Infantry,70,7,10,5,3,3,3,4,1,3,1,5,,,,,Hand Weapon,S,0,,,,,,,,yes,,,,,,yes,,,"Close Order, Frenzy, Horde, Scurry Away, Warband, Regimental Unit"
gutter-runners,Gutter Runners,Skaven,special,Regular Infantry,70,14,5,6,4,4,3,3,1,5,1,7,,,,,Hand Weapon,S,0,,,,,,,,,,,,,,,,,"Evasive, Feigned Flight, Fire & Flee, Move Through Cover, Scouts, Scurry Away, Skirmishers"
rat-ogres,Rat Ogres,Skaven,special,Monstrous Infantry,144,48,3,6,4,1,5,4,3,4,3,5,5,,,,Hand Weapon,S,0,,,,,,,,yes,,,,,,yes,,,"Armour Bane (2), Close Order, Fear, Frenzy, Horde, Safe from Harm, Scurry Away, Warband"
warplock-jezzails,Warplock Jezzails,Skaven,special,Regular Infantry,57,19,3,5,3,3,3,3,2,3,2,5,,,,,Hand Weapon,S,0,,,,,,,,,,,,,,,,,"Open Order, Scurry Away, Warband"
poisoned-wind-globadiers,Poisoned Wind Globadiers,Skaven,special,Regular Infantry,20,10,2,5,3,3,3,3,1,4,1,5,6,,,,Hand Weapon,S,0,,,,,,,,,,,,,,,,,"Scurry Away, Skirmishers, Warband"
hell-pit-abomination,Hell Pit Abomination,Skaven,rare,Behemoth,210,210,1,,3,1,6,5,6,4,,8,,,,5,Warpstone Claws,S,-1,"Armour Bane (1), Magical Attacks",1,,,,,,,,yes,,,,,,,"Abominable Attacks, Close Order, Immune to Psychology, Large Target, Magic Resistance (-1), Random Attacks, Random Movement, Regeneration (5+), Stomp Attacks (D3+1), Terror, Timmm-berrr!, Too Horrible to Die, Unbreakable"
doomwheel,Doomwheel,Skaven,rare,Heavy Chariot,145,145,1,,3,3,3,5,4,3,1,7,,,,,Hand Weapon,S,0,,,,,,,,,,,,,,,,,"Close Order, Crushing Bulk, Immune to Psychology, Impact Hits (D3+1), Large Target, Random Attacks (Rats only), Random Movement, Stomp Attacks (2), Zzzzap!"
warp-lightning-cannon,Warp Lightning Cannon,Skaven,rare,War Machine,110,110,1,,3,3,3,6,4,3,3,6,6,,,,Hand Weapon,S,0,,,,,,,,,,,,,,,,,Skirmishers
plagueclaw-catapult,Plagueclaw Catapult,Skaven,rare,War Machine,110,110,1,,,,,6,4,,,,6,,,,Hand Weapon,S,0,,,,,,,,,yes,,,,,,,,"Random Attacks, Skirmishers, Stubborn"
plague-censer-bearers,Plague Censer Bearers,Skaven,rare,Regular Infantry,26,13,2,5,3,3,3,4,1,3,1,5,,,,,Plague Censer,S+2,-1,"Poisoned Attacks, Requires Two Hands",,,yes,yes,,,,yes,,,,,yes,,,"Frenzy, Scurry Away, Skirmishers, Stubborn, Warband"
plague-censer-bearers,Plague Censer Bearers,Skaven,rare,Regular Infantry,80,16,5,5,3,3,3,4,1,3,1,5,,,,,Plague Censer,S+2,-1,"Poisoned Attacks, Requires Two Hands",,,yes,yes,,,,yes,,,,yes,yes,,,"Frenzy, Scurry Away, Skirmishers, Stubborn, Warband, Hatred (all enemies), Detachment, Plague Disciples"
tomb-king,Tomb King,Tomb Kings of Khemri,characters,Regular Infantry,160,160,1,4,6,3,5,5,4,4,4,10,5,,,5,Hand Weapon,S,0,,,,,,,,,,yes,yes,2,,,,,"Curse of the Necropolis, Dry as Dust, Flammable, Indomitable (2), Khopesh, My Will Be Done, Nehekharan Undead, Regeneration (5+)"
tomb-prince,Tomb Prince,Tomb Kings of Khemri,characters,Regular Infantry,90,90,1,4,5,3,4,5,3,3,3,9,6,,,5,Hand Weapon,S,0,,,,,,,,,,yes,yes,2,,,,,"Curse of the Necropolis, Dry as Dust, Flammable, Indomitable (2), Khopesh, My Will Be Done, Nehekharan Undead, Regeneration (5+)"
royal-herald,Royal Herald,Tomb Kings of Khemri,characters,Regular Infantry,60,60,1,4,4,3,4,4,2,3,3,8,6,,,5,Hand Weapon,S,0,,,,,,,,,,yes,yes,1,,,,,"Banner of the King, Dry as Dust, Flammable, Indomitable (1), Khopesh, Nehekharan Undead, Regeneration (5+), Sworn Protector"
high-priest,High Priest,Tomb Kings of Khemri,characters,Regular Infantry,140,140,1,4,3,3,3,4,3,2,2,8,,,,5,Hand Weapon,S,0,,,,,,,,,,yes,yes,1,,,,,"Arise!, Curse of the Necropolis, Indomitable (1), Khopesh, Lore of Nehekhara, Nehekharan Undead, Regeneration (5+), From Beneath the Sands"
mortuary-priest,Mortuary Priest,Tomb Kings of Khemri,characters,Regular Infantry,55,55,1,4,3,3,3,3,2,2,1,7,,,,5,Hand Weapon,S,0,,,,,,,,,,yes,yes,1,,,,,"Arise!, Curse of the Necropolis, Indomitable (1), Khopesh, Lore of Nehekhara, Nehekharan Undead, Regeneration (5+), From Beneath the Sands"
arch-necrotect,Arch Necrotect,Tomb Kings of Khemri,characters,Regular Infantry,90,90,1,4,4,3,4,4,3,3,3,8,6,,,5,Whip,S,0,"Fight In Extra Rank, Strike First",,,,,,,,,yes,yes,,,,,,"Dry as Dust, Flammable, Immortal Overseer, Khopesh, Nehekharan Undead, Regeneration (5+), Stone Shaper"
necrotect,Necrotect,Tomb Kings of Khemri,characters,Regular Infantry,55,55,1,4,3,3,4,4,2,3,2,7,6,,,6,Whip,S,0,"Fight In Extra Rank, Strike First",,,,,,,,,yes,yes,,,,,,"Dry as Dust, Eternal Taskmaster, Flammable, Khopesh, Nehekharan Undead, Regeneration (6+)"
settra-the-imperishable,Settra the Imperishable,Tomb Kings of Khemri,characters,Heavy Chariot,445,445,1,,7,3,6,5,,3,5,10,,,,5,Hand Weapon,S,0,,,,,,,,,,yes,yes,3,,,yes,WS2 S3 I2 A1,"Commander of Legions, Curse of the Necropolis, Dry as Dust, Flammable, Impact Hits (2D3), Indomitable (3), Lore of Nehekhara, My Will Be Done, Nehekharan Undead, Regeneration (5+), Settra Does Not Kneel!, Settra the Great"
prince-apophas,Prince Apophas,Tomb Kings of Khemri,characters,Regular Infantry,130,130,1,4,4,3,4,3,4,1,5,8,6,,,5,Hand Weapon,S,0,,,,,,,,,,yes,yes,2,,,yes,,"Ambushers, Fly (9), Indomitable (2), Khopesh, Loner, Nehekharan Undead, Regeneration (5+), Scarab Prince, Usirian's Reaper, Terror"
nekaph,Nekaph,Tomb Kings of Khemri,characters,Regular Infantry,120,120,1,4,5,3,4,4,2,4,3,8,6,,,5,Hand Weapon,S,0,,,,,,,,,,yes,yes,2,,,yes,,"Dry as Dust, Flammable, Herald of Despair, Indomitable (2), Killing Blow, Nehekharan Undead, Regeneration (5+), Settra's Champion, Sworn Protector"
skeleton-warriors-tomb-kings,Skeleton Warriors,Tomb Kings of Khemri,core,Regular Infantry,40,4,10,4,2,2,3,3,1,2,1,5,6,,,6,Hand Weapon,S,0,,,,,,,,yes,,yes,yes,,,,,,"Close Order, Horde, Nehekharan Undead, Regeneration (6+), Regimental Unit"
skeleton-archers,Skeleton Archers,Tomb Kings of Khemri,core,Regular Infantry,50,5,10,4,2,2,3,3,1,2,1,5,6,,,6,Hand Weapon,S,0,,,,,,,,,,yes,yes,,,,,,"Arrows of Asaph, Detachment, Nehekharan Undead, Open Order, Regeneration (6+)"
tomb-guard,Tomb Guard,Tomb Kings of Khemri,core,Regular Infantry,50,10,5,4,3,3,4,4,1,2,1,7,6,yes,,6,Hand Weapon,S,0,,,,,,,,,,yes,yes,1,,,,,"Cleaving Blow, Close Order, Indomitable (1), Khopesh, Nehekharan Undead, Regeneration (6+), Regimental Unit"
sepulchral-stalkers,Sepulchral Stalkers,Tomb Kings of Khemri,core,Monstrous Cavalry,98,49,2,7,3,3,4,4,3,3,2,8,5,,,6,Halberd,S+1,0,"Armour Bane (1), Requires Two Hands",1,,,yes,,,,,yes,yes,1,,,,,"Close Order, Indomitable (1), Nehekharan Undead, Regeneration (6+), Swiftstride"
skeleton-skirmishers,Skeleton Skirmishers,Tomb Kings of Khemri,core,Regular Infantry,20,4,5,5,2,2,3,3,1,2,1,4,,,,6,Hand Weapon,S,0,,,,,,,,,,yes,yes,,,,,,"Arrows of Asaph, Chariot Runners, Nehekharan Undead, Regeneration (6+), Skirmishers, Vanguard"
skeleton-chariots,Skeleton Chariots,Tomb Kings of Khemri,core,Light Chariot,41,41,1,,3,2,3,4,3,2,1,7,,,,6,Cavalry Spear,S+1,-1,Fight In Extra Rank,,,,,,,yes,,yes,yes,,,,,WS3 S3 I2 A2 | WS2 S3 I2 A1,"Arrows of Asaph, Dry as Dust, Horde, Impact Hits (D3), Nehekharan Undead, Open Order, Regeneration (6+), Reserve Move, Swiftstride"
tomb-swarms,Tomb Swarms,Tomb Kings of Khemri,core,Swarm,74,37,2,5,3,0,2,2,5,1,5,10,,,,6,Hand Weapon,S,0,,,,yes,,,,,,yes,yes,,,,,,"Dry as Dust, Nehekharan Undead, Poisoned Attacks, Regeneration (6+), Skirmishers"
skeleton-horsemen,Skeleton Horsemen,Tomb Kings of Khemri,core,Heavy Cavalry,44,11,4,,2,2,3,3,1,2,1,5,,yes,,6,Hand Weapon,S,0,,,,,,,,yes,,yes,yes,,,,,WS2 S3 I2 A1,"Close Order, Horde, Nehekharan Undead, Regeneration (6+), Swiftstride, Vanguard"
skeleton-horse-archers,Skeleton Horse Archers,Tomb Kings of Khemri,core,Light Cavalry,55,11,5,,2,2,3,3,1,2,1,5,6,,,6,Hand Weapon,S,0,,,,,,,,,,yes,yes,,,,,WS2 S3 I2 A1,"Arrows of Asaph, Nehekharan Undead, Open Order, Regeneration (6+), Reserve Move, Scouts, Skirmishers, Swiftstride"
skeleton-infantry-cohort,Skeleton Infantry Cohort,Tomb Kings of Khemri,core,Regular Infantry,0,0,10,4,2,2,3,3,1,2,1,5,6,yes,,6,Hand Weapon,S,0,,,,,,,,yes,,yes,yes,,,,,,"Arrows of Asaph, Close Order, Horde, Motley Crew*, Nehekharan Undead, Regeneration (6+), Regimental Unit, Steadfast Discipline"
skeleton-cavalry-cohort,Skeleton Cavalry Cohort,Tomb Kings of Khemri,core,Heavy Cavalry,0,0,5,,2,2,3,3,1,2,1,5,6,yes,,6,Hand Weapon,S,0,,,,,,,,yes,,yes,yes,,,,,WS2 S3 I2 A1,"Arrows of Asaph, Close Order, Horde, Motley Crew*, Nehekharan Undead, Regeneration (6+), Steadfast Discipline, Swiftstride, Vanguard"
necroserpents,Necroserpents,Tomb Kings of Khemri,core,Monstrous Cavalry,76,38,2,7,3,0,5,4,3,3,3,7,6,,,6,Hand Weapon,S,0,,,,yes,,,,,,yes,yes,1,,,,,"Ambushers, Armoured Hide (1), Impact Hits (1), Indomitable (1), Move Through Cover, Nehekharan Undead, Open Order, Poisoned Attacks, Regeneration (6+), Swiftstride"
tomb-guard-chariots,Tomb Guard Chariots,Tomb Kings of Khemri,core,Light Chariot,147,49,3,,3,3,4,4,3,2,1,7,,yes,,6,Halberd,S+1,0,"Armour Bane (1), Requires Two Hands",1,,,yes,,,,,yes,yes,2,,,,WS3 S4 I2 A2 | WS2 S3 I2 A1,"Cleaving Blow (Tomb Guard Crew only), Dry as Dust, Impact Hits (D3+1), Indomitable (2), Khopesh, Nehekharan Undead, Open Order, Regeneration (6+), Reserve Move, Swiftstride"
ushabti,Ushabti,Tomb Kings of Khemri,core,Monstrous Infantry,147,49,3,5,4,2,4,4,3,2,3,8,5,,,6,Ritual Blade,S+2,-3,"Requires Two Hands, Strike Last",,,,yes,,,,,yes,yes,1,,,,,"Arrows of Asaph, Close Order, Indomitable (1), Khopesh, Nehekharan Undead, Regeneration (6+)"
venerable-ushabti,Venerable Ushabti,Tomb Kings of Khemri,special,Monstrous Infantry,168,56,3,4,5,3,5,4,3,2,3,8,5,,,6,Ritual Blade,S+2,-3,"Requires Two Hands, Strike Last",,,,yes,,,,,yes,yes,1,,,,,"Close Order, Indomitable (1), Khopesh, Magic Resistance (-2), Nehekharan Undead, Regeneration (6+)"
carrion,Carrion,Tomb Kings of Khemri,special,Monstrous Infantry,54,27,2,2,3,0,4,4,2,3,3,4,,,,6,Hand Weapon,S,0,,,,,,,,,,yes,yes,,,,,,"Fly (10), Nehekharan Undead, Regeneration (6+), Skirmishers, Swiftstride"
necropolis-knights,Necropolis Knights,Tomb Kings of Khemri,special,Monstrous Cavalry,108,54,2,,4,3,4,4,3,3,2,8,5,,,6,Cavalry Spear,S+1,-1,Fight In Extra Rank,,,yes,,,,,,yes,yes,1,,,,WS3 S5 I3 A3,"Armoured Hide (1), Cleaving Blow, Close Order, Impact Hits (1), Indomitable (1), Khopesh, Nehekharan Undead, Poisoned Attacks, Regeneration (6+), Swiftstride"
tomb-scorpion,Tomb Scorpion,Tomb Kings of Khemri,special,Monstrous Creature,70,70,1,7,4,0,5,5,3,3,4,8,5,,,6,Decapitating Claws,S,-2,"Killing Blow, Monster Slayer",,,,,,,,,yes,yes,1,,,,,"Close Order, Indomitable (1), Magic Resistance (-1), Nehekharan Undead, Regeneration (6+), Stomp Attacks (D3), Swiftstride, Vanguard"
khemrian-warsphinx,Khemrian Warsphinx,Tomb Kings of Khemri,special,Behemoth,175,175,1,6,4,,5,6,5,1,4,,,,,6,Hand Weapon,S,0,,,,,,,,,,yes,yes,2,,,,WS3 S4 I3 A1,"Arrows of Asaph, Cleaving Blow (Tomb Guard Crew only), Close Order, Howdah, Indomitable (2), Khopesh (Tomb Guard Crew only), Large Target, Nehekharan Undead, Regeneration (6+), Stomp Attacks (D3), Terror"
winged-warsphinx,Winged Warsphinx,Tomb Kings of Khemri,special,Behemoth,180,180,1,6,4,0,5,6,5,1,4,8,5,,,6,Wicked Claws,S,-2,,,,,,,,,,yes,yes,2,,,,,"Close Order, Counter Charge, Fly (9), Indomitable (2), Large Target, Nehekharan Undead, Regeneration (6+), Stomp Attacks (D3), Swiftstride, Terror"
necrolith-colossus,Necrolith Colossus,Tomb Kings of Khemri,special,Behemoth,160,160,1,6,3,2,6,6,5,1,4,8,5,,,6,Paired Great Khopeshes,S,-2,"Killing Blow, Requires Two Hands",,,,yes,,,,,yes,yes,2,,,,,"Close Order, Indomitable (2), Large Target, Nehekharan Undead, Regeneration (6+), Stomp Attacks (D3), Terror, Timmm-berrr!, Unstoppable Assault"
necrosphinx,Necrosphinx,Tomb Kings of Khemri,special,Behemoth,195,195,1,6,4,0,5,6,6,1,5,8,5,,,5,Cleaving Blades,S,-1,Killing Blow,,,,,,,,,yes,yes,2,,,,,"Close Order, Fly (9), Indomitable (2), Large Target, Nehekharan Undead, Regeneration (5+), Stomp Attacks (D3+2), Swiftstride, Terror"
screaming-skull-catapult,Screaming Skull Catapult,Tomb Kings of Khemri,rare,War Machine,105,105,1,,2,2,3,6,3,2,3,5,6,,,6,Hand Weapon,S,0,,,,,,,,,,yes,yes,1,,,,,"Dry as Dust, Indomitable (1), Nehekharan Undead, Regeneration (6+), Skirmishers"
casket-of-souls,Casket of Souls,Tomb Kings of Khemri,rare,War Machine,135,135,1,,3,3,3,6,4,3,4,8,6,,,5,Great Weapon,S+2,-2,"Armour Bane (1), Requires Two Hands, Strike Last",1,,,yes,,,,,yes,yes,2,,,,,"Cleaving Blow, Covenant of Power, Dry as Dust, Immovable Object, Indomitable (2), Nehekharan Undead, Regeneration (5+), Skirmishers, Unbound Spirits, Vortex of Souls"
vampire-count,Vampire Count,Vampire Counts,characters,Regular Infantry,160,160,1,6,7,5,5,5,3,6,4,8,,,,5,Hand Weapon,S,0,,,,,,,,,,yes,yes,2,,,,,"Dark Vitality {renegade}, Flammable, Indomitable (2), Lore of Undeath {renegade}, Necromantic Undead, Regeneration (5+)"
vampire-thrall,Vampire Thrall,Vampire Counts,characters,Regular Infantry,75,75,1,6,6,4,5,4,2,5,3,7,,,,5,Hand Weapon,S,0,,,,,,,,,,yes,yes,1,,,,,"Banner of the Count, Dark Vitality {renegade}, Flammable, Indomitable (1), Lore of Undeath {renegade}, Necromantic Undead, Regeneration (5+)"
master-necromancer,Master Necromancer,Vampire Counts,characters,Regular Infantry,130,130,1,4,3,3,3,4,3,3,2,8,,,,5,Hand Weapon,S,0,,,,,,,,,,yes,yes,1,,,,,"Dark Vitality {renegade}, Indomitable (1), Invocation of Nehek, Lore of Undeath {renegade}, Necromantic Undead, Regeneration (5+)"
necromantic-acolyte,Necromantic Acolyte,Vampire Counts,characters,Regular Infantry,60,60,1,4,3,3,3,3,2,3,1,7,,,,5,Hand Weapon,S,0,,,,,,,,,,yes,yes,1,,,,,"Level 1 (or 2) Wizard, Dark Vitality, Indomitable (1), Invocation of Nehek, Lore of Undeath, Necromantic Undead, Regeneration (5+)"
strigoi-ghoul-king,Strigoi Ghoul King,Vampire Counts,characters,Regular Infantry,145,145,1,6,6,3,5,5,3,7,5,8,,,,5,Hand Weapon,S,0,,,,yes,,,,,,yes,yes,1,yes,,,,"Dark Vitality {renegade}, Flammable, Hatred (all enemies), Indomitable (1), Lore of Undeath {renegade}, Necromantic Undead, Poisoned Attacks, Regeneration (5+), the Hunger"
cairn-wraith,Cairn Wraith,Vampire Counts,characters,Regular Infantry,50,50,1,6,4,0,3,3,3,2,2,6,,,,6,Spectral Scythe (Cairn Wraith),S,0,"Magical Attacks, Multiple Wounds (D3)",,,,,,,,,yes,yes,1,,,,,"Ethereal, Indomitable (1), Necromantic Undead, Regeneration (6+), Terror"
wight-king,Wight King,Vampire Counts,characters,Regular Infantry,85,85,1,4,5,0,5,5,3,4,3,9,5,,,5,Hand Weapon,S,0,,,,,,,,,,yes,yes,1,,,,,"Indomitable (1), Killing Blow, Necromantic Undead, Regeneration (5+)"
wight-lord,Wight Lord,Vampire Counts,characters,Regular Infantry,40,40,1,4,4,0,4,5,2,4,2,8,5,,,6,Hand Weapon,S,0,,,,,,,,,,yes,yes,,,,,,"Killing Blow, Necromantic Undead, Regeneration (6+), Wight Banner"
tomb-banshee,Tomb Banshee,Vampire Counts,characters,Regular Infantry,90,90,1,6,3,0,3,3,2,3,1,6,,,,6,Hand Weapon,S,0,,,,,,,,,,yes,yes,1,,,,,"Ethereal, Indomitable (1), Magical Attacks, Necromantic Undead, Regeneration (6+), Terror, Wailing Dirge"
skeleton-warriors-vampire-counts,Skeleton Warriors,Vampire Counts,core,Regular Infantry,50,5,10,4,2,2,3,3,1,2,1,5,6,yes,,6,Hand Weapon,S,0,,,,,,,,yes,,yes,yes,,,,,,"Close Order, Horde, Necromantic Undead, Regeneration (6+)"
zombies,Zombies,Vampire Counts,core,Regular Infantry,60,3,20,4,2,0,3,3,1,1,1,2,,,,6,Hand Weapon,S,0,,,,,,,,yes,,yes,yes,,,,,,"Close Order, Horde, Necromantic Undead, Regeneration (6+), the Newly Dead"
crypt-ghouls,Crypt Ghouls,Vampire Counts,core,Regular Infantry,90,9,10,5,3,3,3,4,1,3,2,5,,,,6,Hand Weapon,S,0,,,,yes,,,,,,yes,yes,,,,,,"Move Through Cover, Necromantic Undead, Open Order, Poisoned Attacks, Regeneration (6+), Reserve Move, Skirmishers"
bat-swarms,Bat Swarms,Vampire Counts,core,Swarm,117,39,3,1,3,0,2,2,5,4,5,3,,,,6,Hand Weapon,S,0,,,,,,,,,,yes,yes,,,,,,"Fly (7), Necromantic Undead, Regeneration (6+), Skirmishers"
dire-wolves,Dire Wolves,Vampire Counts,core,War Beast,40,8,5,9,3,0,3,3,1,3,1,3,,,,6,Hand Weapon,S,0,,,,,,,,,,yes,yes,,,,,,"Necromantic Undead, Open Order, Regeneration (6+), Reserve Move, Slavering Charge, Swiftstride, Vanguard"
grave-guard,Grave Guard,Vampire Counts,core,Heavy Infantry,110,11,10,4,3,3,4,4,1,3,1,7,5,,,6,Hand Weapon,S,0,,,,,,,,,,yes,yes,1,,,,,"Cleaving Blow, Close Order, Indomitable (1), Necromantic Undead, Regeneration (6+)"
black-knights,Black Knights,Vampire Counts,core,Heavy Cavalry,120,24,5,,3,0,4,4,1,3,1,6,5,yes,,6,Hand Weapon,S,0,,,,,,,,,,yes,yes,,,,,WS2 S3 I2 A1,"Cleaving Blow (Black Knights & Hell Knight only), Close Order, First Charge, Necromantic Undead, Regeneration (6+), Swiftstride"
corpse-cart,Corpse Cart,Vampire Counts,core,Heavy Chariot,60,60,1,,3,0,3,4,4,3,1,5,,,,6,Hand Weapon,S,0,,,,,,,,,,yes,yes,1,,,,,"Close Order, Dark Vitality {renegade}, First Charge, Impact Hits (D3+1), Indomitable (1), Necromantic Undead, Random Attacks (The Restless Dead only), Regeneration (6+), Vigor Mortis {renegade}"
crypt-horrors,Crypt Horrors,Vampire Counts,special,Monstrous Infantry,138,46,3,6,3,0,4,5,3,2,3,5,,,,6,Filth-Encrusted Claws,S,-1,Poisoned Attacks,,,yes,,,,,,yes,yes,1,,,,,"Indomitable (1), Move Through Cover, Necromantic Undead, Open Order, Regeneration (6+), Stomp Attacks (1)"
fell-bats,Fell Bats,Vampire Counts,special,Monstrous Infantry,45,15,3,1,3,0,3,3,2,3,2,3,,,,6,Hand Weapon,S,0,,,,,,,,,,yes,yes,,,,,,"Fly (10), Necromantic Undead, Regeneration (6+), Skirmishers, Swiftstride"
spirit-hosts,Spirit Hosts,Vampire Counts,special,Swarm,147,49,3,6,3,0,3,3,4,1,4,4,,,,6,Hand Weapon,S,0,,,,,,,,,,yes,yes,,,,,,"Bound Spirits, Ethereal, Magical Attacks, Necromantic Undead, Open Order, Regeneration (6+), Reserve Move"
vargheists,Vargheists,Vampire Counts,special,Monstrous Infantry,183,61,3,6,4,0,5,4,3,4,3,7,,,,6,Wicked Claws,S,-2,,,,,,,,,,yes,yes,1,,yes,,,"Armour Bane (2), Dark Vitality {renegade}, Flammable, Fly (9), Frenzy, Indomitable (1), Necromantic Undead, Regeneration (6+), Skirmishers"
terrorgheist,Terrorgheist,Vampire Counts,special,Behemoth,205,205,1,6,3,0,5,6,6,3,4,4,6,,,5,Filth-Encrusted Talons,S,-1,"Armour Bane (1), Poisoned Attacks",1,,yes,,,,,,yes,yes,1,,,,,"Close Order, Fly (9), Indomitable (1), Infested, Large Target, Necromantic Undead, Regeneration (5+), Stomp Attacks (D6), Swiftstride, Terror, Wailing Dirge {renegade}"
varghulf,Varghulf,Vampire Counts,special,Monstrous Creature,110,110,1,8,5,0,5,5,4,4,4,4,5,,,5,Wicked Claws,S,-2,,,,,,,,,,yes,yes,1,,,,,"Bestial Fury, Close Order, Counter Charge, Dark Vitality {renegade}, Flammable, Indomitable (1), Necromantic Undead, Regeneration (5+), Swiftstride, Terror, The Hunger {renegade}"
blood-knights,Blood Knights,Vampire Counts,special,Heavy Cavalry,156,39,4,,5,3,4,4,1,4,2,7,4,yes,,6,Lance,S+2,-2,Armour Bane (1),1,,,,,,,,yes,yes,1,,,,WS3 S4 I2 A1,"Accursed Weapons {renegade}, Close Order, Counter Charge, Dark Vitality {renegade}, First Charge, Flammable, Indomitable (1), Martial Pride, Necromantic Undead, Regeneration (6+), Swiftstride"
black-coach,Black Coach,Vampire Counts,rare,Heavy Chariot,205,205,1,,3,0,3,6,4,2,2,5,,,,6,Spectral Scythe (Black Coach),S,0,Magical Attacks,,,,,,,,,yes,yes,1,,,,WS3 S4 I2 A1,"Close Order, First Charge, Impact Hits (D6+2), Indomitable (1), Magical Attacks, Necromantic Undead, Regeneration (6+), Spectral Coach, Terror"
hexwraiths,Hexwraiths,Vampire Counts,rare,Light Cavalry,155,31,5,,3,0,3,3,1,2,1,5,,,,6,Great Weapon,S+2,-2,"Armour Bane (1), Requires Two Hands, Strike Last",1,,,yes,,,,,yes,yes,,,,,WS2 S3 I2 A1,"Ethereal, Flaming Attacks, Fly (8), Magical Attacks, Necromantic Undead, Open Order, Regeneration (6+), Spectral Reapers, Swiftstride, Terror"
galrauch,Galrauch,Warriors of Chaos,characters,Behemoth,465,465,1,6,6,3,6,6,6,4,6,9,3,,,5,Wicked Claws,S,-2,,,,,,,,,,,,,,,yes,,"Armoured Hide (1), Breath of Change, Close Order, Fly (10), Large Target, Mark of Tzeentch, Regeneration (5+), Spirit of Galrauch, Stomp Attacks (D6), Swiftstride, Terror, Two-headed Dragon"
daemon-prince-warriors-of-chaos,Daemon Prince,Warriors of Chaos,characters,Monstrous Creature,215,215,1,6,7,5,6,5,5,7,5,9,6,,,5,Hand Weapon,S,0,,,,,,,,,,yes,yes,,,,,,"Chaos Armour {warriors of chaos} (4+), Ensorcelled Weapons, Fear, Gaze of the Gods, Immune to Psychology, Lore of Chaos, Regeneration (5+), Unbreakable, Unstable, Warp-spawned, Stomp Attacks (D3+1)"
chaos-lord,Chaos Lord,Warriors of Chaos,characters,Heavy Infantry,195,195,1,4,7,3,5,5,4,6,5,9,4,,,,Hand Weapon,S,0,,,,,,,,,,,,,,,,,"Chaos Armour {warriors of chaos} (5+), Ensorcelled Weapons, Gaze of the Gods, Rallying Cry"
sorcerer-lord,Sorcerer Lord,Warriors of Chaos,characters,Heavy Infantry,195,195,1,4,5,3,4,4,3,4,3,8,5,,,,Hand Weapon,S,0,,,,,,,,,,,,,,,,,"Chaos Armour {warriors of chaos} (5+), Ensorcelled Weapons, Gaze of the Gods, Lore of Chaos"
great-bray-shaman,Great Bray-Shaman,Warriors of Chaos,characters,Regular Infantry,150,150,1,5,5,3,4,5,3,4,2,8,,,,,Hand Weapon,S,0,,,,,,,,,,,,,,,,,"Braystaff, Gaze of the Gods, Lore of Beasts, Mark of Chaos Undivided, Primal Fury, Warband"
gorebull,Gorebull,Warriors of Chaos,characters,Monstrous Infantry,130,130,1,6,5,3,5,5,4,4,4,7,,,,,Hand Weapon,S,0,,,,,,,,,,,,,,,,,"Armour Bane (1), Blood Greed, Blood Rage, Bull-gors, Fear, Foe Render, Gaze of the Gods, Impact Hits (1), Mark of Chaos Undivided, Primal Fury, Slaughterer's Call, Warband"
exalted-champion,Exalted Champion,Warriors of Chaos,characters,Heavy Infantry,125,125,1,4,6,3,5,4,3,5,4,8,5,,,,Hand Weapon,S,0,,,,,,,,,,,,,,,,,"Chaos Armour {warriors of chaos} (5+), Ensorcelled Weapons, Gaze of the Gods, Rallying Cry"
exalted-sorcerer,Exalted Sorcerer,Warriors of Chaos,characters,Heavy Infantry,90,90,1,4,4,3,4,4,2,3,2,8,6,,,,Hand Weapon,S,0,,,,,,,,,,,,,,,,,"Chaos Armour {warriors of chaos} (5+), Ensorcelled Weapons, Gaze of the Gods, Lore of Chaos"
aspiring-champion,Aspiring Champion,Warriors of Chaos,characters,Heavy Infantry,70,70,1,4,5,3,4,4,2,4,3,8,5,,,,Hand Weapon,S,0,,,,,,,,,,,,,,,,,"Chaos Armour {warriors of chaos} (5+), Ensorcelled Weapons, Gaze of the Gods, Rallying Cry"
marauder-tribe-chieftain,Marauder Tribe Chieftain,Warriors of Chaos,characters,Regular Infantry,65,65,1,4,5,3,4,4,2,4,3,8,6,,,,Hand Weapon,S,0,,,,,,,,,,,,,,,,,"Ambushers, Chaos Armour {warriors of chaos} (6+), Gaze of the Gods, Mark of Chaos Undivided, Rallying Cry, Warband"
frydaal-the-chainmaker,Frydaal the Chainmaker,Warriors of Chaos,characters,Heavy Infantry,235,235,1,4,6,3,5,4,3,5,4,9,4,yes,,,Hand Weapon,S,0,,,,,,,,,,,,,,,yes,,"Ambushers, Chainmaker, Chaos Armour {warriors of chaos} (5+), Commander & Captain, Ensorcelled Weapons, Gaze of the Gods, Impact Hits (1), Mark of Chaos Undivided, Peerless Raider, Rallying Cry"
beastlord,Beastlord,Warriors of Chaos,characters,Heavy Infantry,115,115,1,5,6,3,5,5,3,5,4,8,,,,,Hand Weapon,S,0,,,,,,,,,,,,,,,,,"Blood Rage, Brayhorn (General Only), Foe Render, Gaze of the Gods, Mark of Chaos Undivided, Primal Fury, Warband"
wargor,Wargor,Warriors of Chaos,characters,Heavy Infantry,55,55,1,5,5,3,4,5,2,4,3,7,,,,,Hand Weapon,S,0,,,,,,,,,,,,,,,,,"Blood Rage, Brayhorn (General Only), Foe Render, Gaze of the Gods, Mark of Chaos Undivided, Primal Fury, Warband"
bray-shaman,Bray-Shaman,Warriors of Chaos,characters,Regular Infantry,65,65,1,5,4,3,3,4,2,3,1,7,,,,,Hand Weapon,S,0,,,,,,,,,,,,,,,,,"Braystaff, Gaze of the Gods, Lore of Beasts, Mark of Chaos Undivided, Primal Fury, Warband"
chaos-warriors,Chaos Warriors,Warriors of Chaos,core,Heavy Infantry,65,13,5,4,5,3,4,4,1,4,1,8,5,,,,Hand Weapon,S,0,,,,,,,,,,,,,,,,,"Close Order, Ensorcelled Weapons, Chaos Armour (6+), Furious Charge"
chaos-knights,Chaos Knights,Warriors of Chaos,core,Heavy Cavalry,108,27,4,,5,3,4,4,1,4,1,8,4,yes,,,Hand Weapon,S,0,,,,,,,,,,,,,,,,WS3 S4 I3 A1,"Close Order, Ensorcelled Weapons, First Charge, Swiftstride, Counter Charge, Chaos Armour (6+)"
chaos-marauders,Chaos Marauders,Warriors of Chaos,core,Regular Infantry,30,6,5,4,4,3,3,3,1,3,1,6,6,,,,Hand Weapon,S,0,,,,,,,,yes,,,,,,,,,"Horde, Mark of Chaos Undivided, Shieldwall, Warband"
marauder-horsemen,Marauder Horsemen,Warriors of Chaos,core,Light Cavalry,60,12,5,,4,3,3,3,1,3,1,6,6,yes,,,Hand Weapon,S,0,,,,,,,,,,,,,,,,WS3 S3 I3 A1,"Fast Cavalry, Fire & Flee, Mark of Chaos Undivided, Swiftstride, Warband"
chaos-warhounds,Chaos Warhounds,Warriors of Chaos,core,War Beast,30,6,5,7,4,0,3,3,1,3,1,6,,,,,Hand Weapon,S,0,,,,,,,,,,,,,,,,,"Loner, Move Through Cover, Open Order, Swiftstride"
forsaken,Forsaken,Warriors of Chaos,core,Heavy Infantry,95,19,5,5,4,0,4,4,1,3,,8,5,,,,Hand Weapon,S,0,,,,,,,,,yes,,,,,,,,"Chaos Armour {warriors of chaos} (5+), Ensorcelled Weapons, Furious Charge, Immune to Psychology, Impetuous, Loner, Open Order, Rampant Mutation, Random Attacks, Stubborn"
marauder-tribe-berserkers,Marauder Tribe Berserkers,Warriors of Chaos,core,Regular Infantry,40,8,5,5,4,3,3,4,1,3,1,7,6,,,,Hand Weapon,S,0,,,,,,,,,,,,,,yes,,,"Frenzy, Mark of Chaos Undivided, Move Through Cover, Open Order, Relentless Warriors, Skirmishers, Warband"
chaos-chariot,Chaos Chariot,Warriors of Chaos,core,Heavy Chariot,110,110,1,,5,3,4,5,4,4,1,8,,,,,Halberd,S+1,0,"Armour Bane (1), Requires Two Hands",1,,,yes,,,,,,,,,,,WS3 S4 I3 A1,"Close Order, Ensorcelled Weapons, First Charge, Impact Hits (D6+1)"
gor-herd,Gor Herd,Warriors of Chaos,core,Regular Infantry,35,7,5,5,4,2,3,4,1,3,1,6,,,,,Hand Weapon,S,0,,,,,,,,yes,,,,,,,,,"Bestial Charge, Blood Rage, Horde, Mark of Chaos Undivided, Move Through Cover, Open Order, Primal Fury, Skirmishers, Warband, Furious Charge"
ungor-herd,Ungor Herd,Warriors of Chaos,core,Regular Infantry,50,5,10,5,3,3,3,3,1,3,1,5,,yes,,,Hand Weapon,S,0,,,,,,,,yes,,,,,,,,,"Chariot Runners, Horde, Mark of Chaos Undivided, Move Through Cover, Open Order, Primal Fury, Skirmishers, Warband"
bestigor-herd,Bestigor Herd,Warriors of Chaos,core,Heavy Infantry,65,13,5,5,4,3,4,4,1,4,1,7,5,,,,Great Weapon,S+2,-2,"Armour Bane (1), Requires Two Hands, Strike Last",1,,,yes,,,,,,,,,,,,"Blood Rage, Close Order, Mark of Chaos Undivided, Primal Fury, Warband"
chosen-chaos-warriors,Chosen Chaos Warriors,Warriors of Chaos,special,Heavy Infantry,85,17,5,4,5,3,4,4,1,4,2,9,5,,,,Hand Weapon,S,0,,,,,,,,,yes,,,,,,,,"Chaos Armour {warriors of chaos} (6+), Close Order, Ensorcelled Weapons, Stubborn, Furious Charge"
chosen-chaos-knights,Chosen Chaos Knights,Warriors of Chaos,special,Heavy Cavalry,108,36,3,,5,3,4,4,1,4,2,9,4,yes,,,Hand Weapon,S,0,,,,,,,,,yes,,,,,,,WS3 S4 I3 A1,"Chaos Armour {warriors of chaos} (6+), Close Order, Counter Charge, Ensorcelled Weapons, First Charge, Stubborn, Swiftstride"
chosen-chaos-chariot,Chosen Chaos Chariot,Warriors of Chaos,special,Heavy Chariot,140,140,1,,5,3,4,5,4,4,2,9,,,,,Halberd,S+1,0,"Armour Bane (1), Requires Two Hands",1,,,yes,,,,,,,,,,,WS3 S4 I3 A1,"Close Order, Counter Charge, Ensorcelled Weapons, First Charge, Impact Hits (D6+1 - Chariot only), Mark of Chaos Undivided"
chaos-ogres,Chaos Ogres,Warriors of Chaos,special,Monstrous Infantry,93,31,3,6,3,2,4,4,3,2,3,7,5,,,,Hand Weapon,S,0,,,,,,,,,,,,,,,,,"Armour Bane (1), Close Order, Fear, Impact Hits (1), Ogre Charge"
chaos-trolls,Chaos Trolls,Warriors of Chaos,special,Monstrous Infantry,39,39,1,6,3,1,5,4,3,2,3,6,6,,,5,Troll Vomit,3,-2,,,,,,,,,,,,,,,,,"Armour Bane (1), Close Order, Fear, Flammable, Regeneration (5+), Stupidity, Motley Crew"
chaos-spawn,Chaos Spawn,Warriors of Chaos,special,Monstrous Infantry,50,50,1,,3,0,4,5,3,3,,10,5,,,,Hand Weapon,S,0,,,,,,,,,,yes,,,,,,,"Armour Bane (2), Fear, Immune to Psychology, Open Order, Random Attacks, Random Movement, Stomp Attacks (1), Unbreakable"
dragon-ogres,Dragon Ogres,Warriors of Chaos,special,Monstrous Cavalry,118,59,2,7,4,2,5,4,4,2,3,8,4,,,,Hand Weapon,S,0,,,,,,,,,,,,,,,,,"Armour Bane (1), Armoured Hide (2), Close Order, Fear, Ensorcelled Weapons, Immune to Psychology, Stomp Attacks (2), The Quickening Storm"
chimera,Chimera,Warriors of Chaos,special,Monstrous Creature,170,170,1,6,4,0,6,5,5,3,6,5,5,,,,Hand Weapon,S,0,,,,,,,,,,,,,,,,,"Armour Bane (2 - Claws and fangs only), Close Order, Fly (10), Large Target, Stomp Attacks (D3), Swiftstride, Terror"
skin-wolves,Skin Wolves,Warriors of Chaos,special,Monstrous Infantry,90,45,2,7,5,,4,4,3,4,3,7,,,,5,Hand Weapon,S,0,,,,,,,,,,,,,,,,,"Blood Rage, Mark of Chaos Undivided, Open Order, Primal Fury, Regeneration (5+), Skirmishers, Swiftstride, Warped Form, Fear"
marauder-tribe-huscarls,Marauder Tribe Huscarls,Warriors of Chaos,special,Light Cavalry,90,18,5,4,4,3,3,4,1,3,1,7,6,,,,Hand Weapon,S,0,,,,,,,,,,,,,,,,WS3 S3 I3 A1,"Close Order, Counter Charge, Furious Charge, Mark of Chaos Undivided, Swiftstride, Warband"
gorebeast-chariot,Gorebeast Chariot,Warriors of Chaos,rare,Heavy Chariot,135,135,1,,5,3,4,5,4,4,1,8,,,,,Halberd,S+1,0,"Armour Bane (1), Requires Two Hands",1,,,yes,,,,,,,,,,,WS4 S5 I2 A3,"Armour Bane (1 - Gorebeast only), Close Order, Ensorcelled Weapons, First Charge, Impact Hits (D6+2), Killing Blow (Gorebeast only)"
chaos-giant,Chaos Giant,Warriors of Chaos,rare,Behemoth,200,200,1,6,3,1,6,7,6,2,,10,6,,,,Giant's Club,S,0,,,,,,,,,,yes,,,,,,,"Close Order, Giant Attacks, Immune to Psychology, Large Target, Pick Up And..., Stomp Attacks (D6), Terror, Timmm-berrr!, Unbreakable"
dragon-ogre-shaggoth,Dragon Ogre Shaggoth,Warriors of Chaos,rare,Monstrous Creature,225,225,1,7,6,2,6,5,6,4,5,9,4,,,,Hand Weapon,S,0,,,,,,,,,,,,,,,,,"Armour Bane (2), Armoured Hide (2), Close Order, Ensorcelled Weapons, Immune to Psychology, Large Target, Stomp Attacks (D3+1), Storm Call {warriors}, Terror, The Quickening Storm"
hellcannon,Hellcannon,Warriors of Chaos,rare,Behemoth,215,215,1,3,4,3,5,6,5,1,5,4,,,,6,Hand Weapon,S,0,,,,,,,,,,yes,,,,,,WS4 S3 I2 A1,"Armour Bane (1), Caged Fury, Close Order, Ensorcelled Weapons, Immune to Psychology, Impact Hits (D6), Large Target, Monster Handlers, Regeneration (6+), Terror, Unbreakable, Warp-spawned"
gigantic-spawn-of-chaos,Gigantic Spawn of Chaos,Warriors of Chaos,rare,Behemoth,145,145,1,,3,0,6,6,6,3,,10,5,,,,Gnashing Maws,S,-2,Strike Last,,,,,,,,,yes,,,,,,,"Armour Bane (2), Close Order, First Charge, Immune to Psychology, Large Target, Random Attacks, Random Movement, Stomp Attacks (D6), Terror, Timmm-berrr!, Unbreakable"
warpfire-dragon,Warpfire Dragon,Warriors of Chaos,rare,Behemoth,375,375,1,6,6,0,6,6,6,3,5,8,4,,,5,Wicked Claws,S,-2,,,,,,,,,,,,,,,,,"Explosive Demise, Fire & Chaos, Fly (10), Large Target, Lore of Chaos, Magical Attacks, Magic Resistance (-2), Mark of Chaos Undivided, Regeneration (5+), Stomp Attacks (D6), Swiftstride, Terror, Warpfire Aura, Close Order"
minotaur-herd,Minotaur Herd,Warriors of Chaos,rare,Monstrous Infantry,88,44,2,6,4,3,5,4,3,3,3,7,6,,,,Hand Weapon,S,0,,,,,,,,,,,,,,,,,"Blood Greed, Blood Rage, Bull-gors, Close Order, Fear, Foe Render, Impact Hits (1), Mark of Chaos Undivided, Motley Crew, Primal Fury, Warband"
cygor,Cygor,Warriors of Chaos,rare,Behemoth,215,215,1,7,2,1,6,6,6,3,4,8,6,,,,Hand Weapon,S,0,,,,,,,,,yes,,,,,,,,"Close Order, Ghostsight, Immune to Psychology, Large Target, Soul-eater, Stomp Attacks (D3), Stubborn, Terror, Timmm-berrr!"
ghorgon,Ghorgon,Warriors of Chaos,rare,Behemoth,245,245,1,7,4,0,6,7,6,4,5,9,6,,,6,Cleaver-limbs,S,-2,"Killing Blow, Monster Slayer",,,,,,,,yes,,,,,yes,,,"Blood Greed, Close Order, Frenzy, Large Target, Primal Fury, Regeneration (6+), Stomp Attacks (D3), Stubborn, Swallow Whole, Terror, Timmm-berrr!"
glade-lord,Glade Lord,Wood Elf Realms,characters,Regular Infantry,135,135,1,5,7,7,4,3,3,6,4,10,6,,,,Hand Weapon,S,0,,,,,,,,,,,,,,,,,"The Arrow of Kurnous, Evasive, Fire & Flee, Ignores Cover, Move Through Cover, Rallying Cry, Strike First"
glade-captain,Glade Captain,Wood Elf Realms,characters,Regular Infantry,70,70,1,5,6,6,4,3,2,5,3,9,6,,,,Hand Weapon,S,0,,,,,,,,,,,,,,,,,"The Arrow of Kurnous, Evasive, Fire & Flee, Ignores Cover, Move Through Cover, Rallying Cry, Strike First"
spellweaver,Spellweaver,Wood Elf Realms,characters,Regular Infantry,155,155,1,5,4,4,3,3,3,4,2,8,,,,,Hand Weapon,S,0,,,,,,,,,,,,,,,,,"Elven Reflexes, Lore of Athel Loren, Magical Attacks, Move Through Cover"
spellsinger,Spellsinger,Wood Elf Realms,characters,Regular Infantry,80,80,1,5,4,4,3,3,2,4,1,8,,,,,Hand Weapon,S,0,,,,,,,,,,,,,,,,,"Elven Reflexes, Lore of Athel Loren, Magical Attacks, Move Through Cover"
shadowdancer,Shadowdancer,Wood Elf Realms,characters,Regular Infantry,85,85,1,5,8,6,4,3,2,7,3,8,,,,,Spear of Loec,S+1,-1,"Armour Bane (2), Killing Blow",2,,,,,,,,,,,,,,,"Evasive, Furious Charge, Immune to Psychology, Loner, Move Through Cover, Strike First, Talismanic Tattoos, Troubadour of Loec"
waystalker,Waystalker,Wood Elf Realms,characters,Regular Infantry,85,85,1,5,6,7,4,3,2,5,2,8,6,,,,Hand Weapon,S,0,,,,,,,,,,,,,,,,,"Elven Reflexes, Evasive, Feigned Flight, Fire & Flee, Hawk-eyed Archer, Ignores Cover, Move Through Cover, Scouts"
treemen-ancient,Treeman Ancient,Wood Elf Realms,characters,Behemoth,265,265,1,5,5,5,5,6,6,2,3,10,4,,,5,Oaken Fists,S,-2,,,,,,,,,yes,,,,,,,,"Close Order, Flammable, Immune to Psychology, Large Target, Lore of Athel Loren, Magical Attacks, Move Through Cover, Regeneration (5+), Stomp Attacks (D3), Stubborn, Terror, Timmm-berrr!, Tree Spirit, Tree Whack"
branchwraith,Branchwraith,Wood Elf Realms,characters,Regular Infantry,80,80,1,6,6,6,4,4,2,6,2,8,6,,,6,Hand Weapon,S,0,,,,,,,,,,,,,,,,,"Fear, Flammable, Immune to Psychology, Lore of Athel Loren, Magical Attacks, Move Through Cover, Regeneration (6+), Tree Spirit, Armour Bane (1), Furious Charge"
orion-the-king-in-the-woods,Orion,Wood Elf Realms,characters,Monstrous Infantry,1215,405,3,9,8,6,5,6,5,8,5,10,,,,,Hand Weapon,S,0,,,,,,,,,,yes,,,,yes,yes,,"Frenzy, Immune to Psychology, Magical Attacks (Hound), Move Through Cover, Magic Resistance (2 - Orion), Open Order, Stomp Attacks (D3+2), Strike First (Orion), Terror, Spectral Hounds (Hound), Unbreakable"
araloth-lord-of-talsyn,Araloth,Wood Elf Realms,characters,Regular Infantry,150,150,1,5,8,7,4,3,3,8,4,10,5,yes,,,Hand Weapon,S,0,,,,,,,,,yes,,,,,,yes,,"Boldest of the Bold, Evasive, Favour of the Goddess, Move Through Cover, Rallying Cry, Skaryn the Eye Thief, Strike First, Stubborn"
warden-of-talsyn,Warden of Talsyn,Wood Elf Realms,characters,Regular Infantry,125,125,1,5,7,4,4,3,3,6,4,9,6,,,,Asrai Spear,S,-1,Fight in Extra Rank,,,,,yes,,,yes,,,,,,,,"Close Order, Courage Beyond Compare, Drilled, Elven Reflexes, Immune to Psychology, Move Through Cover, Parry, Strike First, Stubborn"
glade-guard,Glade Guard,Wood Elf Realms,core,Regular Infantry,50,10,5,5,4,4,3,3,1,4,1,8,,,,,Hand Weapon,S,0,,,,,,,,,,,,,,,,,"Elven Reflexes, Move Through Cover, Open Order"
deepwood-scouts,Deepwood Scouts,Wood Elf Realms,core,Regular Infantry,65,13,5,5,4,4,3,3,1,4,1,8,,,,,Hand Weapon,S,0,,,,,,,,,,,,,,,,,"Elven Reflexes, Evasive, Fire & Flee, Move Through Cover, Scouts, Skirmishers"
eternal-guard,Eternal Guard,Wood Elf Realms,core,Regular Infantry,60,12,5,5,5,4,3,3,1,4,1,9,6,,,,Asrai Spear,S,-1,Fight in Extra Rank,,,,,yes,,,yes,,,,,,,,"Close Order, Elven Reflexes, Martial Prowess, Move Through Cover, Stubborn"
dryads,Dryads,Wood Elf Realms,core,Regular Infantry,65,13,5,6,4,4,3,4,1,4,2,8,6,,,6,Hand Weapon,S,0,,,,,,,,,yes,,,,,,,,"Fear, Flammable, Immune to Psychology, Magical Attacks, Move Through Cover, Open Order, Regeneration (6+), Skirmishers, Stubborn, Tree Spirit, Armour Bane (1), Furious Charge"
glade-riders,Glade Riders,Wood Elf Realms,core,Light Cavalry,68,17,4,,4,4,3,3,1,4,1,8,,,,,Cavalry Spear,S+1,-1,Fight In Extra Rank,,,,,,,,,,,,,,,WS3 S3 I4 A1,"Elven Reflexes, Fast Cavalry, Fire & Flee, Open Order, Skirmishers, Swiftstride"
wild-riders,Wild Riders,Wood Elf Realms,core,Light Cavalry,104,26,4,,5,4,4,3,1,5,1,9,6,,,,Hunting Spear,S+1,-2,Armour Bane (1),1,,,,,,,,,,,,yes,,WS3 S4 I4 A1,"Counter Charge, Elven Reflexes, Fast Cavalry, Fear, Frenzy, Furious Charge (Wild Riders & Wild Hunter only), Move Through Cover, Open Order, Swiftstride, Talismanic Tattoos"
wildwood-rangers,Wildwood Rangers,Wood Elf Realms,special,Regular Infantry,70,14,5,5,5,4,3,3,1,4,1,9,6,,,,Hand Weapon,S,0,,,,,,,,,,,,,,,,,"Close Order, Elven Reflexes, Guardians of the Wildwood, Immune to Psychology, Move Through Cover"
wardancers,Wardancers,Wood Elf Realms,special,Regular Infantry,80,16,5,5,6,4,4,3,1,6,2,8,,,,,Hand Weapon,S,0,,,,,,,,,,,,,,,,,"Dances of Loec, Evasive, Furious Charge, Immune to Psychology, Loner, Motley Crew, Move Through Cover, Open Order, Skirmishers, Strike First, Talismanic Tattoos"
sisters-of-the-thorn,Sisters of the Thorn,Wood Elf Realms,special,Light Cavalry,88,22,4,,4,5,3,3,1,4,1,9,,,,,Hand Weapon,S,0,,,,yes,,,,,,,,,,,,WS3 S4 I4 A1,"Daughters of Eternity, Deepwood Coven, Elven Reflexes, Fast Cavalry, Fire & Flee, Move Through Cover, Open Order, Poisoned Attacks, Swiftstride"
warhawk-riders,Warhawk Riders,Wood Elf Realms,special,Monstrous Cavalry,123,41,3,,4,4,3,4,2,4,1,8,,,,,Cavalry Spear,S+1,-1,Fight In Extra Rank,,,,,,,,,,,,,,,WS3 S4 I4 A2,"Elven Reflexes, Evasive, Fear, Feigned Flight, Fire & Flee, Fly (10), Skirmishers, Swiftstride"
tree-kin,Tree Kin,Wood Elf Realms,special,Monstrous Infantry,102,51,2,5,4,4,4,6,3,3,3,8,5,,,5,Hand Weapon,S,0,,,,,,,,,yes,,,,,,,,"Armour Bane (2), Close Order, Fear, Flammable, Immune to Psychology, Magical Attacks, Move Through Cover, Regeneration (5+), Stomp Attacks (1), Stubborn, Tree Spirit, Tree Whack"
guardians-of-talsyn,Guardians of Talsyn,Wood Elf Realms,special,Regular Infantry,90,18,5,5,5,4,3,3,1,4,2,9,6,,,,Asrai Spear,S,-1,Fight in Extra Rank,,,,,yes,,,yes,,,,,,,,"Close Order, Drilled, Elven Reflexes, Martial Prowess, Move Through Cover, Parry, Stubborn, Veteran"
waywatchers,Waywatchers,Wood Elf Realms,rare,Regular Infantry,80,16,5,5,4,5,3,3,1,5,1,8,,,,,Hand Weapon,S,0,,,,,,,,,,,,,,,,,"Elven Reflexes, Evasive, Feigned Flight, Fire & Flee, Ignores Cover, Move Through Cover, Scouts, Skirmishers"
great-eagle,Great Eagle,Wood Elf Realms,rare,Monstrous Creature,60,60,1,2,5,0,4,4,3,4,3,6,,,,,Wicked Claws,S,-2,,,,,,,,,,,,,,,,,"Close Order, Fear, Fly (10), Stomp Attacks (1), Swiftstride"
treeman,Treeman,Wood Elf Realms,rare,Behemoth,215,215,1,5,6,4,5,6,5,2,5,9,4,,,5,Oaken Fists,S,-2,,,,,,,,,yes,,,,,,,,"Armour Bane (1), Close Order, Flammable, Immune to Psychology, Large Target, Magical Attacks, Move Through Cover, Regeneration (5+), Stomp Attacks (D3), Stubborn, Terror, Timmm-berrr!, Tree Spirit, Tree Whack"
