unit_name,faction,shared_with,id,points,models,T,W,Sv,InSv,FNP,OC,move,keywords,model_groups,weapon_name,weapon_type,attacks,skill,S,AP,damage,weapon_models,abilities,notes
Accursed Cultists,Chaos - Chaos Space Marines,"Chaos - Chaos Daemons, Chaos - Chaos Knights",23aa-b45a-6d5d-e92b,90,8,4,1,6,,,1,6.0,"CHAOS, INFANTRY",3x T4 W3 Sv6+ | 5x T4 W1 Sv6+,Hideous mutations,Melee,D6+2,4,5,-1,2,3,,
Accursed Cultists,Chaos - Chaos Space Marines,"Chaos - Chaos Daemons, Chaos - Chaos Knights",23aa-b45a-6d5d-e92b,90,8,4,1,6,,,1,6.0,"CHAOS, INFANTRY",3x T4 W3 Sv6+ | 5x T4 W1 Sv6+,Blasphemous appendages,Melee,2,4,4,0,1,5,,
Be'lakor,Chaos - Chaos Daemons,,2c37-2898-8350-ef45,390,1,11,20,3,4,,5,12.0,"CHAOS, CHARACTER, DAEMON, EPIC HERO, FLY, MONSTER, PSYKER",,➤ Betraying Shades - witchfire,Ranged,9,2,5,-2,1,1,"Devastating Wounds, Ignores Cover",
Be'lakor,Chaos - Chaos Daemons,,2c37-2898-8350-ef45,390,1,11,20,3,4,,5,12.0,"CHAOS, CHARACTER, DAEMON, EPIC HERO, FLY, MONSTER, PSYKER",,➤ The Blade of Shadows - sweep,Melee,14,2,8,-3,1,1,Sustained Hits 1,
Beasts of Nurgle,Chaos - Chaos Daemons,,2de0-5897-f724-a592,80,1,9,7,6,5,,3,6.0,"BEAST, CHAOS, DAEMON",,Putrid appendages,Melee,6,4,6,-1,2,1,Devastating Wounds,
Bloodcrushers,Chaos - Chaos Daemons,,2f31-9132-b703-5fd8,95,3,7,4,3,5,,2,10.0,"CHAOS, DAEMON, MOUNTED",,Hellblade,Melee,2,3,5,-2,2,2,,
Bloodcrushers,Chaos - Chaos Daemons,,2f31-9132-b703-5fd8,95,3,7,4,3,5,,2,10.0,"CHAOS, DAEMON, MOUNTED",,Juggernaut's bladed horn,Melee,4,4,6,-1,1,2,Lance,
Bloodcrushers,Chaos - Chaos Daemons,,2f31-9132-b703-5fd8,95,3,7,4,3,5,,2,10.0,"CHAOS, DAEMON, MOUNTED",,Hellblade,Melee,2,3,5,-2,2,1,,
Bloodcrushers,Chaos - Chaos Daemons,,2f31-9132-b703-5fd8,95,3,7,4,3,5,,2,10.0,"CHAOS, DAEMON, MOUNTED",,Juggernaut's bladed horn,Melee,4,4,6,-1,1,1,Lance,
Bloodletters,Chaos - Chaos Daemons,,4ecc-6aa5-da28-2c57,110,10,4,1,7,5,,2,8.0,"BATTLELINE, CHAOS, DAEMON, INFANTRY",,Hellblade,Melee,2,3,5,-2,2,9,,
Bloodletters,Chaos - Chaos Daemons,,4ecc-6aa5-da28-2c57,110,10,4,1,7,5,,2,8.0,"BATTLELINE, CHAOS, DAEMON, INFANTRY",,Hellblade,Melee,2,3,5,-2,2,1,,
Bloodmaster,Chaos - Chaos Daemons,,ccae-b5f1-8787-4c7d,65,1,4,4,5,4,,1,8.0,"CHAOS, CHARACTER, DAEMON, INFANTRY",,Blade of blood,Melee,5,2,6,-2,3,1,,
Bloodthirster,Chaos - Chaos Daemons,,a018-ca33-afd0-be83,320,1,11,18,3,4,,5,12.0,"CHAOS, CHARACTER, DAEMON, FLY, MONSTER",,Hellfire breath,Ranged,D6,2,5,-1,1,1,"Torrent, Ignores Cover",
Bloodthirster,Chaos - Chaos Daemons,,a018-ca33-afd0-be83,320,1,11,18,3,4,,5,12.0,"CHAOS, CHARACTER, DAEMON, FLY, MONSTER",,➤ Great axe of Khorne - strike,Melee,7,2,16,-4,D6+2,1,,
Blue Horrors,Chaos - Chaos Daemons,,b795-b936-ad61-e407,125,10,3,1,7,4,,1,6.0,"BATTLELINE, CHAOS, DAEMON, INFANTRY",,Coruscating Blue flames,Ranged,2,4,3,-1,1,10,,
Blue Horrors,Chaos - Chaos Daemons,,b795-b936-ad61-e407,125,10,3,1,7,4,,1,6.0,"BATTLELINE, CHAOS, DAEMON, INFANTRY",,Blue claws,Melee,1,5,3,0,1,10,,
Blue Horrors,Chaos - Chaos Daemons,,b795-b936-ad61-e407,125,10,3,1,7,4,,1,6.0,"BATTLELINE, CHAOS, DAEMON, INFANTRY",,Coruscating Yellow flames (ref. only),Ranged,2,5,2,-1,1,10,,
Blue Horrors,Chaos - Chaos Daemons,,b795-b936-ad61-e407,125,10,3,1,7,4,,1,6.0,"BATTLELINE, CHAOS, DAEMON, INFANTRY",,Yellow claws (ref. only),Melee,2,5,2,0,1,10,,
Burning Chariot,Chaos - Chaos Daemons,,f6eb-b62f-5baf-d96d,115,1,8,9,7,4,,3,12.0,"CHAOS, DAEMON, FLY, MOUNTED",,Flamer mouths,Melee,6,4,5,0,1,1,,
Burning Chariot,Chaos - Chaos Daemons,,f6eb-b62f-5baf-d96d,115,1,8,9,7,4,,3,12.0,"CHAOS, DAEMON, FLY, MOUNTED",,Screamer bites,Melee,6,3,6,-2,2,1,"Anti-Monster 4+, Anti-Vehicle 4+",
Burning Chariot,Chaos - Chaos Daemons,,f6eb-b62f-5baf-d96d,115,1,8,9,7,4,,3,12.0,"CHAOS, DAEMON, FLY, MOUNTED",,➤ Fires of Tzeentch - blue fire,Ranged,3,3,9,-3,3,1,Ignores Cover,
Changecaster,Chaos - Chaos Daemons,,8b7c-d709-90d4-298e,60,1,3,3,6,4,,1,6.0,"CHAOS, CHARACTER, DAEMON, INFANTRY, PSYKER",,➤ Arcane Fireball - witchfire,Ranged,3,3,5,-1,D3,1,,
Changecaster,Chaos - Chaos Daemons,,8b7c-d709-90d4-298e,60,1,3,3,6,4,,1,6.0,"CHAOS, CHARACTER, DAEMON, INFANTRY, PSYKER",,Herald combat weapon,Melee,3,4,4,-1,1,1,,
Chaos Lord,Chaos - Chaos Space Marines,Chaos - Chaos Daemons,e496-5a54-4cb2-4fc1,90,1,4,5,3,4,,1,6.0,"CHAOS, CHARACTER, INFANTRY",,Daemon hammer,Melee,5,3,8,-2,2,1,Devastating Wounds,
Chaos Lord,Chaos - Chaos Space Marines,Chaos - Chaos Daemons,e496-5a54-4cb2-4fc1,90,1,4,5,3,4,,1,6.0,"CHAOS, CHARACTER, INFANTRY",,Power fist,Melee,5,2,8,-2,2,1,,
Chaos Lord in Terminator Armour,Chaos - Chaos Space Marines,Chaos - Chaos Daemons,b206-250d-84aa-fc42,85,1,5,6,2,4,,1,5.0,"CHAOS, CHARACTER, INFANTRY",,Combi-bolter,Ranged,2,2,4,0,1,1,Rapid Fire 2,
Chaos Lord in Terminator Armour,Chaos - Chaos Space Marines,Chaos - Chaos Daemons,b206-250d-84aa-fc42,85,1,5,6,2,4,,1,5.0,"CHAOS, CHARACTER, INFANTRY",,Exalted weapon,Melee,6,2,5,-2,2,1,,
Chaos Lord with Jump Pack,Chaos - Chaos Space Marines,Chaos - Chaos Daemons,d880-9968-2ed9-5a21,80,1,4,5,3,4,,1,12.0,"CHAOS, CHARACTER, FLY, INFANTRY",,Accursed weapon,Melee,6,2,5,-2,1,1,,
Chaos Lord with Jump Pack,Chaos - Chaos Space Marines,Chaos - Chaos Daemons,d880-9968-2ed9-5a21,80,1,4,5,3,4,,1,12.0,"CHAOS, CHARACTER, FLY, INFANTRY",,➤ Plasma pistol - standard,Ranged,1,2,7,-2,1,1,,
Chaos Terminator Squad,Chaos - Chaos Space Marines,Chaos - Chaos Daemons,203d-c50f-a438-4982,175,5,5,3,2,4,,1,5.0,"CHAOS, INFANTRY",,Combi-bolter,Ranged,2,3,4,0,1,4,Rapid Fire 2,
Chaos Terminator Squad,Chaos - Chaos Space Marines,Chaos - Chaos Daemons,203d-c50f-a438-4982,175,5,5,3,2,4,,1,5.0,"CHAOS, INFANTRY",,Accursed weapon,Melee,4,3,5,-2,1,4,,
Chaos Terminator Squad,Chaos - Chaos Space Marines,Chaos - Chaos Daemons,203d-c50f-a438-4982,175,5,5,3,2,4,,1,5.0,"CHAOS, INFANTRY",,Accursed weapon,Melee,4,3,5,-2,1,1,,
Chaos Terminator Squad,Chaos - Chaos Space Marines,Chaos - Chaos Daemons,203d-c50f-a438-4982,175,5,5,3,2,4,,1,5.0,"CHAOS, INFANTRY",,Combi-bolter,Ranged,2,3,4,0,1,1,Rapid Fire 2,
Chosen,Chaos - Chaos Space Marines,Chaos - Chaos Daemons,4e85-615b-5d49-dfa4,135,5,4,3,3,,,1,6.0,"CHAOS, INFANTRY",,Bolt pistol,Ranged,1,3,4,0,1,4,,
Chosen,Chaos - Chaos Space Marines,Chaos - Chaos Daemons,4e85-615b-5d49-dfa4,135,5,4,3,3,,,1,6.0,"CHAOS, INFANTRY",,Boltgun,Ranged,2,3,4,0,1,4,,
Chosen,Chaos - Chaos Space Marines,Chaos - Chaos Daemons,4e85-615b-5d49-dfa4,135,5,4,3,3,,,1,6.0,"CHAOS, INFANTRY",,Accursed weapon,Melee,4,3,5,-2,1,4,,
Chosen,Chaos - Chaos Space Marines,Chaos - Chaos Daemons,4e85-615b-5d49-dfa4,135,5,4,3,3,,,1,6.0,"CHAOS, INFANTRY",,Bolt pistol,Ranged,1,3,4,0,1,1,,
Chosen,Chaos - Chaos Space Marines,Chaos - Chaos Daemons,4e85-615b-5d49-dfa4,135,5,4,3,3,,,1,6.0,"CHAOS, INFANTRY",,Boltgun,Ranged,2,3,4,0,1,1,,
Chosen,Chaos - Chaos Space Marines,Chaos - Chaos Daemons,4e85-615b-5d49-dfa4,135,5,4,3,3,,,1,6.0,"CHAOS, INFANTRY",,Accursed weapon,Melee,4,3,5,-2,1,1,,
Contorted Epitome,Chaos - Chaos Daemons,,36df-8f40-8a6b-7d4c,115,1,6,8,5,4,,2,9.0,"CHAOS, CHARACTER, INFANTRY, PSYKER",,Coiled tentacles,Melee,D6,4,5,-1,2,1,,
Contorted Epitome,Chaos - Chaos Daemons,,36df-8f40-8a6b-7d4c,115,1,6,8,5,4,,2,9.0,"CHAOS, CHARACTER, INFANTRY, PSYKER",,Ravaging claws,Melee,8,2,4,-1,1,1,Devastating Wounds,
Cultist Firebrand,Chaos - Chaos Space Marines,"Chaos - Chaos Daemons, Chaos - Chaos Knights",cb66-af7-2cca-1c85,45,1,4,4,4,,,1,6.0,"CHAOS, CHARACTER, INFANTRY",,Balefire pike,Ranged,D6+3,2,5,-1,1,1,"Torrent, Ignores Cover",
Cultist Firebrand,Chaos - Chaos Space Marines,"Chaos - Chaos Daemons, Chaos - Chaos Knights",cb66-af7-2cca-1c85,45,1,4,4,4,,,1,6.0,"CHAOS, CHARACTER, INFANTRY",,Close combat weapon,Melee,4,4,4,0,1,1,,
Cultist Mob,Chaos - Chaos Space Marines,"Chaos - Chaos Daemons, Chaos - Chaos Knights",1267-78f1-7774-859,50,10,3,1,6,,,1,6.0,"BATTLELINE, CHAOS, INFANTRY",,Brutal assault weapon,Melee,2,4,3,0,1,1,,
Cultist Mob,Chaos - Chaos Space Marines,"Chaos - Chaos Daemons, Chaos - Chaos Knights",1267-78f1-7774-859,50,10,3,1,6,,,1,6.0,"BATTLELINE, CHAOS, INFANTRY",,Autopistol,Ranged,1,4,3,0,1,1,,
Cultist Mob,Chaos - Chaos Space Marines,"Chaos - Chaos Daemons, Chaos - Chaos Knights",1267-78f1-7774-859,50,10,3,1,6,,,1,6.0,"BATTLELINE, CHAOS, INFANTRY",,Autopistol,Ranged,1,4,3,0,1,9,,
Cultist Mob,Chaos - Chaos Space Marines,"Chaos - Chaos Daemons, Chaos - Chaos Knights",1267-78f1-7774-859,50,10,3,1,6,,,1,6.0,"BATTLELINE, CHAOS, INFANTRY",,Brutal assault weapon,Melee,2,4,3,0,1,9,,
Daemon Prince of Chaos,Chaos - Chaos Daemons,,497d-e065-f5a5-5e80,165,1,10,10,2,4,,3,8.0,"CHAOS, CHARACTER, DAEMON, MONSTER",,➤ Hellforged weapons - strike,Melee,6,2,8,-2,3,1,,
Daemon Prince of Chaos,Chaos - Chaos Daemons,,497d-e065-f5a5-5e80,165,1,10,10,2,4,,3,8.0,"CHAOS, CHARACTER, DAEMON, MONSTER",,Infernal cannon,Ranged,3,2,5,-1,2,1,,
Daemon Prince of Chaos with wings,Chaos - Chaos Daemons,,5800-3978-370d-b573,190,1,9,10,2,4,,3,12.0,"CHAOS, CHARACTER, DAEMON, FLY, MONSTER",,➤ Hellforged weapons - strike,Melee,6,2,8,-2,3,1,,
Daemon Prince of Chaos with wings,Chaos - Chaos Daemons,,5800-3978-370d-b573,190,1,9,10,2,4,,3,12.0,"CHAOS, CHARACTER, DAEMON, FLY, MONSTER",,Infernal cannon,Ranged,3,2,5,-1,2,1,,
Daemonettes,Chaos - Chaos Daemons,,41c2-d2e6-ae43-3beb,100,10,3,1,7,5,,2,9.0,"BATTLELINE, CHAOS, DAEMON, INFANTRY",,Slashing claws,Melee,3,3,4,-1,1,1,Devastating Wounds,
Daemonettes,Chaos - Chaos Daemons,,41c2-d2e6-ae43-3beb,100,10,3,1,7,5,,2,9.0,"BATTLELINE, CHAOS, DAEMON, INFANTRY",,Slashing claws,Melee,3,3,4,-1,1,9,Devastating Wounds,
Dark Apostle,Chaos - Chaos Space Marines,Chaos - Chaos Daemons,d2b8-454a-d061-b592,65,3,4,1,6,4,,1,6.0,"CHAOS, CHARACTER, INFANTRY",1x T4 W4 Sv3+ Inv4+ char | 2x T4 W1 Sv6+ Inv4+,Accursed crozius,Melee,5,2,6,-1,2,1,,
Dark Apostle,Chaos - Chaos Space Marines,Chaos - Chaos Daemons,d2b8-454a-d061-b592,65,3,4,1,6,4,,1,6.0,"CHAOS, CHARACTER, INFANTRY",1x T4 W4 Sv3+ Inv4+ char | 2x T4 W1 Sv6+ Inv4+,Bolt pistol,Ranged,1,3,4,0,1,1,,
Dark Apostle,Chaos - Chaos Space Marines,Chaos - Chaos Daemons,d2b8-454a-d061-b592,65,3,4,1,6,4,,1,6.0,"CHAOS, CHARACTER, INFANTRY",1x T4 W4 Sv3+ Inv4+ char | 2x T4 W1 Sv6+ Inv4+,Close combat weapon,Melee,1,4,3,0,1,2,,
Dark Commune,Chaos - Chaos Space Marines,"Chaos - Chaos Daemons, Chaos - Chaos Knights",1780-25b8-ce0b-898d,90,5,3,1,6,,,1,6.0,"CHAOS, CHARACTER, INFANTRY",2x T3 W1 Sv6+ | 1x T3 W1 Sv6+ | 1x T3 W1 Sv6+ | 1x T3 W4 Sv6+ char,Commune blade,Melee,2,4,4,-2,1,2,,
Dark Commune,Chaos - Chaos Space Marines,"Chaos - Chaos Daemons, Chaos - Chaos Knights",1780-25b8-ce0b-898d,90,5,3,1,6,,,1,6.0,"CHAOS, CHARACTER, INFANTRY",2x T3 W1 Sv6+ | 1x T3 W1 Sv6+ | 1x T3 W1 Sv6+ | 1x T3 W4 Sv6+ char,Autopistol,Ranged,1,4,3,0,1,1,,
Dark Commune,Chaos - Chaos Space Marines,"Chaos - Chaos Daemons, Chaos - Chaos Knights",1780-25b8-ce0b-898d,90,5,3,1,6,,,1,6.0,"CHAOS, CHARACTER, INFANTRY",2x T3 W1 Sv6+ | 1x T3 W1 Sv6+ | 1x T3 W1 Sv6+ | 1x T3 W4 Sv6+ char,Close combat weapon,Melee,1,4,3,0,1,1,,
Dark Commune,Chaos - Chaos Space Marines,"Chaos - Chaos Daemons, Chaos - Chaos Knights",1780-25b8-ce0b-898d,90,5,3,1,6,,,1,6.0,"CHAOS, CHARACTER, INFANTRY",2x T3 W1 Sv6+ | 1x T3 W1 Sv6+ | 1x T3 W1 Sv6+ | 1x T3 W4 Sv6+ char,Close combat weapon,Melee,1,4,3,0,1,1,,
Dark Commune,Chaos - Chaos Space Marines,"Chaos - Chaos Daemons, Chaos - Chaos Knights",1780-25b8-ce0b-898d,90,5,3,1,6,,,1,6.0,"CHAOS, CHARACTER, INFANTRY",2x T3 W1 Sv6+ | 1x T3 W1 Sv6+ | 1x T3 W1 Sv6+ | 1x T3 W4 Sv6+ char,➤ Warp Curse - witchfire,Ranged,3,3,4,-1,2,1,,
Dark Commune,Chaos - Chaos Space Marines,"Chaos - Chaos Daemons, Chaos - Chaos Knights",1780-25b8-ce0b-898d,90,5,3,1,6,,,1,6.0,"CHAOS, CHARACTER, INFANTRY",2x T3 W1 Sv6+ | 1x T3 W1 Sv6+ | 1x T3 W1 Sv6+ | 1x T3 W4 Sv6+ char,Autopistol,Ranged,1,4,3,0,1,1,,
Dark Commune,Chaos - Chaos Space Marines,"Chaos - Chaos Daemons, Chaos - Chaos Knights",1780-25b8-ce0b-898d,90,5,3,1,6,,,1,6.0,"CHAOS, CHARACTER, INFANTRY",2x T3 W1 Sv6+ | 1x T3 W1 Sv6+ | 1x T3 W1 Sv6+ | 1x T3 W4 Sv6+ char,Commune stave,Melee,2,4,3,0,D3,1,Devastating Wounds,
Epidemius,Chaos - Chaos Daemons,,5851-dc90-9afe-76a7,80,1,5,8,6,5,,2,5.0,"CHAOS, CHARACTER, DAEMON, EPIC HERO, INFANTRY",,Balesword and nurgling attendants,Melee,D6+3,3,5,-2,2,1,Lethal Hits,
Exalted Flamer,Chaos - Chaos Daemons,,de54-5b38-8ca1-c39c,65,1,4,6,7,4,,1,9.0,"CHAOS, CHARACTER, DAEMON, FLY, INFANTRY",,Flamer mouths,Melee,4,4,5,0,1,1,,
Exalted Flamer,Chaos - Chaos Daemons,,de54-5b38-8ca1-c39c,65,1,4,6,7,4,,1,9.0,"CHAOS, CHARACTER, DAEMON, FLY, INFANTRY",,➤ Fires of Tzeentch - blue fire,Ranged,3,3,9,-3,3,1,Ignores Cover,
Fateskimmer,Chaos - Chaos Daemons,,c199-b27c-7cc2-7935,95,1,7,9,6,4,,3,12.0,"CHAOS, CHARACTER, DAEMON, FLY, MOUNTED, PSYKER",,Screamer bites,Melee,6,3,6,-2,2,1,"Anti-Monster 4+, Anti-Vehicle 4+",
Fateskimmer,Chaos - Chaos Daemons,,c199-b27c-7cc2-7935,95,1,7,9,6,4,,3,12.0,"CHAOS, CHARACTER, DAEMON, FLY, MOUNTED, PSYKER",,➤ Arcane Fireball - witchfire,Ranged,3,3,5,-1,D3,1,,
Fateskimmer,Chaos - Chaos Daemons,,c199-b27c-7cc2-7935,95,1,7,9,6,4,,3,12.0,"CHAOS, CHARACTER, DAEMON, FLY, MOUNTED, PSYKER",,Herald combat weapon,Melee,3,4,4,-1,1,1,,
Fellgor Beastmen,Chaos - Chaos Space Marines,"Chaos - Chaos Daemons, Chaos - Chaos Knights",6bf7-888c-7aa6-6831,60,10,4,1,5,,,1,6.0,"CHAOS, INFANTRY",,Chainsword,Melee,3,4,4,0,1,1,,
Fellgor Beastmen,Chaos - Chaos Space Marines,"Chaos - Chaos Daemons, Chaos - Chaos Knights",6bf7-888c-7aa6-6831,60,10,4,1,5,,,1,6.0,"CHAOS, INFANTRY",,Bolt pistol,Ranged,1,4,4,0,1,1,,
Fellgor Beastmen,Chaos - Chaos Space Marines,"Chaos - Chaos Daemons, Chaos - Chaos Knights",6bf7-888c-7aa6-6831,60,10,4,1,5,,,1,6.0,"CHAOS, INFANTRY",,Autopistol,Ranged,1,4,3,0,1,9,,
Fellgor Beastmen,Chaos - Chaos Space Marines,"Chaos - Chaos Daemons, Chaos - Chaos Knights",6bf7-888c-7aa6-6831,60,10,4,1,5,,,1,6.0,"CHAOS, INFANTRY",,Close combat weapon,Melee,2,4,4,0,1,9,,
Fiends,Chaos - Chaos Daemons,,d1ee-8d05-4fae-1727,90,3,5,4,7,5,,2,12.0,"BEAST, CHAOS, DAEMON",,Barbed tail and dissecting claws,Melee,5,3,5,-2,2,3,Devastating Wounds,
Flamers,Chaos - Chaos Daemons,,5f23-4d6-f2f9-5973,65,3,4,3,7,4,,1,9.0,"CHAOS, DAEMON, FLY, INFANTRY",,Flickering Flames,Ranged,D6,2,4,-1,1,2,"Torrent, Ignores Cover",
Flamers,Chaos - Chaos Daemons,,5f23-4d6-f2f9-5973,65,3,4,3,7,4,,1,9.0,"CHAOS, DAEMON, FLY, INFANTRY",,Flamer mouths,Melee,3,4,4,0,1,2,,
Flamers,Chaos - Chaos Daemons,,5f23-4d6-f2f9-5973,65,3,4,3,7,4,,1,9.0,"CHAOS, DAEMON, FLY, INFANTRY",,Flamer mouths,Melee,3,4,4,0,1,1,,
Flamers,Chaos - Chaos Daemons,,5f23-4d6-f2f9-5973,65,3,4,3,7,4,,1,9.0,"CHAOS, DAEMON, FLY, INFANTRY",,Flickering Flames,Ranged,D6,2,4,-1,1,1,"Torrent, Ignores Cover",
Flesh Hounds,Chaos - Chaos Daemons,,fd31-64a2-b20f-f0bc,75,5,4,2,7,5,,1,12.0,"BEAST, CHAOS, DAEMON",,Gore-drenched fangs,Melee,3,3,5,-1,1,4,,
Flesh Hounds,Chaos - Chaos Daemons,,fd31-64a2-b20f-f0bc,75,5,4,2,7,5,,1,12.0,"BEAST, CHAOS, DAEMON",,Burning roar,Ranged,D6,2,4,0,1,1,"Torrent, Ignores Cover",
Flesh Hounds,Chaos - Chaos Daemons,,fd31-64a2-b20f-f0bc,75,5,4,2,7,5,,1,12.0,"BEAST, CHAOS, DAEMON",,Gore-drenched fangs,Melee,3,3,5,-1,1,1,,
Fluxmaster,Chaos - Chaos Daemons,,eba5-8a7a-fc5b-d7ec,70,1,4,4,6,4,,1,12.0,"CHAOS, CHARACTER, DAEMON, FLY, MOUNTED, PSYKER",,➤ Arcane Fireball - witchfire,Ranged,3,3,5,-1,D3,1,,
Fluxmaster,Chaos - Chaos Daemons,,eba5-8a7a-fc5b-d7ec,70,1,4,4,6,4,,1,12.0,"CHAOS, CHARACTER, DAEMON, FLY, MOUNTED, PSYKER",,Herald combat weapon,Melee,3,4,4,-1,1,1,,
Great Unclean One,Chaos - Chaos Daemons,,d490-6c4d-e83b-b183,265,1,12,20,5,4,,5,7.0,"CHAOS, CHARACTER, DAEMON, MONSTER, PSYKER",,Putrid vomit,Ranged,D6+3,2,5,-2,1,1,"Torrent, Ignores Cover",
Great Unclean One,Chaos - Chaos Daemons,,d490-6c4d-e83b-b183,265,1,12,20,5,4,,5,7.0,"CHAOS, CHARACTER, DAEMON, MONSTER, PSYKER",,➤ Bilesword - strike,Melee,6,2,10,-2,D6+1,1,Lethal Hits,
Great Unclean One,Chaos - Chaos Daemons,,d490-6c4d-e83b-b183,265,1,12,20,5,4,,5,7.0,"CHAOS, CHARACTER, DAEMON, MONSTER, PSYKER",,Plague flail,Ranged,D6+1,3,7,-2,2,1,,
Havocs,Chaos - Chaos Space Marines,Chaos - Chaos Daemons,946c-d784-c8be-f21,125,5,5,2,3,,,1,5.0,"CHAOS, INFANTRY",,Accursed weapon,Melee,4,3,5,-2,1,1,,
Havocs,Chaos - Chaos Space Marines,Chaos - Chaos Daemons,946c-d784-c8be-f21,125,5,5,2,3,,,1,5.0,"CHAOS, INFANTRY",,Flamer,Ranged,D6,2,4,0,1,1,"Torrent, Ignores Cover",
Havocs,Chaos - Chaos Space Marines,Chaos - Chaos Daemons,946c-d784-c8be-f21,125,5,5,2,3,,,1,5.0,"CHAOS, INFANTRY",,Havoc autocannon,Ranged,2,3,9,-1,3,4,,
Havocs,Chaos - Chaos Space Marines,Chaos - Chaos Daemons,946c-d784-c8be-f21,125,5,5,2,3,,,1,5.0,"CHAOS, INFANTRY",,Close combat weapon,Melee,3,3,4,0,1,4,,
Horticulous Slimux,Chaos - Chaos Daemons,,7151-238f-a6eb-2f94,120,1,10,10,3,4,,2,6.0,"CHAOS, CHARACTER, DAEMON, EPIC HERO, MOUNTED",,Acidic maw,Melee,2,4,7,-4,3,1,Devastating Wounds,
Horticulous Slimux,Chaos - Chaos Daemons,,7151-238f-a6eb-2f94,120,1,10,10,3,4,,2,6.0,"CHAOS, CHARACTER, DAEMON, EPIC HERO, MOUNTED",,Lopping shears,Melee,4,3,6,-2,3,1,Lethal Hits,
Infernal Enrapturess,Chaos - Chaos Daemons,,2cc5-ef65-c4b9-28c6,60,1,3,3,7,5,,1,9.0,"CHAOS, CHARACTER, DAEMON, INFANTRY",,➤ Heartstring lyre - cacophonous melody,Ranged,6,3,6,0,1,1,,
Infernal Enrapturess,Chaos - Chaos Daemons,,2cc5-ef65-c4b9-28c6,60,1,3,3,7,5,,1,9.0,"CHAOS, CHARACTER, DAEMON, INFANTRY",,Ravaging claws,Melee,5,2,4,-1,1,1,Devastating Wounds,
Kairos Fateweaver,Chaos - Chaos Daemons,,6df5-f246-6bd-55b8,305,1,10,20,6,4,,5,12.0,"CHAOS, CHARACTER, DAEMON, EPIC HERO, FLY, MONSTER, PSYKER",,Staff of Tomorrow,Melee,5,3,8,-2,2D3,1,,
Kairos Fateweaver,Chaos - Chaos Daemons,,6df5-f246-6bd-55b8,305,1,10,20,6,4,,5,12.0,"CHAOS, CHARACTER, DAEMON, EPIC HERO, FLY, MONSTER, PSYKER",,➤ Infernal Gateway - witchfire,Ranged,D6+3,2,9,-2,D3,1,Blast,
Karanak,Chaos - Chaos Daemons,,8436-cec1-e65a-d1a7,70,1,4,5,7,4,,3,12.0,"BEAST, CHAOS, CHARACTER, DAEMON, EPIC HERO",,Soul-rending fangs,Melee,6,2,6,-2,2,1,Anti-Character 3+,
Karanak,Chaos - Chaos Daemons,,8436-cec1-e65a-d1a7,70,1,4,5,7,4,,3,12.0,"BEAST, CHAOS, CHARACTER, DAEMON, EPIC HERO",,Scalding Roar,Ranged,D6+3,2,5,-1,1,1,"Torrent, Ignores Cover",
Keeper of Secrets,Chaos - Chaos Daemons,,a903-dd97-339d-6899,265,1,10,18,5,4,,5,14.0,"CHAOS, CHARACTER, DAEMON, MONSTER, PSYKER",,➤ Phantasmagoria - witchfire,Ranged,6,2,6,-2,1,1,Devastating Wounds,
Keeper of Secrets,Chaos - Chaos Daemons,,a903-dd97-339d-6899,265,1,10,18,5,4,,5,14.0,"CHAOS, CHARACTER, DAEMON, MONSTER, PSYKER",,Snapping claws,Melee,4,2,6,-2,3,1,Devastating Wounds,
Keeper of Secrets,Chaos - Chaos Daemons,,a903-dd97-339d-6899,265,1,10,18,5,4,,5,14.0,"CHAOS, CHARACTER, DAEMON, MONSTER, PSYKER",,Witstealer sword,Melee,6,2,8,-2,3,1,,
Khorne Soul Grinder,Chaos - Chaos Daemons,,8e9f-aa9-17f5-e2d3,180,1,11,14,3,4,,5,8.0,"CHAOS, DAEMON, VEHICLE, WALKER",,Torrent of burning blood,Ranged,2D6,2,5,-1,1,1,"Torrent, Ignores Cover",
Khorne Soul Grinder,Chaos - Chaos Daemons,,8e9f-aa9-17f5-e2d3,180,1,11,14,3,4,,5,8.0,"CHAOS, DAEMON, VEHICLE, WALKER",,Harvester cannon,Ranged,3,3,10,-1,3,1,,
Khorne Soul Grinder,Chaos - Chaos Daemons,,8e9f-aa9-17f5-e2d3,180,1,11,14,3,4,,5,8.0,"CHAOS, DAEMON, VEHICLE, WALKER",,Iron claw,Melee,5,3,16,-3,D6+2,1,,
Legionaries,Chaos - Chaos Space Marines,Chaos - Chaos Daemons,615-e6bf-cfd2-9384,90,5,4,2,3,,,2,6.0,"BATTLELINE, CHAOS, INFANTRY",,Close combat weapon,Melee,3,3,4,0,1,1,,
Legionaries,Chaos - Chaos Space Marines,Chaos - Chaos Daemons,615-e6bf-cfd2-9384,90,5,4,2,3,,,2,6.0,"BATTLELINE, CHAOS, INFANTRY",,Accursed weapon,Melee,4,3,5,-2,1,1,,
Legionaries,Chaos - Chaos Space Marines,Chaos - Chaos Daemons,615-e6bf-cfd2-9384,90,5,4,2,3,,,2,6.0,"BATTLELINE, CHAOS, INFANTRY",,Accursed weapon,Melee,4,3,5,-2,1,1,,
Legionaries,Chaos - Chaos Space Marines,Chaos - Chaos Daemons,615-e6bf-cfd2-9384,90,5,4,2,3,,,2,6.0,"BATTLELINE, CHAOS, INFANTRY",,Boltgun,Ranged,2,3,4,0,1,4,,
Legionaries,Chaos - Chaos Space Marines,Chaos - Chaos Daemons,615-e6bf-cfd2-9384,90,5,4,2,3,,,2,6.0,"BATTLELINE, CHAOS, INFANTRY",,Bolt pistol,Ranged,1,3,4,0,1,4,,
Legionaries,Chaos - Chaos Space Marines,Chaos - Chaos Daemons,615-e6bf-cfd2-9384,90,5,4,2,3,,,2,6.0,"BATTLELINE, CHAOS, INFANTRY",,Close combat weapon,Melee,3,3,4,0,1,4,,
Lord of Change,Chaos - Chaos Daemons,,3600-9f92-933-bf54,320,1,10,18,6,4,,5,12.0,"CHAOS, CHARACTER, DAEMON, FLY, MONSTER, PSYKER",,➤ Bolt of Change - witchfire,Ranged,9,2,9,-1,1,1,,
Lord of Change,Chaos - Chaos Daemons,,3600-9f92-933-bf54,320,1,10,18,6,4,,5,12.0,"CHAOS, CHARACTER, DAEMON, FLY, MONSTER, PSYKER",,Staff of Tzeentch,Melee,5,3,6,-1,3,1,,
Master of Possession,Chaos - Chaos Space Marines,Chaos - Chaos Daemons,287f-7d48-59cf-dc1e,60,1,4,4,3,5,,1,8.0,"CHAOS, CHARACTER, INFANTRY, PSYKER",,➤ Rite of Possession - witchfire,Ranged,2,3,4,-3,2,1,Anti-Psyker 2+,
Master of Possession,Chaos - Chaos Space Marines,Chaos - Chaos Daemons,287f-7d48-59cf-dc1e,60,1,4,4,3,5,,1,8.0,"CHAOS, CHARACTER, INFANTRY, PSYKER",,Staff of possession,Melee,4,3,6,-1,D3,1,Anti-Psyker 2+,
Master of Possession,Chaos - Chaos Space Marines,Chaos - Chaos Daemons,287f-7d48-59cf-dc1e,60,1,4,4,3,5,,1,8.0,"CHAOS, CHARACTER, INFANTRY, PSYKER",,Bolt pistol,Ranged,1,3,4,0,1,1,,
Nurgle Soul Grinder,Chaos - Chaos Daemons,,137e-d9b8-e764-c7cd,180,1,11,14,3,4,,5,8.0,"CHAOS, DAEMON, VEHICLE, WALKER",,Phlegm bombardment,Ranged,D6+1,3,7,-1,2,1,"Lethal Hits, Blast",
Nurgle Soul Grinder,Chaos - Chaos Daemons,,137e-d9b8-e764-c7cd,180,1,11,14,3,4,,5,8.0,"CHAOS, DAEMON, VEHICLE, WALKER",,Harvester cannon,Ranged,3,3,10,-1,3,1,,
Nurgle Soul Grinder,Chaos - Chaos Daemons,,137e-d9b8-e764-c7cd,180,1,11,14,3,4,,5,8.0,"CHAOS, DAEMON, VEHICLE, WALKER",,Iron claw,Melee,5,3,16,-3,D6+2,1,,
Nurglings,Chaos - Chaos Daemons,,e403-3a9-279e-41b7,45,3,3,4,7,5,,0,5.0,"BATTLELINE, CHAOS, DAEMON, SWARM",,Diseased claws and teeth,Melee,4,5,2,0,1,3,Lethal Hits,
Pink Horrors,Chaos - Chaos Daemons,,e7b8-aa40-6da7-778e,150,10,3,1,7,4,,2,6.0,"BATTLELINE, CHAOS, DAEMON, INFANTRY",,Coruscating Pink flames,Ranged,2,3,4,-1,1,10,,
Pink Horrors,Chaos - Chaos Daemons,,e7b8-aa40-6da7-778e,150,10,3,1,7,4,,2,6.0,"BATTLELINE, CHAOS, DAEMON, INFANTRY",,Pink claws,Melee,1,4,3,0,1,10,,
Pink Horrors,Chaos - Chaos Daemons,,e7b8-aa40-6da7-778e,150,10,3,1,7,4,,2,6.0,"BATTLELINE, CHAOS, DAEMON, INFANTRY",,Coruscating Yellow flames (ref. only),Ranged,2,5,2,-1,1,10,,
Pink Horrors,Chaos - Chaos Daemons,,e7b8-aa40-6da7-778e,150,10,3,1,7,4,,2,6.0,"BATTLELINE, CHAOS, DAEMON, INFANTRY",,Yellow claws (ref. only),Melee,2,5,2,0,1,10,,
Pink Horrors,Chaos - Chaos Daemons,,e7b8-aa40-6da7-778e,150,10,3,1,7,4,,2,6.0,"BATTLELINE, CHAOS, DAEMON, INFANTRY",,Blue claws (ref. only),Melee,1,5,3,0,1,10,,
Pink Horrors,Chaos - Chaos Daemons,,e7b8-aa40-6da7-778e,150,10,3,1,7,4,,2,6.0,"BATTLELINE, CHAOS, DAEMON, INFANTRY",,Coruscating Blue flames (ref. only),Ranged,2,4,3,-1,1,10,,
Plague Drones,Chaos - Chaos Daemons,,d620-146a-41cd-f28f,110,3,8,5,6,5,,2,10.0,"CHAOS, DAEMON, FLY, MOUNTED",,Death's heads,Ranged,D3,4,4,0,1,2,"Lethal Hits, Blast",
Plague Drones,Chaos - Chaos Daemons,,d620-146a-41cd-f28f,110,3,8,5,6,5,,2,10.0,"CHAOS, DAEMON, FLY, MOUNTED",,Foul mouthparts,Melee,2,4,5,-1,2,2,Lethal Hits,
Plague Drones,Chaos - Chaos Daemons,,d620-146a-41cd-f28f,110,3,8,5,6,5,,2,10.0,"CHAOS, DAEMON, FLY, MOUNTED",,Plaguesword,Melee,2,3,4,-1,1,2,Lethal Hits,
Plague Drones,Chaos - Chaos Daemons,,d620-146a-41cd-f28f,110,3,8,5,6,5,,2,10.0,"CHAOS, DAEMON, FLY, MOUNTED",,Death's heads,Ranged,D3,4,4,0,1,1,"Lethal Hits, Blast",
Plague Drones,Chaos - Chaos Daemons,,d620-146a-41cd-f28f,110,3,8,5,6,5,,2,10.0,"CHAOS, DAEMON, FLY, MOUNTED",,Foul mouthparts,Melee,2,4,5,-1,2,1,Lethal Hits,
Plague Drones,Chaos - Chaos Daemons,,d620-146a-41cd-f28f,110,3,8,5,6,5,,2,10.0,"CHAOS, DAEMON, FLY, MOUNTED",,Plaguesword,Melee,2,3,4,-1,1,1,Lethal Hits,
Plaguebearers,Chaos - Chaos Daemons,,d1eb-b092-d944-e729,115,10,5,2,7,5,,2,5.0,"BATTLELINE, CHAOS, DAEMON, INFANTRY",,Plaguesword,Melee,2,3,4,-1,1,1,Lethal Hits,
Plaguebearers,Chaos - Chaos Daemons,,d1eb-b092-d944-e729,115,10,5,2,7,5,,2,5.0,"BATTLELINE, CHAOS, DAEMON, INFANTRY",,Plaguesword,Melee,2,3,4,-1,1,9,Lethal Hits,
Possessed,Chaos - Chaos Space Marines,Chaos - Chaos Daemons,cb1-5bcf-9e36-8136,120,5,6,3,3,5,,1,9.0,"CHAOS, DAEMON, INFANTRY",,Hideous mutations,Melee,4,3,5,-1,2,5,,
Poxbringer,Chaos - Chaos Daemons,,7b06-189d-b11e-c189,60,1,5,5,7,5,,1,5.0,"CHAOS, CHARACTER, DAEMON, INFANTRY, PSYKER",,Foul balesword,Melee,4,3,5,-2,2,1,Lethal Hits,
Raptors,Chaos - Chaos Space Marines,Chaos - Chaos Daemons,acb5-dbf2-e3a6-ad94,110,5,4,2,3,,,1,12.0,"CHAOS, FLY, INFANTRY",,Astartes chainsword,Melee,4,3,4,-1,1,1,,
Raptors,Chaos - Chaos Space Marines,Chaos - Chaos Daemons,acb5-dbf2-e3a6-ad94,110,5,4,2,3,,,1,12.0,"CHAOS, FLY, INFANTRY",,Bolt pistol,Ranged,1,3,4,0,1,1,,
Raptors,Chaos - Chaos Space Marines,Chaos - Chaos Daemons,acb5-dbf2-e3a6-ad94,110,5,4,2,3,,,1,12.0,"CHAOS, FLY, INFANTRY",,Bolt pistol,Ranged,1,3,4,0,1,4,,
Raptors,Chaos - Chaos Space Marines,Chaos - Chaos Daemons,acb5-dbf2-e3a6-ad94,110,5,4,2,3,,,1,12.0,"CHAOS, FLY, INFANTRY",,Astartes chainsword,Melee,4,3,4,-1,1,4,,
Rendmaster on Blood Throne,Chaos - Chaos Daemons,,d1cc-e17a-f1a1-4349,160,1,9,9,4,4,,3,8.0,"CHAOS, CHARACTER, DAEMON, MOUNTED",,Attendant's hellblades,Melee,4,3,5,-2,2,1,,
Rendmaster on Blood Throne,Chaos - Chaos Daemons,,d1cc-e17a-f1a1-4349,160,1,9,9,4,4,,3,8.0,"CHAOS, CHARACTER, DAEMON, MOUNTED",,Blade of blood,Melee,5,2,6,-2,3,1,,
Rotigus,Chaos - Chaos Daemons,,cff8-7388-a2c9-946c,280,1,12,22,5,4,,5,7.0,"CHAOS, CHARACTER, DAEMON, EPIC HERO, MONSTER, PSYKER",,Streams of brackish filth,Ranged,2D6,2,8,-2,1,1,"Devastating Wounds, Torrent, Ignores Cover",
Rotigus,Chaos - Chaos Daemons,,cff8-7388-a2c9-946c,280,1,12,22,5,4,,5,7.0,"CHAOS, CHARACTER, DAEMON, EPIC HERO, MONSTER, PSYKER",,➤ Gnarlrod - strike,Melee,7,2,10,-3,3,1,Lethal Hits,
Screamers,Chaos - Chaos Daemons,,550b-c5ab-5e27-f59b,80,3,4,3,6,4,,1,14.0,"BEAST, CHAOS, DAEMON, FLY",,Lamprey bite,Melee,3,3,6,-2,2,3,"Anti-Monster 4+, Anti-Vehicle 4+",
Seekers,Chaos - Chaos Daemons,,112d-8078-777f-76a5,85,5,4,2,7,5,,1,14.0,"CHAOS, DAEMON, MOUNTED",,Lashing tongues,Melee,2,4,4,0,1,4,Lethal Hits,
Seekers,Chaos - Chaos Daemons,,112d-8078-777f-76a5,85,5,4,2,7,5,,1,14.0,"CHAOS, DAEMON, MOUNTED",,Slashing claws,Melee,3,3,4,-1,1,4,Devastating Wounds,
Seekers,Chaos - Chaos Daemons,,112d-8078-777f-76a5,85,5,4,2,7,5,,1,14.0,"CHAOS, DAEMON, MOUNTED",,Lashing tongues,Melee,2,4,4,0,1,1,Lethal Hits,
Seekers,Chaos - Chaos Daemons,,112d-8078-777f-76a5,85,5,4,2,7,5,,1,14.0,"CHAOS, DAEMON, MOUNTED",,Slashing claws,Melee,3,3,4,-1,1,1,Devastating Wounds,
Shalaxi Helbane,Chaos - Chaos Daemons,,c49d-5ebc-4ee4-689e,315,1,10,20,3,4,,5,14.0,"CHAOS, CHARACTER, DAEMON, EPIC HERO, MONSTER, PSYKER",,Lash of Slaanesh,Ranged,6,2,6,-1,2,1,,
Shalaxi Helbane,Chaos - Chaos Daemons,,c49d-5ebc-4ee4-689e,315,1,10,20,3,4,,5,14.0,"CHAOS, CHARACTER, DAEMON, EPIC HERO, MONSTER, PSYKER",,➤ Pavane of Slaanesh - witchfire,Ranged,D6,2,9,-1,D3,1,Devastating Wounds,
Shalaxi Helbane,Chaos - Chaos Daemons,,c49d-5ebc-4ee4-689e,315,1,10,20,3,4,,5,14.0,"CHAOS, CHARACTER, DAEMON, EPIC HERO, MONSTER, PSYKER",,Snapping claws,Melee,4,2,6,-2,3,1,Devastating Wounds,
Shalaxi Helbane,Chaos - Chaos Daemons,,c49d-5ebc-4ee4-689e,315,1,10,20,3,4,,5,14.0,"CHAOS, CHARACTER, DAEMON, EPIC HERO, MONSTER, PSYKER",,Soulpiercer,Melee,6,2,12,-3,D6+2,1,,
Skarbrand,Chaos - Chaos Daemons,,7998-d0a-baa4-e8b3,315,1,11,20,3,4,,5,10.0,"CHAOS, CHARACTER, DAEMON, EPIC HERO, MONSTER",,Bellow of endless fury,Ranged,2D6,2,8,-1,1,1,"Torrent, Ignores Cover",
Skarbrand,Chaos - Chaos Daemons,,7998-d0a-baa4-e8b3,315,1,11,20,3,4,,5,10.0,"CHAOS, CHARACTER, DAEMON, EPIC HERO, MONSTER",,➤ Slaughter and Carnage - strike,Melee,8,2,16,-4,6,1,,
Skull Cannon,Chaos - Chaos Daemons,,fd37-8a80-3da8-f262,100,1,9,9,4,4,,3,8.0,"CHAOS, DAEMON, MOUNTED",,Attendant's hellblades,Melee,4,3,5,-2,2,1,,
Skull Cannon,Chaos - Chaos Daemons,,fd37-8a80-3da8-f262,100,1,9,9,4,4,,3,8.0,"CHAOS, DAEMON, MOUNTED",,Biting maw,Melee,2,4,6,0,2,1,,
Skull Cannon,Chaos - Chaos Daemons,,fd37-8a80-3da8-f262,100,1,9,9,4,4,,3,8.0,"CHAOS, DAEMON, MOUNTED",,Skull cannon,Ranged,D6+2,3,9,-1,2,1,Blast,
Skullmaster,Chaos - Chaos Daemons,,dd30-ba4c-34a4-e788,85,1,7,6,3,4,,2,10.0,"CHAOS, CHARACTER, DAEMON, MOUNTED",,Blade of blood,Melee,5,2,6,-2,3,1,,
Skullmaster,Chaos - Chaos Daemons,,dd30-ba4c-34a4-e788,85,1,7,6,3,4,,2,10.0,"CHAOS, CHARACTER, DAEMON, MOUNTED",,Juggernaut's bladed horn,Melee,4,4,6,-1,1,1,Lance,
Skulltaker,Chaos - Chaos Daemons,,8872-785a-1efa-7ca1,85,1,4,5,4,4,,1,8.0,"CHAOS, CHARACTER, DAEMON, EPIC HERO, INFANTRY",,The Slayer Sword,Melee,6,2,6,-2,3,1,Devastating Wounds,
Slaanesh Soul Grinder,Chaos - Chaos Daemons,,5df-73b6-d758-14fc,180,1,11,14,3,4,,5,8.0,"CHAOS, DAEMON, VEHICLE, WALKER",,Scream of despair,Ranged,6,3,9,-2,2,1,"Sustained Hits 1, Devastating Wounds",
Slaanesh Soul Grinder,Chaos - Chaos Daemons,,5df-73b6-d758-14fc,180,1,11,14,3,4,,5,8.0,"CHAOS, DAEMON, VEHICLE, WALKER",,Harvester cannon,Ranged,3,3,10,-1,3,1,,
Slaanesh Soul Grinder,Chaos - Chaos Daemons,,5df-73b6-d758-14fc,180,1,11,14,3,4,,5,8.0,"CHAOS, DAEMON, VEHICLE, WALKER",,Iron claw,Melee,5,3,16,-3,D6+2,1,,
Sloppity Bilepiper,Chaos - Chaos Daemons,,3da0-5db0-7531-33b6,55,1,5,5,7,5,,1,5.0,"CHAOS, CHARACTER, DAEMON, INFANTRY",,Marotter,Melee,4,3,5,0,1,1,Lethal Hits,
Sorcerer,Chaos - Chaos Space Marines,Chaos - Chaos Daemons,980d-c80a-19b2-f641,60,1,4,4,3,,,1,6.0,"CHAOS, CHARACTER, INFANTRY, PSYKER",,Bolt pistol,Ranged,1,3,4,0,1,1,,
Sorcerer,Chaos - Chaos Space Marines,Chaos - Chaos Daemons,980d-c80a-19b2-f641,60,1,4,4,3,,,1,6.0,"CHAOS, CHARACTER, INFANTRY, PSYKER",,➤ Infernal Gaze - witchfire,Ranged,D6,3,5,-1,D3,1,,
Sorcerer,Chaos - Chaos Space Marines,Chaos - Chaos Daemons,980d-c80a-19b2-f641,60,1,4,4,3,,,1,6.0,"CHAOS, CHARACTER, INFANTRY, PSYKER",,Force weapon,Melee,4,3,6,-1,D3,1,,
Sorcerer in Terminator Armour,Chaos - Chaos Space Marines,Chaos - Chaos Daemons,683f-bfb2-f8d0-c39e,80,1,5,5,2,4,,1,5.0,"CHAOS, CHARACTER, INFANTRY, PSYKER",,➤ Infernal Gaze - witchfire,Ranged,D6,3,5,-1,D3,1,,
Sorcerer in Terminator Armour,Chaos - Chaos Space Marines,Chaos - Chaos Daemons,683f-bfb2-f8d0-c39e,80,1,5,5,2,4,,1,5.0,"CHAOS, CHARACTER, INFANTRY, PSYKER",,Force weapon,Melee,4,3,6,-1,D3,1,,
Sorcerer in Terminator Armour,Chaos - Chaos Space Marines,Chaos - Chaos Daemons,683f-bfb2-f8d0-c39e,80,1,5,5,2,4,,1,5.0,"CHAOS, CHARACTER, INFANTRY, PSYKER",,Combi-bolter,Ranged,2,3,4,0,1,1,Rapid Fire 2,
Spoilpox Scrivener,Chaos - Chaos Daemons,,e7cd-468b-37dd-d82f,60,1,5,5,7,5,,1,5.0,"CHAOS, CHARACTER, DAEMON, INFANTRY",,Disgusting Sneezes,Ranged,D6,2,3,0,1,1,Torrent,
Spoilpox Scrivener,Chaos - Chaos Daemons,,e7cd-468b-37dd-d82f,60,1,5,5,7,5,,1,5.0,"CHAOS, CHARACTER, DAEMON, INFANTRY",,Plaguesword and distended maw,Melee,6,3,5,-1,1,1,Lethal Hits,
Syll'esske,Chaos - Chaos Daemons,,27f6-d907-66f-ca28,120,1,6,9,6,4,,2,9.0,"CHAOS, CHARACTER, DAEMON, EPIC HERO, MONSTER, PSYKER",,Axe of Dominion,Melee,6,3,7,-2,3,1,,
Syll'esske,Chaos - Chaos Daemons,,27f6-d907-66f-ca28,120,1,6,9,6,4,,2,9.0,"CHAOS, CHARACTER, DAEMON, EPIC HERO, MONSTER, PSYKER",,Scourging whip,Melee,6,2,4,-1,1,1,,
Syll'esske,Chaos - Chaos Daemons,,27f6-d907-66f-ca28,120,1,6,9,6,4,,2,9.0,"CHAOS, CHARACTER, DAEMON, EPIC HERO, MONSTER, PSYKER",,Scourging whip,Ranged,6,3,4,-1,1,1,,
Syll'esske,Chaos - Chaos Daemons,,27f6-d907-66f-ca28,120,1,6,9,6,4,,2,9.0,"CHAOS, CHARACTER, DAEMON, EPIC HERO, MONSTER, PSYKER",,➤ Cacophonic choir - witchfire,Ranged,D6,2,6,-1,1,1,"Devastating Wounds, Torrent, Ignores Cover",
The Blue Scribes,Chaos - Chaos Daemons,,caf1-8818-9e65-7154,75,1,4,6,6,4,,2,12.0,"CHAOS, CHARACTER, DAEMON, EPIC HERO, FLY, MOUNTED",,Sharp quills,Melee,4,5,2,0,1,1,Anti-Psyker 2+,
The Changeling,Chaos - Chaos Daemons,,ac75-c011-9a10-2c4a,105,1,3,5,7,4,,1,6.0,"CHAOS, CHARACTER, DAEMON, EPIC HERO, INFANTRY, PSYKER",,The Trickster's Staff,Melee,3,4,4,-1,D3,1,,
The Changeling,Chaos - Chaos Daemons,,ac75-c011-9a10-2c4a,105,1,3,5,7,4,,1,6.0,"CHAOS, CHARACTER, DAEMON, EPIC HERO, INFANTRY, PSYKER",,➤ Infernal Flames - witchfire,Ranged,D6,2,6,-1,1,1,"Torrent, Ignores Cover",
The Masque of Slaanesh,Chaos - Chaos Daemons,,1567-b99b-bd8f-d485,95,1,3,4,7,4,,1,9.0,"CHAOS, CHARACTER, DAEMON, EPIC HERO, FLY, INFANTRY",,Serrated claws,Melee,6,2,4,-1,2,1,Devastating Wounds,
Tormentbringer,Chaos - Chaos Daemons,,673b-111b-6dcb-352,135,1,6,12,5,4,,3,14.0,"CHAOS, CHARACTER, DAEMON, MOUNTED, PSYKER",,Lashes of torment,Ranged,6,2,4,-1,2,1,Anti-Infantry 3+,
Tormentbringer,Chaos - Chaos Daemons,,673b-111b-6dcb-352,135,1,6,12,5,4,,3,14.0,"CHAOS, CHARACTER, DAEMON, MOUNTED, PSYKER",,Lashes of torment,Melee,6,2,4,-1,2,1,Anti-Infantry 3+,
Tormentbringer,Chaos - Chaos Daemons,,673b-111b-6dcb-352,135,1,6,12,5,4,,3,14.0,"CHAOS, CHARACTER, DAEMON, MOUNTED, PSYKER",,Seeker tongues,Melee,4,4,4,0,1,1,Lethal Hits,
Tormentbringer,Chaos - Chaos Daemons,,673b-111b-6dcb-352,135,1,6,12,5,4,,3,14.0,"CHAOS, CHARACTER, DAEMON, MOUNTED, PSYKER",,Slashing claws,Melee,8,3,4,-1,1,1,Devastating Wounds,
Traitor Enforcer,Chaos - Chaos Daemons,"Chaos - Chaos Knights, Chaos - Chaos Space Marines",f69d-2171-5f95-9c88,70,2,3,3,5,5,,1,6.0,CHARACTER,1x T3 W3 Sv5+ Inv5+ char | 1x T6 W4 Sv5+ char,Power fist,Melee,3,3,6,-2,2,1,,
Traitor Enforcer,Chaos - Chaos Daemons,"Chaos - Chaos Knights, Chaos - Chaos Space Marines",f69d-2171-5f95-9c88,70,2,3,3,5,5,,1,6.0,CHARACTER,1x T3 W3 Sv5+ Inv5+ char | 1x T6 W4 Sv5+ char,Bolt pistol,Ranged,1,3,4,0,1,1,,
Traitor Enforcer,Chaos - Chaos Daemons,"Chaos - Chaos Knights, Chaos - Chaos Space Marines",f69d-2171-5f95-9c88,70,2,3,3,5,5,,1,6.0,CHARACTER,1x T3 W3 Sv5+ Inv5+ char | 1x T6 W4 Sv5+ char,Ogryn weapons,Melee,5,3,7,-1,2,1,,
Traitor Guardsmen Squad,Chaos - Chaos Space Marines,"Chaos - Chaos Daemons, Chaos - Chaos Knights",8dc5-4dcb-d77f-7d23,70,10,3,1,5,,,2,6.0,"CHAOS, INFANTRY",,Chainsword,Melee,3,4,3,0,1,1,,
Traitor Guardsmen Squad,Chaos - Chaos Space Marines,"Chaos - Chaos Daemons, Chaos - Chaos Knights",8dc5-4dcb-d77f-7d23,70,10,3,1,5,,,2,6.0,"CHAOS, INFANTRY",,Corrupted pistol,Ranged,1,4,4,-1,1,1,,
Traitor Guardsmen Squad,Chaos - Chaos Space Marines,"Chaos - Chaos Daemons, Chaos - Chaos Knights",8dc5-4dcb-d77f-7d23,70,10,3,1,5,,,2,6.0,"CHAOS, INFANTRY",,Lasgun,Ranged,1,4,3,0,1,9,Rapid Fire 1,
Traitor Guardsmen Squad,Chaos - Chaos Space Marines,"Chaos - Chaos Daemons, Chaos - Chaos Knights",8dc5-4dcb-d77f-7d23,70,10,3,1,5,,,2,6.0,"CHAOS, INFANTRY",,Close combat weapon,Melee,1,4,3,0,1,9,,
Tranceweaver,Chaos - Chaos Daemons,,dba-34e3-46f2-56e0,60,1,3,3,7,5,,1,9.0,"CHAOS, CHARACTER, DAEMON, INFANTRY, PSYKER",,Ravaging claws,Melee,6,2,4,-1,1,1,Devastating Wounds,
Tzeentch Soul Grinder,Chaos - Chaos Daemons,,e1b1-146f-6f77-3a15,180,1,11,14,3,4,,5,8.0,"CHAOS, DAEMON, VEHICLE, WALKER",,Warp gaze,Ranged,D3,3,12,-2,D6+2,1,Blast,
Tzeentch Soul Grinder,Chaos - Chaos Daemons,,e1b1-146f-6f77-3a15,180,1,11,14,3,4,,5,8.0,"CHAOS, DAEMON, VEHICLE, WALKER",,Harvester cannon,Ranged,3,3,10,-1,3,1,,
Tzeentch Soul Grinder,Chaos - Chaos Daemons,,e1b1-146f-6f77-3a15,180,1,11,14,3,4,,5,8.0,"CHAOS, DAEMON, VEHICLE, WALKER",,Iron claw,Melee,5,3,16,-3,D6+2,1,,
Warp Talons,Chaos - Chaos Space Marines,Chaos - Chaos Daemons,9f33-ff4a-d948-4636,125,5,4,2,3,5,,1,12.0,"CHAOS, DAEMON, FLY, INFANTRY",,Warp claws,Melee,4,3,5,-2,1,1,Twin-linked,
Warp Talons,Chaos - Chaos Space Marines,Chaos - Chaos Daemons,9f33-ff4a-d948-4636,125,5,4,2,3,5,,1,12.0,"CHAOS, DAEMON, FLY, INFANTRY",,Warp claws,Melee,4,3,5,-2,1,4,Twin-linked,
Chaos Acastus Knight Asterius,Chaos - Chaos Knights,,e289-ad32-c78a-e055,785,1,13,30,2,5,,10,8.0,"CHAOS, TITANIC, VEHICLE, WALKER",,Asterius volkite culverin,Ranged,6,3,6,0,2,2,Devastating Wounds,
Chaos Acastus Knight Asterius,Chaos - Chaos Knights,,e289-ad32-c78a-e055,785,1,13,30,2,5,,10,8.0,"CHAOS, TITANIC, VEHICLE, WALKER",,Karacnos mortar battery,Ranged,D6+3,3,6,-1,1,1,"Blast, Ignores Cover, Anti-Infantry 2+",
Chaos Acastus Knight Asterius,Chaos - Chaos Knights,,e289-ad32-c78a-e055,785,1,13,30,2,5,,10,8.0,"CHAOS, TITANIC, VEHICLE, WALKER",,Twin conversion beam cannon,Ranged,3,3,16,-2,6,2,"Sustained Hits 2, Twin-linked",sustained D3 -> 2 (mean)
Chaos Acastus Knight Asterius,Chaos - Chaos Knights,,e289-ad32-c78a-e055,785,1,13,30,2,5,,10,8.0,"CHAOS, TITANIC, VEHICLE, WALKER",,Titanic feet,Melee,6,4,10,-1,2,1,,
Chaos Acastus Knight Porphyrion,Chaos - Chaos Knights,,fe77-6f85-5ddb-65bf,725,1,13,30,2,5,,10,8.0,"CHAOS, TITANIC, VEHICLE, WALKER",,Twin magna lascannon,Ranged,D6,3,18,-4,D6+6,2,"Twin-linked, Blast",
Chaos Acastus Knight Porphyrion,Chaos - Chaos Knights,,fe77-6f85-5ddb-65bf,725,1,13,30,2,5,,10,8.0,"CHAOS, TITANIC, VEHICLE, WALKER",,Titanic feet,Melee,6,4,10,-1,2,1,,
Chaos Acastus Knight Porphyrion,Chaos - Chaos Knights,,fe77-6f85-5ddb-65bf,725,1,13,30,2,5,,10,8.0,"CHAOS, TITANIC, VEHICLE, WALKER",,Acastus ironstorm missile pod,Ranged,D6+6,3,5,0,1,1,"Blast, Heavy",
Chaos Acastus Knight Porphyrion,Chaos - Chaos Knights,,fe77-6f85-5ddb-65bf,725,1,13,30,2,5,,10,8.0,"CHAOS, TITANIC, VEHICLE, WALKER",,Acastus autocannon,Ranged,2,3,9,-1,3,2,,
Chaos Cerastus Knight Acheron,Chaos - Chaos Knights,,ec6e-d1d6-f7c6-d008,370,1,11,28,3,5,,10,12.0,"CHARACTER, TITANIC, VEHICLE, WALKER",,Acheron flame cannon,Ranged,2D6,2,8,-1,2,1,"Torrent, Ignores Cover",
Chaos Cerastus Knight Acheron,Chaos - Chaos Knights,,ec6e-d1d6-f7c6-d008,370,1,11,28,3,5,,10,12.0,"CHARACTER, TITANIC, VEHICLE, WALKER",,➤ Reaper chainfist - strike,Melee,4,3,14,-4,6,1,,
Chaos Cerastus Knight Acheron,Chaos - Chaos Knights,,ec6e-d1d6-f7c6-d008,370,1,11,28,3,5,,10,12.0,"CHARACTER, TITANIC, VEHICLE, WALKER",,Twin heavy bolter,Ranged,3,3,5,-1,2,1,"Sustained Hits 1, Twin-linked",
Chaos Cerastus Knight Atrapos,Chaos - Chaos Knights,,8b1d-9029-f9e1-42d9,385,1,11,28,3,5,,10,12.0,"CHAOS, CHARACTER, TITANIC, VEHICLE, WALKER",,➤ Atrapos lascutter - low intensity,Melee,12,3,7,-1,2,1,Sustained Hits 1,
Chaos Cerastus Knight Atrapos,Chaos - Chaos Knights,,8b1d-9029-f9e1-42d9,385,1,11,28,3,5,,10,12.0,"CHAOS, CHARACTER, TITANIC, VEHICLE, WALKER",,➤ Graviton singularity cannon - contained,Ranged,D3,3,16,-4,D6+1,1,Blast,
Chaos Cerastus Knight Castigator,Chaos - Chaos Knights,,b6e5-911b-93f-476,370,1,11,28,3,5,,10,12.0,"CHAOS, CHARACTER, TITANIC, VEHICLE, WALKER",,Castigator bolt cannon,Ranged,18,3,6,-2,2,1,Twin-linked,
Chaos Cerastus Knight Castigator,Chaos - Chaos Knights,,b6e5-911b-93f-476,370,1,11,28,3,5,,10,12.0,"CHAOS, CHARACTER, TITANIC, VEHICLE, WALKER",,➤ Tempest warblade - strike,Melee,4,3,14,-4,6,1,,
Chaos Cerastus Knight Lancer,Chaos - Chaos Knights,,4175-82c6-8e96-bef8,385,1,11,28,3,4,,10,14.0,"CHAOS, CHARACTER, TITANIC, VEHICLE, WALKER",,Cerastus shock lance,Ranged,6,3,6,0,2,1,Sustained Hits 2,
Chaos Cerastus Knight Lancer,Chaos - Chaos Knights,,4175-82c6-8e96-bef8,385,1,11,28,3,4,,10,14.0,"CHAOS, CHARACTER, TITANIC, VEHICLE, WALKER",,➤ Cerastus shock lance - strike,Melee,5,2,20,-3,8,1,Lance,
Chaos Questoris Knight Magaera,Chaos - Chaos Knights,,2d0e-5b83-b678-56dc,375,1,11,26,3,5,,10,10.0,"CHAOS, CHARACTER, TITANIC, VEHICLE, WALKER",,Lightning cannon,Ranged,12,3,9,0,2,1,Sustained Hits 2,
Chaos Questoris Knight Magaera,Chaos - Chaos Knights,,2d0e-5b83-b678-56dc,375,1,11,26,3,5,,10,10.0,"CHAOS, CHARACTER, TITANIC, VEHICLE, WALKER",,Phased plasma-fusil,Ranged,2,3,8,-3,2,1,Rapid Fire 2,
Chaos Questoris Knight Magaera,Chaos - Chaos Knights,,2d0e-5b83-b678-56dc,375,1,11,26,3,5,,10,10.0,"CHAOS, CHARACTER, TITANIC, VEHICLE, WALKER",,Twin rad cleanser,Ranged,D6,2,2,0,1,1,"Twin-linked, Torrent, Ignores Cover, Anti-Infantry 2+",
Chaos Questoris Knight Magaera,Chaos - Chaos Knights,,2d0e-5b83-b678-56dc,375,1,11,26,3,5,,10,10.0,"CHAOS, CHARACTER, TITANIC, VEHICLE, WALKER",,➤ Hekaton siege claw - strike,Melee,4,3,20,-3,8,1,,
Chaos Questoris Knight Styrix,Chaos - Chaos Knights,,106c-4bdf-79a4-1c70,365,1,11,26,3,5,,10,10.0,"CHAOS, CHARACTER, TITANIC, VEHICLE, WALKER",,Graviton crusher,Ranged,3,3,6,-1,2,1,"Blast, Anti-Vehicle 2+",
Chaos Questoris Knight Styrix,Chaos - Chaos Knights,,106c-4bdf-79a4-1c70,365,1,11,26,3,5,,10,10.0,"CHAOS, CHARACTER, TITANIC, VEHICLE, WALKER",,Volkite chierovile,Ranged,12,3,12,0,3,1,Devastating Wounds,
Chaos Questoris Knight Styrix,Chaos - Chaos Knights,,106c-4bdf-79a4-1c70,365,1,11,26,3,5,,10,10.0,"CHAOS, CHARACTER, TITANIC, VEHICLE, WALKER",,Twin rad cleanser,Ranged,D6,2,2,0,1,1,"Twin-linked, Torrent, Ignores Cover, Anti-Infantry 2+",
Chaos Questoris Knight Styrix,Chaos - Chaos Knights,,106c-4bdf-79a4-1c70,365,1,11,26,3,5,,10,10.0,"CHAOS, CHARACTER, TITANIC, VEHICLE, WALKER",,➤ Hekaton siege claw - strike,Melee,4,3,20,-3,8,1,,
Knight Abominant,Chaos - Chaos Knights,,a78d-828b-302b-1bec,355,1,11,26,3,5,,10,10.0,"CHAOS, CHARACTER, PSYKER, TITANIC, VEHICLE, WALKER",,Balemace,Melee,3,3,8,-1,2,1,,
Knight Abominant,Chaos - Chaos Knights,,a78d-828b-302b-1bec,355,1,11,26,3,5,,10,10.0,"CHAOS, CHARACTER, PSYKER, TITANIC, VEHICLE, WALKER",,Electroscourge,Melee,9,3,10,-2,3,1,Sustained Hits 1,
Knight Abominant,Chaos - Chaos Knights,,a78d-828b-302b-1bec,355,1,11,26,3,5,,10,10.0,"CHAOS, CHARACTER, PSYKER, TITANIC, VEHICLE, WALKER",,Volkite combustor,Ranged,12,3,12,0,3,1,"Devastating Wounds, Ignores Cover",
Knight Abominant,Chaos - Chaos Knights,,a78d-828b-302b-1bec,355,1,11,26,3,5,,10,10.0,"CHAOS, CHARACTER, PSYKER, TITANIC, VEHICLE, WALKER",,Diabolus heavy stubber,Ranged,3,3,5,0,1,1,Rapid Fire 3,
Knight Desecrator,Chaos - Chaos Knights,,7a51-8f1f-7290-d9d2,355,1,11,26,3,5,,10,10.0,"CHAOS, CHARACTER, TITANIC, VEHICLE, WALKER",,Desecrator laser destructor,Ranged,3,2,18,-4,D6+3,1,,devastating wounds: monster/vehicle
Knight Desecrator,Chaos - Chaos Knights,,7a51-8f1f-7290-d9d2,355,1,11,26,3,5,,10,10.0,"CHAOS, CHARACTER, TITANIC, VEHICLE, WALKER",,Diabolus heavy stubber,Ranged,3,2,5,0,1,1,Rapid Fire 3,
Knight Desecrator,Chaos - Chaos Knights,,7a51-8f1f-7290-d9d2,355,1,11,26,3,5,,10,10.0,"CHAOS, CHARACTER, TITANIC, VEHICLE, WALKER",,➤ Reaper chainsword - strike,Melee,4,3,14,-4,6,1,,
Knight Despoiler,Chaos - Chaos Knights,,0119-8c04-435e-c782,360,1,11,26,3,5,,10,10.0,"CHAOS, CHARACTER, TITANIC, VEHICLE, WALKER",,Titanic feet,Melee,4,4,8,-1,2,1,,
Knight Despoiler,Chaos - Chaos Knights,,0119-8c04-435e-c782,360,1,11,26,3,5,,10,10.0,"CHAOS, CHARACTER, TITANIC, VEHICLE, WALKER",,Despoiler gatling cannon,Ranged,18,3,6,-2,2,1,,
Knight Despoiler,Chaos - Chaos Knights,,0119-8c04-435e-c782,360,1,11,26,3,5,,10,10.0,"CHAOS, CHARACTER, TITANIC, VEHICLE, WALKER",,Heavy darkflamer,Ranged,D6,2,5,-1,1,1,"Torrent, Ignores Cover",
Knight Despoiler,Chaos - Chaos Knights,,0119-8c04-435e-c782,360,1,11,26,3,5,,10,10.0,"CHAOS, CHARACTER, TITANIC, VEHICLE, WALKER",,Despoiler gatling cannon,Ranged,18,3,6,-2,2,1,,
Knight Despoiler,Chaos - Chaos Knights,,0119-8c04-435e-c782,360,1,11,26,3,5,,10,10.0,"CHAOS, CHARACTER, TITANIC, VEHICLE, WALKER",,Heavy darkflamer,Ranged,D6,2,5,-1,1,1,"Torrent, Ignores Cover",
Knight Despoiler,Chaos - Chaos Knights,,0119-8c04-435e-c782,360,1,11,26,3,5,,10,10.0,"CHAOS, CHARACTER, TITANIC, VEHICLE, WALKER",,Diabolus heavy stubber,Ranged,3,3,5,0,1,1,Rapid Fire 3,
Knight Rampager,Chaos - Chaos Knights,,61e0-e55b-1926-44df,355,1,11,26,3,5,,10,12.0,"CHAOS, CHARACTER, TITANIC, VEHICLE, WALKER",,➤ Reaper chainsword - strike,Melee,6,2,14,-4,6,1,Sustained Hits 1,
Knight Rampager,Chaos - Chaos Knights,,61e0-e55b-1926-44df,355,1,11,26,3,5,,10,12.0,"CHAOS, CHARACTER, TITANIC, VEHICLE, WALKER",,➤ Warpstrike claw - strike,Melee,6,2,20,-3,8,1,Sustained Hits 1,
Knight Rampager,Chaos - Chaos Knights,,61e0-e55b-1926-44df,355,1,11,26,3,5,,10,12.0,"CHAOS, CHARACTER, TITANIC, VEHICLE, WALKER",,Diabolus heavy stubber,Ranged,3,3,5,0,1,1,Rapid Fire 3,
Knight Ruinator,Chaos - Chaos Knights,,c0a2-eb65-6d34-5bc6,340,1,11,26,3,5,,10,10.0,"CHAOS, CHARACTER, TITANIC, VEHICLE, WALKER",,Darkflame lance,Ranged,D6+6,2,8,-1,2,1,"Torrent, Ignores Cover",
Knight Ruinator,Chaos - Chaos Knights,,c0a2-eb65-6d34-5bc6,340,1,11,26,3,5,,10,10.0,"CHAOS, CHARACTER, TITANIC, VEHICLE, WALKER",,➤ Fellbore - strike,Melee,4,3,14,-3,6,1,"Anti-Monster 2+, Anti-Vehicle 2+",
Knight Ruinator,Chaos - Chaos Knights,,c0a2-eb65-6d34-5bc6,340,1,11,26,3,5,,10,10.0,"CHAOS, CHARACTER, TITANIC, VEHICLE, WALKER",,Terrorpulse missiles,Ranged,D6+6,3,8,-2,2,1,Blast,
Knight Tyrant,Chaos - Chaos Knights,,87ea-c7bd-6df0-f056,400,1,12,28,3,5,,10,8.0,"CHAOS, CHARACTER, TITANIC, VEHICLE, WALKER",,Titanic feet,Melee,4,4,8,-1,2,1,,
Knight Tyrant,Chaos - Chaos Knights,,87ea-c7bd-6df0-f056,400,1,12,28,3,5,,10,8.0,"CHAOS, CHARACTER, TITANIC, VEHICLE, WALKER",,Twin daemonbreath meltagun,Ranged,1,3,9,-4,D6,2,"Twin-linked, Melta 2",
Knight Tyrant,Chaos - Chaos Knights,,87ea-c7bd-6df0-f056,400,1,12,28,3,5,,10,8.0,"CHAOS, CHARACTER, TITANIC, VEHICLE, WALKER",,Gheiststrike missile launcher,Ranged,1,3,12,-6,D6+1,2,"Devastating Wounds, Anti-Titanic 4+",
Knight Tyrant,Chaos - Chaos Knights,,87ea-c7bd-6df0-f056,400,1,12,28,3,5,,10,8.0,"CHAOS, CHARACTER, TITANIC, VEHICLE, WALKER",,Twin desecrator cannon,Ranged,D6,3,6,0,1,1,"Twin-linked, Blast",
Knight Tyrant,Chaos - Chaos Knights,,87ea-c7bd-6df0-f056,400,1,12,28,3,5,,10,8.0,"CHAOS, CHARACTER, TITANIC, VEHICLE, WALKER",,Brimstone volcano lance,Ranged,D3,3,20,-5,D6+8,1,Blast,
Knight Tyrant,Chaos - Chaos Knights,,87ea-c7bd-6df0-f056,400,1,12,28,3,5,,10,8.0,"CHAOS, CHARACTER, TITANIC, VEHICLE, WALKER",,➤ Ectoplasma decimator - standard,Ranged,D6+3,3,8,-3,2,1,Blast,
War Dog Brigand,Chaos - Chaos Knights,,753d-4e02-eda3-4809,135,1,9,14,3,5,,6,12.0,"CHAOS, VEHICLE, WALKER",,Armoured feet,Melee,4,3,6,0,1,1,,
War Dog Brigand,Chaos - Chaos Knights,,753d-4e02-eda3-4809,135,1,9,14,3,5,,6,12.0,"CHAOS, VEHICLE, WALKER",,Avenger chaincannon,Ranged,12,3,6,-1,1,1,,
War Dog Brigand,Chaos - Chaos Knights,,753d-4e02-eda3-4809,135,1,9,14,3,5,,6,12.0,"CHAOS, VEHICLE, WALKER",,Daemonbreath spear,Ranged,2,3,12,-4,D6,1,Melta 4,
War Dog Brigand,Chaos - Chaos Knights,,753d-4e02-eda3-4809,135,1,9,14,3,5,,6,12.0,"CHAOS, VEHICLE, WALKER",,Diabolus heavy stubber,Ranged,3,3,5,0,1,1,Rapid Fire 3,
War Dog Executioner,Chaos - Chaos Knights,,8df0-fc3c-8ced-ffce,130,1,9,14,3,5,,6,12.0,"CHAOS, VEHICLE, WALKER",,War Dog autocannon,Ranged,4,3,9,-1,3,2,,
War Dog Executioner,Chaos - Chaos Knights,,8df0-fc3c-8ced-ffce,130,1,9,14,3,5,,6,12.0,"CHAOS, VEHICLE, WALKER",,Armoured feet,Melee,4,3,6,0,1,1,,
War Dog Executioner,Chaos - Chaos Knights,,8df0-fc3c-8ced-ffce,130,1,9,14,3,5,,6,12.0,"CHAOS, VEHICLE, WALKER",,Diabolus heavy stubber,Ranged,3,3,5,0,1,1,Rapid Fire 3,
War Dog Huntsman,Chaos - Chaos Knights,,6e6d-7950-ce6d-4cd4,135,1,9,14,3,5,,6,12.0,"CHAOS, VEHICLE, WALKER",,Daemonbreath spear,Ranged,2,3,12,-4,D6,1,Melta 4,
War Dog Huntsman,Chaos - Chaos Knights,,6e6d-7950-ce6d-4cd4,135,1,9,14,3,5,,6,12.0,"CHAOS, VEHICLE, WALKER",,➤ Reaper chaintalon - strike,Melee,4,3,10,-3,3,1,,
War Dog Huntsman,Chaos - Chaos Knights,,6e6d-7950-ce6d-4cd4,135,1,9,14,3,5,,6,12.0,"CHAOS, VEHICLE, WALKER",,Diabolus heavy stubber,Ranged,3,3,5,0,1,1,Rapid Fire 3,
War Dog Karnivore,Chaos - Chaos Knights,,e96b-ac98-7fd2-a155,145,1,9,14,3,5,,6,14.0,"CHAOS, VEHICLE, WALKER",,Reaper chaintalon,Melee,12,3,8,-2,1,1,Sustained Hits 1,
War Dog Karnivore,Chaos - Chaos Knights,,e96b-ac98-7fd2-a155,145,1,9,14,3,5,,6,14.0,"CHAOS, VEHICLE, WALKER",,Slaughterclaw,Melee,6,3,12,-3,D6+2,1,Sustained Hits 1,
War Dog Karnivore,Chaos - Chaos Knights,,e96b-ac98-7fd2-a155,145,1,9,14,3,5,,6,14.0,"CHAOS, VEHICLE, WALKER",,Diabolus heavy stubber,Ranged,3,3,5,0,1,1,Rapid Fire 3,
War Dog Moirax,Chaos - Chaos Knights,,ae7c-3679-a88-6895,150,1,9,14,3,5,,6,12.0,"CHAOS, VEHICLE, WALKER",,Armoured feet,Melee,4,3,6,0,1,1,,
War Dog Moirax,Chaos - Chaos Knights,,ae7c-3679-a88-6895,150,1,9,14,3,5,,6,12.0,"CHAOS, VEHICLE, WALKER",,Volkite veuglaire,Ranged,4,3,8,0,2,2,Devastating Wounds,
War Dog Stalker,Chaos - Chaos Knights,,bbc6-c0ed-24e8-86b7,135,1,9,14,3,5,,6,12.0,"CHAOS, VEHICLE, WALKER",,Diabolus heavy stubber,Ranged,3,3,5,0,1,1,Rapid Fire 3,
War Dog Stalker,Chaos - Chaos Knights,,bbc6-c0ed-24e8-86b7,135,1,9,14,3,5,,6,12.0,"CHAOS, VEHICLE, WALKER",,Avenger chaincannon,Ranged,12,3,6,-1,1,1,,
War Dog Stalker,Chaos - Chaos Knights,,bbc6-c0ed-24e8-86b7,135,1,9,14,3,5,,6,12.0,"CHAOS, VEHICLE, WALKER",,Slaughterclaw,Melee,4,3,12,-3,D6+2,1,,
Abaddon the Despoiler,Chaos - Chaos Space Marines,,76b4-a2c4-208e-ceb9,295,1,5,9,2,4,,4,5.0,"CHAOS, CHARACTER, EPIC HERO, INFANTRY",,Talon of Horus,Ranged,4,2,5,-1,2,1,Sustained Hits 1,
Abaddon the Despoiler,Chaos - Chaos Space Marines,,76b4-a2c4-208e-ceb9,295,1,5,9,2,4,,4,5.0,"CHAOS, CHARACTER, EPIC HERO, INFANTRY",,Talon of Horus,Melee,14,2,7,-3,1,1,Devastating Wounds,
Abaddon the Despoiler,Chaos - Chaos Space Marines,,76b4-a2c4-208e-ceb9,295,1,5,9,2,4,,4,5.0,"CHAOS, CHARACTER, EPIC HERO, INFANTRY",,Drach'nyen,Melee,8,2,14,-4,3,1,Devastating Wounds,
Chaos Bikers,Chaos - Chaos Space Marines,,7373-47b7-11a3-2b48,70,3,5,3,3,,,2,12.0,"CHAOS, MOUNTED",,Combi-bolter,Ranged,2,3,4,0,1,1,Rapid Fire 2,
Chaos Bikers,Chaos - Chaos Space Marines,,7373-47b7-11a3-2b48,70,3,5,3,3,,,2,12.0,"CHAOS, MOUNTED",,Close combat weapon,Melee,3,3,4,0,1,1,,
Chaos Bikers,Chaos - Chaos Space Marines,,7373-47b7-11a3-2b48,70,3,5,3,3,,,2,12.0,"CHAOS, MOUNTED",,Accursed weapon,Melee,4,3,5,-2,1,1,,
Chaos Bikers,Chaos - Chaos Space Marines,,7373-47b7-11a3-2b48,70,3,5,3,3,,,2,12.0,"CHAOS, MOUNTED",,Combi-bolter,Ranged,2,3,4,0,1,2,Rapid Fire 2,
Chaos Bikers,Chaos - Chaos Space Marines,,7373-47b7-11a3-2b48,70,3,5,3,3,,,2,12.0,"CHAOS, MOUNTED",,Bolt pistol,Ranged,1,3,4,0,1,2,,
Chaos Bikers,Chaos - Chaos Space Marines,,7373-47b7-11a3-2b48,70,3,5,3,3,,,2,12.0,"CHAOS, MOUNTED",,Close combat weapon,Melee,3,3,4,0,1,2,,
Chaos Land Raider,Chaos - Chaos Space Marines,,6de7-36d5-6015-7a51,220,1,12,16,2,,,5,10.0,"CHAOS, TRANSPORT, VEHICLE",,Armoured tracks,Melee,6,4,8,0,1,1,,
Chaos Land Raider,Chaos - Chaos Space Marines,,6de7-36d5-6015-7a51,220,1,12,16,2,,,5,10.0,"CHAOS, TRANSPORT, VEHICLE",,Soulshatter lascannon,Ranged,2,3,12,-3,D6+1,2,,
Chaos Land Raider,Chaos - Chaos Space Marines,,6de7-36d5-6015-7a51,220,1,12,16,2,,,5,10.0,"CHAOS, TRANSPORT, VEHICLE",,Twin heavy bolter,Ranged,3,3,5,-1,2,1,"Sustained Hits 1, Twin-linked",
Chaos Predator Annihilator,Chaos - Chaos Space Marines,,279e-62d4-bff1-141,145,1,10,11,3,,,3,10.0,"CHAOS, VEHICLE",,Predator twin lascannon,Ranged,1,3,14,-3,D6+1,1,Twin-linked,
Chaos Predator Annihilator,Chaos - Chaos Space Marines,,279e-62d4-bff1-141,145,1,10,11,3,,,3,10.0,"CHAOS, VEHICLE",,Armoured tracks,Melee,3,4,6,0,1,1,,
Chaos Predator Destructor,Chaos - Chaos Space Marines,,3dfb-3b2a-94b-2fbe,150,1,10,11,3,,,3,10.0,"CHAOS, VEHICLE",,Predator autocannon,Ranged,4,3,9,-1,3,1,Rapid Fire 2,
Chaos Predator Destructor,Chaos - Chaos Space Marines,,3dfb-3b2a-94b-2fbe,150,1,10,11,3,,,3,10.0,"CHAOS, VEHICLE",,Armoured tracks,Melee,3,4,6,0,1,1,,
Chaos Rhino,Chaos - Chaos Space Marines,,e981-27ae-112f-aa9a,65,1,9,10,3,,,2,12.0,"CHAOS, TRANSPORT, VEHICLE",,Armoured tracks,Melee,3,4,6,0,1,1,,
Chaos Rhino,Chaos - Chaos Space Marines,,e981-27ae-112f-aa9a,65,1,9,10,3,,,2,12.0,"CHAOS, TRANSPORT, VEHICLE",,Combi-bolter,Ranged,2,3,4,0,1,1,Rapid Fire 2,
Chaos Spawn,Chaos - Chaos Space Marines,,7263-70e5-b424-61eb,60,2,5,4,4,,,0,8.0,"BEAST, CHAOS",,Hideous Mutations,Melee,D6+2,4,5,-1,2,2,,
Chaos Vindicator,Chaos - Chaos Space Marines,,e687-6d7a-bb28-dcaa,185,1,11,11,2,,,3,9.0,"CHAOS, VEHICLE",,Demolisher cannon,Ranged,D6+3,3,14,-3,D6,1,Blast,
Chaos Vindicator,Chaos - Chaos Space Marines,,e687-6d7a-bb28-dcaa,185,1,11,11,2,,,3,9.0,"CHAOS, VEHICLE",,Armoured tracks,Melee,3,4,6,0,1,1,,
Cypher,Chaos - Chaos Space Marines,,f399-fe33-375b-d1a2,90,1,4,5,3,4,,1,6.0,"CHAOS, CHARACTER, EPIC HERO, INFANTRY",,Cypher's bolt pistol,Ranged,6,2,4,-1,1,1,Sustained Hits 1,
Cypher,Chaos - Chaos Space Marines,,f399-fe33-375b-d1a2,90,1,4,5,3,4,,1,6.0,"CHAOS, CHARACTER, EPIC HERO, INFANTRY",,Cypher's bolt pistol,Melee,6,2,4,-1,1,1,Sustained Hits 1,
Cypher,Chaos - Chaos Space Marines,,f399-fe33-375b-d1a2,90,1,4,5,3,4,,1,6.0,"CHAOS, CHARACTER, EPIC HERO, INFANTRY",,Cypher's plasma pistol,Ranged,3,2,8,-3,2,1,Sustained Hits 1,
Cypher,Chaos - Chaos Space Marines,,f399-fe33-375b-d1a2,90,1,4,5,3,4,,1,6.0,"CHAOS, CHARACTER, EPIC HERO, INFANTRY",,Cypher's plasma pistol,Melee,3,2,8,-3,2,1,,
Defiler,Chaos - Chaos Space Marines,,29f9-fc47-787e-d9d3,300,1,11,18,3,5,,5,12.0,"CHAOS, DAEMON, VEHICLE, WALKER",,Shearing claws - strike,Melee,5,3,16,-3,D6+1,1,,
Defiler,Chaos - Chaos Space Marines,,29f9-fc47-787e-d9d3,300,1,11,18,3,5,,5,12.0,"CHAOS, DAEMON, VEHICLE, WALKER",,Shearing claws - sweep,Melee,10,3,6,-2,1,1,,
Defiler,Chaos - Chaos Space Marines,,29f9-fc47-787e-d9d3,300,1,11,18,3,5,,5,12.0,"CHAOS, DAEMON, VEHICLE, WALKER",,➤ Heavy missile launcher - frag,Ranged,2D6,3,5,-1,1,1,Blast,
Defiler,Chaos - Chaos Space Marines,,29f9-fc47-787e-d9d3,300,1,11,18,3,5,,5,12.0,"CHAOS, DAEMON, VEHICLE, WALKER",,Hades battle cannon,Ranged,D6+3,3,10,-1,3,1,Blast,
Defiler,Chaos - Chaos Space Marines,,29f9-fc47-787e-d9d3,300,1,11,18,3,5,,5,12.0,"CHAOS, DAEMON, VEHICLE, WALKER",,Heavy baleflamer,Ranged,D6+3,2,7,-2,2,1,"Torrent, Ignores Cover",
Defiler,Chaos - Chaos Space Marines,,29f9-fc47-787e-d9d3,300,1,11,18,3,5,,5,12.0,"CHAOS, DAEMON, VEHICLE, WALKER",,Excruciator cannon,Ranged,6,3,6,-1,2,2,,
Fabius Bile,Chaos - Chaos Space Marines,,cd9c-96e7-6dcb-bedf,100,2,4,5,3,,,1,6.0,"CHAOS, EPIC HERO, INFANTRY",1x T4 W5 Sv3+ | 1x T4 W1 Sv6+,Xyclos needler,Ranged,3,2,2,-1,2,1,Anti-Infantry 2+,
Fabius Bile,Chaos - Chaos Space Marines,,cd9c-96e7-6dcb-bedf,100,2,4,5,3,,,1,6.0,"CHAOS, EPIC HERO, INFANTRY",1x T4 W5 Sv3+ | 1x T4 W1 Sv6+,The Chirurgeon,Melee,2,2,4,0,1,1,,
Fabius Bile,Chaos - Chaos Space Marines,,cd9c-96e7-6dcb-bedf,100,2,4,5,3,,,1,6.0,"CHAOS, EPIC HERO, INFANTRY",1x T4 W5 Sv3+ | 1x T4 W1 Sv6+,Rod of Torment,Melee,6,2,5,-1,3,1,,
Fabius Bile,Chaos - Chaos Space Marines,,cd9c-96e7-6dcb-bedf,100,2,4,5,3,,,1,6.0,"CHAOS, EPIC HERO, INFANTRY",1x T4 W5 Sv3+ | 1x T4 W1 Sv6+,Surgeon Acolyte's tools,Melee,1,5,3,0,1,1,,
Forgefiend,Chaos - Chaos Space Marines,,45b-19f6-38d2-703f,160,1,10,12,3,5,,3,8.0,"CHAOS, DAEMON, VEHICLE, WALKER",,Ectoplasma cannon,Ranged,D3,3,10,-3,3,2,Blast,
Forgefiend,Chaos - Chaos Space Marines,,45b-19f6-38d2-703f,160,1,10,12,3,5,,3,8.0,"CHAOS, DAEMON, VEHICLE, WALKER",,Forgefiend jaws,Melee,5,3,7,0,2,1,,
Haarken Worldclaimer,Chaos - Chaos Space Marines,,d93f-6d73-1792-cb18,90,1,4,5,3,4,,1,12.0,"CHAOS, CHARACTER, EPIC HERO, FLY, INFANTRY",,Hellspear,Ranged,1,2,8,-3,3,1,Sustained Hits 2,sustained D3 -> 2 (mean)
Haarken Worldclaimer,Chaos - Chaos Space Marines,,d93f-6d73-1792-cb18,90,1,4,5,3,4,,1,12.0,"CHAOS, CHARACTER, EPIC HERO, FLY, INFANTRY",,Hellspear,Melee,1,2,8,-3,3,1,"Sustained Hits 2, Lance",sustained D3 -> 2 (mean)
Haarken Worldclaimer,Chaos - Chaos Space Marines,,d93f-6d73-1792-cb18,90,1,4,5,3,4,,1,12.0,"CHAOS, CHARACTER, EPIC HERO, FLY, INFANTRY",,Herald's Talon,Melee,6,2,5,-2,2,1,,
Helbrute,Chaos - Chaos Space Marines,,9ff2-45e0-fe97-65f8,130,1,9,8,2,,,3,6.0,"CHAOS, VEHICLE, WALKER",,Close combat weapon,Melee,5,3,6,0,1,1,,
Helbrute,Chaos - Chaos Space Marines,,9ff2-45e0-fe97-65f8,130,1,9,8,2,,,3,6.0,"CHAOS, VEHICLE, WALKER",,➤ Missile launcher - frag,Ranged,D6,3,4,0,1,1,Blast,
Helbrute,Chaos - Chaos Space Marines,,9ff2-45e0-fe97-65f8,130,1,9,8,2,,,3,6.0,"CHAOS, VEHICLE, WALKER",,Multi-melta,Ranged,2,3,9,-4,D6,1,Melta 2,
Heldrake,Chaos - Chaos Space Marines,,79e5-a673-cca5-91a4,175,1,9,12,3,5,,0,12.0,"CHAOS, DAEMON, FLY, VEHICLE",,Heldrake claws,Melee,5,3,7,-1,2,1,"Devastating Wounds, Anti-Fly 2+",
Heldrake,Chaos - Chaos Space Marines,,79e5-a673-cca5-91a4,175,1,9,12,3,5,,0,12.0,"CHAOS, DAEMON, FLY, VEHICLE",,Baleflamer,Ranged,D6+3,2,6,-1,2,1,"Torrent, Ignores Cover",
Heretic Astartes Daemon Prince,Chaos - Chaos Space Marines,,9bbd-a535-a4ef-9680,165,1,10,10,2,4,,3,8.0,"CHAOS, CHARACTER, DAEMON, MONSTER",,➤ Hellforged weapons - strike,Melee,6,2,8,-2,3,1,,
Heretic Astartes Daemon Prince,Chaos - Chaos Space Marines,,9bbd-a535-a4ef-9680,165,1,10,10,2,4,,3,8.0,"CHAOS, CHARACTER, DAEMON, MONSTER",,Infernal cannon,Ranged,3,2,5,-1,2,1,,
Heretic Astartes Daemon Prince with wings,Chaos - Chaos Space Marines,,2a1d-2757-347c-58f2,180,1,9,10,2,4,,3,12.0,"CHAOS, CHARACTER, DAEMON, FLY, MONSTER",,➤ Hellforged weapons - strike,Melee,6,2,8,-2,3,1,,
Heretic Astartes Daemon Prince with wings,Chaos - Chaos Space Marines,,2a1d-2757-347c-58f2,180,1,9,10,2,4,,3,12.0,"CHAOS, CHARACTER, DAEMON, FLY, MONSTER",,Infernal cannon,Ranged,3,2,5,-1,2,1,,
Huron Blackheart,Chaos - Chaos Space Marines,,d9e3-8baf-128f-6389,130,1,5,5,3,4,,1,6.0,"CHAOS, CHARACTER, EPIC HERO, INFANTRY",,Tyrant's Claw heavy flamer,Ranged,D6+2,2,6,-1,1,1,"Torrent, Ignores Cover",
Huron Blackheart,Chaos - Chaos Space Marines,,d9e3-8baf-128f-6389,130,1,5,5,3,4,,1,6.0,"CHAOS, CHARACTER, EPIC HERO, INFANTRY",,Tyrant's Claw and exalted power weapon,Melee,6,2,8,-3,3,1,,
Khorne Berzerkers,Chaos - Chaos Space Marines,,3832-4208-11e9-ca22,160,10,4,2,3,,,2,8.0,"BATTLELINE, CHAOS, INFANTRY",,Chainblade,Melee,4,3,4,-1,1,1,,
Khorne Berzerkers,Chaos - Chaos Space Marines,,3832-4208-11e9-ca22,160,10,4,2,3,,,2,8.0,"BATTLELINE, CHAOS, INFANTRY",,➤ Plasma pistol - standard,Ranged,1,3,7,-2,1,1,,
Khorne Berzerkers,Chaos - Chaos Space Marines,,3832-4208-11e9-ca22,160,10,4,2,3,,,2,8.0,"BATTLELINE, CHAOS, INFANTRY",,Chainblade,Melee,4,3,4,-1,1,5,,
Khorne Berzerkers,Chaos - Chaos Space Marines,,3832-4208-11e9-ca22,160,10,4,2,3,,,2,8.0,"BATTLELINE, CHAOS, INFANTRY",,Bolt pistol,Ranged,1,3,4,0,1,5,,
Khorne Berzerkers,Chaos - Chaos Space Marines,,3832-4208-11e9-ca22,160,10,4,2,3,,,2,8.0,"BATTLELINE, CHAOS, INFANTRY",,Chainblade,Melee,4,3,4,-1,1,4,,
Khorne Berzerkers,Chaos - Chaos Space Marines,,3832-4208-11e9-ca22,160,10,4,2,3,,,2,8.0,"BATTLELINE, CHAOS, INFANTRY",,Bolt pistol,Ranged,1,3,4,0,1,4,,
Khorne Lord of Skulls,Chaos - Chaos Space Marines,,b27f-1c85-5e7f-4e7d,450,1,13,24,3,5,,8,8.0,"CHAOS, DAEMON, TITANIC, VEHICLE",,➤ Great cleaver of Khorne - strike,Melee,5,3,16,-4,8,1,,
Khorne Lord of Skulls,Chaos - Chaos Space Marines,,b27f-1c85-5e7f-4e7d,450,1,13,24,3,5,,8,8.0,"CHAOS, DAEMON, TITANIC, VEHICLE",,Hades gatling cannon,Ranged,12,3,8,-2,2,1,Sustained Hits 1,
Khorne Lord of Skulls,Chaos - Chaos Space Marines,,b27f-1c85-5e7f-4e7d,450,1,13,24,3,5,,8,8.0,"CHAOS, DAEMON, TITANIC, VEHICLE",,Gorestorm cannon,Ranged,D6+3,3,10,-2,3,1,Blast,
Kravek Morne,Chaos - Chaos Space Marines,,eec8-c21f-c284-a682,120,1,5,6,2,4,,1,5.0,"CHAOS, CHARACTER, EPIC HERO, INFANTRY",,Baleflamer,Ranged,D6+3,2,6,-1,2,1,"Torrent, Ignores Cover",
Kravek Morne,Chaos - Chaos Space Marines,,eec8-c21f-c284-a682,120,1,5,6,2,4,,1,5.0,"CHAOS, CHARACTER, EPIC HERO, INFANTRY",,Combi-bolter,Ranged,2,2,4,0,1,1,Rapid Fire 2,
Kravek Morne,Chaos - Chaos Space Marines,,eec8-c21f-c284-a682,120,1,5,6,2,4,,1,5.0,"CHAOS, CHARACTER, EPIC HERO, INFANTRY",,Last Argument and power fist,Melee,7,2,10,-2,2,1,Devastating Wounds,
Kravek Morne,Chaos - Chaos Space Marines,,eec8-c21f-c284-a682,120,1,5,6,2,4,,1,5.0,"CHAOS, CHARACTER, EPIC HERO, INFANTRY",,Servo-harness,Melee,3,2,6,-2,2,1,Anti-Vehicle 2+,
Lord Discordant on Helstalker,Chaos - Chaos Space Marines,,46e1-2159-7c26-9105,160,1,9,10,2,4,,4,14.0,"CHAOS, CHARACTER, DAEMON, MOUNTED",,Bladed limbs,Melee,4,3,6,-1,2,1,,
Lord Discordant on Helstalker,Chaos - Chaos Space Marines,,46e1-2159-7c26-9105,160,1,9,10,2,4,,4,14.0,"CHAOS, CHARACTER, DAEMON, MOUNTED",,Impaler chainglaive,Melee,5,2,8,-3,3,1,Lance,
Lord Discordant on Helstalker,Chaos - Chaos Space Marines,,46e1-2159-7c26-9105,160,1,9,10,2,4,,4,14.0,"CHAOS, CHARACTER, DAEMON, MOUNTED",,Bolt pistol,Ranged,1,2,4,0,1,1,,
Lord Discordant on Helstalker,Chaos - Chaos Space Marines,,46e1-2159-7c26-9105,160,1,9,10,2,4,,4,14.0,"CHAOS, CHARACTER, DAEMON, MOUNTED",,Helstalker autocannon,Ranged,3,2,9,-1,3,1,,
Lord Discordant on Helstalker,Chaos - Chaos Space Marines,,46e1-2159-7c26-9105,160,1,9,10,2,4,,4,14.0,"CHAOS, CHARACTER, DAEMON, MOUNTED",,Techno-virus injector,Melee,1,3,3,-3,2,1,Anti-Vehicle 2+,
Master of Executions,Chaos - Chaos Space Marines,,da34-7071-8658-a453,70,1,4,4,3,,,1,6.0,"CHAOS, CHARACTER, INFANTRY",,Axe of dismemberment,Melee,5,2,7,-2,2,1,Devastating Wounds,
Master of Executions,Chaos - Chaos Space Marines,,da34-7071-8658-a453,70,1,4,4,3,,,1,6.0,"CHAOS, CHARACTER, INFANTRY",,Bolt pistol,Ranged,1,3,4,0,1,1,,
Masters of the Maelstrom,Chaos - Chaos Space Marines,,a998-9dce-fbab-8d32,145,5,4,4,3,,,1,6.0,"CHAOS, EPIC HERO, INFANTRY",1x T4 W4 Sv3+ | 1x T4 W4 Sv3+ | 1x T4 W4 Sv3+ | 1x T3 W3 Sv4+ | 1x T3 W3 Sv4+,Absolver bolt pistol,Ranged,1,3,5,-1,2,1,,
Masters of the Maelstrom,Chaos - Chaos Space Marines,,a998-9dce-fbab-8d32,145,5,4,4,3,,,1,6.0,"CHAOS, EPIC HERO, INFANTRY",1x T4 W4 Sv3+ | 1x T4 W4 Sv3+ | 1x T4 W4 Sv3+ | 1x T3 W3 Sv4+ | 1x T3 W3 Sv4+,Reductor array,Melee,6,3,4,-2,1,1,,
Masters of the Maelstrom,Chaos - Chaos Space Marines,,a998-9dce-fbab-8d32,145,5,4,4,3,,,1,6.0,"CHAOS, EPIC HERO, INFANTRY",1x T4 W4 Sv3+ | 1x T4 W4 Sv3+ | 1x T4 W4 Sv3+ | 1x T3 W3 Sv4+ | 1x T3 W3 Sv4+,Mind Wrench,Ranged,1,2,6,-2,D6+1,1,,
Masters of the Maelstrom,Chaos - Chaos Space Marines,,a998-9dce-fbab-8d32,145,5,4,4,3,,,1,6.0,"CHAOS, EPIC HERO, INFANTRY",1x T4 W4 Sv3+ | 1x T4 W4 Sv3+ | 1x T4 W4 Sv3+ | 1x T3 W3 Sv4+ | 1x T3 W3 Sv4+,Force stave,Melee,4,2,6,-2,2,1,,
Masters of the Maelstrom,Chaos - Chaos Space Marines,,a998-9dce-fbab-8d32,145,5,4,4,3,,,1,6.0,"CHAOS, EPIC HERO, INFANTRY",1x T4 W4 Sv3+ | 1x T4 W4 Sv3+ | 1x T4 W4 Sv3+ | 1x T3 W3 Sv4+ | 1x T3 W3 Sv4+,Axe of Ending,Melee,6,2,6,-2,2,1,Anti-Character 2+,
Masters of the Maelstrom,Chaos - Chaos Space Marines,,a998-9dce-fbab-8d32,145,5,4,4,3,,,1,6.0,"CHAOS, EPIC HERO, INFANTRY",1x T4 W4 Sv3+ | 1x T4 W4 Sv3+ | 1x T4 W4 Sv3+ | 1x T3 W3 Sv4+ | 1x T3 W3 Sv4+,Bolt pistol,Ranged,1,3,4,-1,1,1,,
Masters of the Maelstrom,Chaos - Chaos Space Marines,,a998-9dce-fbab-8d32,145,5,4,4,3,,,1,6.0,"CHAOS, EPIC HERO, INFANTRY",1x T4 W4 Sv3+ | 1x T4 W4 Sv3+ | 1x T4 W4 Sv3+ | 1x T3 W3 Sv4+ | 1x T3 W3 Sv4+,Power sabre,Melee,4,3,4,-2,1,1,,
Masters of the Maelstrom,Chaos - Chaos Space Marines,,a998-9dce-fbab-8d32,145,5,4,4,3,,,1,6.0,"CHAOS, EPIC HERO, INFANTRY",1x T4 W4 Sv3+ | 1x T4 W4 Sv3+ | 1x T4 W4 Sv3+ | 1x T3 W3 Sv4+ | 1x T3 W3 Sv4+,Laspistol,Ranged,1,3,4,-1,1,1,,
Masters of the Maelstrom,Chaos - Chaos Space Marines,,a998-9dce-fbab-8d32,145,5,4,4,3,,,1,6.0,"CHAOS, EPIC HERO, INFANTRY",1x T4 W4 Sv3+ | 1x T4 W4 Sv3+ | 1x T4 W4 Sv3+ | 1x T3 W3 Sv4+ | 1x T3 W3 Sv4+,Londaxi maimer,Ranged,3,3,4,-1,1,1,,
Masters of the Maelstrom,Chaos - Chaos Space Marines,,a998-9dce-fbab-8d32,145,5,4,4,3,,,1,6.0,"CHAOS, EPIC HERO, INFANTRY",1x T4 W4 Sv3+ | 1x T4 W4 Sv3+ | 1x T4 W4 Sv3+ | 1x T3 W3 Sv4+ | 1x T3 W3 Sv4+,Bionic gauntlet,Melee,1,2,6,-2,2,1,,
Maulerfiend,Chaos - Chaos Space Marines,,d37d-7e8f-341b-c67c,130,1,10,12,3,5,,3,10.0,"CHAOS, DAEMON, VEHICLE, WALKER",,Maulerfiend fists,Melee,6,3,14,-2,D6+1,1,,
Maulerfiend,Chaos - Chaos Space Marines,,d37d-7e8f-341b-c67c,130,1,10,12,3,5,,3,10.0,"CHAOS, DAEMON, VEHICLE, WALKER",,Lasher tendrils,Melee,6,3,7,-1,1,1,,
Mutilators,Chaos - Chaos Space Marines,,7299-5b5-2b56-ef50,165,3,7,5,2,5,,2,5.0,"CHAOS, DAEMON, INFANTRY",,➤ Fleshmetal weapons - rending strikes,Melee,4,3,9,-3,3,3,,
Nemesis Claw,Chaos - Chaos Space Marines,,f666-1f5d-0c20-06c1,100,5,4,2,3,,,1,6.0,"CHAOS, INFANTRY, PSYKER",,Nostraman chainblade,Melee,5,3,4,-1,1,1,Sustained Hits 1,
Nemesis Claw,Chaos - Chaos Space Marines,,f666-1f5d-0c20-06c1,100,5,4,2,3,,,1,6.0,"CHAOS, INFANTRY, PSYKER",,Bolt pistol,Ranged,1,3,4,0,1,1,,
Nemesis Claw,Chaos - Chaos Space Marines,,f666-1f5d-0c20-06c1,100,5,4,2,3,,,1,6.0,"CHAOS, INFANTRY, PSYKER",,Boltgun,Ranged,2,3,4,0,1,4,,
Nemesis Claw,Chaos - Chaos Space Marines,,f666-1f5d-0c20-06c1,100,5,4,2,3,,,1,6.0,"CHAOS, INFANTRY, PSYKER",,Bolt pistol,Ranged,1,3,4,0,1,4,,
Nemesis Claw,Chaos - Chaos Space Marines,,f666-1f5d-0c20-06c1,100,5,4,2,3,,,1,6.0,"CHAOS, INFANTRY, PSYKER",,Close combat weapon,Melee,3,3,4,0,1,4,,
Noctilith Crown,Chaos - Chaos Space Marines,,a3ab-ed12-fa70-2042,125,1,11,14,3,,,0,0.0,CHAOS,,Lashing warp energies,Ranged,8,4,8,-1,2,1,,
Noise Marines,Chaos - Chaos Space Marines,,371f-09ee-951e-88b3,145,6,5,2,3,,,1,6.0,"CHAOS, INFANTRY",,Close combat weapon,Melee,3,3,4,0,1,1,,
Noise Marines,Chaos - Chaos Space Marines,,371f-09ee-951e-88b3,145,6,5,2,3,,,1,6.0,"CHAOS, INFANTRY",,Power sword,Melee,4,3,5,-2,1,1,,
Noise Marines,Chaos - Chaos Space Marines,,371f-09ee-951e-88b3,145,6,5,2,3,,,1,6.0,"CHAOS, INFANTRY",,Screamer pistol,Ranged,3,3,5,-1,2,1,Ignores Cover,
Noise Marines,Chaos - Chaos Space Marines,,371f-09ee-951e-88b3,145,6,5,2,3,,,1,6.0,"CHAOS, INFANTRY",,Sonic blaster,Ranged,3,3,5,-1,2,3,Ignores Cover,
Noise Marines,Chaos - Chaos Space Marines,,371f-09ee-951e-88b3,145,6,5,2,3,,,1,6.0,"CHAOS, INFANTRY",,Close combat weapon,Melee,3,3,4,0,1,3,,
Noise Marines,Chaos - Chaos Space Marines,,371f-09ee-951e-88b3,145,6,5,2,3,,,1,6.0,"CHAOS, INFANTRY",,Sonic blaster,Ranged,3,3,5,-1,2,2,Ignores Cover,
Noise Marines,Chaos - Chaos Space Marines,,371f-09ee-951e-88b3,145,6,5,2,3,,,1,6.0,"CHAOS, INFANTRY",,Close combat weapon,Melee,3,3,4,0,1,2,,
Obliterators,Chaos - Chaos Space Marines,,2311-fa63-364-22a3,160,2,7,5,2,5,,2,4.0,"CHAOS, DAEMON, INFANTRY",,Crushing fists,Melee,4,3,9,-2,2,2,,
Obliterators,Chaos - Chaos Space Marines,,2311-fa63-364-22a3,160,2,7,5,2,5,,2,4.0,"CHAOS, DAEMON, INFANTRY",,➤ Fleshmetal guns - focused malice,Ranged,D3,3,12,-3,4,2,Melta 2,
Plague Marines,Chaos - Chaos Space Marines,,9030-f62d-417-fc92,90,5,6,2,3,,,2,5.0,"BATTLELINE, CHAOS, INFANTRY",,Power fist,Melee,3,3,8,-2,2,1,Lethal Hits,
Plague Marines,Chaos - Chaos Space Marines,,9030-f62d-417-fc92,90,5,6,2,3,,,2,5.0,"BATTLELINE, CHAOS, INFANTRY",,Plague bolt pistol,Ranged,1,3,4,0,1,1,Lethal Hits,
Plague Marines,Chaos - Chaos Space Marines,,9030-f62d-417-fc92,90,5,6,2,3,,,2,5.0,"BATTLELINE, CHAOS, INFANTRY",,Plague knives,Melee,3,3,4,0,1,4,Lethal Hits,
Plague Marines,Chaos - Chaos Space Marines,,9030-f62d-417-fc92,90,5,6,2,3,,,2,5.0,"BATTLELINE, CHAOS, INFANTRY",,Boltgun,Ranged,2,3,4,0,1,4,Lethal Hits,
Red Corsairs Raiders,Chaos - Chaos Space Marines,,2078-97ce-8793-3382,110,5,4,3,3,,,2,6.0,"CHAOS, INFANTRY",,Boltgun,Ranged,2,3,4,0,1,1,,
Red Corsairs Raiders,Chaos - Chaos Space Marines,,2078-97ce-8793-3382,110,5,4,3,3,,,2,6.0,"CHAOS, INFANTRY",,Reaver's blade,Melee,4,3,5,-1,1,1,,
Red Corsairs Raiders,Chaos - Chaos Space Marines,,2078-97ce-8793-3382,110,5,4,3,3,,,2,6.0,"CHAOS, INFANTRY",,Hand flamer,Ranged,D6,2,3,0,1,1,"Torrent, Ignores Cover",
Red Corsairs Raiders,Chaos - Chaos Space Marines,,2078-97ce-8793-3382,110,5,4,3,3,,,2,6.0,"CHAOS, INFANTRY",,Boltgun,Ranged,2,3,4,0,1,2,,
Red Corsairs Raiders,Chaos - Chaos Space Marines,,2078-97ce-8793-3382,110,5,4,3,3,,,2,6.0,"CHAOS, INFANTRY",,Bolt pistol,Ranged,1,3,4,0,1,2,,
Red Corsairs Raiders,Chaos - Chaos Space Marines,,2078-97ce-8793-3382,110,5,4,3,3,,,2,6.0,"CHAOS, INFANTRY",,Reaver's blade,Melee,4,3,5,-1,1,2,,
Red Corsairs Raiders,Chaos - Chaos Space Marines,,2078-97ce-8793-3382,110,5,4,3,3,,,2,6.0,"CHAOS, INFANTRY",,Boltgun,Ranged,2,3,4,0,1,2,,
Red Corsairs Raiders,Chaos - Chaos Space Marines,,2078-97ce-8793-3382,110,5,4,3,3,,,2,6.0,"CHAOS, INFANTRY",,Bolt pistol,Ranged,1,3,4,0,1,2,,
Red Corsairs Raiders,Chaos - Chaos Space Marines,,2078-97ce-8793-3382,110,5,4,3,3,,,2,6.0,"CHAOS, INFANTRY",,Reaver's blade,Melee,4,3,5,-1,1,2,,
Red Corsairs Reave-captain,Chaos - Chaos Space Marines,,beed-356b-2fec-2c2a,60,1,4,5,3,4,,1,6.0,"CHAOS, CHARACTER, INFANTRY",,Bolt pistol,Ranged,1,2,4,0,1,1,,
Red Corsairs Reave-captain,Chaos - Chaos Space Marines,,beed-356b-2fec-2c2a,60,1,4,5,3,4,,1,6.0,"CHAOS, CHARACTER, INFANTRY",,Power sword,Melee,7,2,5,-2,1,1,Sustained Hits 1,
Rubric Marines,Chaos - Chaos Space Marines,,f2e7-80c9-853d-2c6c,100,5,4,2,3,5,,2,6.0,"BATTLELINE, CHAOS, INFANTRY",1x T4 W3 Sv3+ | 4x T4 W2 Sv3+ Inv5+,Force weapon,Melee,3,3,6,-1,D3,1,,
Rubric Marines,Chaos - Chaos Space Marines,,f2e7-80c9-853d-2c6c,100,5,4,2,3,5,,2,6.0,"BATTLELINE, CHAOS, INFANTRY",1x T4 W3 Sv3+ | 4x T4 W2 Sv3+ Inv5+,Malefic Curse,Ranged,3,3,4,-3,1,1,"Devastating Wounds, Anti-Infantry 4+",
Rubric Marines,Chaos - Chaos Space Marines,,f2e7-80c9-853d-2c6c,100,5,4,2,3,5,,2,6.0,"BATTLELINE, CHAOS, INFANTRY",1x T4 W3 Sv3+ | 4x T4 W2 Sv3+ Inv5+,Inferno bolt pistol,Ranged,1,3,4,-1,1,1,,
Rubric Marines,Chaos - Chaos Space Marines,,f2e7-80c9-853d-2c6c,100,5,4,2,3,5,,2,6.0,"BATTLELINE, CHAOS, INFANTRY",1x T4 W3 Sv3+ | 4x T4 W2 Sv3+ Inv5+,Inferno boltgun,Ranged,2,3,4,-2,1,4,,
Rubric Marines,Chaos - Chaos Space Marines,,f2e7-80c9-853d-2c6c,100,5,4,2,3,5,,2,6.0,"BATTLELINE, CHAOS, INFANTRY",1x T4 W3 Sv3+ | 4x T4 W2 Sv3+ Inv5+,Close combat weapon,Melee,2,3,4,0,1,4,,
Vashtorr the Arkifane,Chaos - Chaos Space Marines,,dcc0-b70c-9779-e6c9,220,1,10,14,2,4,,3,12.0,"CHAOS, CHARACTER, DAEMON, EPIC HERO, FLY, MONSTER",,Vashtorr's claw,Ranged,D6,2,5,-2,1,1,"Torrent, Anti-Vehicle 4+",
Vashtorr the Arkifane,Chaos - Chaos Space Marines,,dcc0-b70c-9779-e6c9,220,1,10,14,2,4,,3,12.0,"CHAOS, CHARACTER, DAEMON, EPIC HERO, FLY, MONSTER",,➤ Vashtorr's hammer - strike,Melee,6,2,14,-3,3,1,"Devastating Wounds, Anti-Vehicle 4+",
Venomcrawler,Chaos - Chaos Space Marines,,3e98-7689-8bf0-96e0,120,1,9,9,3,5,,3,12.0,"CHAOS, DAEMON, VEHICLE, WALKER",,Excruciator cannon,Ranged,6,3,6,-1,2,2,,
Venomcrawler,Chaos - Chaos Space Marines,,3e98-7689-8bf0-96e0,120,1,9,9,3,5,,3,12.0,"CHAOS, DAEMON, VEHICLE, WALKER",,Soulflayer tendrils and claws,Melee,6,3,6,-1,2,1,,
Warpsmith,Chaos - Chaos Space Marines,,440-a22a-eac1-b107,60,1,4,4,2,,,1,6.0,"CHAOS, CHARACTER, INFANTRY",,Flamer tendril,Ranged,D6,2,3,0,1,1,"Torrent, Ignores Cover",
Warpsmith,Chaos - Chaos Space Marines,,440-a22a-eac1-b107,60,1,4,4,2,,,1,6.0,"CHAOS, CHARACTER, INFANTRY",,Forge weapon,Melee,4,3,6,-2,2,1,Anti-Vehicle 4+,
Warpsmith,Chaos - Chaos Space Marines,,440-a22a-eac1-b107,60,1,4,4,2,,,1,6.0,"CHAOS, CHARACTER, INFANTRY",,Melta tendril,Ranged,1,2,8,-4,D3,1,Melta 1,
Warpsmith,Chaos - Chaos Space Marines,,440-a22a-eac1-b107,60,1,4,4,2,,,1,6.0,"CHAOS, CHARACTER, INFANTRY",,➤ Plasma pistol - standard,Ranged,1,2,7,-2,1,1,,
Biologus Putrifier,Chaos - Death Guard,,690b-a189-5935-f32e,60,1,6,4,3,,,1,5.0,"CHAOS, CHARACTER, INFANTRY",,Hyper blight grenades,Ranged,D6,3,7,-1,2,1,"Lethal Hits, Blast",
Biologus Putrifier,Chaos - Death Guard,,690b-a189-5935-f32e,60,1,6,4,3,,,1,5.0,"CHAOS, CHARACTER, INFANTRY",,Injector pistol,Ranged,1,3,4,-1,3,1,Anti-Infantry 2+,
Biologus Putrifier,Chaos - Death Guard,,690b-a189-5935-f32e,60,1,6,4,3,,,1,5.0,"CHAOS, CHARACTER, INFANTRY",,Plague knives,Melee,4,3,4,0,1,1,Lethal Hits,
Blightlord Terminators,Chaos - Death Guard,,5b4e-dcf1-5c6f-4d35,115,3,7,3,2,4,,1,5.0,"CHAOS, INFANTRY",,Bubotic blade,Melee,3,3,5,-2,2,1,Lethal Hits,
Blightlord Terminators,Chaos - Death Guard,,5b4e-dcf1-5c6f-4d35,115,3,7,3,2,4,,1,5.0,"CHAOS, INFANTRY",,Combi-bolter,Ranged,2,3,4,0,1,1,"Lethal Hits, Rapid Fire 2",
Blightlord Terminators,Chaos - Death Guard,,5b4e-dcf1-5c6f-4d35,115,3,7,3,2,4,,1,5.0,"CHAOS, INFANTRY",,Combi-bolter,Ranged,2,3,4,0,1,2,"Lethal Hits, Rapid Fire 2",
Blightlord Terminators,Chaos - Death Guard,,5b4e-dcf1-5c6f-4d35,115,3,7,3,2,4,,1,5.0,"CHAOS, INFANTRY",,Bubotic blade,Melee,3,3,5,-2,2,2,Lethal Hits,
Chaos Land Raider,Chaos - Death Guard,,89d-b0c0-6e19-f017,220,1,12,16,2,,,5,10.0,"CHAOS, TRANSPORT, VEHICLE",,Armoured tracks,Melee,6,4,8,0,1,1,,
Chaos Land Raider,Chaos - Death Guard,,89d-b0c0-6e19-f017,220,1,12,16,2,,,5,10.0,"CHAOS, TRANSPORT, VEHICLE",,Soulshatter lascannon,Ranged,2,3,12,-3,D6+1,2,,
Chaos Land Raider,Chaos - Death Guard,,89d-b0c0-6e19-f017,220,1,12,16,2,,,5,10.0,"CHAOS, TRANSPORT, VEHICLE",,Twin heavy bolter,Ranged,3,3,5,-1,2,1,"Lethal Hits, Sustained Hits 1, Twin-linked",
Chaos Predator Annihilator,Chaos - Death Guard,,9b58-210d-c12f-4d46,135,1,10,11,3,,,3,10.0,"CHAOS, VEHICLE",,Predator twin lascannon,Ranged,1,3,14,-3,D6+1,1,Twin-linked,
Chaos Predator Annihilator,Chaos - Death Guard,,9b58-210d-c12f-4d46,135,1,10,11,3,,,3,10.0,"CHAOS, VEHICLE",,Armoured tracks,Melee,3,4,6,0,1,1,,
Chaos Predator Destructor,Chaos - Death Guard,,ab4e-466d-e9e8-89d5,145,1,10,11,3,,,3,10.0,"CHAOS, VEHICLE",,Predator autocannon,Ranged,4,3,9,-1,3,1,"Lethal Hits, Rapid Fire 2",
Chaos Predator Destructor,Chaos - Death Guard,,ab4e-466d-e9e8-89d5,145,1,10,11,3,,,3,10.0,"CHAOS, VEHICLE",,Armoured tracks,Melee,3,4,6,0,1,1,,
Chaos Rhino,Chaos - Death Guard,,b899-92e2-693a-975f,75,1,9,10,3,,,2,12.0,"CHAOS, TRANSPORT, VEHICLE",,Armoured tracks,Melee,3,4,6,0,1,1,,
Chaos Spawn,Chaos - Death Guard,,1d85-475f-5ab-9823,80,2,7,4,4,,,1,8.0,"BEAST, CHAOS",,Hideous Mutations,Melee,D6+2,4,5,-1,2,2,,
Daemon Prince of Nurgle,Chaos - Death Guard,,4cb3-e6b6-4e82-23bf,195,1,12,10,2,4,,3,8.0,"CHAOS, CHARACTER, DAEMON, MONSTER",,➤ Hellforged weapons - strike,Melee,7,2,8,-2,3,1,Lethal Hits,
Daemon Prince of Nurgle,Chaos - Death Guard,,4cb3-e6b6-4e82-23bf,195,1,12,10,2,4,,3,8.0,"CHAOS, CHARACTER, DAEMON, MONSTER",,Infernal cannon,Ranged,3,2,5,-1,2,1,Lethal Hits,
Daemon Prince of Nurgle with wings,Chaos - Death Guard,,f4d7-244d-16c4-f2f3,170,1,11,10,2,4,,3,12.0,"CHAOS, CHARACTER, DAEMON, FLY, MONSTER",,Infernal cannon,Ranged,3,2,7,-1,2,1,Lethal Hits,
Daemon Prince of Nurgle with wings,Chaos - Death Guard,,f4d7-244d-16c4-f2f3,170,1,11,10,2,4,,3,12.0,"CHAOS, CHARACTER, DAEMON, FLY, MONSTER",,➤ Hellforged weapons - strike,Melee,7,2,8,-2,3,1,Lethal Hits,
Deathshroud Terminators,Chaos - Death Guard,,83e8-ebb7-785a-2115,160,3,7,4,2,4,,1,5.0,"CHAOS, INFANTRY",,➤ Manreaper - strike,Melee,4,2,8,-2,2,1,Lethal Hits,
Deathshroud Terminators,Chaos - Death Guard,,83e8-ebb7-785a-2115,160,3,7,4,2,4,,1,5.0,"CHAOS, INFANTRY",,Plaguespurt gauntlet,Ranged,D6,2,3,0,1,1,"Torrent, Ignores Cover, Anti-Infantry 4+",
Deathshroud Terminators,Chaos - Death Guard,,83e8-ebb7-785a-2115,160,3,7,4,2,4,,1,5.0,"CHAOS, INFANTRY",,Plaguespurt gauntlet,Ranged,D6,2,3,0,1,2,"Torrent, Ignores Cover, Anti-Infantry 4+",
Deathshroud Terminators,Chaos - Death Guard,,83e8-ebb7-785a-2115,160,3,7,4,2,4,,1,5.0,"CHAOS, INFANTRY",,➤ Manreaper - strike,Melee,4,2,8,-2,2,2,Lethal Hits,
Defiler,Chaos - Death Guard,,bc88-0833-743e-0146,300,1,11,18,3,5,,5,12.0,"CHAOS, DAEMON, VEHICLE, WALKER",,Shearing claws - strike,Melee,5,3,16,-3,D6+1,1,Lethal Hits,
Defiler,Chaos - Death Guard,,bc88-0833-743e-0146,300,1,11,18,3,5,,5,12.0,"CHAOS, DAEMON, VEHICLE, WALKER",,Shearing claws - sweep,Melee,10,3,6,-2,1,1,Lethal Hits,
Defiler,Chaos - Death Guard,,bc88-0833-743e-0146,300,1,11,18,3,5,,5,12.0,"CHAOS, DAEMON, VEHICLE, WALKER",,➤ Heavy missile launcher - frag,Ranged,2D6,3,5,-1,1,1,"Lethal Hits, Blast",
Defiler,Chaos - Death Guard,,bc88-0833-743e-0146,300,1,11,18,3,5,,5,12.0,"CHAOS, DAEMON, VEHICLE, WALKER",,Hades battle cannon,Ranged,D6+3,3,10,-1,3,1,"Lethal Hits, Blast",
Defiler,Chaos - Death Guard,,bc88-0833-743e-0146,300,1,11,18,3,5,,5,12.0,"CHAOS, DAEMON, VEHICLE, WALKER",,Heavy baleflamer,Ranged,D6+3,2,7,-2,2,1,"Torrent, Ignores Cover",
Defiler,Chaos - Death Guard,,bc88-0833-743e-0146,300,1,11,18,3,5,,5,12.0,"CHAOS, DAEMON, VEHICLE, WALKER",,Excruciator cannon,Ranged,6,3,6,-1,2,2,Lethal Hits,
Foetid Bloat-drone,Chaos - Death Guard,,26d5-ec73-3517-f3f,100,1,9,10,3,5,,3,10.0,"CHAOS, DAEMON, FLY, VEHICLE",,Plague probe,Melee,3,3,6,-1,1,1,Lethal Hits,
Foetid Bloat-drone,Chaos - Death Guard,,26d5-ec73-3517-f3f,100,1,9,10,3,5,,3,10.0,"CHAOS, DAEMON, FLY, VEHICLE",,Fleshmower,Melee,10,3,7,-1,2,1,Lethal Hits,
Foetid Bloat-drone with heavy blight launcher,Chaos - Death Guard,,d055-25eb-eb2b-7f6a,125,1,9,10,3,5,,3,10.0,"CHAOS, DAEMON, FLY, VEHICLE",,Heavy blight launcher,Ranged,D6+2,3,10,-2,3,1,"Lethal Hits, Blast",
Foetid Bloat-drone with heavy blight launcher,Chaos - Death Guard,,d055-25eb-eb2b-7f6a,125,1,9,10,3,5,,3,10.0,"CHAOS, DAEMON, FLY, VEHICLE",,Plague probe,Melee,3,3,6,-1,1,1,Lethal Hits,
Foul Blightspawn,Chaos - Death Guard,,c88f-d4dc-84b3-1b31,60,1,6,4,3,,,1,5.0,"CHAOS, CHARACTER, INFANTRY",,Close combat weapon,Melee,4,3,4,0,1,1,,
Foul Blightspawn,Chaos - Death Guard,,c88f-d4dc-84b3-1b31,60,1,6,4,3,,,1,5.0,"CHAOS, CHARACTER, INFANTRY",,Plague sprayer,Ranged,D6,2,7,-2,2,1,"Torrent, Ignores Cover, Anti-Infantry 2+",
Great Unclean One,Chaos - Death Guard,,2425-13a7-77f0-0112,265,1,12,20,5,4,,5,7.0,"CHAOS, CHARACTER, DAEMON, MONSTER, PSYKER",,Putrid vomit,Ranged,D6+3,2,5,-2,1,1,"Torrent, Ignores Cover",
Great Unclean One,Chaos - Death Guard,,2425-13a7-77f0-0112,265,1,12,20,5,4,,5,7.0,"CHAOS, CHARACTER, DAEMON, MONSTER, PSYKER",,Plague flail,Ranged,D6+1,3,7,-2,2,1,,
Great Unclean One,Chaos - Death Guard,,2425-13a7-77f0-0112,265,1,12,20,5,4,,5,7.0,"CHAOS, CHARACTER, DAEMON, MONSTER, PSYKER",,➤ Bilesword - strike,Melee,6,2,10,-2,D6+1,1,Lethal Hits,
Helbrute,Chaos - Death Guard,,2a2b-643e-860e-b524,110,1,9,8,2,,,3,7.0,"CHAOS, VEHICLE, WALKER",,Close combat weapon,Melee,5,3,6,0,1,1,,
Helbrute,Chaos - Death Guard,,2a2b-643e-860e-b524,110,1,9,8,2,,,3,7.0,"CHAOS, VEHICLE, WALKER",,Helbrute fist,Melee,5,3,12,-2,3,1,,
Helbrute,Chaos - Death Guard,,2a2b-643e-860e-b524,110,1,9,8,2,,,3,7.0,"CHAOS, VEHICLE, WALKER",,Combi-bolter,Ranged,2,3,4,0,1,1,"Lethal Hits, Rapid Fire 2",
Helbrute,Chaos - Death Guard,,2a2b-643e-860e-b524,110,1,9,8,2,,,3,7.0,"CHAOS, VEHICLE, WALKER",,Multi-melta,Ranged,2,3,9,-4,D6,1,"Lethal Hits, Melta 2",
Icon Bearer,Chaos - Death Guard,,3e5b-23db-4ccd-ea97,45,1,6,4,3,,,1,5.0,"CHAOS, CHARACTER, INFANTRY",,Plague knife,Melee,4,3,4,0,1,1,Lethal Hits,
Icon Bearer,Chaos - Death Guard,,3e5b-23db-4ccd-ea97,45,1,6,4,3,,,1,5.0,"CHAOS, CHARACTER, INFANTRY",,Boltgun,Ranged,2,3,4,0,1,1,Lethal Hits,
Lord of Contagion,Chaos - Death Guard,,8700-3d3-efbb-ef8d,120,1,7,6,2,4,,1,5.0,"CHAOS, CHARACTER, INFANTRY",,➤ Manreaper - strike,Melee,5,2,9,-2,3,1,Lethal Hits,
Lord of Poxes,Chaos - Death Guard,,c5a7-5f07-2b1a-8f98,65,1,6,5,3,4,,1,5.0,"CHAOS, CHARACTER, INFANTRY",,Great plague blade,Melee,6,2,8,-2,2,1,"Lethal Hits, Devastating Wounds",
Lord of Poxes,Chaos - Death Guard,,c5a7-5f07-2b1a-8f98,65,1,6,5,3,4,,1,5.0,"CHAOS, CHARACTER, INFANTRY",,➤ Plasma pistol - standard,Ranged,1,3,7,-2,1,1,,
Lord of Virulence,Chaos - Death Guard,,c15c-2b5a-dcab-7627,100,1,7,6,2,4,,1,5.0,"CHAOS, CHARACTER, INFANTRY",,Power fist,Melee,5,2,8,-2,2,1,Lethal Hits,
Lord of Virulence,Chaos - Death Guard,,c15c-2b5a-dcab-7627,100,1,7,6,2,4,,1,5.0,"CHAOS, CHARACTER, INFANTRY",,Twin plague spewer,Ranged,D6,2,5,-1,1,1,"Twin-linked, Torrent, Ignores Cover, Anti-Infantry 2+",
Malignant Plaguecaster,Chaos - Death Guard,,9900-77d7-10e3-5c91,60,1,6,4,3,,,1,5.0,"CHAOS, CHARACTER, INFANTRY, PSYKER",,Corrupted staff,Melee,4,3,6,-1,D3,1,Lethal Hits,
Malignant Plaguecaster,Chaos - Death Guard,,9900-77d7-10e3-5c91,60,1,6,4,3,,,1,5.0,"CHAOS, CHARACTER, INFANTRY, PSYKER",,➤ Plague Wind - witchfire,Ranged,D6,2,4,-1,D3,1,Torrent,
Malignant Plaguecaster,Chaos - Death Guard,,9900-77d7-10e3-5c91,60,1,6,4,3,,,1,5.0,"CHAOS, CHARACTER, INFANTRY, PSYKER",,Bolt pistol,Ranged,1,3,4,0,1,1,Lethal Hits,
Miasmic Malignifier,Chaos - Death Guard,,55c7-e5b8-9737-f58e,105,1,10,12,3,,,0,0.0,CHAOS,,Miasmic gouts,Ranged,2D6,2,3,0,1,1,"Torrent, Ignores Cover",
Mortarion,Chaos - Death Guard,,f5ac-4f37-fe7b-36b6,375,1,12,16,2,4,,6,10.0,"CHAOS, CHARACTER, DAEMON, EPIC HERO, FLY, MONSTER, PSYKER",,Rotwind,Ranged,D6+3,2,7,-2,1,1,"Lethal Hits, Devastating Wounds, Blast",
Mortarion,Chaos - Death Guard,,f5ac-4f37-fe7b-36b6,375,1,12,16,2,4,,6,10.0,"CHAOS, CHARACTER, DAEMON, EPIC HERO, FLY, MONSTER, PSYKER",,Lantern,Ranged,1,2,10,-3,3,1,Sustained Hits 2,sustained D3 -> 2 (mean)
Mortarion,Chaos - Death Guard,,f5ac-4f37-fe7b-36b6,375,1,12,16,2,4,,6,10.0,"CHAOS, CHARACTER, DAEMON, EPIC HERO, FLY, MONSTER, PSYKER",,➤ Silence - strike,Melee,5,2,14,-3,D6+1,1,"Lethal Hits, Devastating Wounds",
Noxious Blightbringer,Chaos - Death Guard,,1ffc-27de-8aea-e7bb,50,1,6,4,3,,,1,5.0,"CHAOS, CHARACTER, INFANTRY",,Cursed plague bell,Melee,5,3,4,0,2,1,"Lethal Hits, Anti-Psyker 2+",
Noxious Blightbringer,Chaos - Death Guard,,1ffc-27de-8aea-e7bb,50,1,6,4,3,,,1,5.0,"CHAOS, CHARACTER, INFANTRY",,➤ Plasma pistol - standard,Ranged,1,3,7,-2,1,1,,
Nurglings,Chaos - Death Guard,,7e32-0162-71e2-57a0,45,3,3,4,7,5,,0,5.0,"CHAOS, DAEMON, SWARM",,Diseased claws and teeth,Melee,4,5,2,0,1,3,Lethal Hits,
Plague Drones,Chaos - Death Guard,,cd03-e1f3-fa31-a271,110,3,8,5,6,5,,2,10.0,"CHAOS, DAEMON, FLY, MOUNTED",,Death's heads,Ranged,D3,4,4,0,1,2,"Lethal Hits, Blast",
Plague Drones,Chaos - Death Guard,,cd03-e1f3-fa31-a271,110,3,8,5,6,5,,2,10.0,"CHAOS, DAEMON, FLY, MOUNTED",,Foul mouthparts,Melee,2,4,5,-1,2,2,Lethal Hits,
Plague Drones,Chaos - Death Guard,,cd03-e1f3-fa31-a271,110,3,8,5,6,5,,2,10.0,"CHAOS, DAEMON, FLY, MOUNTED",,Plaguesword,Melee,2,3,4,-1,1,2,Lethal Hits,
Plague Drones,Chaos - Death Guard,,cd03-e1f3-fa31-a271,110,3,8,5,6,5,,2,10.0,"CHAOS, DAEMON, FLY, MOUNTED",,Death's heads,Ranged,D3,4,4,0,1,1,"Lethal Hits, Blast",
Plague Drones,Chaos - Death Guard,,cd03-e1f3-fa31-a271,110,3,8,5,6,5,,2,10.0,"CHAOS, DAEMON, FLY, MOUNTED",,Foul mouthparts,Melee,2,4,5,-1,2,1,Lethal Hits,
Plague Drones,Chaos - Death Guard,,cd03-e1f3-fa31-a271,110,3,8,5,6,5,,2,10.0,"CHAOS, DAEMON, FLY, MOUNTED",,Plaguesword,Melee,2,3,4,-1,1,1,Lethal Hits,
Plague Marines,Chaos - Death Guard,,8467-b3a2-2597-de0d,90,5,6,2,3,,,2,5.0,"BATTLELINE, CHAOS, INFANTRY",,Plague knives,Melee,3,3,4,0,1,4,Lethal Hits,
Plague Marines,Chaos - Death Guard,,8467-b3a2-2597-de0d,90,5,6,2,3,,,2,5.0,"BATTLELINE, CHAOS, INFANTRY",,Boltgun,Ranged,2,3,4,0,1,4,Lethal Hits,
Plague Surgeon,Chaos - Death Guard,,9a82-ea13-3511-6c08,50,1,6,4,3,,,1,5.0,"CHAOS, CHARACTER, INFANTRY",,Balesword,Melee,4,3,5,-2,2,1,Lethal Hits,
Plague Surgeon,Chaos - Death Guard,,9a82-ea13-3511-6c08,50,1,6,4,3,,,1,5.0,"CHAOS, CHARACTER, INFANTRY",,Bolt pistol,Ranged,1,3,4,0,1,1,Lethal Hits,
Plaguebearers,Chaos - Death Guard,,904b-0319-7b2e-2145,115,10,5,2,7,5,,2,5.0,"BATTLELINE, CHAOS, DAEMON, INFANTRY",,Plaguesword,Melee,2,3,4,-1,1,1,Lethal Hits,
Plaguebearers,Chaos - Death Guard,,904b-0319-7b2e-2145,115,10,5,2,7,5,,2,5.0,"BATTLELINE, CHAOS, DAEMON, INFANTRY",,Plaguesword,Melee,2,3,4,-1,1,9,Lethal Hits,
Plagueburst Crawler,Chaos - Death Guard,,e58b-507a-937f-7abf,170,1,10,12,2,5,,3,10.0,"CHAOS, DAEMON, VEHICLE",,Plagueburst mortar,Ranged,D6+3,3,8,-1,2,1,"Lethal Hits, Blast",
Plagueburst Crawler,Chaos - Death Guard,,e58b-507a-937f-7abf,170,1,10,12,2,5,,3,10.0,"CHAOS, DAEMON, VEHICLE",,Armoured tracks,Melee,3,4,6,0,1,1,,
Plagueburst Crawler,Chaos - Death Guard,,e58b-507a-937f-7abf,170,1,10,12,2,5,,3,10.0,"CHAOS, DAEMON, VEHICLE",,Heavy slugger,Ranged,4,3,5,-1,1,1,Lethal Hits,
Plagueburst Crawler,Chaos - Death Guard,,e58b-507a-937f-7abf,170,1,10,12,2,5,,3,10.0,"CHAOS, DAEMON, VEHICLE",,Entropy cannon,Ranged,1,3,10,-3,D6+1,2,Lethal Hits,
Poxwalkers,Chaos - Death Guard,,7c30-1e92-2faa-eb03,65,10,4,1,7,,,1,5.0,"CHAOS, INFANTRY",,Improvised weapons,Melee,2,5,3,0,1,10,Lethal Hits,
Rotigus,Chaos - Death Guard,,66dd-f8c9-f9a6-0e6b,280,1,12,22,5,4,,5,7.0,"CHAOS, CHARACTER, DAEMON, EPIC HERO, MONSTER, PSYKER",,Streams of brackish filth,Ranged,2D6,2,8,-2,1,1,"Devastating Wounds, Torrent, Ignores Cover",
Rotigus,Chaos - Death Guard,,66dd-f8c9-f9a6-0e6b,280,1,12,22,5,4,,5,7.0,"CHAOS, CHARACTER, DAEMON, EPIC HERO, MONSTER, PSYKER",,➤ Gnarlrod - strike,Melee,7,2,10,-3,3,1,Lethal Hits,
Tallyman,Chaos - Death Guard,,506c-16a8-68f7-c08a,60,1,6,4,3,,,1,5.0,"CHAOS, CHARACTER, INFANTRY",,Close combat weapon,Melee,4,3,4,0,1,1,,
Tallyman,Chaos - Death Guard,,506c-16a8-68f7-c08a,60,1,6,4,3,,,1,5.0,"CHAOS, CHARACTER, INFANTRY",,➤ Plasma pistol - standard,Ranged,1,3,7,-2,1,1,,
Typhus,Chaos - Death Guard,,e6a4-7055-fd23-5123,100,1,7,6,2,4,,1,5.0,"CHAOS, CHARACTER, EPIC HERO, INFANTRY, PSYKER",,➤ Lakrimae - strike,Melee,6,2,9,-2,3,1,Lethal Hits,
Chaos Land Raider,Chaos - Emperor's Children,,f10c-5f3e-c09d-0b12,220,1,12,16,2,,,5,10.0,"CHAOS, TRANSPORT, VEHICLE",,Armoured tracks,Melee,6,4,8,0,1,1,,
Chaos Land Raider,Chaos - Emperor's Children,,f10c-5f3e-c09d-0b12,220,1,12,16,2,,,5,10.0,"CHAOS, TRANSPORT, VEHICLE",,Soulshatter lascannon,Ranged,2,3,12,-3,D6+1,2,,
Chaos Land Raider,Chaos - Emperor's Children,,f10c-5f3e-c09d-0b12,220,1,12,16,2,,,5,10.0,"CHAOS, TRANSPORT, VEHICLE",,Twin heavy bolter,Ranged,3,3,5,-1,2,1,"Sustained Hits 1, Twin-linked",
Chaos Rhino,Chaos - Emperor's Children,,8ae1-aa47-e1d1-1b31,70,1,9,10,3,,,2,12.0,"CHAOS, TRANSPORT, VEHICLE",,Armoured tracks,Melee,3,4,6,0,1,1,,
Chaos Rhino,Chaos - Emperor's Children,,8ae1-aa47-e1d1-1b31,70,1,9,10,3,,,2,12.0,"CHAOS, TRANSPORT, VEHICLE",,Combi-bolter,Ranged,2,3,4,0,1,1,Rapid Fire 2,
Chaos Spawn,Chaos - Emperor's Children,,896c-5816-3abd-5199,70,2,5,4,4,,,1,10.0,"BEAST, CHAOS",,Hideous Mutations,Melee,D6+2,4,5,-1,2,2,,
Chaos Terminators,Chaos - Emperor's Children,,5926-4deb-a85d-c73a,145,5,5,3,2,4,,1,6.0,"CHAOS, INFANTRY",,Combi-bolter,Ranged,2,3,4,0,1,1,Rapid Fire 2,
Chaos Terminators,Chaos - Emperor's Children,,5926-4deb-a85d-c73a,145,5,5,3,2,4,,1,6.0,"CHAOS, INFANTRY",,Accursed weapon,Melee,4,3,5,-2,1,1,,
Chaos Terminators,Chaos - Emperor's Children,,5926-4deb-a85d-c73a,145,5,5,3,2,4,,1,6.0,"CHAOS, INFANTRY",,Combi-bolter,Ranged,2,3,4,0,1,4,Rapid Fire 2,
Chaos Terminators,Chaos - Emperor's Children,,5926-4deb-a85d-c73a,145,5,5,3,2,4,,1,6.0,"CHAOS, INFANTRY",,Accursed weapon,Melee,4,3,5,-2,1,4,,
Daemon Prince of Slaanesh,Chaos - Emperor's Children,,ad59-b823-900d-ee2d,170,1,10,10,2,4,,3,10.0,"CHAOS, CHARACTER, DAEMON, MONSTER",,➤ Hellforged weapons - strike,Melee,6,2,8,-2,3,1,,
Daemon Prince of Slaanesh,Chaos - Emperor's Children,,ad59-b823-900d-ee2d,170,1,10,10,2,4,,3,10.0,"CHAOS, CHARACTER, DAEMON, MONSTER",,Infernal cannon,Ranged,3,2,5,-1,2,1,,
Daemon Prince of Slaanesh with Wings,Chaos - Emperor's Children,,e452-08be-33e6-3864,205,1,9,10,2,4,,3,14.0,"CHAOS, CHARACTER, DAEMON, FLY, MONSTER",,➤ Hellforged weapons - strike,Melee,6,2,8,-2,3,1,,
Daemon Prince of Slaanesh with Wings,Chaos - Emperor's Children,,e452-08be-33e6-3864,205,1,9,10,2,4,,3,14.0,"CHAOS, CHARACTER, DAEMON, FLY, MONSTER",,Infernal cannon,Ranged,3,2,5,-1,2,1,,
Daemonettes,Chaos - Emperor's Children,,06f6-b870-4e43-4ed9,100,10,3,1,7,5,,1,9.0,"BATTLELINE, CHAOS, DAEMON, INFANTRY",,Slashing claws,Melee,3,3,4,-1,1,9,Devastating Wounds,
Daemonettes,Chaos - Emperor's Children,,06f6-b870-4e43-4ed9,100,10,3,1,7,5,,1,9.0,"BATTLELINE, CHAOS, DAEMON, INFANTRY",,Slashing claws,Melee,3,3,4,-1,1,1,Devastating Wounds,
Defiler,Chaos - Emperor's Children,,b541-3292-a5cc-dbeb,300,1,11,18,3,5,,5,12.0,"CHAOS, DAEMON, VEHICLE, WALKER",,Shearing claws - strike,Melee,5,3,16,-3,D6+1,1,,
Defiler,Chaos - Emperor's Children,,b541-3292-a5cc-dbeb,300,1,11,18,3,5,,5,12.0,"CHAOS, DAEMON, VEHICLE, WALKER",,Shearing claws - sweep,Melee,10,3,6,-2,1,1,,
Defiler,Chaos - Emperor's Children,,b541-3292-a5cc-dbeb,300,1,11,18,3,5,,5,12.0,"CHAOS, DAEMON, VEHICLE, WALKER",,➤ Heavy missile launcher - frag,Ranged,2D6,3,5,-1,1,1,Blast,
Defiler,Chaos - Emperor's Children,,b541-3292-a5cc-dbeb,300,1,11,18,3,5,,5,12.0,"CHAOS, DAEMON, VEHICLE, WALKER",,Hades battle cannon,Ranged,D6+3,3,10,-1,3,1,Blast,
Defiler,Chaos - Emperor's Children,,b541-3292-a5cc-dbeb,300,1,11,18,3,5,,5,12.0,"CHAOS, DAEMON, VEHICLE, WALKER",,Heavy baleflamer,Ranged,D6+3,2,7,-2,2,1,"Torrent, Ignores Cover",
Defiler,Chaos - Emperor's Children,,b541-3292-a5cc-dbeb,300,1,11,18,3,5,,5,12.0,"CHAOS, DAEMON, VEHICLE, WALKER",,Excruciator cannon,Ranged,6,3,6,-1,2,2,,
Fiends,Chaos - Emperor's Children,,c2ca-f754-cc05-0743,90,3,5,4,7,5,,2,12.0,"BEAST, CHAOS, DAEMON",,Barbed tail and dissecting claws,Melee,5,3,5,-2,2,2,Devastating Wounds,
Fiends,Chaos - Emperor's Children,,c2ca-f754-cc05-0743,90,3,5,4,7,5,,2,12.0,"BEAST, CHAOS, DAEMON",,Barbed tail and dissecting claws,Melee,5,3,5,-2,2,1,Devastating Wounds,
Flawless Blades,Chaos - Emperor's Children,,183e-f3bb-3ce6-7b55,95,3,5,3,3,5,,1,8.0,"CHAOS, INFANTRY",,Blissblade,Melee,4,2,6,-3,2,3,,
Flawless Blades,Chaos - Emperor's Children,,183e-f3bb-3ce6-7b55,95,3,5,3,3,5,,1,8.0,"CHAOS, INFANTRY",,Bolt pistol,Ranged,1,3,4,0,1,3,,
Fulgrim,Chaos - Emperor's Children,,1e0a-cf2b-6602-2a34,340,1,11,16,2,4,,6,16.0,"CHAOS, CHARACTER, DAEMON, EPIC HERO, FLY, MONSTER",,Malefic lash,Ranged,6,2,8,-2,2,1,Sustained Hits 1,
Fulgrim,Chaos - Emperor's Children,,1e0a-cf2b-6602-2a34,340,1,11,16,2,4,,6,16.0,"CHAOS, CHARACTER, DAEMON, EPIC HERO, FLY, MONSTER",,Serpentine tail,Melee,6,2,6,-1,1,1,,
Fulgrim,Chaos - Emperor's Children,,1e0a-cf2b-6602-2a34,340,1,11,16,2,4,,6,16.0,"CHAOS, CHARACTER, DAEMON, EPIC HERO, FLY, MONSTER",,➤ Daemonic blades - strike,Melee,6,2,14,-3,D6+1,1,Sustained Hits 1,
Heldrake,Chaos - Emperor's Children,,3750-df25-165d-d003,175,1,10,14,3,5,,0,12.0,"CHAOS, DAEMON, FLY, VEHICLE",,Heldrake claws,Melee,5,3,7,-1,2,1,"Devastating Wounds, Anti-Fly 2+",
Heldrake,Chaos - Emperor's Children,,3750-df25-165d-d003,175,1,10,14,3,5,,0,12.0,"CHAOS, DAEMON, FLY, VEHICLE",,Hades autocannon,Ranged,6,3,8,-1,2,1,,
Infractors,Chaos - Emperor's Children,,e456-0afc-9b42-226c,85,5,4,2,3,,,2,7.0,"BATTLELINE, CHAOS, INFANTRY",,Bolt pistol,Ranged,1,3,4,0,1,1,,
Infractors,Chaos - Emperor's Children,,e456-0afc-9b42-226c,85,5,4,2,3,,,2,7.0,"BATTLELINE, CHAOS, INFANTRY",,Rapture lash,Melee,6,3,4,-1,1,1,,
Infractors,Chaos - Emperor's Children,,e456-0afc-9b42-226c,85,5,4,2,3,,,2,7.0,"BATTLELINE, CHAOS, INFANTRY",,Duelling sabre,Melee,4,3,4,-1,1,4,,
Infractors,Chaos - Emperor's Children,,e456-0afc-9b42-226c,85,5,4,2,3,,,2,7.0,"BATTLELINE, CHAOS, INFANTRY",,Bolt pistol,Ranged,1,3,4,0,1,4,,
Keeper of Secrets,Chaos - Emperor's Children,,7b2b-4508-263d-f20f,265,1,10,18,5,4,,5,14.0,"CHAOS, CHARACTER, DAEMON, MONSTER, PSYKER",,➤ Phantasmagoria - witchfire,Ranged,6,2,6,-2,1,1,Devastating Wounds,
Keeper of Secrets,Chaos - Emperor's Children,,7b2b-4508-263d-f20f,265,1,10,18,5,4,,5,14.0,"CHAOS, CHARACTER, DAEMON, MONSTER, PSYKER",,Snapping claws,Melee,4,2,6,-2,3,1,Devastating Wounds,
Keeper of Secrets,Chaos - Emperor's Children,,7b2b-4508-263d-f20f,265,1,10,18,5,4,,5,14.0,"CHAOS, CHARACTER, DAEMON, MONSTER, PSYKER",,Witstealer sword,Melee,6,2,8,-2,3,1,,
Lord Exultant,Chaos - Emperor's Children,,7b4c-dfe0-6a0a-304a,90,1,4,5,3,4,,1,7.0,"CHAOS, CHARACTER, INFANTRY",,Close combat weapon,Melee,6,2,4,0,1,1,,
Lord Exultant,Chaos - Emperor's Children,,7b4c-dfe0-6a0a-304a,90,1,4,5,3,4,,1,7.0,"CHAOS, CHARACTER, INFANTRY",,Bolt pistol,Ranged,1,3,4,0,1,1,,
Lord Exultant,Chaos - Emperor's Children,,7b4c-dfe0-6a0a-304a,90,1,4,5,3,4,,1,7.0,"CHAOS, CHARACTER, INFANTRY",,Rapture lash,Melee,4,2,4,-1,1,1,,
Lord Exultant,Chaos - Emperor's Children,,7b4c-dfe0-6a0a-304a,90,1,4,5,3,4,,1,7.0,"CHAOS, CHARACTER, INFANTRY",,Phoenix power spear,Melee,5,2,7,-2,2,1,Lance,
Lord Kakophonist,Chaos - Emperor's Children,,ee50-955a-0a81-41f1,70,1,5,6,2,4,,1,6.0,"CHAOS, CHARACTER, INFANTRY",,Screamer pistol,Ranged,3,2,5,-1,2,1,Ignores Cover,
Lord Kakophonist,Chaos - Emperor's Children,,ee50-955a-0a81-41f1,70,1,5,6,2,4,,1,6.0,"CHAOS, CHARACTER, INFANTRY",,Power sword,Melee,6,2,5,-2,1,1,,
Lucius the Eternal,Chaos - Emperor's Children,,e390-b58b-db9-816,120,1,5,6,2,4,,1,8.0,"CHAOS, CHARACTER, EPIC HERO, INFANTRY",,Blade of the Laer,Melee,6,2,8,-3,3,1,,
Lucius the Eternal,Chaos - Emperor's Children,,e390-b58b-db9-816,120,1,5,6,2,4,,1,8.0,"CHAOS, CHARACTER, EPIC HERO, INFANTRY",,Lash of Torment,Melee,10,2,4,-1,1,1,Sustained Hits 1,
Maulerfiend,Chaos - Emperor's Children,,656c-8b78-8e59-0591,120,1,10,12,3,5,,3,10.0,"CHAOS, DAEMON, VEHICLE, WALKER",,Maulerfiend fists,Melee,6,3,14,-2,D6+1,1,,
Maulerfiend,Chaos - Emperor's Children,,656c-8b78-8e59-0591,120,1,10,12,3,5,,3,10.0,"CHAOS, DAEMON, VEHICLE, WALKER",,Lasher tendrils,Melee,6,3,7,-1,1,1,,
Noise Marines,Chaos - Emperor's Children,,5817-0d6c-973c-68f8,145,6,5,2,3,,,1,6.0,"CHAOS, INFANTRY",,Close combat weapon,Melee,3,3,4,0,1,1,,
Noise Marines,Chaos - Emperor's Children,,5817-0d6c-973c-68f8,145,6,5,2,3,,,1,6.0,"CHAOS, INFANTRY",,Power sword,Melee,4,3,5,-2,1,1,,
Noise Marines,Chaos - Emperor's Children,,5817-0d6c-973c-68f8,145,6,5,2,3,,,1,6.0,"CHAOS, INFANTRY",,Screamer pistol,Ranged,3,3,5,-1,2,1,Ignores Cover,
Noise Marines,Chaos - Emperor's Children,,5817-0d6c-973c-68f8,145,6,5,2,3,,,1,6.0,"CHAOS, INFANTRY",,Sonic blaster,Ranged,3,3,5,-1,2,3,Ignores Cover,
Noise Marines,Chaos - Emperor's Children,,5817-0d6c-973c-68f8,145,6,5,2,3,,,1,6.0,"CHAOS, INFANTRY",,Close combat weapon,Melee,3,3,4,0,1,3,,
Noise Marines,Chaos - Emperor's Children,,5817-0d6c-973c-68f8,145,6,5,2,3,,,1,6.0,"CHAOS, INFANTRY",,Sonic blaster,Ranged,3,3,5,-1,2,2,Ignores Cover,
Noise Marines,Chaos - Emperor's Children,,5817-0d6c-973c-68f8,145,6,5,2,3,,,1,6.0,"CHAOS, INFANTRY",,Close combat weapon,Melee,3,3,4,0,1,2,,
Seekers,Chaos - Emperor's Children,,c9df-2c38-25e5-ffc7,85,5,4,2,7,5,,1,14.0,"CHAOS, DAEMON, MOUNTED",,Lashing tongues,Melee,2,4,4,0,1,4,Lethal Hits,
Seekers,Chaos - Emperor's Children,,c9df-2c38-25e5-ffc7,85,5,4,2,7,5,,1,14.0,"CHAOS, DAEMON, MOUNTED",,Slashing claws,Melee,3,3,4,-1,1,4,Devastating Wounds,
Seekers,Chaos - Emperor's Children,,c9df-2c38-25e5-ffc7,85,5,4,2,7,5,,1,14.0,"CHAOS, DAEMON, MOUNTED",,Lashing tongues,Melee,2,4,4,0,1,1,Lethal Hits,
Seekers,Chaos - Emperor's Children,,c9df-2c38-25e5-ffc7,85,5,4,2,7,5,,1,14.0,"CHAOS, DAEMON, MOUNTED",,Slashing claws,Melee,3,3,4,-1,1,1,Devastating Wounds,
Shalaxi Helbane,Chaos - Emperor's Children,,20df-143c-fc59-77e0,315,1,10,20,3,4,,5,14.0,"CHAOS, CHARACTER, DAEMON, EPIC HERO, MONSTER, PSYKER",,Lash of Slaanesh,Ranged,6,2,6,-1,2,1,,
Shalaxi Helbane,Chaos - Emperor's Children,,20df-143c-fc59-77e0,315,1,10,20,3,4,,5,14.0,"CHAOS, CHARACTER, DAEMON, EPIC HERO, MONSTER, PSYKER",,➤ Pavane of Slaanesh - witchfire,Ranged,D6,2,9,-1,D3,1,Devastating Wounds,
Shalaxi Helbane,Chaos - Emperor's Children,,20df-143c-fc59-77e0,315,1,10,20,3,4,,5,14.0,"CHAOS, CHARACTER, DAEMON, EPIC HERO, MONSTER, PSYKER",,Snapping claws,Melee,4,2,6,-2,3,1,Devastating Wounds,
Shalaxi Helbane,Chaos - Emperor's Children,,20df-143c-fc59-77e0,315,1,10,20,3,4,,5,14.0,"CHAOS, CHARACTER, DAEMON, EPIC HERO, MONSTER, PSYKER",,Soulpiercer,Melee,6,2,12,-3,D6+2,1,,
Sorcerer,Chaos - Emperor's Children,,2cd1-13f5-d59d-cc7f,55,1,4,4,3,,,1,7.0,"CHAOS, CHARACTER, INFANTRY, PSYKER",,Agonising Energies - witchfire,Ranged,D6,3,5,-1,D3,1,,
Sorcerer,Chaos - Emperor's Children,,2cd1-13f5-d59d-cc7f,55,1,4,4,3,,,1,7.0,"CHAOS, CHARACTER, INFANTRY, PSYKER",,Agonising Energies - focused witchfire,Ranged,D6,3,6,-2,D3,1,Devastating Wounds,
Sorcerer,Chaos - Emperor's Children,,2cd1-13f5-d59d-cc7f,55,1,4,4,3,,,1,7.0,"CHAOS, CHARACTER, INFANTRY, PSYKER",,Force weapon,Melee,4,3,6,-2,D3,1,,
Sorcerer,Chaos - Emperor's Children,,2cd1-13f5-d59d-cc7f,55,1,4,4,3,,,1,7.0,"CHAOS, CHARACTER, INFANTRY, PSYKER",,Bolt pistol,Ranged,1,3,4,0,1,1,,
Tormentors,Chaos - Emperor's Children,,4494-dd7d-69f7-306c,80,5,4,2,3,,,2,7.0,"BATTLELINE, CHAOS, INFANTRY",,Bolt pistol,Ranged,1,3,4,0,1,1,,
Tormentors,Chaos - Emperor's Children,,4494-dd7d-69f7-306c,80,5,4,2,3,,,2,7.0,"BATTLELINE, CHAOS, INFANTRY",,Rapture lash,Melee,6,3,4,-1,1,1,,
Tormentors,Chaos - Emperor's Children,,4494-dd7d-69f7-306c,80,5,4,2,3,,,2,7.0,"BATTLELINE, CHAOS, INFANTRY",,Boltgun,Ranged,2,3,4,0,1,4,,
Tormentors,Chaos - Emperor's Children,,4494-dd7d-69f7-306c,80,5,4,2,3,,,2,7.0,"BATTLELINE, CHAOS, INFANTRY",,Close combat weapon,Melee,3,3,4,0,1,4,,
Ahriman,Chaos - Thousand Sons,,3bfa-bf00-b5ed-cc81,100,1,4,6,3,4,,2,10.0,"CHAOS, CHARACTER, EPIC HERO, FLY, INFANTRY, MOUNTED, PSYKER",,Transmogrifying Blast,Ranged,D6+1,2,6,-1,D3,1,Blast,
Ahriman,Chaos - Thousand Sons,,3bfa-bf00-b5ed-cc81,100,1,4,6,3,4,,2,10.0,"CHAOS, CHARACTER, EPIC HERO, FLY, INFANTRY, MOUNTED, PSYKER",,Black Staff of Ahriman,Melee,5,2,7,-1,3,1,,
Ahriman,Chaos - Thousand Sons,,3bfa-bf00-b5ed-cc81,100,1,4,6,3,4,,2,10.0,"CHAOS, CHARACTER, EPIC HERO, FLY, INFANTRY, MOUNTED, PSYKER",,Inferno bolt pistol,Ranged,1,2,4,-1,1,1,,
Blue Horrors,Chaos - Thousand Sons,,aec5-4419-39e7-3e63,90,10,3,1,7,4,,0,6.0,"BATTLELINE, CHAOS, DAEMON, INFANTRY",,Coruscating Blue flames,Ranged,2,4,3,-1,1,10,,
Blue Horrors,Chaos - Thousand Sons,,aec5-4419-39e7-3e63,90,10,3,1,7,4,,0,6.0,"BATTLELINE, CHAOS, DAEMON, INFANTRY",,Blue claws,Melee,1,5,3,0,1,10,,
Blue Horrors,Chaos - Thousand Sons,,aec5-4419-39e7-3e63,90,10,3,1,7,4,,0,6.0,"BATTLELINE, CHAOS, DAEMON, INFANTRY",,Coruscating Yellow flames (ref. only),Ranged,2,5,2,-1,1,10,,
Blue Horrors,Chaos - Thousand Sons,,aec5-4419-39e7-3e63,90,10,3,1,7,4,,0,6.0,"BATTLELINE, CHAOS, DAEMON, INFANTRY",,Yellow claws (ref. only),Melee,2,5,2,0,1,10,,
Chaos Land Raider,Chaos - Thousand Sons,,dfde-eaff-e63e-3aae,220,1,12,16,2,,,5,10.0,"CHAOS, TRANSPORT, VEHICLE",,Armoured tracks,Melee,6,4,8,0,1,1,,
Chaos Land Raider,Chaos - Thousand Sons,,dfde-eaff-e63e-3aae,220,1,12,16,2,,,5,10.0,"CHAOS, TRANSPORT, VEHICLE",,Soulshatter lascannon,Ranged,2,3,12,-3,D6+1,2,,
Chaos Land Raider,Chaos - Thousand Sons,,dfde-eaff-e63e-3aae,220,1,12,16,2,,,5,10.0,"CHAOS, TRANSPORT, VEHICLE",,Twin inferno heavy bolter,Ranged,3,3,5,-2,2,1,"Sustained Hits 1, Twin-linked",
Chaos Predator Annihilator,Chaos - Thousand Sons,,a619-beee-4bde-d049,140,1,10,11,3,,,3,10.0,"CHAOS, VEHICLE",,Predator twin lascannon,Ranged,1,3,14,-3,D6+1,1,Twin-linked,
Chaos Predator Annihilator,Chaos - Thousand Sons,,a619-beee-4bde-d049,140,1,10,11,3,,,3,10.0,"CHAOS, VEHICLE",,Armoured tracks,Melee,3,4,6,0,1,1,,
Chaos Predator Destructor,Chaos - Thousand Sons,,4819-dbbe-8547-4e23,140,1,10,11,3,,,3,10.0,"CHAOS, VEHICLE",,Predator autocannon,Ranged,4,3,9,-1,3,1,Rapid Fire 2,
Chaos Predator Destructor,Chaos - Thousand Sons,,4819-dbbe-8547-4e23,140,1,10,11,3,,,3,10.0,"CHAOS, VEHICLE",,Armoured tracks,Melee,3,4,6,0,1,1,,
Chaos Rhino,Chaos - Thousand Sons,,8d9b-b949-2557-dcc4,80,1,9,10,3,,,2,12.0,"CHAOS, TRANSPORT, VEHICLE",,Armoured tracks,Melee,3,4,6,0,1,1,,
Chaos Rhino,Chaos - Thousand Sons,,8d9b-b949-2557-dcc4,80,1,9,10,3,,,2,12.0,"CHAOS, TRANSPORT, VEHICLE",,Inferno combi-bolter,Ranged,2,3,4,-2,1,1,Rapid Fire 2,
Chaos Spawn,Chaos - Thousand Sons,,60de-4c77-95e1-1337,65,2,5,4,4,5,,1,8.0,"BEAST, CHAOS",,Hideous Mutations,Melee,D6+2,4,5,-1,2,2,,
Chaos Spawn (Flesh Change),Chaos - Thousand Sons,,dd17-8cb8-ed8c-f6c8,65,1,5,4,4,5,,1,8.0,"BEAST, CHAOS",,Hideous Mutations,Melee,D6+2,4,5,-1,2,1,,
Chaos Vindicator,Chaos - Thousand Sons,,3413-b8fd-e22c-da4f,185,1,11,11,2,,,3,9.0,"CHAOS, VEHICLE",,Demolisher cannon,Ranged,D6+3,3,14,-3,D6,1,Blast,
Chaos Vindicator,Chaos - Thousand Sons,,3413-b8fd-e22c-da4f,185,1,11,11,2,,,3,9.0,"CHAOS, VEHICLE",,Armoured tracks,Melee,3,4,6,0,1,1,,
Daemon Prince of Tzeentch,Chaos - Thousand Sons,,eccd-e442-607b-3fd0,170,1,10,10,2,4,,3,9.0,"CHAOS, CHARACTER, DAEMON, MONSTER, PSYKER",,Dark Blessing,Ranged,9,2,4,-1,1,1,"Sustained Hits 1, Ignores Cover",
Daemon Prince of Tzeentch,Chaos - Thousand Sons,,eccd-e442-607b-3fd0,170,1,10,10,2,4,,3,9.0,"CHAOS, CHARACTER, DAEMON, MONSTER, PSYKER",,➤ Hellforged weapons - strike,Melee,6,2,8,-2,3,1,Devastating Wounds,
Daemon Prince of Tzeentch,Chaos - Thousand Sons,,eccd-e442-607b-3fd0,170,1,10,10,2,4,,3,9.0,"CHAOS, CHARACTER, DAEMON, MONSTER, PSYKER",,Infernal cannon,Ranged,3,2,5,-2,2,1,,
Daemon Prince of Tzeentch with wings,Chaos - Thousand Sons,,66f4-929e-1769-f277,170,1,9,10,2,4,,3,13.0,"CHAOS, CHARACTER, DAEMON, FLY, MONSTER, PSYKER",,Dark Blessing,Ranged,9,2,4,-1,1,1,"Sustained Hits 1, Ignores Cover",
Daemon Prince of Tzeentch with wings,Chaos - Thousand Sons,,66f4-929e-1769-f277,170,1,9,10,2,4,,3,13.0,"CHAOS, CHARACTER, DAEMON, FLY, MONSTER, PSYKER",,➤ Hellforged weapons - strike,Melee,6,2,8,-2,3,1,Devastating Wounds,
Daemon Prince of Tzeentch with wings,Chaos - Thousand Sons,,66f4-929e-1769-f277,170,1,9,10,2,4,,3,13.0,"CHAOS, CHARACTER, DAEMON, FLY, MONSTER, PSYKER",,Infernal cannon,Ranged,3,2,5,-2,2,1,,
Defiler,Chaos - Thousand Sons,,f158-2979-c38b-65b5,300,1,11,18,3,5,,5,12.0,"CHAOS, DAEMON, VEHICLE, WALKER",,Shearing claws - strike,Melee,5,3,16,-3,D6+1,1,,
Defiler,Chaos - Thousand Sons,,f158-2979-c38b-65b5,300,1,11,18,3,5,,5,12.0,"CHAOS, DAEMON, VEHICLE, WALKER",,Shearing claws - sweep,Melee,10,3,6,-2,1,1,,
Defiler,Chaos - Thousand Sons,,f158-2979-c38b-65b5,300,1,11,18,3,5,,5,12.0,"CHAOS, DAEMON, VEHICLE, WALKER",,➤ Heavy missile launcher - frag,Ranged,2D6,3,5,-1,1,1,Blast,
Defiler,Chaos - Thousand Sons,,f158-2979-c38b-65b5,300,1,11,18,3,5,,5,12.0,"CHAOS, DAEMON, VEHICLE, WALKER",,Hades battle cannon,Ranged,D6+3,3,10,-1,3,1,Blast,
Defiler,Chaos - Thousand Sons,,f158-2979-c38b-65b5,300,1,11,18,3,5,,5,12.0,"CHAOS, DAEMON, VEHICLE, WALKER",,Heavy baleflamer,Ranged,D6+3,2,7,-2,2,1,"Torrent, Ignores Cover",
Defiler,Chaos - Thousand Sons,,f158-2979-c38b-65b5,300,1,11,18,3,5,,5,12.0,"CHAOS, DAEMON, VEHICLE, WALKER",,Excruciator cannon,Ranged,6,3,6,-2,2,2,,
Exalted Sorcerer,Chaos - Thousand Sons,,c3a6-8fab-45f0-2d45,95,1,4,5,3,4,,1,6.0,"CHAOS, CHARACTER, INFANTRY, PSYKER",,Astral Blast,Ranged,D6,2,6,-2,D3,1,"Devastating Wounds, Blast",
Exalted Sorcerer,Chaos - Thousand Sons,,c3a6-8fab-45f0-2d45,95,1,4,5,3,4,,1,6.0,"CHAOS, CHARACTER, INFANTRY, PSYKER",,Force weapon,Melee,4,3,6,-1,D3,1,,
Exalted Sorcerer,Chaos - Thousand Sons,,c3a6-8fab-45f0-2d45,95,1,4,5,3,4,,1,6.0,"CHAOS, CHARACTER, INFANTRY, PSYKER",,Inferno bolt pistol,Ranged,1,2,4,-1,1,1,,
Exalted Sorcerer on Disc of Tzeentch,Chaos - Thousand Sons,,1724-8c9c-c385-16c6,90,1,4,6,3,4,,2,10.0,"CHAOS, CHARACTER, FLY, INFANTRY, MOUNTED, PSYKER",,Arcane Fire,Ranged,D6,2,6,-2,D3,1,"Torrent, Ignores Cover",
Exalted Sorcerer on Disc of Tzeentch,Chaos - Thousand Sons,,1724-8c9c-c385-16c6,90,1,4,6,3,4,,2,10.0,"CHAOS, CHARACTER, FLY, INFANTRY, MOUNTED, PSYKER",,Force weapon,Melee,4,3,6,-1,D3,1,,
Exalted Sorcerer on Disc of Tzeentch,Chaos - Thousand Sons,,1724-8c9c-c385-16c6,90,1,4,6,3,4,,2,10.0,"CHAOS, CHARACTER, FLY, INFANTRY, MOUNTED, PSYKER",,Inferno bolt pistol,Ranged,1,2,4,-1,1,1,,
Flamers,Chaos - Thousand Sons,,694f-a205-b260-783c,65,3,4,3,7,4,,1,9.0,"CHAOS, DAEMON, FLY, INFANTRY",,Flamer mouths,Melee,3,4,4,0,1,1,,
Flamers,Chaos - Thousand Sons,,694f-a205-b260-783c,65,3,4,3,7,4,,1,9.0,"CHAOS, DAEMON, FLY, INFANTRY",,Flickering flames,Ranged,D6,2,4,-1,1,1,"Torrent, Ignores Cover",
Flamers,Chaos - Thousand Sons,,694f-a205-b260-783c,65,3,4,3,7,4,,1,9.0,"CHAOS, DAEMON, FLY, INFANTRY",,Flamer mouths,Melee,3,4,4,0,1,2,,
Flamers,Chaos - Thousand Sons,,694f-a205-b260-783c,65,3,4,3,7,4,,1,9.0,"CHAOS, DAEMON, FLY, INFANTRY",,Flickering flames,Ranged,D6,2,4,-1,1,2,"Torrent, Ignores Cover",
Forgefiend,Chaos - Thousand Sons,,d2f1-7a0b-f7cd-9b46,135,1,10,12,3,5,,3,8.0,"CHAOS, DAEMON, VEHICLE, WALKER",,Hades autocannon,Ranged,6,3,8,-2,2,2,,
Forgefiend,Chaos - Thousand Sons,,d2f1-7a0b-f7cd-9b46,135,1,10,12,3,5,,3,8.0,"CHAOS, DAEMON, VEHICLE, WALKER",,Forgefiend jaws,Melee,5,3,7,0,2,1,,
Helbrute,Chaos - Thousand Sons,,5b9d-e3c1-3d55-8276,110,1,9,8,2,5,,3,8.0,"CHAOS, VEHICLE, WALKER",,Close combat weapon,Melee,5,3,6,0,1,1,,
Helbrute,Chaos - Thousand Sons,,5b9d-e3c1-3d55-8276,110,1,9,8,2,5,,3,8.0,"CHAOS, VEHICLE, WALKER",,➤ Missile launcher - frag,Ranged,D6,3,4,0,1,1,Blast,
Helbrute,Chaos - Thousand Sons,,5b9d-e3c1-3d55-8276,110,1,9,8,2,5,,3,8.0,"CHAOS, VEHICLE, WALKER",,Multi-melta,Ranged,2,3,9,-4,D6,1,Melta 2,
Heldrake,Chaos - Thousand Sons,,637a-d542-35aa-e95c,175,1,9,12,3,5,,0,12.0,"CHAOS, FLY, VEHICLE",,Heldrake claws,Melee,5,3,7,-1,2,1,"Devastating Wounds, Anti-Fly 2+",
Heldrake,Chaos - Thousand Sons,,637a-d542-35aa-e95c,175,1,9,12,3,5,,0,12.0,"CHAOS, FLY, VEHICLE",,Baleflamer,Ranged,D6+3,2,6,-2,2,1,"Torrent, Ignores Cover",
Infernal Master,Chaos - Thousand Sons,,1693-5e00-da69-57bb,100,1,4,4,3,5,,1,6.0,"CHAOS, CHARACTER, INFANTRY, PSYKER",,➤ Fires of the Abyss - witchfire,Ranged,D6,2,6,-2,1,1,Torrent,
Infernal Master,Chaos - Thousand Sons,,1693-5e00-da69-57bb,100,1,4,4,3,5,,1,6.0,"CHAOS, CHARACTER, INFANTRY, PSYKER",,Force weapon,Melee,4,3,6,-1,D3,1,,
Infernal Master,Chaos - Thousand Sons,,1693-5e00-da69-57bb,100,1,4,4,3,5,,1,6.0,"CHAOS, CHARACTER, INFANTRY, PSYKER",,Inferno bolt pistol,Ranged,1,2,4,-1,1,1,,
Kairos Fateweaver,Chaos - Thousand Sons,,8f70-9bec-9b83-216b,305,1,10,20,6,4,,5,12.0,"CHAOS, CHARACTER, DAEMON, EPIC HERO, FLY, MONSTER, PSYKER",,➤ Infernal Gateway - witchfire,Ranged,D6+3,2,9,-2,D3,1,Blast,
Kairos Fateweaver,Chaos - Thousand Sons,,8f70-9bec-9b83-216b,305,1,10,20,6,4,,5,12.0,"CHAOS, CHARACTER, DAEMON, EPIC HERO, FLY, MONSTER, PSYKER",,Staff of Tomorrow,Melee,5,3,8,-2,2D3,1,,
Lord of Change,Chaos - Thousand Sons,,c964-c75a-2a9d-e451,320,1,10,18,6,4,,5,12.0,"CHAOS, CHARACTER, DAEMON, FLY, MONSTER, PSYKER",,➤ Bolt of Change - witchfire,Ranged,9,2,9,-1,1,1,,
Lord of Change,Chaos - Thousand Sons,,c964-c75a-2a9d-e451,320,1,10,18,6,4,,5,12.0,"CHAOS, CHARACTER, DAEMON, FLY, MONSTER, PSYKER",,Staff of Tzeentch,Melee,5,3,6,-1,3,1,,
Magnus the Red,Chaos - Thousand Sons,,91dc-9aad-0505-52a8,455,1,11,16,2,4,,6,14.0,"CHAOS, CHARACTER, DAEMON, EPIC HERO, FLY, MONSTER, PSYKER",,Gaze of Magnus,Ranged,3D3,2,11,-2,3,1,Devastating Wounds,
Magnus the Red,Chaos - Thousand Sons,,91dc-9aad-0505-52a8,455,1,11,16,2,4,,6,14.0,"CHAOS, CHARACTER, DAEMON, EPIC HERO, FLY, MONSTER, PSYKER",,➤ Blade of Magnus - strike,Melee,7,2,16,-3,3,1,Devastating Wounds,
Magnus the Red,Chaos - Thousand Sons,,91dc-9aad-0505-52a8,455,1,11,16,2,4,,6,14.0,"CHAOS, CHARACTER, DAEMON, EPIC HERO, FLY, MONSTER, PSYKER",,Tzeentch's Firestorm,Ranged,D6+3,2,6,-1,2,1,"Blast, Ignores Cover",
Maulerfiend,Chaos - Thousand Sons,,f2aa-19fd-335a-09b3,120,1,10,12,3,5,,3,10.0,"CHAOS, DAEMON, VEHICLE, WALKER",,Maulerfiend fists,Melee,6,3,14,-2,D6+1,1,,
Maulerfiend,Chaos - Thousand Sons,,f2aa-19fd-335a-09b3,120,1,10,12,3,5,,3,10.0,"CHAOS, DAEMON, VEHICLE, WALKER",,Lasher tendrils,Melee,6,3,7,-1,1,1,,
Mutalith Vortex Beast,Chaos - Thousand Sons,,094c-c618-92c1-b394,170,1,10,13,4,5,,4,10.0,"CHAOS, MONSTER",,Betentacled maw,Melee,15,3,7,0,1,1,,
Mutalith Vortex Beast,Chaos - Thousand Sons,,094c-c618-92c1-b394,170,1,10,13,4,5,,4,10.0,"CHAOS, MONSTER",,Mutalith claws,Melee,5,3,10,-2,3,1,,
Mutalith Vortex Beast,Chaos - Thousand Sons,,094c-c618-92c1-b394,170,1,10,13,4,5,,4,10.0,"CHAOS, MONSTER",,➤ Warp vortex - blast,Ranged,D6+3,3,9,-2,2,1,Blast,
Pink Horrors,Chaos - Thousand Sons,,4c73-cbd1-f052-80c3,115,10,3,1,7,4,,1,6.0,"BATTLELINE, CHAOS, DAEMON, INFANTRY",,Coruscating pink flames,Ranged,2,3,4,-1,1,10,,
Pink Horrors,Chaos - Thousand Sons,,4c73-cbd1-f052-80c3,115,10,3,1,7,4,,1,6.0,"BATTLELINE, CHAOS, DAEMON, INFANTRY",,Pink claws,Melee,1,4,3,0,1,10,,
Pink Horrors,Chaos - Thousand Sons,,4c73-cbd1-f052-80c3,115,10,3,1,7,4,,1,6.0,"BATTLELINE, CHAOS, DAEMON, INFANTRY",,Blue claws (ref. only),Melee,1,5,3,0,1,10,,
Pink Horrors,Chaos - Thousand Sons,,4c73-cbd1-f052-80c3,115,10,3,1,7,4,,1,6.0,"BATTLELINE, CHAOS, DAEMON, INFANTRY",,Coruscating blue flames (ref. only),Ranged,2,4,3,-1,1,10,,
Pink Horrors,Chaos - Thousand Sons,,4c73-cbd1-f052-80c3,115,10,3,1,7,4,,1,6.0,"BATTLELINE, CHAOS, DAEMON, INFANTRY",,Coruscating yellow flames (ref. only),Ranged,2,5,2,-1,1,10,,
Pink Horrors,Chaos - Thousand Sons,,4c73-cbd1-f052-80c3,115,10,3,1,7,4,,1,6.0,"BATTLELINE, CHAOS, DAEMON, INFANTRY",,Yellow claws (ref. only),Melee,2,5,2,0,1,10,,
Rubric Marines,Chaos - Thousand Sons,,5d3d-e13b-8b76-dad3,100,5,4,2,3,5,,2,6.0,"BATTLELINE, CHAOS, INFANTRY",1x T4 W3 Sv3+ Inv5+ | 4x T4 W2 Sv3+ Inv5+,Force weapon,Melee,3,3,6,-1,D3,1,,
Rubric Marines,Chaos - Thousand Sons,,5d3d-e13b-8b76-dad3,100,5,4,2,3,5,,2,6.0,"BATTLELINE, CHAOS, INFANTRY",1x T4 W3 Sv3+ Inv5+ | 4x T4 W2 Sv3+ Inv5+,Malefic Curse,Ranged,3,3,4,-3,1,1,"Devastating Wounds, Anti-Infantry 4+",
Rubric Marines,Chaos - Thousand Sons,,5d3d-e13b-8b76-dad3,100,5,4,2,3,5,,2,6.0,"BATTLELINE, CHAOS, INFANTRY",1x T4 W3 Sv3+ Inv5+ | 4x T4 W2 Sv3+ Inv5+,Inferno bolt pistol,Ranged,1,3,4,-1,1,1,,
Rubric Marines,Chaos - Thousand Sons,,5d3d-e13b-8b76-dad3,100,5,4,2,3,5,,2,6.0,"BATTLELINE, CHAOS, INFANTRY",1x T4 W3 Sv3+ Inv5+ | 4x T4 W2 Sv3+ Inv5+,Inferno boltgun,Ranged,2,3,4,-2,1,4,,
Rubric Marines,Chaos - Thousand Sons,,5d3d-e13b-8b76-dad3,100,5,4,2,3,5,,2,6.0,"BATTLELINE, CHAOS, INFANTRY",1x T4 W3 Sv3+ Inv5+ | 4x T4 W2 Sv3+ Inv5+,Close combat weapon,Melee,2,3,4,0,1,4,,
Scarab Occult Terminators,Chaos - Thousand Sons,,b1cf-c5-5121-92a4,180,5,5,3,2,4,,1,5.0,"CHAOS, INFANTRY",1x T5 W4 Sv2+ Inv4+ | 3x T5 W3 Sv2+ Inv4+ | 1x T5 W3 Sv2+ Inv4+,Force weapon,Melee,4,3,6,-1,D3,1,,
Scarab Occult Terminators,Chaos - Thousand Sons,,b1cf-c5-5121-92a4,180,5,5,3,2,4,,1,5.0,"CHAOS, INFANTRY",1x T5 W4 Sv2+ Inv4+ | 3x T5 W3 Sv2+ Inv4+ | 1x T5 W3 Sv2+ Inv4+,Malefic Curse,Ranged,3,3,4,-3,1,1,"Devastating Wounds, Anti-Infantry 4+",
Scarab Occult Terminators,Chaos - Thousand Sons,,b1cf-c5-5121-92a4,180,5,5,3,2,4,,1,5.0,"CHAOS, INFANTRY",1x T5 W4 Sv2+ Inv4+ | 3x T5 W3 Sv2+ Inv4+ | 1x T5 W3 Sv2+ Inv4+,Prosperine khopesh,Melee,3,3,5,-2,2,1,,
Scarab Occult Terminators,Chaos - Thousand Sons,,b1cf-c5-5121-92a4,180,5,5,3,2,4,,1,5.0,"CHAOS, INFANTRY",1x T5 W4 Sv2+ Inv4+ | 3x T5 W3 Sv2+ Inv4+ | 1x T5 W3 Sv2+ Inv4+,Inferno combi-bolter,Ranged,2,3,4,-2,1,3,Rapid Fire 2,
Scarab Occult Terminators,Chaos - Thousand Sons,,b1cf-c5-5121-92a4,180,5,5,3,2,4,,1,5.0,"CHAOS, INFANTRY",1x T5 W4 Sv2+ Inv4+ | 3x T5 W3 Sv2+ Inv4+ | 1x T5 W3 Sv2+ Inv4+,Prosperine khopesh,Melee,3,3,5,-2,2,3,,
Scarab Occult Terminators,Chaos - Thousand Sons,,b1cf-c5-5121-92a4,180,5,5,3,2,4,,1,5.0,"CHAOS, INFANTRY",1x T5 W4 Sv2+ Inv4+ | 3x T5 W3 Sv2+ Inv4+ | 1x T5 W3 Sv2+ Inv4+,Inferno combi-bolter,Ranged,2,3,4,-2,1,1,Rapid Fire 2,
Scarab Occult Terminators,Chaos - Thousand Sons,,b1cf-c5-5121-92a4,180,5,5,3,2,4,,1,5.0,"CHAOS, INFANTRY",1x T5 W4 Sv2+ Inv4+ | 3x T5 W3 Sv2+ Inv4+ | 1x T5 W3 Sv2+ Inv4+,Prosperine khopesh,Melee,3,3,5,-2,2,1,,
Screamers,Chaos - Thousand Sons,,7cbe-2406-8e67-aff5,80,3,4,3,6,4,,1,14.0,"BEAST, CHAOS, DAEMON, FLY",,Lamprey bite,Melee,3,3,6,-2,2,3,"Anti-Monster 4+, Anti-Vehicle 4+",
Sekhetar Robots,Chaos - Thousand Sons,,fe4b-b3a4-69b7-3088,85,2,6,4,3,5,,1,8.0,"CHAOS, VEHICLE, WALKER",,Pyreflux meltagun,Ranged,1,4,10,-4,D6,2,Melta 2,
Sekhetar Robots,Chaos - Thousand Sons,,fe4b-b3a4-69b7-3088,85,2,6,4,3,5,,1,8.0,"CHAOS, VEHICLE, WALKER",,Close combat weapon,Melee,3,4,5,0,1,2,,
Sekhetar Robots,Chaos - Thousand Sons,,fe4b-b3a4-69b7-3088,85,2,6,4,3,5,,1,8.0,"CHAOS, VEHICLE, WALKER",,Heavy warpflamer,Ranged,D6,2,5,-2,1,2,"Torrent, Ignores Cover",
Sekhetar Robots,Chaos - Thousand Sons,,fe4b-b3a4-69b7-3088,85,2,6,4,3,5,,1,8.0,"CHAOS, VEHICLE, WALKER",,Hellfyre missile rack,Ranged,2,4,10,-2,3,2,,
Sorcerer,Chaos - Thousand Sons,,af1e-9a3d-785c-47f8,95,1,4,4,3,5,,1,6.0,"CHAOS, CHARACTER, INFANTRY, PSYKER",,Pandaemonic Delusion,Ranged,6,3,5,-1,1,1,Sustained Hits 3,
Sorcerer,Chaos - Thousand Sons,,af1e-9a3d-785c-47f8,95,1,4,4,3,5,,1,6.0,"CHAOS, CHARACTER, INFANTRY, PSYKER",,Force weapon,Melee,4,3,6,-1,D3,1,,
Sorcerer,Chaos - Thousand Sons,,af1e-9a3d-785c-47f8,95,1,4,4,3,5,,1,6.0,"CHAOS, CHARACTER, INFANTRY, PSYKER",,Inferno bolt pistol,Ranged,1,2,4,-1,1,1,,
Sorcerer in Terminator Armour,Chaos - Thousand Sons,,c6d1-e73b-9d26-5d8b,100,1,5,5,2,4,,1,5.0,"CHAOS, CHARACTER, INFANTRY, PSYKER",,Gaze of Hate,Ranged,3,3,4,-3,2,1,"Devastating Wounds, Anti-Monster 4+, Anti-Vehicle 4+",
Sorcerer in Terminator Armour,Chaos - Thousand Sons,,c6d1-e73b-9d26-5d8b,100,1,5,5,2,4,,1,5.0,"CHAOS, CHARACTER, INFANTRY, PSYKER",,Force weapon,Melee,4,3,6,-1,D3,1,,
Sorcerer in Terminator Armour,Chaos - Thousand Sons,,c6d1-e73b-9d26-5d8b,100,1,5,5,2,4,,1,5.0,"CHAOS, CHARACTER, INFANTRY, PSYKER",,Inferno combi-bolter,Ranged,2,3,4,-2,1,1,Rapid Fire 2,
Tzaangor Enlightened,Chaos - Thousand Sons,,1703-3edd-5eb3-fcef,50,3,4,2,5,5,,2,10.0,"CHAOS, FLY, MOUNTED",,Autopistol,Ranged,1,4,3,0,1,1,,
Tzaangor Enlightened,Chaos - Thousand Sons,,1703-3edd-5eb3-fcef,50,3,4,2,5,5,,2,10.0,"CHAOS, FLY, MOUNTED",,Chainsword,Melee,6,4,4,0,1,1,,
Tzaangor Enlightened,Chaos - Thousand Sons,,1703-3edd-5eb3-fcef,50,3,4,2,5,5,,2,10.0,"CHAOS, FLY, MOUNTED",,Divining spear,Melee,3,4,5,-1,2,2,Lance,
Tzaangor Enlightened with Fatecaster greatbows,Chaos - Thousand Sons,,8b9f-917f-37c1-99c3,55,3,4,2,5,5,,2,10.0,"CHAOS, FLY, MOUNTED",,Fatecaster greatbow,Ranged,2,4,5,-2,2,1,"Lethal Hits, Ignores Cover",
Tzaangor Enlightened with Fatecaster greatbows,Chaos - Thousand Sons,,8b9f-917f-37c1-99c3,55,3,4,2,5,5,,2,10.0,"CHAOS, FLY, MOUNTED",,Close combat weapon,Melee,2,4,4,0,1,1,,
Tzaangor Enlightened with Fatecaster greatbows,Chaos - Thousand Sons,,8b9f-917f-37c1-99c3,55,3,4,2,5,5,,2,10.0,"CHAOS, FLY, MOUNTED",,Fatecaster greatbow,Ranged,2,4,5,-2,2,2,"Lethal Hits, Ignores Cover",
Tzaangor Enlightened with Fatecaster greatbows,Chaos - Thousand Sons,,8b9f-917f-37c1-99c3,55,3,4,2,5,5,,2,10.0,"CHAOS, FLY, MOUNTED",,Close combat weapon,Melee,2,4,4,0,1,2,,
Tzaangor Shaman,Chaos - Thousand Sons,,c251-bd54-441-4799,65,1,4,4,5,5,,2,10.0,"CHAOS, CHARACTER, FLY, INFANTRY, MOUNTED, PSYKER",,Baleful Devolution,Ranged,D6,3,9,0,1,1,"Devastating Wounds, Blast",
Tzaangor Shaman,Chaos - Thousand Sons,,c251-bd54-441-4799,65,1,4,4,5,5,,2,10.0,"CHAOS, CHARACTER, FLY, INFANTRY, MOUNTED, PSYKER",,Force stave,Melee,3,3,5,-1,D3,1,,
Tzaangors,Chaos - Thousand Sons,,f5b9-50c8-5c60-d8ea,75,10,4,1,6,6,,1,6.0,"CHAOS, INFANTRY",,Tzaangor blades,Melee,2,4,5,0,1,1,,
Tzaangors,Chaos - Thousand Sons,,f5b9-50c8-5c60-d8ea,75,10,4,1,6,6,,1,6.0,"CHAOS, INFANTRY",,Tzaangor blades,Melee,2,4,5,0,1,9,,
Angron,Chaos - World Eaters,,f4b8-1179-de57-4d69,330,1,11,16,2,4,,6,14.0,"CHAOS, CHARACTER, DAEMON, EPIC HERO, FLY, MONSTER",,➤ Samni’arius and Spinegrinder - strike,Melee,8,2,14,-3,D6+2,1,Devastating Wounds,
Bloodcrushers,Chaos - World Eaters,,e65f-c7c7-1d18-1a60,95,3,7,4,3,5,,2,10.0,"CHAOS, DAEMON, MOUNTED",,Hellblade,Melee,2,3,5,-2,2,2,,
Bloodcrushers,Chaos - World Eaters,,e65f-c7c7-1d18-1a60,95,3,7,4,3,5,,2,10.0,"CHAOS, DAEMON, MOUNTED",,Bladed horn,Melee,4,4,6,-1,1,2,Lance,
Bloodcrushers,Chaos - World Eaters,,e65f-c7c7-1d18-1a60,95,3,7,4,3,5,,2,10.0,"CHAOS, DAEMON, MOUNTED",,Hellblade,Melee,2,3,5,-2,2,1,,
Bloodcrushers,Chaos - World Eaters,,e65f-c7c7-1d18-1a60,95,3,7,4,3,5,,2,10.0,"CHAOS, DAEMON, MOUNTED",,Bladed horn,Melee,4,4,6,-1,1,1,Lance,
Bloodletters,Chaos - World Eaters,,9188-4709-00ba-e5e0,90,10,4,1,7,5,,1,8.0,"BATTLELINE, CHAOS, DAEMON, INFANTRY",,Hellblade,Melee,2,3,5,-2,2,9,,
Bloodletters,Chaos - World Eaters,,9188-4709-00ba-e5e0,90,10,4,1,7,5,,1,8.0,"BATTLELINE, CHAOS, DAEMON, INFANTRY",,Hellblade,Melee,2,3,5,-2,2,1,,
Bloodthirster,Chaos - World Eaters,,4ad2-bd20-6dfe-776b,320,1,11,18,3,4,,5,12.0,"CHAOS, CHARACTER, DAEMON, FLY, MONSTER",,Hellfire breath,Ranged,D6,2,5,-1,1,1,"Torrent, Ignores Cover",
Bloodthirster,Chaos - World Eaters,,4ad2-bd20-6dfe-776b,320,1,11,18,3,4,,5,12.0,"CHAOS, CHARACTER, DAEMON, FLY, MONSTER",,➤ Great axe of Khorne - strike,Melee,7,2,16,-4,D6+2,1,,
Chaos Land Raider,Chaos - World Eaters,,4251-bd4f-f7ac-9487,220,1,12,16,2,,,5,10.0,"CHAOS, TRANSPORT, VEHICLE",,Armoured tracks,Melee,9,3,8,0,1,1,,
Chaos Land Raider,Chaos - World Eaters,,4251-bd4f-f7ac-9487,220,1,12,16,2,,,5,10.0,"CHAOS, TRANSPORT, VEHICLE",,Soulshatter lascannon,Ranged,2,4,12,-3,D6+1,2,Rapid Fire 2,
Chaos Land Raider,Chaos - World Eaters,,4251-bd4f-f7ac-9487,220,1,12,16,2,,,5,10.0,"CHAOS, TRANSPORT, VEHICLE",,Twin heavy bolter,Ranged,3,4,5,-1,2,1,"Sustained Hits 1, Twin-linked, Rapid Fire 2",
Chaos Predator Annihilator,Chaos - World Eaters,,497c-f787-5a7e-1020,130,1,10,11,3,,,3,10.0,"CHAOS, VEHICLE",,Predator twin lascannon,Ranged,1,4,14,-3,D6+1,1,"Twin-linked, Rapid Fire 2",
Chaos Predator Annihilator,Chaos - World Eaters,,497c-f787-5a7e-1020,130,1,10,11,3,,,3,10.0,"CHAOS, VEHICLE",,Armoured tracks,Melee,6,3,6,0,1,1,,
Chaos Predator Destructor,Chaos - World Eaters,,04a0-269e-3bab-2c61,130,1,10,11,3,,,3,10.0,"CHAOS, VEHICLE",,Predator autocannon,Ranged,4,4,9,-1,3,1,Rapid Fire 6,
Chaos Predator Destructor,Chaos - World Eaters,,04a0-269e-3bab-2c61,130,1,10,11,3,,,3,10.0,"CHAOS, VEHICLE",,Armoured tracks,Melee,6,3,6,0,1,1,,
Chaos Rhino,Chaos - World Eaters,,e849-ce40-ee43-7623,75,1,9,10,3,,,2,12.0,"CHAOS, TRANSPORT, VEHICLE",,Armoured tracks,Melee,6,3,6,0,1,1,,
Chaos Spawn,Chaos - World Eaters,,edde-57bf-bccc-d8b2,95,2,5,4,4,,,1,10.0,"BEAST, CHAOS",,Hideous Mutations,Melee,D6+4,4,5,-1,2,2,,
Chaos Terminators,Chaos - World Eaters,,45f6-8429-a1d9-2a51,165,5,5,3,2,4,,1,7.0,"CHAOS, INFANTRY",,Combi-bolter,Ranged,2,4,4,0,1,1,Rapid Fire 4,
Chaos Terminators,Chaos - World Eaters,,45f6-8429-a1d9-2a51,165,5,5,3,2,4,,1,7.0,"CHAOS, INFANTRY",,Accursed weapon,Melee,4,3,5,-2,1,1,,
Chaos Terminators,Chaos - World Eaters,,45f6-8429-a1d9-2a51,165,5,5,3,2,4,,1,7.0,"CHAOS, INFANTRY",,Combi-bolter,Ranged,2,4,4,0,1,4,Rapid Fire 4,
Chaos Terminators,Chaos - World Eaters,,45f6-8429-a1d9-2a51,165,5,5,3,2,4,,1,7.0,"CHAOS, INFANTRY",,Accursed weapon,Melee,4,3,5,-2,1,4,,
Daemon Prince of Khorne,Chaos - World Eaters,,40c5-9ebd-6d42-2855,200,1,10,10,2,4,,3,10.0,"CHAOS, CHARACTER, DAEMON, MONSTER",,➤ Hellforged weapons - strike,Melee,8,2,8,-2,3,1,,
Daemon Prince of Khorne,Chaos - World Eaters,,40c5-9ebd-6d42-2855,200,1,10,10,2,4,,3,10.0,"CHAOS, CHARACTER, DAEMON, MONSTER",,Infernal cannon,Ranged,3,3,5,-1,2,1,Rapid Fire 1,
Daemon Prince of Khorne with wings,Chaos - World Eaters,,0294-61a4-c6ed-b2e8,170,1,9,10,2,4,,3,14.0,"CHAOS, CHARACTER, DAEMON, FLY, MONSTER",,➤ Hellforged weapons - strike,Melee,8,2,8,-2,3,1,,
Daemon Prince of Khorne with wings,Chaos - World Eaters,,0294-61a4-c6ed-b2e8,170,1,9,10,2,4,,3,14.0,"CHAOS, CHARACTER, DAEMON, FLY, MONSTER",,Infernal cannon,Ranged,3,3,5,-1,2,1,Rapid Fire 1,
Defiler,Chaos - World Eaters,,ea51-5575-9e74-9346,270,1,11,18,3,5,,5,14.0,"CHAOS, DAEMON, VEHICLE, WALKER",,Shearing claws - strike,Melee,6,3,16,-3,D6+1,1,,
Defiler,Chaos - World Eaters,,ea51-5575-9e74-9346,270,1,11,18,3,5,,5,14.0,"CHAOS, DAEMON, VEHICLE, WALKER",,Shearing claws - sweep,Melee,12,3,6,-2,1,1,,
Defiler,Chaos - World Eaters,,ea51-5575-9e74-9346,270,1,11,18,3,5,,5,14.0,"CHAOS, DAEMON, VEHICLE, WALKER",,➤ Heavy missile launcher - frag,Ranged,2D6,4,5,-1,1,1,"Blast, Rapid Fire 3",
Defiler,Chaos - World Eaters,,ea51-5575-9e74-9346,270,1,11,18,3,5,,5,14.0,"CHAOS, DAEMON, VEHICLE, WALKER",,Hades battle cannon,Ranged,D6+3,4,10,-1,3,1,"Blast, Rapid Fire 3",
Defiler,Chaos - World Eaters,,ea51-5575-9e74-9346,270,1,11,18,3,5,,5,14.0,"CHAOS, DAEMON, VEHICLE, WALKER",,Heavy baleflamer,Ranged,D6+3,2,7,-2,2,1,"Torrent, Ignores Cover",
Defiler,Chaos - World Eaters,,ea51-5575-9e74-9346,270,1,11,18,3,5,,5,14.0,"CHAOS, DAEMON, VEHICLE, WALKER",,Excruciator cannon,Ranged,6,4,6,-1,2,2,Rapid Fire 3,
Eightbound,Chaos - World Eaters,,9435-1f44-7e5b-d510,125,3,6,3,3,5,,1,10.0,"CHAOS, DAEMON, INFANTRY",,Chainblades,Melee,5,3,8,-2,2,2,,
Eightbound,Chaos - World Eaters,,9435-1f44-7e5b-d510,125,3,6,3,3,5,,1,10.0,"CHAOS, DAEMON, INFANTRY",,Chainblades,Melee,5,3,8,-2,2,1,,
Exalted Eightbound,Chaos - World Eaters,,9932-3d2b-1e47-d53b,130,3,6,3,3,5,,1,10.0,"CHAOS, DAEMON, INFANTRY",,Chainblades,Melee,4,3,8,-3,2,2,"Anti-Monster 3+, Anti-Vehicle 3+",
Exalted Eightbound,Chaos - World Eaters,,9932-3d2b-1e47-d53b,130,3,6,3,3,5,,1,10.0,"CHAOS, DAEMON, INFANTRY",,Chainblades,Melee,4,3,8,-3,2,1,"Anti-Monster 3+, Anti-Vehicle 3+",
Flesh Hounds,Chaos - World Eaters,,b657-1743-6e3a-0838,75,5,4,2,7,5,,1,12.0,"BEAST, CHAOS, DAEMON",,Gore-drenched fangs,Melee,3,3,5,-1,1,4,,
Flesh Hounds,Chaos - World Eaters,,b657-1743-6e3a-0838,75,5,4,2,7,5,,1,12.0,"BEAST, CHAOS, DAEMON",,Burning roar,Ranged,D6,2,4,0,1,1,"Torrent, Ignores Cover",
Flesh Hounds,Chaos - World Eaters,,b657-1743-6e3a-0838,75,5,4,2,7,5,,1,12.0,"BEAST, CHAOS, DAEMON",,Gore-drenched fangs,Melee,3,3,5,-1,1,1,,
Forgefiend,Chaos - World Eaters,,81e1-b212-69c1-308f,140,1,10,12,3,5,,3,10.0,"CHAOS, DAEMON, VEHICLE, WALKER",,Hades autocannon,Ranged,6,4,8,-1,2,2,Rapid Fire 4,
Forgefiend,Chaos - World Eaters,,81e1-b212-69c1-308f,140,1,10,12,3,5,,3,10.0,"CHAOS, DAEMON, VEHICLE, WALKER",,Forgefiend jaws,Melee,8,3,7,-1,2,1,,
Goremongers,Chaos - World Eaters,,b399-9b66-e550-8050,75,8,4,1,6,,,1,9.0,"CHAOS, INFANTRY",,Autopistol,Ranged,1,4,3,0,1,1,,
Goremongers,Chaos - World Eaters,,b399-9b66-e550-8050,75,8,4,1,6,,,1,9.0,"CHAOS, INFANTRY",,Chainblade,Melee,3,4,3,0,1,1,Lance,
Goremongers,Chaos - World Eaters,,b399-9b66-e550-8050,75,8,4,1,6,,,1,9.0,"CHAOS, INFANTRY",,Close combat weapon,Melee,2,4,3,0,1,1,,
Goremongers,Chaos - World Eaters,,b399-9b66-e550-8050,75,8,4,1,6,,,1,9.0,"CHAOS, INFANTRY",,Autopistol,Ranged,1,4,3,0,1,7,,
Goremongers,Chaos - World Eaters,,b399-9b66-e550-8050,75,8,4,1,6,,,1,9.0,"CHAOS, INFANTRY",,Chainblade,Melee,3,4,3,0,1,7,Lance,
Goremongers,Chaos - World Eaters,,b399-9b66-e550-8050,75,8,4,1,6,,,1,9.0,"CHAOS, INFANTRY",,Close combat weapon,Melee,2,4,3,0,1,7,,
Helbrute,Chaos - World Eaters,,273a-db24-3f7c-b977,120,1,9,8,2,,,3,9.0,"CHAOS, VEHICLE, WALKER",,Close combat weapon,Melee,6,3,6,0,1,1,,
Helbrute,Chaos - World Eaters,,273a-db24-3f7c-b977,120,1,9,8,2,,,3,9.0,"CHAOS, VEHICLE, WALKER",,➤ Missile launcher - frag,Ranged,D6,4,4,0,1,1,"Blast, Rapid Fire 3",
Helbrute,Chaos - World Eaters,,273a-db24-3f7c-b977,120,1,9,8,2,,,3,9.0,"CHAOS, VEHICLE, WALKER",,Multi-melta,Ranged,2,4,9,-4,D6,1,"Melta 2, Rapid Fire 1",
Heldrake,Chaos - World Eaters,,de2e-8fae-9d22-24a4,175,1,9,12,3,5,,0,12.0,"CHAOS, DAEMON, FLY, VEHICLE",,Heldrake claws,Melee,6,3,7,-1,2,1,"Devastating Wounds, Anti-Fly 2+",
Heldrake,Chaos - World Eaters,,de2e-8fae-9d22-24a4,175,1,9,12,3,5,,0,12.0,"CHAOS, DAEMON, FLY, VEHICLE",,Baleflamer,Ranged,D6+3,2,6,-1,2,1,"Torrent, Ignores Cover",
Jakhals,Chaos - World Eaters,,6f81-4538-a414-251e,65,2,4,1,6,,,1,7.0,"CHAOS, INFANTRY",,Autopistol,Ranged,1,4,3,0,1,1,,
Jakhals,Chaos - World Eaters,,6f81-4538-a414-251e,65,2,4,1,6,,,1,7.0,"CHAOS, INFANTRY",,Chainblades,Melee,3,4,3,0,1,1,,
Jakhals,Chaos - World Eaters,,6f81-4538-a414-251e,65,2,4,1,6,,,1,7.0,"CHAOS, INFANTRY",,Paired manglers,Melee,4,4,4,0,1,1,,
Khorne Berzerkers,Chaos - World Eaters,,f909-00c7-8ba4-018a,160,10,4,2,3,,,2,8.0,"BATTLELINE, CHAOS, INFANTRY",,Chainblade,Melee,4,3,4,-1,1,1,,
Khorne Berzerkers,Chaos - World Eaters,,f909-00c7-8ba4-018a,160,10,4,2,3,,,2,8.0,"BATTLELINE, CHAOS, INFANTRY",,➤ Plasma pistol - standard,Ranged,1,4,7,-2,1,1,,
Khorne Berzerkers,Chaos - World Eaters,,f909-00c7-8ba4-018a,160,10,4,2,3,,,2,8.0,"BATTLELINE, CHAOS, INFANTRY",,Chainblade,Melee,4,3,4,-1,1,5,,
Khorne Berzerkers,Chaos - World Eaters,,f909-00c7-8ba4-018a,160,10,4,2,3,,,2,8.0,"BATTLELINE, CHAOS, INFANTRY",,Bolt pistol,Ranged,1,4,4,0,1,5,,
Khorne Berzerkers,Chaos - World Eaters,,f909-00c7-8ba4-018a,160,10,4,2,3,,,2,8.0,"BATTLELINE, CHAOS, INFANTRY",,Chainblade,Melee,4,3,4,-1,1,4,,
Khorne Berzerkers,Chaos - World Eaters,,f909-00c7-8ba4-018a,160,10,4,2,3,,,2,8.0,"BATTLELINE, CHAOS, INFANTRY",,Bolt pistol,Ranged,1,4,4,0,1,4,,
Khorne Lord of Skulls,Chaos - World Eaters,,836c-f65b-6bcb-9663,505,1,13,24,3,5,,8,12.0,"CHAOS, DAEMON, TITANIC, VEHICLE",,➤ Great cleaver of Khorne - strike,Melee,6,3,16,-4,8,1,,
Khorne Lord of Skulls,Chaos - World Eaters,,836c-f65b-6bcb-9663,505,1,13,24,3,5,,8,12.0,"CHAOS, DAEMON, TITANIC, VEHICLE",,Hades gatling cannon,Ranged,12,4,8,-2,2,1,"Sustained Hits 1, Rapid Fire 6",
Khorne Lord of Skulls,Chaos - World Eaters,,836c-f65b-6bcb-9663,505,1,13,24,3,5,,8,12.0,"CHAOS, DAEMON, TITANIC, VEHICLE",,Gorestorm cannon,Ranged,D6+3,4,10,-2,3,1,"Blast, Rapid Fire 3",
Khârn the Betrayer,Chaos - World Eaters,,3449-7dac-6ac8-5d51,115,1,4,5,3,4,,1,8.0,"CHAOS, CHARACTER, EPIC HERO, INFANTRY",,Gorechild,Melee,8,2,7,-2,3,1,,
Khârn the Betrayer,Chaos - World Eaters,,3449-7dac-6ac8-5d51,115,1,4,5,3,4,,1,8.0,"CHAOS, CHARACTER, EPIC HERO, INFANTRY",,➤ Plasma pistol - standard,Ranged,1,3,7,-2,1,1,,
Lord Invocatus,Chaos - World Eaters,,3b15-b424-2059-71fa,100,1,6,8,3,4,,2,10.0,"CHAOS, CHARACTER, EPIC HERO, MOUNTED",,Bolt pistol,Ranged,1,2,4,0,1,1,,
Lord Invocatus,Chaos - World Eaters,,3b15-b424-2059-71fa,100,1,6,8,3,4,,2,10.0,"CHAOS, CHARACTER, EPIC HERO, MOUNTED",,Coward's Bane,Melee,7,2,6,-2,2,1,Devastating Wounds,
Lord Invocatus,Chaos - World Eaters,,3b15-b424-2059-71fa,100,1,6,8,3,4,,2,10.0,"CHAOS, CHARACTER, EPIC HERO, MOUNTED",,Bladed horn,Melee,4,3,6,-1,2,1,Lance,
Lord on Juggernaut,Chaos - World Eaters,,ec72-f024-4283-0558,95,1,6,7,3,4,,2,10.0,"CHAOS, CHARACTER, MOUNTED",,Bladed horn,Melee,4,3,6,-1,2,1,Lance,
Lord on Juggernaut,Chaos - World Eaters,,ec72-f024-4283-0558,95,1,6,7,3,4,,2,10.0,"CHAOS, CHARACTER, MOUNTED",,Exalted chainblade,Melee,7,2,6,-1,2,1,,
Lord on Juggernaut,Chaos - World Eaters,,ec72-f024-4283-0558,95,1,6,7,3,4,,2,10.0,"CHAOS, CHARACTER, MOUNTED",,➤ Plasma pistol - standard,Ranged,1,3,7,-2,1,1,,
Master of Executions,Chaos - World Eaters,,1b56-682c-ac33-bc5f,60,1,4,4,3,,,1,8.0,"CHAOS, CHARACTER, INFANTRY",,Axe of dismemberment,Melee,5,2,7,-2,2,1,Devastating Wounds,
Master of Executions,Chaos - World Eaters,,1b56-682c-ac33-bc5f,60,1,4,4,3,,,1,8.0,"CHAOS, CHARACTER, INFANTRY",,Bolt pistol,Ranged,1,3,4,0,1,1,,
Maulerfiend,Chaos - World Eaters,,a619-8a52-be03-3bd5,140,1,10,12,3,5,,3,12.0,"CHAOS, DAEMON, VEHICLE, WALKER",,Maulerfiend fists,Melee,8,3,14,-2,D6+1,1,,
Maulerfiend,Chaos - World Eaters,,a619-8a52-be03-3bd5,140,1,10,12,3,5,,3,12.0,"CHAOS, DAEMON, VEHICLE, WALKER",,Lasher tendrils,Melee,6,3,7,-1,1,1,,
Skarbrand,Chaos - World Eaters,,71d9-9dc2-2b9a-6db3,315,1,11,20,3,4,,5,10.0,"CHAOS, CHARACTER, DAEMON, EPIC HERO, MONSTER",,Bellow of endless fury,Ranged,2D6,2,8,-1,1,1,"Torrent, Ignores Cover",
Skarbrand,Chaos - World Eaters,,71d9-9dc2-2b9a-6db3,315,1,11,20,3,4,,5,10.0,"CHAOS, CHARACTER, DAEMON, EPIC HERO, MONSTER",,➤ Slaughter and Carnage - strike,Melee,8,2,16,-4,6,1,,
Slaughterbound,Chaos - World Eaters,,71c9-b10b-b55f-483e,100,1,6,6,3,5,,1,10.0,"CHAOS, CHARACTER, DAEMON, INFANTRY",,Lacerator and daemonic claw,Melee,6,2,10,-2,2,1,,
Aestred Thurga and Agathae Dolan,Imperium - Adepta Sororitas,,4b94-c22e-84f9-8d32,80,2,3,4,2,4,,1,6.0,"CHARACTER, EPIC HERO, INFANTRY",1x T3 W4 Sv2+ Inv4+ char | 1x T3 W3 Sv6+ Inv4+,Blade of Vigil,Melee,4,2,5,-2,2,1,,
Aestred Thurga and Agathae Dolan,Imperium - Adepta Sororitas,,4b94-c22e-84f9-8d32,80,2,3,4,2,4,,1,6.0,"CHARACTER, EPIC HERO, INFANTRY",1x T3 W4 Sv2+ Inv4+ char | 1x T3 W3 Sv6+ Inv4+,Bolt pistol,Ranged,1,3,4,0,1,1,,
Aestred Thurga and Agathae Dolan,Imperium - Adepta Sororitas,,4b94-c22e-84f9-8d32,80,2,3,4,2,4,,1,6.0,"CHARACTER, EPIC HERO, INFANTRY",1x T3 W4 Sv2+ Inv4+ char | 1x T3 W3 Sv6+ Inv4+,Bolt pistol,Ranged,1,3,4,0,1,1,,
Aestred Thurga and Agathae Dolan,Imperium - Adepta Sororitas,,4b94-c22e-84f9-8d32,80,2,3,4,2,4,,1,6.0,"CHARACTER, EPIC HERO, INFANTRY",1x T3 W4 Sv2+ Inv4+ char | 1x T3 W3 Sv6+ Inv4+,Scribe's staff,Melee,3,4,4,0,1,1,,
Arco-Flagellants,Imperium - Adepta Sororitas,,ca59-3760-5efc-9846,50,3,3,2,7,6,,1,7.0,INFANTRY,,Arco-flails,Melee,4,4,5,0,1,3,Sustained Hits 1,
Battle Sisters Squad,Imperium - Adepta Sororitas,,f26d-450d-1c55-caeb,100,10,3,1,3,6,,2,6.0,"BATTLELINE, INFANTRY",,Bolt pistol,Ranged,1,3,4,0,1,1,,
Battle Sisters Squad,Imperium - Adepta Sororitas,,f26d-450d-1c55-caeb,100,10,3,1,3,6,,2,6.0,"BATTLELINE, INFANTRY",,Close combat weapon,Melee,1,4,3,0,1,1,,
Battle Sisters Squad,Imperium - Adepta Sororitas,,f26d-450d-1c55-caeb,100,10,3,1,3,6,,2,6.0,"BATTLELINE, INFANTRY",,Bolt pistol,Ranged,1,3,4,0,1,6,,
Battle Sisters Squad,Imperium - Adepta Sororitas,,f26d-450d-1c55-caeb,100,10,3,1,3,6,,2,6.0,"BATTLELINE, INFANTRY",,Boltgun,Ranged,1,3,4,0,1,6,Rapid Fire 1,
Battle Sisters Squad,Imperium - Adepta Sororitas,,f26d-450d-1c55-caeb,100,10,3,1,3,6,,2,6.0,"BATTLELINE, INFANTRY",,Close combat weapon,Melee,1,4,3,0,1,6,,
Battle Sisters Squad,Imperium - Adepta Sororitas,,f26d-450d-1c55-caeb,100,10,3,1,3,6,,2,6.0,"BATTLELINE, INFANTRY",,Bolt pistol,Ranged,1,3,4,0,1,3,,
Battle Sisters Squad,Imperium - Adepta Sororitas,,f26d-450d-1c55-caeb,100,10,3,1,3,6,,2,6.0,"BATTLELINE, INFANTRY",,Boltgun,Ranged,1,3,4,0,1,3,Rapid Fire 1,
Battle Sisters Squad,Imperium - Adepta Sororitas,,f26d-450d-1c55-caeb,100,10,3,1,3,6,,2,6.0,"BATTLELINE, INFANTRY",,Close combat weapon,Melee,1,4,3,0,1,3,,
Canoness,Imperium - Adepta Sororitas,,c338-14f9-4ee-f223,60,1,3,4,3,4,,1,6.0,"CHARACTER, INFANTRY",,Hallowed Chainsword,Melee,5,2,3,-1,1,1,,
Canoness,Imperium - Adepta Sororitas,,c338-14f9-4ee-f223,60,1,3,4,3,4,,1,6.0,"CHARACTER, INFANTRY",,Bolt Pistol,Ranged,1,2,4,0,1,1,,
Canoness with Jump Pack,Imperium - Adepta Sororitas,,e80a-4a97-2c3b-710e,75,1,3,3,3,4,,1,12.0,"CHARACTER, FLY, INFANTRY",,Blessed Halberd,Melee,5,2,5,-2,2,1,,
Castigator,Imperium - Adepta Sororitas,,820-1e76-78cc-931a,165,1,10,11,3,6,,3,10.0,VEHICLE,,Heavy bolter,Ranged,3,3,5,-1,2,3,Sustained Hits 1,
Castigator,Imperium - Adepta Sororitas,,820-1e76-78cc-931a,165,1,10,11,3,6,,3,10.0,VEHICLE,,Armoured tracks,Melee,3,4,6,0,1,1,,
Castigator,Imperium - Adepta Sororitas,,820-1e76-78cc-931a,165,1,10,11,3,6,,3,10.0,VEHICLE,,Castigator autocannons,Ranged,4,3,9,-1,3,1,"Twin-linked, Rapid Fire 4",
Celestian Insidiants,Imperium - Adepta Sororitas,,e286-849d-8f74-75e6,120,10,3,1,3,5,,1,6.0,INFANTRY,,Null mace,Melee,3,3,4,-1,1,1,"Devastating Wounds, Anti-Psyker 4+",
Celestian Insidiants,Imperium - Adepta Sororitas,,e286-849d-8f74-75e6,120,10,3,1,3,5,,1,6.0,INFANTRY,,Inferno pistol,Ranged,1,3,8,-4,D3,1,Melta 2,
Celestian Insidiants,Imperium - Adepta Sororitas,,e286-849d-8f74-75e6,120,10,3,1,3,5,,1,6.0,INFANTRY,,Condemnor bolt pistol,Ranged,1,3,4,0,1,2,"Devastating Wounds, Anti-Psyker 4+",
Celestian Insidiants,Imperium - Adepta Sororitas,,e286-849d-8f74-75e6,120,10,3,1,3,5,,1,6.0,INFANTRY,,Null mace,Melee,3,3,4,-1,1,2,"Devastating Wounds, Anti-Psyker 4+",
Celestian Insidiants,Imperium - Adepta Sororitas,,e286-849d-8f74-75e6,120,10,3,1,3,5,,1,6.0,INFANTRY,,Condemnor bolt pistol,Ranged,1,3,4,0,1,7,"Devastating Wounds, Anti-Psyker 4+",
Celestian Insidiants,Imperium - Adepta Sororitas,,e286-849d-8f74-75e6,120,10,3,1,3,5,,1,6.0,INFANTRY,,Null mace,Melee,3,3,4,-1,1,7,"Devastating Wounds, Anti-Psyker 4+",
Celestian Sacresants,Imperium - Adepta Sororitas,,f1af-4984-1a52-c5,75,5,3,1,3,4,,1,6.0,INFANTRY,,Spear of the Faithful,Melee,3,3,5,-2,2,1,,
Celestian Sacresants,Imperium - Adepta Sororitas,,f1af-4984-1a52-c5,75,5,3,1,3,4,,1,6.0,INFANTRY,,Anointed Halberd,Melee,3,3,5,-2,1,4,Sustained Hits 1,
Celestian Sacresants,Imperium - Adepta Sororitas,,f1af-4984-1a52-c5,75,5,3,1,3,4,,1,6.0,INFANTRY,,Bolt pistol,Ranged,1,3,4,0,1,4,,
Daemonifuge,Imperium - Adepta Sororitas,,8569-2390-d4db-30fd,85,2,3,5,3,4,,1,8.0,"CHARACTER, EPIC HERO, INFANTRY",1x T3 W5 Sv3+ Inv4+ char | 1x T3 W3 Sv6+ Inv4+,Sanctity,Melee,4,2,6,-2,2,1,Anti-Chaos 2+,
Daemonifuge,Imperium - Adepta Sororitas,,8569-2390-d4db-30fd,85,2,3,5,3,4,,1,8.0,"CHARACTER, EPIC HERO, INFANTRY",1x T3 W5 Sv3+ Inv4+ char | 1x T3 W3 Sv6+ Inv4+,Bolt pistol,Ranged,1,3,4,0,1,1,,
Daemonifuge,Imperium - Adepta Sororitas,,8569-2390-d4db-30fd,85,2,3,5,3,4,,1,8.0,"CHARACTER, EPIC HERO, INFANTRY",1x T3 W5 Sv3+ Inv4+ char | 1x T3 W3 Sv6+ Inv4+,The Outcast's Blades,Melee,6,2,4,-2,1,1,,
Dialogus,Imperium - Adepta Sororitas,,91b8-3ccb-de30-6e54,40,1,3,3,3,4,,1,6.0,"CHARACTER, INFANTRY",,Dialogus staff,Melee,3,4,4,0,1,1,,
Dialogus,Imperium - Adepta Sororitas,,91b8-3ccb-de30-6e54,40,1,3,3,3,4,,1,6.0,"CHARACTER, INFANTRY",,Bolt pistol,Ranged,1,3,4,0,1,1,,
Dogmata,Imperium - Adepta Sororitas,,76b1-f4d1-b2f0-6949,45,1,3,3,3,6,,1,6.0,"CHARACTER, INFANTRY",,Mace of the Righteous,Melee,4,3,5,-2,2,1,,
Dogmata,Imperium - Adepta Sororitas,,76b1-f4d1-b2f0-6949,45,1,3,3,3,6,,1,6.0,"CHARACTER, INFANTRY",,Bolt pistol,Ranged,1,3,4,0,1,1,,
Dominion Squad,Imperium - Adepta Sororitas,,d929-b22d-3040-9707,90,10,3,1,3,6,,1,6.0,INFANTRY,,Bolt pistol,Ranged,1,3,4,0,1,1,,
Dominion Squad,Imperium - Adepta Sororitas,,d929-b22d-3040-9707,90,10,3,1,3,6,,1,6.0,INFANTRY,,Close combat weapon,Melee,1,4,3,0,1,1,,
Dominion Squad,Imperium - Adepta Sororitas,,d929-b22d-3040-9707,90,10,3,1,3,6,,1,6.0,INFANTRY,,Bolt pistol,Ranged,1,3,4,0,1,4,,
Dominion Squad,Imperium - Adepta Sororitas,,d929-b22d-3040-9707,90,10,3,1,3,6,,1,6.0,INFANTRY,,Boltgun,Ranged,1,3,4,0,1,4,Rapid Fire 1,
Dominion Squad,Imperium - Adepta Sororitas,,d929-b22d-3040-9707,90,10,3,1,3,6,,1,6.0,INFANTRY,,Close combat weapon,Melee,1,4,3,0,1,4,,
Dominion Squad,Imperium - Adepta Sororitas,,d929-b22d-3040-9707,90,10,3,1,3,6,,1,6.0,INFANTRY,,Bolt pistol,Ranged,1,3,4,0,1,5,,
Dominion Squad,Imperium - Adepta Sororitas,,d929-b22d-3040-9707,90,10,3,1,3,6,,1,6.0,INFANTRY,,Boltgun,Ranged,1,3,4,0,1,5,Rapid Fire 1,
Dominion Squad,Imperium - Adepta Sororitas,,d929-b22d-3040-9707,90,10,3,1,3,6,,1,6.0,INFANTRY,,Close combat weapon,Melee,1,4,3,0,1,5,,
Exorcist,Imperium - Adepta Sororitas,,684e-4dd3-340a-23ee,180,1,10,11,3,6,,3,10.0,VEHICLE,,Heavy Bolter,Ranged,3,3,5,-1,2,1,Sustained Hits 1,
Exorcist,Imperium - Adepta Sororitas,,684e-4dd3-340a-23ee,180,1,10,11,3,6,,3,10.0,VEHICLE,,Armoured tracks,Melee,3,4,6,0,1,1,,
Exorcist,Imperium - Adepta Sororitas,,684e-4dd3-340a-23ee,180,1,10,11,3,6,,3,10.0,VEHICLE,,Exorcist Missile Launcher,Ranged,D6+2,3,10,-3,D6,1,,
Hospitaller,Imperium - Adepta Sororitas,,938e-1c24-4e63-4cf3,65,1,3,3,3,6,,1,6.0,"CHARACTER, INFANTRY",,Chirugeon's tools,Melee,3,4,3,0,1,1,,
Hospitaller,Imperium - Adepta Sororitas,,938e-1c24-4e63-4cf3,65,1,3,3,3,6,,1,6.0,"CHARACTER, INFANTRY",,Bolt pistol,Ranged,1,3,4,0,1,1,,
Imagifier,Imperium - Adepta Sororitas,,3ad3-558b-29f9-2e45,55,1,3,3,3,4,,1,6.0,"CHARACTER, INFANTRY",,Close combat weapon,Melee,3,4,3,0,1,1,,
Imagifier,Imperium - Adepta Sororitas,,3ad3-558b-29f9-2e45,55,1,3,3,3,4,,1,6.0,"CHARACTER, INFANTRY",,Bolt pistol,Ranged,1,3,4,0,1,1,,
Imagifier,Imperium - Adepta Sororitas,,3ad3-558b-29f9-2e45,55,1,3,3,3,4,,1,6.0,"CHARACTER, INFANTRY",,Boltgun,Ranged,1,3,4,0,1,1,Rapid Fire 1,
Immolator,Imperium - Adepta Sororitas,,1001-80ff-c9a8-5d9b,100,1,10,11,3,6,,2,12.0,"TRANSPORT, VEHICLE",,Heavy Bolter,Ranged,3,3,5,-1,2,1,Sustained Hits 1,
Immolator,Imperium - Adepta Sororitas,,1001-80ff-c9a8-5d9b,100,1,10,11,3,6,,2,12.0,"TRANSPORT, VEHICLE",,Armoured tracks,Melee,3,4,6,0,1,1,,
Immolator,Imperium - Adepta Sororitas,,1001-80ff-c9a8-5d9b,100,1,10,11,3,6,,2,12.0,"TRANSPORT, VEHICLE",,Immolation Flamers,Ranged,2D6,2,6,-1,1,1,"Torrent, Ignores Cover",
Intranzia Fraye,Imperium - Adepta Sororitas,,e59a-2a90-e102-940f,135,1,7,8,3,4,,3,8.0,"CHARACTER, EPIC HERO, VEHICLE, WALKER",,Heavy bolter,Ranged,3,2,5,-1,2,2,Sustained Hits 1,
Intranzia Fraye,Imperium - Adepta Sororitas,,e59a-2a90-e102-940f,135,1,7,8,3,4,,3,8.0,"CHARACTER, EPIC HERO, VEHICLE, WALKER",,Melta missile array,Ranged,2,2,9,-2,D3,1,Melta 2,
Intranzia Fraye,Imperium - Adepta Sororitas,,e59a-2a90-e102-940f,135,1,7,8,3,4,,3,8.0,"CHARACTER, EPIC HERO, VEHICLE, WALKER",,Mace of Saint Praxedes,Melee,4,2,6,-2,2,1,Sustained Hits 1,
Intranzia Fraye,Imperium - Adepta Sororitas,,e59a-2a90-e102-940f,135,1,7,8,3,4,,3,8.0,"CHARACTER, EPIC HERO, VEHICLE, WALKER",,Throne of Blame,Melee,4,4,6,0,1,1,,
Intranzia Fraye,Imperium - Adepta Sororitas,,e59a-2a90-e102-940f,135,1,7,8,3,4,,3,8.0,"CHARACTER, EPIC HERO, VEHICLE, WALKER",,Ministorum heavy flamer,Ranged,D6,2,6,-1,1,2,"Torrent, Ignores Cover",
Junith Eruita,Imperium - Adepta Sororitas,,8f9a-8a8b-2539-547f,105,1,5,8,2,4,,2,8.0,"CHARACTER, EPIC HERO, FLY, MOUNTED",,Twin Ministorum Heavy Flamer,Ranged,D6,2,6,-1,1,1,"Twin-linked, Torrent, Ignores Cover",
Junith Eruita,Imperium - Adepta Sororitas,,8f9a-8a8b-2539-547f,105,1,5,8,2,4,,2,8.0,"CHARACTER, EPIC HERO, FLY, MOUNTED",,Mace of Castigation,Melee,4,2,6,-2,2,1,,
Ministorum Priest,Imperium - Adepta Sororitas,,599d-1e2a-eb0e-430e,50,1,3,3,6,4,,1,6.0,"CHARACTER, INFANTRY",,Zealot's vindictor,Ranged,D6,2,5,0,1,1,"Torrent, Ignores Cover",
Ministorum Priest,Imperium - Adepta Sororitas,,599d-1e2a-eb0e-430e,50,1,3,3,6,4,,1,6.0,"CHARACTER, INFANTRY",,Zealot's vindictor,Melee,3,4,5,-1,2,1,,
Mortifiers,Imperium - Adepta Sororitas,,3c3f-f02d-c05c-492a,70,1,6,5,4,6,,2,8.0,"VEHICLE, WALKER",,Twin Penitent Buzz-Blades,Melee,4,3,10,-3,2,1,"Sustained Hits 1, Twin-linked",
Mortifiers,Imperium - Adepta Sororitas,,3c3f-f02d-c05c-492a,70,1,6,5,4,6,,2,8.0,"VEHICLE, WALKER",,Heavy Bolter,Ranged,3,3,5,-1,2,2,Sustained Hits 1,
Morvenn Vahl,Imperium - Adepta Sororitas,,7188-4d20-8216-c68a,200,1,7,8,2,4,,3,8.0,"CHARACTER, EPIC HERO, VEHICLE, WALKER",,➤ Lance of Illumination - strike,Melee,5,2,8,-2,3,1,Devastating Wounds,
Morvenn Vahl,Imperium - Adepta Sororitas,,7188-4d20-8216-c68a,200,1,7,8,2,4,,3,8.0,"CHARACTER, EPIC HERO, VEHICLE, WALKER",,Fidelis,Ranged,3,2,6,-1,2,1,Sustained Hits 1,
Morvenn Vahl,Imperium - Adepta Sororitas,,7188-4d20-8216-c68a,200,1,7,8,2,4,,3,8.0,"CHARACTER, EPIC HERO, VEHICLE, WALKER",,➤ Paragon missile launcher - prioris,Ranged,2,2,9,-2,D6,1,,
Palatine,Imperium - Adepta Sororitas,,fbeb-1caf-8f5c-ff8e,50,1,3,4,3,4,,1,6.0,"CHARACTER, INFANTRY",,Palatine blade,Melee,4,2,4,-2,2,1,,
Palatine,Imperium - Adepta Sororitas,,fbeb-1caf-8f5c-ff8e,50,1,3,4,3,4,,1,6.0,"CHARACTER, INFANTRY",,Bolt pistol,Ranged,1,3,4,0,1,1,,
Paragon Warsuits,Imperium - Adepta Sororitas,,e75d-a7ac-7fcc-d302,180,3,7,4,2,4,,2,8.0,"VEHICLE, WALKER",,Bolt pistol,Ranged,1,3,4,0,1,2,,
Paragon Warsuits,Imperium - Adepta Sororitas,,e75d-a7ac-7fcc-d302,180,3,7,4,2,4,,2,8.0,"VEHICLE, WALKER",,Paragon Storm Bolters,Ranged,2,3,4,0,1,2,"Twin-linked, Rapid Fire 2",
Paragon Warsuits,Imperium - Adepta Sororitas,,e75d-a7ac-7fcc-d302,180,3,7,4,2,4,,2,8.0,"VEHICLE, WALKER",,Paragon War Blade,Melee,4,3,8,-2,2,2,,
Paragon Warsuits,Imperium - Adepta Sororitas,,e75d-a7ac-7fcc-d302,180,3,7,4,2,4,,2,8.0,"VEHICLE, WALKER",,Heavy Bolter,Ranged,3,3,5,-1,2,2,Sustained Hits 1,
Paragon Warsuits,Imperium - Adepta Sororitas,,e75d-a7ac-7fcc-d302,180,3,7,4,2,4,,2,8.0,"VEHICLE, WALKER",,Bolt pistol,Ranged,1,3,4,0,1,1,,
Paragon Warsuits,Imperium - Adepta Sororitas,,e75d-a7ac-7fcc-d302,180,3,7,4,2,4,,2,8.0,"VEHICLE, WALKER",,Paragon Storm Bolters,Ranged,2,3,4,0,1,1,"Twin-linked, Rapid Fire 2",
Paragon Warsuits,Imperium - Adepta Sororitas,,e75d-a7ac-7fcc-d302,180,3,7,4,2,4,,2,8.0,"VEHICLE, WALKER",,Paragon War Blade,Melee,4,3,8,-2,2,1,,
Paragon Warsuits,Imperium - Adepta Sororitas,,e75d-a7ac-7fcc-d302,180,3,7,4,2,4,,2,8.0,"VEHICLE, WALKER",,Heavy Bolter,Ranged,3,3,5,-1,2,1,Sustained Hits 1,
Penitent Engines,Imperium - Adepta Sororitas,,327d-a6df-26b-bb9b,70,1,6,5,4,6,,2,8.0,"VEHICLE, WALKER",,Penitent Flamers,Ranged,2D6,2,5,0,1,1,"Twin-linked, Torrent, Ignores Cover",
Penitent Engines,Imperium - Adepta Sororitas,,327d-a6df-26b-bb9b,70,1,6,5,4,6,,2,8.0,"VEHICLE, WALKER",,Twin Penitent Buzz-Blades,Melee,4,4,10,-3,2,1,"Sustained Hits 1, Twin-linked",
Repentia Squad,Imperium - Adepta Sororitas,,7d63-7b55-a632-6a10,70,5,3,1,7,6,,1,7.0,INFANTRY,4x T3 W1 Sv7+ Inv6+ | 1x T3 W1 Sv3+ Inv6+,Penitent Eviscerator,Melee,2,4,6,-2,2,4,Sustained Hits 1,
Repentia Squad,Imperium - Adepta Sororitas,,7d63-7b55-a632-6a10,70,5,3,1,7,6,,1,7.0,INFANTRY,4x T3 W1 Sv7+ Inv6+ | 1x T3 W1 Sv3+ Inv6+,Neural Whips,Melee,4,3,3,-1,1,1,Anti-Infantry 4+,
Repentia Squad,Imperium - Adepta Sororitas,,7d63-7b55-a632-6a10,70,5,3,1,7,6,,1,7.0,INFANTRY,4x T3 W1 Sv7+ Inv6+ | 1x T3 W1 Sv3+ Inv6+,Bolt pistol,Ranged,1,3,4,0,1,1,,
Retributor Squad,Imperium - Adepta Sororitas,,c49d-f150-4b3-c118,105,5,3,1,3,6,,1,6.0,INFANTRY,,Close combat weapon,Melee,1,4,3,0,1,1,,
Retributor Squad,Imperium - Adepta Sororitas,,c49d-f150-4b3-c118,105,5,3,1,3,6,,1,6.0,INFANTRY,,Bolt pistol,Ranged,1,3,4,0,1,1,,
Retributor Squad,Imperium - Adepta Sororitas,,c49d-f150-4b3-c118,105,5,3,1,3,6,,1,6.0,INFANTRY,,Close combat weapon,Melee,1,4,3,0,1,4,,
Retributor Squad,Imperium - Adepta Sororitas,,c49d-f150-4b3-c118,105,5,3,1,3,6,,1,6.0,INFANTRY,,Bolt pistol,Ranged,1,3,4,0,1,4,,
Retributor Squad,Imperium - Adepta Sororitas,,c49d-f150-4b3-c118,105,5,3,1,3,6,,1,6.0,INFANTRY,,Ministorum heavy flamer,Ranged,D6,2,6,-1,1,4,"Torrent, Ignores Cover",
Saint Celestine,Imperium - Adepta Sororitas,,21f1-8ed6-52c6-54c7,150,3,3,2,2,4,,1,12.0,"EPIC HERO, FLY, INFANTRY",1x T3 W5 Sv2+ Inv4+ | 2x T3 W2 Sv2+ Inv4+,The Ardent Blade,Ranged,D6,2,6,-2,1,1,"Torrent, Ignores Cover",
Saint Celestine,Imperium - Adepta Sororitas,,21f1-8ed6-52c6-54c7,150,3,3,2,2,4,,1,12.0,"EPIC HERO, FLY, INFANTRY",1x T3 W5 Sv2+ Inv4+ | 2x T3 W2 Sv2+ Inv4+,The Ardent Blade,Melee,5,2,6,-3,2,1,Devastating Wounds,
Saint Celestine,Imperium - Adepta Sororitas,,21f1-8ed6-52c6-54c7,150,3,3,2,2,4,,1,12.0,"EPIC HERO, FLY, INFANTRY",1x T3 W5 Sv2+ Inv4+ | 2x T3 W2 Sv2+ Inv4+,Power Weapon,Melee,4,3,4,-2,1,2,,
Saint Celestine,Imperium - Adepta Sororitas,,21f1-8ed6-52c6-54c7,150,3,3,2,2,4,,1,12.0,"EPIC HERO, FLY, INFANTRY",1x T3 W5 Sv2+ Inv4+ | 2x T3 W2 Sv2+ Inv4+,Bolt Pistol,Ranged,1,3,4,0,1,2,,
Sanctifiers,Imperium - Adepta Sororitas,,eade-6ec7-7236-bfdb,110,9,3,1,6,5,,1,6.0,INFANTRY,,Sanctifier melee weapon,Melee,3,3,3,0,1,1,,
Sanctifiers,Imperium - Adepta Sororitas,,eade-6ec7-7236-bfdb,110,9,3,1,6,5,,1,6.0,INFANTRY,,➤ Plasma gun - standard,Ranged,1,3,7,-2,1,1,Rapid Fire 1,
Sanctifiers,Imperium - Adepta Sororitas,,eade-6ec7-7236-bfdb,110,9,3,1,6,5,,1,6.0,INFANTRY,,Sanctifier melee weapon,Melee,3,3,3,0,1,4,,
Sanctifiers,Imperium - Adepta Sororitas,,eade-6ec7-7236-bfdb,110,9,3,1,6,5,,1,6.0,INFANTRY,,Ministorum hand flamer,Ranged,D6,2,4,0,1,4,"Torrent, Ignores Cover",
Sanctifiers,Imperium - Adepta Sororitas,,eade-6ec7-7236-bfdb,110,9,3,1,6,5,,1,6.0,INFANTRY,,Holy fire,Ranged,D6,2,6,-1,2,1,"Torrent, Ignores Cover",
Sanctifiers,Imperium - Adepta Sororitas,,eade-6ec7-7236-bfdb,110,9,3,1,6,5,,1,6.0,INFANTRY,,Burning hands,Melee,1,2,6,-2,3,1,Devastating Wounds,
Sanctifiers,Imperium - Adepta Sororitas,,eade-6ec7-7236-bfdb,110,9,3,1,6,5,,1,6.0,INFANTRY,,Death Cult blades,Melee,4,2,4,-2,1,1,,
Sanctifiers,Imperium - Adepta Sororitas,,eade-6ec7-7236-bfdb,110,9,3,1,6,5,,1,6.0,INFANTRY,,Sanctifier melee weapon,Melee,3,3,3,0,1,1,,
Sanctifiers,Imperium - Adepta Sororitas,,eade-6ec7-7236-bfdb,110,9,3,1,6,5,,1,6.0,INFANTRY,,Ministorum flamer,Ranged,D6,2,5,0,1,1,"Torrent, Ignores Cover",
Sanctifiers,Imperium - Adepta Sororitas,,eade-6ec7-7236-bfdb,110,9,3,1,6,5,,1,6.0,INFANTRY,,Close combat weapon,Melee,2,3,3,0,1,1,,
Seraphim Squad,Imperium - Adepta Sororitas,,bee9-172b-7db7-f748,75,5,3,1,3,5,,1,12.0,"FLY, INFANTRY",,Close combat weapon,Melee,2,3,3,0,1,1,,
Seraphim Squad,Imperium - Adepta Sororitas,,bee9-172b-7db7-f748,75,5,3,1,3,5,,1,12.0,"FLY, INFANTRY",,Bolt pistol,Ranged,1,3,4,0,1,2,,
Seraphim Squad,Imperium - Adepta Sororitas,,bee9-172b-7db7-f748,75,5,3,1,3,5,,1,12.0,"FLY, INFANTRY",,Bolt pistol,Ranged,1,3,4,0,1,4,,
Seraphim Squad,Imperium - Adepta Sororitas,,bee9-172b-7db7-f748,75,5,3,1,3,5,,1,12.0,"FLY, INFANTRY",,Close combat weapon,Melee,2,3,3,0,1,2,,
Seraphim Squad,Imperium - Adepta Sororitas,,bee9-172b-7db7-f748,75,5,3,1,3,5,,1,12.0,"FLY, INFANTRY",,Bolt pistol,Ranged,1,3,4,0,1,4,,
Seraphim Squad,Imperium - Adepta Sororitas,,bee9-172b-7db7-f748,75,5,3,1,3,5,,1,12.0,"FLY, INFANTRY",,Close combat weapon,Melee,2,3,3,0,1,2,,
Sisters Novitiate Squad,Imperium - Adepta Sororitas,,4269-a229-1461-67d0,90,10,3,1,4,6,,2,6.0,INFANTRY,1x T3 W1 Sv3+ Inv6+ | 9x T3 W1 Sv4+ Inv6+,Bolt pistol,Ranged,1,3,4,0,1,1,,
Sisters Novitiate Squad,Imperium - Adepta Sororitas,,4269-a229-1461-67d0,90,10,3,1,4,6,,2,6.0,INFANTRY,1x T3 W1 Sv3+ Inv6+ | 9x T3 W1 Sv4+ Inv6+,Boltgun,Ranged,1,3,4,0,1,1,Rapid Fire 1,
Sisters Novitiate Squad,Imperium - Adepta Sororitas,,4269-a229-1461-67d0,90,10,3,1,4,6,,2,6.0,INFANTRY,1x T3 W1 Sv3+ Inv6+ | 9x T3 W1 Sv4+ Inv6+,Close combat weapon,Melee,1,4,3,0,1,9,,
Sisters Novitiate Squad,Imperium - Adepta Sororitas,,4269-a229-1461-67d0,90,10,3,1,4,6,,2,6.0,INFANTRY,1x T3 W1 Sv3+ Inv6+ | 9x T3 W1 Sv4+ Inv6+,Novitiate autopistol,Ranged,1,3,3,0,1,9,,
Sororitas Rhino,Imperium - Adepta Sororitas,,52c7-3f6b-cece-8101,65,1,9,10,3,6,,2,12.0,"TRANSPORT, VEHICLE",,Armoured tracks,Melee,3,4,6,0,1,1,,
Sororitas Rhino,Imperium - Adepta Sororitas,,52c7-3f6b-cece-8101,65,1,9,10,3,6,,2,12.0,"TRANSPORT, VEHICLE",,Storm bolter,Ranged,2,3,4,0,1,1,Rapid Fire 2,
Triumph of Saint Katherine,Imperium - Adepta Sororitas,,9f5f-d769-7900-c8a1,245,1,3,18,3,4,,6,6.0,"CHARACTER, EPIC HERO, INFANTRY",,Bolt Pistols,Ranged,6,2,4,0,1,1,,
Triumph of Saint Katherine,Imperium - Adepta Sororitas,,9f5f-d769-7900-c8a1,245,1,3,18,3,4,,6,6.0,"CHARACTER, EPIC HERO, INFANTRY",,Relic Weapons,Melee,18,2,5,-2,1,1,,
Zephyrim Squad,Imperium - Adepta Sororitas,,22f0-a7d8-b2b6-e26,75,5,3,1,3,5,,1,12.0,"FLY, INFANTRY",,Power weapon,Melee,3,3,4,-2,1,1,,
Zephyrim Squad,Imperium - Adepta Sororitas,,22f0-a7d8-b2b6-e26,75,5,3,1,3,5,,1,12.0,"FLY, INFANTRY",,Bolt pistol,Ranged,1,3,4,0,1,1,,
Zephyrim Squad,Imperium - Adepta Sororitas,,22f0-a7d8-b2b6-e26,75,5,3,1,3,5,,1,12.0,"FLY, INFANTRY",,Power weapon,Melee,3,3,4,-2,1,4,,
Zephyrim Squad,Imperium - Adepta Sororitas,,22f0-a7d8-b2b6-e26,75,5,3,1,3,5,,1,12.0,"FLY, INFANTRY",,Bolt pistol,Ranged,1,3,4,0,1,4,,
Aggressor Squad,Imperium - Adeptus Astartes - Space Marines,"Imperium - Adeptus Astartes - Black Templars, Imperium - Adeptus Astartes - Blood Angels, Imperium - Adeptus Astartes - Dark Angels, Imperium - Adeptus Astartes - Deathwatch, Imperium - Adeptus Astartes - Imperial Fists, Imperium - Adeptus Astartes - Iron Hands, Imperium - Adeptus Astartes - Raven Guard, Imperium - Adeptus Astartes - Salamanders, Imperium - Adeptus Astartes - Space Wolves, Imperium - Adeptus Astartes - Ultramarines, Imperium - Adeptus Astartes - White Scars",129d-2da5-66f3-f4ec,80,3,6,3,3,,,1,5.0,INFANTRY,,Twin power fist,Melee,3,3,8,-2,2,2,Twin-linked,
Aggressor Squad,Imperium - Adeptus Astartes - Space Marines,"Imperium - Adeptus Astartes - Black Templars, Imperium - Adeptus Astartes - Blood Angels, Imperium - Adeptus Astartes - Dark Angels, Imperium - Adeptus Astartes - Deathwatch, Imperium - Adeptus Astartes - Imperial Fists, Imperium - Adeptus Astartes - Iron Hands, Imperium - Adeptus Astartes - Raven Guard, Imperium - Adeptus Astartes - Salamanders, Imperium - Adeptus Astartes - Space Wolves, Imperium - Adeptus Astartes - Ultramarines, Imperium - Adeptus Astartes - White Scars",129d-2da5-66f3-f4ec,80,3,6,3,3,,,1,5.0,INFANTRY,,Flamestorm Gauntlets,Ranged,D6+1,2,4,0,1,2,"Twin-linked, Torrent, Ignores Cover",
Aggressor Squad,Imperium - Adeptus Astartes - Space Marines,"Imperium - Adeptus Astartes - Black Templars, Imperium - Adeptus Astartes - Blood Angels, Imperium - Adeptus Astartes - Dark Angels, Imperium - Adeptus Astartes - Deathwatch, Imperium - Adeptus Astartes - Imperial Fists, Imperium - Adeptus Astartes - Iron Hands, Imperium - Adeptus Astartes - Raven Guard, Imperium - Adeptus Astartes - Salamanders, Imperium - Adeptus Astartes - Space Wolves, Imperium - Adeptus Astartes - Ultramarines, Imperium - Adeptus Astartes - White Scars",129d-2da5-66f3-f4ec,80,3,6,3,3,,,1,5.0,INFANTRY,,Twin power fist,Melee,3,3,8,-2,2,1,Twin-linked,
Aggressor Squad,Imperium - Adeptus Astartes - Space Marines,"Imperium - Adeptus Astartes - Black Templars, Imperium - Adeptus Astartes - Blood Angels, Imperium - Adeptus Astartes - Dark Angels, Imperium - Adeptus Astartes - Deathwatch, Imperium - Adeptus Astartes - Imperial Fists, Imperium - Adeptus Astartes - Iron Hands, Imperium - Adeptus Astartes - Raven Guard, Imperium - Adeptus Astartes - Salamanders, Imperium - Adeptus Astartes - Space Wolves, Imperium - Adeptus Astartes - Ultramarines, Imperium - Adeptus Astartes - White Scars",129d-2da5-66f3-f4ec,80,3,6,3,3,,,1,5.0,INFANTRY,,Flamestorm Gauntlets,Ranged,D6+1,2,4,0,1,1,"Twin-linked, Torrent, Ignores Cover",
Ancient,Imperium - Adeptus Astartes - Space Marines,"Imperium - Adeptus Astartes - Black Templars, Imperium - Adeptus Astartes - Blood Angels, Imperium - Adeptus Astartes - Dark Angels, Imperium - Adeptus Astartes - Deathwatch, Imperium - Adeptus Astartes - Imperial Fists, Imperium - Adeptus Astartes - Iron Hands, Imperium - Adeptus Astartes - Raven Guard, Imperium - Adeptus Astartes - Salamanders, Imperium - Adeptus Astartes - Space Wolves, Imperium - Adeptus Astartes - Ultramarines, Imperium - Adeptus Astartes - White Scars",6562-d718-b8e0-c457,40,1,4,4,3,,,1,6.0,"CHARACTER, INFANTRY",,Bolt pistol,Ranged,1,3,4,0,1,1,,
Ancient,Imperium - Adeptus Astartes - Space Marines,"Imperium - Adeptus Astartes - Black Templars, Imperium - Adeptus Astartes - Blood Angels, Imperium - Adeptus Astartes - Dark Angels, Imperium - Adeptus Astartes - Deathwatch, Imperium - Adeptus Astartes - Imperial Fists, Imperium - Adeptus Astartes - Iron Hands, Imperium - Adeptus Astartes - Raven Guard, Imperium - Adeptus Astartes - Salamanders, Imperium - Adeptus Astartes - Space Wolves, Imperium - Adeptus Astartes - Ultramarines, Imperium - Adeptus Astartes - White Scars",6562-d718-b8e0-c457,40,1,4,4,3,,,1,6.0,"CHARACTER, INFANTRY",,Bolt Rifle,Ranged,2,3,4,-1,1,1,Heavy,
Ancient,Imperium - Adeptus Astartes - Space Marines,"Imperium - Adeptus Astartes - Black Templars, Imperium - Adeptus Astartes - Blood Angels, Imperium - Adeptus Astartes - Dark Angels, Imperium - Adeptus Astartes - Deathwatch, Imperium - Adeptus Astartes - Imperial Fists, Imperium - Adeptus Astartes - Iron Hands, Imperium - Adeptus Astartes - Raven Guard, Imperium - Adeptus Astartes - Salamanders, Imperium - Adeptus Astartes - Space Wolves, Imperium - Adeptus Astartes - Ultramarines, Imperium - Adeptus Astartes - White Scars",6562-d718-b8e0-c457,40,1,4,4,3,,,1,6.0,"CHARACTER, INFANTRY",,Close combat weapon,Melee,5,2,4,0,1,1,,
Ancient in Terminator Armour,Imperium - Adeptus Astartes - Space Marines,"Imperium - Adeptus Astartes - Black Templars, Imperium - Adeptus Astartes - Blood Angels, Imperium - Adeptus Astartes - Dark Angels, Imperium - Adeptus Astartes - Deathwatch, Imperium - Adeptus Astartes - Imperial Fists, Imperium - Adeptus Astartes - Iron Hands, Imperium - Adeptus Astartes - Raven Guard, Imperium - Adeptus Astartes - Salamanders, Imperium - Adeptus Astartes - Space Wolves, Imperium - Adeptus Astartes - Ultramarines, Imperium - Adeptus Astartes - White Scars",fc7f-8176-c10c-ca8,65,1,5,5,2,4,,1,5.0,"CHARACTER, INFANTRY",,Storm bolter,Ranged,2,3,4,0,1,1,Rapid Fire 2,
Ancient in Terminator Armour,Imperium - Adeptus Astartes - Space Marines,"Imperium - Adeptus Astartes - Black Templars, Imperium - Adeptus Astartes - Blood Angels, Imperium - Adeptus Astartes - Dark Angels, Imperium - Adeptus Astartes - Deathwatch, Imperium - Adeptus Astartes - Imperial Fists, Imperium - Adeptus Astartes - Iron Hands, Imperium - Adeptus Astartes - Raven Guard, Imperium - Adeptus Astartes - Salamanders, Imperium - Adeptus Astartes - Space Wolves, Imperium - Adeptus Astartes - Ultramarines, Imperium - Adeptus Astartes - White Scars",fc7f-8176-c10c-ca8,65,1,5,5,2,4,,1,5.0,"CHARACTER, INFANTRY",,Power weapon,Melee,5,2,5,-2,1,1,,
Apothecary,Imperium - Adeptus Astartes - Space Marines,"Imperium - Adeptus Astartes - Black Templars, Imperium - Adeptus Astartes - Blood Angels, Imperium - Adeptus Astartes - Dark Angels, Imperium - Adeptus Astartes - Deathwatch, Imperium - Adeptus Astartes - Imperial Fists, Imperium - Adeptus Astartes - Iron Hands, Imperium - Adeptus Astartes - Raven Guard, Imperium - Adeptus Astartes - Salamanders, Imperium - Adeptus Astartes - Space Wolves, Imperium - Adeptus Astartes - Ultramarines, Imperium - Adeptus Astartes - White Scars",8a9d-11f-fad-bd0f,40,1,4,4,3,,,1,6.0,"CHARACTER, INFANTRY",,Reductor Pistol,Ranged,1,3,4,-4,2,1,,
Apothecary,Imperium - Adeptus Astartes - Space Marines,"Imperium - Adeptus Astartes - Black Templars, Imperium - Adeptus Astartes - Blood Angels, Imperium - Adeptus Astartes - Dark Angels, Imperium - Adeptus Astartes - Deathwatch, Imperium - Adeptus Astartes - Imperial Fists, Imperium - Adeptus Astartes - Iron Hands, Imperium - Adeptus Astartes - Raven Guard, Imperium - Adeptus Astartes - Salamanders, Imperium - Adeptus Astartes - Space Wolves, Imperium - Adeptus Astartes - Ultramarines, Imperium - Adeptus Astartes - White Scars",8a9d-11f-fad-bd0f,40,1,4,4,3,,,1,6.0,"CHARACTER, INFANTRY",,Absolvor bolt pistol,Ranged,1,3,5,-1,2,1,,
Apothecary,Imperium - Adeptus Astartes - Space Marines,"Imperium - Adeptus Astartes - Black Templars, Imperium - Adeptus Astartes - Blood Angels, Imperium - Adeptus Astartes - Dark Angels, Imperium - Adeptus Astartes - Deathwatch, Imperium - Adeptus Astartes - Imperial Fists, Imperium - Adeptus Astartes - Iron Hands, Imperium - Adeptus Astartes - Raven Guard, Imperium - Adeptus Astartes - Salamanders, Imperium - Adeptus Astartes - Space Wolves, Imperium - Adeptus Astartes - Ultramarines, Imperium - Adeptus Astartes - White Scars",8a9d-11f-fad-bd0f,40,1,4,4,3,,,1,6.0,"CHARACTER, INFANTRY",,Close combat weapon,Melee,4,3,4,0,1,1,,
Apothecary Biologis,Imperium - Adeptus Astartes - Space Marines,"Imperium - Adeptus Astartes - Black Templars, Imperium - Adeptus Astartes - Blood Angels, Imperium - Adeptus Astartes - Dark Angels, Imperium - Adeptus Astartes - Deathwatch, Imperium - Adeptus Astartes - Imperial Fists, Imperium - Adeptus Astartes - Iron Hands, Imperium - Adeptus Astartes - Raven Guard, Imperium - Adeptus Astartes - Salamanders, Imperium - Adeptus Astartes - Space Wolves, Imperium - Adeptus Astartes - Ultramarines, Imperium - Adeptus Astartes - White Scars",c6e9-c0c8-5f13-5771,70,1,6,5,3,,,3,5.0,"CHARACTER, INFANTRY",,Absolvor bolt pistol,Ranged,1,3,5,-1,2,1,,
Apothecary Biologis,Imperium - Adeptus Astartes - Space Marines,"Imperium - Adeptus Astartes - Black Templars, Imperium - Adeptus Astartes - Blood Angels, Imperium - Adeptus Astartes - Dark Angels, Imperium - Adeptus Astartes - Deathwatch, Imperium - Adeptus Astartes - Imperial Fists, Imperium - Adeptus Astartes - Iron Hands, Imperium - Adeptus Astartes - Raven Guard, Imperium - Adeptus Astartes - Salamanders, Imperium - Adeptus Astartes - Space Wolves, Imperium - Adeptus Astartes - Ultramarines, Imperium - Adeptus Astartes - White Scars",c6e9-c0c8-5f13-5771,70,1,6,5,3,,,3,5.0,"CHARACTER, INFANTRY",,Close combat weapon,Melee,4,3,4,0,1,1,,
Assault Intercessor Squad,Imperium - Adeptus Astartes - Space Marines,"Imperium - Adeptus Astartes - Black Templars, Imperium - Adeptus Astartes - Blood Angels, Imperium - Adeptus Astartes - Dark Angels, Imperium - Adeptus Astartes - Deathwatch, Imperium - Adeptus Astartes - Imperial Fists, Imperium - Adeptus Astartes - Iron Hands, Imperium - Adeptus Astartes - Raven Guard, Imperium - Adeptus Astartes - Salamanders, Imperium - Adeptus Astartes - Space Wolves, Imperium - Adeptus Astartes - Ultramarines, Imperium - Adeptus Astartes - White Scars",a10b-fbfe-b1fa-6f0c,75,5,4,2,3,,,2,6.0,"BATTLELINE, INFANTRY",,Hand flamer,Ranged,D6,2,3,0,1,1,"Torrent, Ignores Cover",
Assault Intercessor Squad,Imperium - Adeptus Astartes - Space Marines,"Imperium - Adeptus Astartes - Black Templars, Imperium - Adeptus Astartes - Blood Angels, Imperium - Adeptus Astartes - Dark Angels, Imperium - Adeptus Astartes - Deathwatch, Imperium - Adeptus Astartes - Imperial Fists, Imperium - Adeptus Astartes - Iron Hands, Imperium - Adeptus Astartes - Raven Guard, Imperium - Adeptus Astartes - Salamanders, Imperium - Adeptus Astartes - Space Wolves, Imperium - Adeptus Astartes - Ultramarines, Imperium - Adeptus Astartes - White Scars",a10b-fbfe-b1fa-6f0c,75,5,4,2,3,,,2,6.0,"BATTLELINE, INFANTRY",,Astartes Chainsword,Melee,4,3,4,-1,1,1,,
Assault Intercessor Squad,Imperium - Adeptus Astartes - Space Marines,"Imperium - Adeptus Astartes - Black Templars, Imperium - Adeptus Astartes - Blood Angels, Imperium - Adeptus Astartes - Dark Angels, Imperium - Adeptus Astartes - Deathwatch, Imperium - Adeptus Astartes - Imperial Fists, Imperium - Adeptus Astartes - Iron Hands, Imperium - Adeptus Astartes - Raven Guard, Imperium - Adeptus Astartes - Salamanders, Imperium - Adeptus Astartes - Space Wolves, Imperium - Adeptus Astartes - Ultramarines, Imperium - Adeptus Astartes - White Scars",a10b-fbfe-b1fa-6f0c,75,5,4,2,3,,,2,6.0,"BATTLELINE, INFANTRY",,Astartes Chainsword,Melee,4,3,4,-1,1,4,,
Assault Intercessor Squad,Imperium - Adeptus Astartes - Space Marines,"Imperium - Adeptus Astartes - Black Templars, Imperium - Adeptus Astartes - Blood Angels, Imperium - Adeptus Astartes - Dark Angels, Imperium - Adeptus Astartes - Deathwatch, Imperium - Adeptus Astartes - Imperial Fists, Imperium - Adeptus Astartes - Iron Hands, Imperium - Adeptus Astartes - Raven Guard, Imperium - Adeptus Astartes - Salamanders, Imperium - Adeptus Astartes - Space Wolves, Imperium - Adeptus Astartes - Ultramarines, Imperium - Adeptus Astartes - White Scars",a10b-fbfe-b1fa-6f0c,75,5,4,2,3,,,2,6.0,"BATTLELINE, INFANTRY",,Heavy Bolt Pistol,Ranged,1,3,4,-1,1,4,,
Assault Intercessors with Jump Packs,Imperium - Adeptus Astartes - Space Marines,"Imperium - Adeptus Astartes - Black Templars, Imperium - Adeptus Astartes - Blood Angels, Imperium - Adeptus Astartes - Dark Angels, Imperium - Adeptus Astartes - Deathwatch, Imperium - Adeptus Astartes - Imperial Fists, Imperium - Adeptus Astartes - Iron Hands, Imperium - Adeptus Astartes - Raven Guard, Imperium - Adeptus Astartes - Salamanders, Imperium - Adeptus Astartes - Space Wolves, Imperium - Adeptus Astartes - Ultramarines, Imperium - Adeptus Astartes - White Scars",cdd9-efda-95-e7b2,85,5,4,2,3,,,1,12.0,"FLY, INFANTRY",,Hand flamer,Ranged,D6,2,3,0,1,1,"Torrent, Ignores Cover",
Assault Intercessors with Jump Packs,Imperium - Adeptus Astartes - Space Marines,"Imperium - Adeptus Astartes - Black Templars, Imperium - Adeptus Astartes - Blood Angels, Imperium - Adeptus Astartes - Dark Angels, Imperium - Adeptus Astartes - Deathwatch, Imperium - Adeptus Astartes - Imperial Fists, Imperium - Adeptus Astartes - Iron Hands, Imperium - Adeptus Astartes - Raven Guard, Imperium - Adeptus Astartes - Salamanders, Imperium - Adeptus Astartes - Space Wolves, Imperium - Adeptus Astartes - Ultramarines, Imperium - Adeptus Astartes - White Scars",cdd9-efda-95-e7b2,85,5,4,2,3,,,1,12.0,"FLY, INFANTRY",,Astartes Chainsword,Melee,4,3,4,-1,1,1,,
Assault Intercessors with Jump Packs,Imperium - Adeptus Astartes - Space Marines,"Imperium - Adeptus Astartes - Black Templars, Imperium - Adeptus Astartes - Blood Angels, Imperium - Adeptus Astartes - Dark Angels, Imperium - Adeptus Astartes - Deathwatch, Imperium - Adeptus Astartes - Imperial Fists, Imperium - Adeptus Astartes - Iron Hands, Imperium - Adeptus Astartes - Raven Guard, Imperium - Adeptus Astartes - Salamanders, Imperium - Adeptus Astartes - Space Wolves, Imperium - Adeptus Astartes - Ultramarines, Imperium - Adeptus Astartes - White Scars",cdd9-efda-95-e7b2,85,5,4,2,3,,,1,12.0,"FLY, INFANTRY",,Astartes Chainsword,Melee,4,3,4,-1,1,4,,
Assault Intercessors with Jump Packs,Imperium - Adeptus Astartes - Space Marines,"Imperium - Adeptus Astartes - Black Templars, Imperium - Adeptus Astartes - Blood Angels, Imperium - Adeptus Astartes - Dark Angels, Imperium - Adeptus Astartes - Deathwatch, Imperium - Adeptus Astartes - Imperial Fists, Imperium - Adeptus Astartes - Iron Hands, Imperium - Adeptus Astartes - Raven Guard, Imperium - Adeptus Astartes - Salamanders, Imperium - Adeptus Astartes - Space Wolves, Imperium - Adeptus Astartes - Ultramarines, Imperium - Adeptus Astartes - White Scars",cdd9-efda-95-e7b2,85,5,4,2,3,,,1,12.0,"FLY, INFANTRY",,Heavy Bolt Pistol,Ranged,1,3,4,-1,1,4,,
Astraeus,Imperium - Adeptus Astartes - Space Marines,"Imperium - Adeptus Astartes - Black Templars, Imperium - Adeptus Astartes - Blood Angels, Imperium - Adeptus Astartes - Dark Angels, Imperium - Adeptus Astartes - Deathwatch, Imperium - Adeptus Astartes - Imperial Fists, Imperium - Adeptus Astartes - Iron Hands, Imperium - Adeptus Astartes - Raven Guard, Imperium - Adeptus Astartes - Salamanders, Imperium - Adeptus Astartes - Space Wolves, Imperium - Adeptus Astartes - Ultramarines, Imperium - Adeptus Astartes - White Scars",98db-fff3-b1b2-e22f,525,1,12,24,2,5,,8,10.0,"TITANIC, VEHICLE",,Twin macro-accelerator cannon,Ranged,12,3,9,-1,3,1,"Sustained Hits 1, Twin-linked",
Astraeus,Imperium - Adeptus Astartes - Space Marines,"Imperium - Adeptus Astartes - Black Templars, Imperium - Adeptus Astartes - Blood Angels, Imperium - Adeptus Astartes - Dark Angels, Imperium - Adeptus Astartes - Deathwatch, Imperium - Adeptus Astartes - Imperial Fists, Imperium - Adeptus Astartes - Iron Hands, Imperium - Adeptus Astartes - Raven Guard, Imperium - Adeptus Astartes - Salamanders, Imperium - Adeptus Astartes - Space Wolves, Imperium - Adeptus Astartes - Ultramarines, Imperium - Adeptus Astartes - White Scars",98db-fff3-b1b2-e22f,525,1,12,24,2,5,,8,10.0,"TITANIC, VEHICLE",,Armoured hull,Melee,6,4,8,0,1,1,,
Astraeus,Imperium - Adeptus Astartes - Space Marines,"Imperium - Adeptus Astartes - Black Templars, Imperium - Adeptus Astartes - Blood Angels, Imperium - Adeptus Astartes - Dark Angels, Imperium - Adeptus Astartes - Deathwatch, Imperium - Adeptus Astartes - Imperial Fists, Imperium - Adeptus Astartes - Iron Hands, Imperium - Adeptus Astartes - Raven Guard, Imperium - Adeptus Astartes - Salamanders, Imperium - Adeptus Astartes - Space Wolves, Imperium - Adeptus Astartes - Ultramarines, Imperium - Adeptus Astartes - White Scars",98db-fff3-b1b2-e22f,525,1,12,24,2,5,,8,10.0,"TITANIC, VEHICLE",,Ironhail Heavy Stubber,Ranged,3,3,4,0,1,1,Rapid Fire 3,
Astraeus,Imperium - Adeptus Astartes - Space Marines,"Imperium - Adeptus Astartes - Black Templars, Imperium - Adeptus Astartes - Blood Angels, Imperium - Adeptus Astartes - Dark Angels, Imperium - Adeptus Astartes - Deathwatch, Imperium - Adeptus Astartes - Imperial Fists, Imperium - Adeptus Astartes - Iron Hands, Imperium - Adeptus Astartes - Raven Guard, Imperium - Adeptus Astartes - Salamanders, Imperium - Adeptus Astartes - Space Wolves, Imperium - Adeptus Astartes - Ultramarines, Imperium - Adeptus Astartes - White Scars",98db-fff3-b1b2-e22f,525,1,12,24,2,5,,8,10.0,"TITANIC, VEHICLE",,Storm bolter,Ranged,2,3,4,0,1,1,Rapid Fire 2,
Astraeus,Imperium - Adeptus Astartes - Space Marines,"Imperium - Adeptus Astartes - Black Templars, Imperium - Adeptus Astartes - Blood Angels, Imperium - Adeptus Astartes - Dark Angels, Imperium - Adeptus Astartes - Deathwatch, Imperium - Adeptus Astartes - Imperial Fists, Imperium - Adeptus Astartes - Iron Hands, Imperium - Adeptus Astartes - Raven Guard, Imperium - Adeptus Astartes - Salamanders, Imperium - Adeptus Astartes - Space Wolves, Imperium - Adeptus Astartes - Ultramarines, Imperium - Adeptus Astartes - White Scars",98db-fff3-b1b2-e22f,525,1,12,24,2,5,,8,10.0,"TITANIC, VEHICLE",,Twin heavy bolter,Ranged,3,3,5,-1,2,1,"Sustained Hits 1, Twin-linked",
Astraeus,Imperium - Adeptus Astartes - Space Marines,"Imperium - Adeptus Astartes - Black Templars, Imperium - Adeptus Astartes - Blood Angels, Imperium - Adeptus Astartes - Dark Angels, Imperium - Adeptus Astartes - Deathwatch, Imperium - Adeptus Astartes - Imperial Fists, Imperium - Adeptus Astartes - Iron Hands, Imperium - Adeptus Astartes - Raven Guard, Imperium - Adeptus Astartes - Salamanders, Imperium - Adeptus Astartes - Space Wolves, Imperium - Adeptus Astartes - Ultramarines, Imperium - Adeptus Astartes - White Scars",98db-fff3-b1b2-e22f,525,1,12,24,2,5,,8,10.0,"TITANIC, VEHICLE",,Astraeus las-ripper,Ranged,2,3,12,-3,D6+1,2,,
Ballistus Dreadnought,Imperium - Adeptus Astartes - Space Marines,"Imperium - Adeptus Astartes - Black Templars, Imperium - Adeptus Astartes - Blood Angels, Imperium - Adeptus Astartes - Dark Angels, Imperium - Adeptus Astartes - Deathwatch, Imperium - Adeptus Astartes - Imperial Fists, Imperium - Adeptus Astartes - Iron Hands, Imperium - Adeptus Astartes - Raven Guard, Imperium - Adeptus Astartes - Salamanders, Imperium - Adeptus Astartes - Space Wolves, Imperium - Adeptus Astartes - Ultramarines, Imperium - Adeptus Astartes - White Scars",5dc7-aa6c-7053-cede,150,1,10,12,2,,,4,8.0,"VEHICLE, WALKER",,Armoured Feet,Melee,5,3,7,0,1,1,,
Ballistus Dreadnought,Imperium - Adeptus Astartes - Space Marines,"Imperium - Adeptus Astartes - Black Templars, Imperium - Adeptus Astartes - Blood Angels, Imperium - Adeptus Astartes - Dark Angels, Imperium - Adeptus Astartes - Deathwatch, Imperium - Adeptus Astartes - Imperial Fists, Imperium - Adeptus Astartes - Iron Hands, Imperium - Adeptus Astartes - Raven Guard, Imperium - Adeptus Astartes - Salamanders, Imperium - Adeptus Astartes - Space Wolves, Imperium - Adeptus Astartes - Ultramarines, Imperium - Adeptus Astartes - White Scars",5dc7-aa6c-7053-cede,150,1,10,12,2,,,4,8.0,"VEHICLE, WALKER",,Ballistus Lascannon,Ranged,2,3,12,-3,D6+1,1,,
Ballistus Dreadnought,Imperium - Adeptus Astartes - Space Marines,"Imperium - Adeptus Astartes - Black Templars, Imperium - Adeptus Astartes - Blood Angels, Imperium - Adeptus Astartes - Dark Angels, Imperium - Adeptus Astartes - Deathwatch, Imperium - Adeptus Astartes - Imperial Fists, Imperium - Adeptus Astartes - Iron Hands, Imperium - Adeptus Astartes - Raven Guard, Imperium - Adeptus Astartes - Salamanders, Imperium - Adeptus Astartes - Space Wolves, Imperium - Adeptus Astartes - Ultramarines, Imperium - Adeptus Astartes - White Scars",5dc7-aa6c-7053-cede,150,1,10,12,2,,,4,8.0,"VEHICLE, WALKER",,➤ Ballistus Missile Launcher - Frag,Ranged,2D6,3,5,0,1,1,Blast,
Ballistus Dreadnought,Imperium - Adeptus Astartes - Space Marines,"Imperium - Adeptus Astartes - Black Templars, Imperium - Adeptus Astartes - Blood Angels, Imperium - Adeptus Astartes - Dark Angels, Imperium - Adeptus Astartes - Deathwatch, Imperium - Adeptus Astartes - Imperial Fists, Imperium - Adeptus Astartes - Iron Hands, Imperium - Adeptus Astartes - Raven Guard, Imperium - Adeptus Astartes - Salamanders, Imperium - Adeptus Astartes - Space Wolves, Imperium - Adeptus Astartes - Ultramarines, Imperium - Adeptus Astartes - White Scars",5dc7-aa6c-7053-cede,150,1,10,12,2,,,4,8.0,"VEHICLE, WALKER",,Twin Storm Bolter,Ranged,2,3,4,0,1,1,"Twin-linked, Rapid Fire 2",
Bladeguard Ancient,Imperium - Adeptus Astartes - Space Marines,"Imperium - Adeptus Astartes - Black Templars, Imperium - Adeptus Astartes - Blood Angels, Imperium - Adeptus Astartes - Dark Angels, Imperium - Adeptus Astartes - Deathwatch, Imperium - Adeptus Astartes - Imperial Fists, Imperium - Adeptus Astartes - Iron Hands, Imperium - Adeptus Astartes - Raven Guard, Imperium - Adeptus Astartes - Salamanders, Imperium - Adeptus Astartes - Space Wolves, Imperium - Adeptus Astartes - Ultramarines, Imperium - Adeptus Astartes - White Scars",9ca5-e5f4-f85d-bcca,40,1,4,4,3,4,,1,6.0,"CHARACTER, INFANTRY",,Heavy Bolt Pistol,Ranged,1,3,4,-1,1,1,,
Bladeguard Ancient,Imperium - Adeptus Astartes - Space Marines,"Imperium - Adeptus Astartes - Black Templars, Imperium - Adeptus Astartes - Blood Angels, Imperium - Adeptus Astartes - Dark Angels, Imperium - Adeptus Astartes - Deathwatch, Imperium - Adeptus Astartes - Imperial Fists, Imperium - Adeptus Astartes - Iron Hands, Imperium - Adeptus Astartes - Raven Guard, Imperium - Adeptus Astartes - Salamanders, Imperium - Adeptus Astartes - Space Wolves, Imperium - Adeptus Astartes - Ultramarines, Imperium - Adeptus Astartes - White Scars",9ca5-e5f4-f85d-bcca,40,1,4,4,3,4,,1,6.0,"CHARACTER, INFANTRY",,Close combat weapon,Melee,5,2,4,0,1,1,,
Bladeguard Veteran Squad,Imperium - Adeptus Astartes - Space Marines,"Imperium - Adeptus Astartes - Black Templars, Imperium - Adeptus Astartes - Blood Angels, Imperium - Adeptus Astartes - Dark Angels, Imperium - Adeptus Astartes - Deathwatch, Imperium - Adeptus Astartes - Imperial Fists, Imperium - Adeptus Astartes - Iron Hands, Imperium - Adeptus Astartes - Raven Guard, Imperium - Adeptus Astartes - Salamanders, Imperium - Adeptus Astartes - Space Wolves, Imperium - Adeptus Astartes - Ultramarines, Imperium - Adeptus Astartes - White Scars",7044-bf1-f949-c32d,80,3,4,3,3,4,,1,6.0,INFANTRY,,Heavy Bolt Pistol,Ranged,1,3,4,-1,1,2,,
Bladeguard Veteran Squad,Imperium - Adeptus Astartes - Space Marines,"Imperium - Adeptus Astartes - Black Templars, Imperium - Adeptus Astartes - Blood Angels, Imperium - Adeptus Astartes - Dark Angels, Imperium - Adeptus Astartes - Deathwatch, Imperium - Adeptus Astartes - Imperial Fists, Imperium - Adeptus Astartes - Iron Hands, Imperium - Adeptus Astartes - Raven Guard, Imperium - Adeptus Astartes - Salamanders, Imperium - Adeptus Astartes - Space Wolves, Imperium - Adeptus Astartes - Ultramarines, Imperium - Adeptus Astartes - White Scars",7044-bf1-f949-c32d,80,3,4,3,3,4,,1,6.0,INFANTRY,,Master-crafted power weapon,Melee,4,3,5,-2,2,2,,
Bladeguard Veteran Squad,Imperium - Adeptus Astartes - Space Marines,"Imperium - Adeptus Astartes - Black Templars, Imperium - Adeptus Astartes - Blood Angels, Imperium - Adeptus Astartes - Dark Angels, Imperium - Adeptus Astartes - Deathwatch, Imperium - Adeptus Astartes - Imperial Fists, Imperium - Adeptus Astartes - Iron Hands, Imperium - Adeptus Astartes - Raven Guard, Imperium - Adeptus Astartes - Salamanders, Imperium - Adeptus Astartes - Space Wolves, Imperium - Adeptus Astartes - Ultramarines, Imperium - Adeptus Astartes - White Scars",7044-bf1-f949-c32d,80,3,4,3,3,4,,1,6.0,INFANTRY,,Master-crafted power weapon,Melee,4,3,5,-2,2,1,,
Bladeguard Veteran Squad,Imperium - Adeptus Astartes - Space Marines,"Imperium - Adeptus Astartes - Black Templars, Imperium - Adeptus Astartes - Blood Angels, Imperium - Adeptus Astartes - Dark Angels, Imperium - Adeptus Astartes - Deathwatch, Imperium - Adeptus Astartes - Imperial Fists, Imperium - Adeptus Astartes - Iron Hands, Imperium - Adeptus Astartes - Raven Guard, Imperium - Adeptus Astartes - Salamanders, Imperium - Adeptus Astartes - Space Wolves, Imperium - Adeptus Astartes - Ultramarines, Imperium - Adeptus Astartes - White Scars",7044-bf1-f949-c32d,80,3,4,3,3,4,,1,6.0,INFANTRY,,Neo-volkite Pistol,Ranged,1,3,5,0,2,1,Devastating Wounds,
Brutalis Dreadnought,Imperium - Adeptus Astartes - Space Marines,"Imperium - Adeptus Astartes - Black Templars, Imperium - Adeptus Astartes - Blood Angels, Imperium - Adeptus Astartes - Dark Angels, Imperium - Adeptus Astartes - Deathwatch, Imperium - Adeptus Astartes - Imperial Fists, Imperium - Adeptus Astartes - Iron Hands, Imperium - Adeptus Astartes - Raven Guard, Imperium - Adeptus Astartes - Salamanders, Imperium - Adeptus Astartes - Space Wolves, Imperium - Adeptus Astartes - Ultramarines, Imperium - Adeptus Astartes - White Scars",1c00-9398-b9e7-446a,150,1,10,12,2,,,4,8.0,"VEHICLE, WALKER",,Twin Icarus ironhail heavy stubber,Ranged,3,3,4,0,1,1,"Twin-linked, Rapid Fire 3, Anti-Fly 4+",
Brutalis Dreadnought,Imperium - Adeptus Astartes - Space Marines,"Imperium - Adeptus Astartes - Black Templars, Imperium - Adeptus Astartes - Blood Angels, Imperium - Adeptus Astartes - Dark Angels, Imperium - Adeptus Astartes - Deathwatch, Imperium - Adeptus Astartes - Imperial Fists, Imperium - Adeptus Astartes - Iron Hands, Imperium - Adeptus Astartes - Raven Guard, Imperium - Adeptus Astartes - Salamanders, Imperium - Adeptus Astartes - Space Wolves, Imperium - Adeptus Astartes - Ultramarines, Imperium - Adeptus Astartes - White Scars",1c00-9398-b9e7-446a,150,1,10,12,2,,,4,8.0,"VEHICLE, WALKER",,Brutalis Fists,Melee,6,3,12,-2,3,1,Twin-linked,
Brutalis Dreadnought,Imperium - Adeptus Astartes - Space Marines,"Imperium - Adeptus Astartes - Black Templars, Imperium - Adeptus Astartes - Blood Angels, Imperium - Adeptus Astartes - Dark Angels, Imperium - Adeptus Astartes - Deathwatch, Imperium - Adeptus Astartes - Imperial Fists, Imperium - Adeptus Astartes - Iron Hands, Imperium - Adeptus Astartes - Raven Guard, Imperium - Adeptus Astartes - Salamanders, Imperium - Adeptus Astartes - Space Wolves, Imperium - Adeptus Astartes - Ultramarines, Imperium - Adeptus Astartes - White Scars",1c00-9398-b9e7-446a,150,1,10,12,2,,,4,8.0,"VEHICLE, WALKER",,Brutalis Bolt Rifles,Ranged,4,3,4,-1,1,1,Twin-linked,
Brutalis Dreadnought,Imperium - Adeptus Astartes - Space Marines,"Imperium - Adeptus Astartes - Black Templars, Imperium - Adeptus Astartes - Blood Angels, Imperium - Adeptus Astartes - Dark Angels, Imperium - Adeptus Astartes - Deathwatch, Imperium - Adeptus Astartes - Imperial Fists, Imperium - Adeptus Astartes - Iron Hands, Imperium - Adeptus Astartes - Raven Guard, Imperium - Adeptus Astartes - Salamanders, Imperium - Adeptus Astartes - Space Wolves, Imperium - Adeptus Astartes - Ultramarines, Imperium - Adeptus Astartes - White Scars",1c00-9398-b9e7-446a,150,1,10,12,2,,,4,8.0,"VEHICLE, WALKER",,Twin heavy bolter,Ranged,3,3,5,-1,2,1,"Sustained Hits 1, Twin-linked",
Captain,Imperium - Adeptus Astartes - Space Marines,"Imperium - Adeptus Astartes - Black Templars, Imperium - Adeptus Astartes - Blood Angels, Imperium - Adeptus Astartes - Dark Angels, Imperium - Adeptus Astartes - Deathwatch, Imperium - Adeptus Astartes - Imperial Fists, Imperium - Adeptus Astartes - Iron Hands, Imperium - Adeptus Astartes - Raven Guard, Imperium - Adeptus Astartes - Salamanders, Imperium - Adeptus Astartes - Space Wolves, Imperium - Adeptus Astartes - Ultramarines, Imperium - Adeptus Astartes - White Scars",6c10-5b51-5bc0-8d2c,80,1,4,5,3,4,,1,6.0,"CHARACTER, INFANTRY",,Bolt pistol,Ranged,1,2,4,0,1,1,,
Captain,Imperium - Adeptus Astartes - Space Marines,"Imperium - Adeptus Astartes - Black Templars, Imperium - Adeptus Astartes - Blood Angels, Imperium - Adeptus Astartes - Dark Angels, Imperium - Adeptus Astartes - Deathwatch, Imperium - Adeptus Astartes - Imperial Fists, Imperium - Adeptus Astartes - Iron Hands, Imperium - Adeptus Astartes - Raven Guard, Imperium - Adeptus Astartes - Salamanders, Imperium - Adeptus Astartes - Space Wolves, Imperium - Adeptus Astartes - Ultramarines, Imperium - Adeptus Astartes - White Scars",6c10-5b51-5bc0-8d2c,80,1,4,5,3,4,,1,6.0,"CHARACTER, INFANTRY",,Master-crafted bolter,Ranged,2,2,4,-1,2,1,,
Captain,Imperium - Adeptus Astartes - Space Marines,"Imperium - Adeptus Astartes - Black Templars, Imperium - Adeptus Astartes - Blood Angels, Imperium - Adeptus Astartes - Dark Angels, Imperium - Adeptus Astartes - Deathwatch, Imperium - Adeptus Astartes - Imperial Fists, Imperium - Adeptus Astartes - Iron Hands, Imperium - Adeptus Astartes - Raven Guard, Imperium - Adeptus Astartes - Salamanders, Imperium - Adeptus Astartes - Space Wolves, Imperium - Adeptus Astartes - Ultramarines, Imperium - Adeptus Astartes - White Scars",6c10-5b51-5bc0-8d2c,80,1,4,5,3,4,,1,6.0,"CHARACTER, INFANTRY",,Close combat weapon,Melee,6,2,4,0,1,1,,
Captain in Gravis Armour,Imperium - Adeptus Astartes - Space Marines,"Imperium - Adeptus Astartes - Black Templars, Imperium - Adeptus Astartes - Blood Angels, Imperium - Adeptus Astartes - Dark Angels, Imperium - Adeptus Astartes - Deathwatch, Imperium - Adeptus Astartes - Imperial Fists, Imperium - Adeptus Astartes - Iron Hands, Imperium - Adeptus Astartes - Raven Guard, Imperium - Adeptus Astartes - Salamanders, Imperium - Adeptus Astartes - Space Wolves, Imperium - Adeptus Astartes - Ultramarines, Imperium - Adeptus Astartes - White Scars",1d56-1cc3-de57-10e2,80,1,6,6,3,4,,1,5.0,"CHARACTER, INFANTRY",,Master-crafted Heavy Bolt Rifle,Ranged,2,2,5,-1,3,1,Heavy,
Captain in Gravis Armour,Imperium - Adeptus Astartes - Space Marines,"Imperium - Adeptus Astartes - Black Templars, Imperium - Adeptus Astartes - Blood Angels, Imperium - Adeptus Astartes - Dark Angels, Imperium - Adeptus Astartes - Deathwatch, Imperium - Adeptus Astartes - Imperial Fists, Imperium - Adeptus Astartes - Iron Hands, Imperium - Adeptus Astartes - Raven Guard, Imperium - Adeptus Astartes - Salamanders, Imperium - Adeptus Astartes - Space Wolves, Imperium - Adeptus Astartes - Ultramarines, Imperium - Adeptus Astartes - White Scars",1d56-1cc3-de57-10e2,80,1,6,6,3,4,,1,5.0,"CHARACTER, INFANTRY",,Master-crafted power weapon,Melee,6,2,5,-2,2,1,,
Captain in Phobos Armour,Imperium - Adeptus Astartes - Space Marines,"Imperium - Adeptus Astartes - Black Templars, Imperium - Adeptus Astartes - Blood Angels, Imperium - Adeptus Astartes - Dark Angels, Imperium - Adeptus Astartes - Deathwatch, Imperium - Adeptus Astartes - Imperial Fists, Imperium - Adeptus Astartes - Iron Hands, Imperium - Adeptus Astartes - Raven Guard, Imperium - Adeptus Astartes - Salamanders, Imperium - Adeptus Astartes - Space Wolves, Imperium - Adeptus Astartes - Ultramarines, Imperium - Adeptus Astartes - White Scars",a976-7cd5-9657-d91a,70,1,4,5,3,4,,1,6.0,"CHARACTER, INFANTRY",,Instigator Bolt Carbine,Ranged,1,2,4,-2,2,1,,
Captain in Phobos Armour,Imperium - Adeptus Astartes - Space Marines,"Imperium - Adeptus Astartes - Black Templars, Imperium - Adeptus Astartes - Blood Angels, Imperium - Adeptus Astartes - Dark Angels, Imperium - Adeptus Astartes - Deathwatch, Imperium - Adeptus Astartes - Imperial Fists, Imperium - Adeptus Astartes - Iron Hands, Imperium - Adeptus Astartes - Raven Guard, Imperium - Adeptus Astartes - Salamanders, Imperium - Adeptus Astartes - Space Wolves, Imperium - Adeptus Astartes - Ultramarines, Imperium - Adeptus Astartes - White Scars",a976-7cd5-9657-d91a,70,1,4,5,3,4,,1,6.0,"CHARACTER, INFANTRY",,Combat Knife,Melee,6,2,4,-1,1,1,,
Captain in Phobos Armour,Imperium - Adeptus Astartes - Space Marines,"Imperium - Adeptus Astartes - Black Templars, Imperium - Adeptus Astartes - Blood Angels, Imperium - Adeptus Astartes - Dark Angels, Imperium - Adeptus Astartes - Deathwatch, Imperium - Adeptus Astartes - Imperial Fists, Imperium - Adeptus Astartes - Iron Hands, Imperium - Adeptus Astartes - Raven Guard, Imperium - Adeptus Astartes - Salamanders, Imperium - Adeptus Astartes - Space Wolves, Imperium - Adeptus Astartes - Ultramarines, Imperium - Adeptus Astartes - White Scars",a976-7cd5-9657-d91a,70,1,4,5,3,4,,1,6.0,"CHARACTER, INFANTRY",,Bolt pistol,Ranged,1,2,4,0,1,1,,
Captain in Terminator Armour,Imperium - Adeptus Astartes - Space Marines,"Imperium - Adeptus Astartes - Black Templars, Imperium - Adeptus Astartes - Blood Angels, Imperium - Adeptus Astartes - Dark Angels, Imperium - Adeptus Astartes - Deathwatch, Imperium - Adeptus Astartes - Imperial Fists, Imperium - Adeptus Astartes - Iron Hands, Imperium - Adeptus Astartes - Raven Guard, Imperium - Adeptus Astartes - Salamanders, Imperium - Adeptus Astartes - Space Wolves, Imperium - Adeptus Astartes - Ultramarines, Imperium - Adeptus Astartes - White Scars",dc24-dd64-5d97-df3c,85,1,5,6,2,4,,1,5.0,"CHARACTER, INFANTRY",,Storm bolter,Ranged,2,3,4,0,1,1,Rapid Fire 2,
Captain in Terminator Armour,Imperium - Adeptus Astartes - Space Marines,"Imperium - Adeptus Astartes - Black Templars, Imperium - Adeptus Astartes - Blood Angels, Imperium - Adeptus Astartes - Dark Angels, Imperium - Adeptus Astartes - Deathwatch, Imperium - Adeptus Astartes - Imperial Fists, Imperium - Adeptus Astartes - Iron Hands, Imperium - Adeptus Astartes - Raven Guard, Imperium - Adeptus Astartes - Salamanders, Imperium - Adeptus Astartes - Space Wolves, Imperium - Adeptus Astartes - Ultramarines, Imperium - Adeptus Astartes - White Scars",dc24-dd64-5d97-df3c,85,1,5,6,2,4,,1,5.0,"CHARACTER, INFANTRY",,Relic Fist,Melee,5,2,8,-2,2,1,,
Captain with Jump Pack,Imperium - Adeptus Astartes - Space Marines,"Imperium - Adeptus Astartes - Black Templars, Imperium - Adeptus Astartes - Blood Angels, Imperium - Adeptus Astartes - Dark Angels, Imperium - Adeptus Astartes - Deathwatch, Imperium - Adeptus Astartes - Imperial Fists, Imperium - Adeptus Astartes - Iron Hands, Imperium - Adeptus Astartes - Raven Guard, Imperium - Adeptus Astartes - Salamanders, Imperium - Adeptus Astartes - Space Wolves, Imperium - Adeptus Astartes - Ultramarines, Imperium - Adeptus Astartes - White Scars",1319-45d-bb95-dfd4,75,1,4,5,3,4,,1,12.0,"CHARACTER, FLY, INFANTRY",,Heavy Bolt Pistol,Ranged,1,3,4,-1,1,1,,
Captain with Jump Pack,Imperium - Adeptus Astartes - Space Marines,"Imperium - Adeptus Astartes - Black Templars, Imperium - Adeptus Astartes - Blood Angels, Imperium - Adeptus Astartes - Dark Angels, Imperium - Adeptus Astartes - Deathwatch, Imperium - Adeptus Astartes - Imperial Fists, Imperium - Adeptus Astartes - Iron Hands, Imperium - Adeptus Astartes - Raven Guard, Imperium - Adeptus Astartes - Salamanders, Imperium - Adeptus Astartes - Space Wolves, Imperium - Adeptus Astartes - Ultramarines, Imperium - Adeptus Astartes - White Scars",1319-45d-bb95-dfd4,75,1,4,5,3,4,,1,12.0,"CHARACTER, FLY, INFANTRY",,Astartes Chainsword,Melee,7,2,4,-1,1,1,,
Castellan,Imperium - Adeptus Astartes - Black Templars,,f151-e676-d3b8-200c,70,1,4,4,3,,,1,6.0,"CHARACTER, INFANTRY",,Master-crafted Power Weapon,Melee,6,2,5,-2,2,1,Lethal Hits,
Castellan,Imperium - Adeptus Astartes - Black Templars,,f151-e676-d3b8-200c,70,1,4,4,3,,,1,6.0,"CHARACTER, INFANTRY",,Heavy Bolt Pistol,Ranged,1,2,4,-1,1,1,,
Centurion Assault Squad,Imperium - Adeptus Astartes - Space Marines,"Imperium - Adeptus Astartes - Black Templars, Imperium - Adeptus Astartes - Blood Angels, Imperium - Adeptus Astartes - Dark Angels, Imperium - Adeptus Astartes - Deathwatch, Imperium - Adeptus Astartes - Imperial Fists, Imperium - Adeptus Astartes - Iron Hands, Imperium - Adeptus Astartes - Raven Guard, Imperium - Adeptus Astartes - Salamanders, Imperium - Adeptus Astartes - Space Wolves, Imperium - Adeptus Astartes - Ultramarines, Imperium - Adeptus Astartes - White Scars",2a8a-522d-51e4-3abc,150,3,7,4,2,,,2,4.0,INFANTRY,,Siege Drills,Melee,3,3,10,-2,3,1,Twin-linked,
Centurion Assault Squad,Imperium - Adeptus Astartes - Space Marines,"Imperium - Adeptus Astartes - Black Templars, Imperium - Adeptus Astartes - Blood Angels, Imperium - Adeptus Astartes - Dark Angels, Imperium - Adeptus Astartes - Deathwatch, Imperium - Adeptus Astartes - Imperial Fists, Imperium - Adeptus Astartes - Iron Hands, Imperium - Adeptus Astartes - Raven Guard, Imperium - Adeptus Astartes - Salamanders, Imperium - Adeptus Astartes - Space Wolves, Imperium - Adeptus Astartes - Ultramarines, Imperium - Adeptus Astartes - White Scars",2a8a-522d-51e4-3abc,150,3,7,4,2,,,2,4.0,INFANTRY,,Centurion Bolters,Ranged,3,3,4,0,1,1,"Twin-linked, Rapid Fire 3",
Centurion Assault Squad,Imperium - Adeptus Astartes - Space Marines,"Imperium - Adeptus Astartes - Black Templars, Imperium - Adeptus Astartes - Blood Angels, Imperium - Adeptus Astartes - Dark Angels, Imperium - Adeptus Astartes - Deathwatch, Imperium - Adeptus Astartes - Imperial Fists, Imperium - Adeptus Astartes - Iron Hands, Imperium - Adeptus Astartes - Raven Guard, Imperium - Adeptus Astartes - Salamanders, Imperium - Adeptus Astartes - Space Wolves, Imperium - Adeptus Astartes - Ultramarines, Imperium - Adeptus Astartes - White Scars",2a8a-522d-51e4-3abc,150,3,7,4,2,,,2,4.0,INFANTRY,,Twin flamer,Ranged,D6,2,4,0,1,1,"Twin-linked, Torrent, Ignores Cover",
Centurion Assault Squad,Imperium - Adeptus Astartes - Space Marines,"Imperium - Adeptus Astartes - Black Templars, Imperium - Adeptus Astartes - Blood Angels, Imperium - Adeptus Astartes - Dark Angels, Imperium - Adeptus Astartes - Deathwatch, Imperium - Adeptus Astartes - Imperial Fists, Imperium - Adeptus Astartes - Iron Hands, Imperium - Adeptus Astartes - Raven Guard, Imperium - Adeptus Astartes - Salamanders, Imperium - Adeptus Astartes - Space Wolves, Imperium - Adeptus Astartes - Ultramarines, Imperium - Adeptus Astartes - White Scars",2a8a-522d-51e4-3abc,150,3,7,4,2,,,2,4.0,INFANTRY,,Siege Drills,Melee,3,3,10,-2,3,2,Twin-linked,
Centurion Assault Squad,Imperium - Adeptus Astartes - Space Marines,"Imperium - Adeptus Astartes - Black Templars, Imperium - Adeptus Astartes - Blood Angels, Imperium - Adeptus Astartes - Dark Angels, Imperium - Adeptus Astartes - Deathwatch, Imperium - Adeptus Astartes - Imperial Fists, Imperium - Adeptus Astartes - Iron Hands, Imperium - Adeptus Astartes - Raven Guard, Imperium - Adeptus Astartes - Salamanders, Imperium - Adeptus Astartes - Space Wolves, Imperium - Adeptus Astartes - Ultramarines, Imperium - Adeptus Astartes - White Scars",2a8a-522d-51e4-3abc,150,3,7,4,2,,,2,4.0,INFANTRY,,Centurion Bolters,Ranged,3,3,4,0,1,2,"Twin-linked, Rapid Fire 3",
Centurion Assault Squad,Imperium - Adeptus Astartes - Space Marines,"Imperium - Adeptus Astartes - Black Templars, Imperium - Adeptus Astartes - Blood Angels, Imperium - Adeptus Astartes - Dark Angels, Imperium - Adeptus Astartes - Deathwatch, Imperium - Adeptus Astartes - Imperial Fists, Imperium - Adeptus Astartes - Iron Hands, Imperium - Adeptus Astartes - Raven Guard, Imperium - Adeptus Astartes - Salamanders, Imperium - Adeptus Astartes - Space Wolves, Imperium - Adeptus Astartes - Ultramarines, Imperium - Adeptus Astartes - White Scars",2a8a-522d-51e4-3abc,150,3,7,4,2,,,2,4.0,INFANTRY,,Twin flamer,Ranged,D6,2,4,0,1,2,"Twin-linked, Torrent, Ignores Cover",
Centurion Devastator Squad,Imperium - Adeptus Astartes - Space Marines,"Imperium - Adeptus Astartes - Black Templars, Imperium - Adeptus Astartes - Blood Angels, Imperium - Adeptus Astartes - Dark Angels, Imperium - Adeptus Astartes - Deathwatch, Imperium - Adeptus Astartes - Imperial Fists, Imperium - Adeptus Astartes - Iron Hands, Imperium - Adeptus Astartes - Raven Guard, Imperium - Adeptus Astartes - Salamanders, Imperium - Adeptus Astartes - Space Wolves, Imperium - Adeptus Astartes - Ultramarines, Imperium - Adeptus Astartes - White Scars",6ba0-cede-e278-f86b,175,3,7,4,2,,,2,4.0,INFANTRY,,Centurion Fists,Melee,3,4,5,-1,2,1,,
Centurion Devastator Squad,Imperium - Adeptus Astartes - Space Marines,"Imperium - Adeptus Astartes - Black Templars, Imperium - Adeptus Astartes - Blood Angels, Imperium - Adeptus Astartes - Dark Angels, Imperium - Adeptus Astartes - Deathwatch, Imperium - Adeptus Astartes - Imperial Fists, Imperium - Adeptus Astartes - Iron Hands, Imperium - Adeptus Astartes - Raven Guard, Imperium - Adeptus Astartes - Salamanders, Imperium - Adeptus Astartes - Space Wolves, Imperium - Adeptus Astartes - Ultramarines, Imperium - Adeptus Astartes - White Scars",6ba0-cede-e278-f86b,175,3,7,4,2,,,2,4.0,INFANTRY,,Centurion Bolters,Ranged,3,3,4,0,1,1,"Twin-linked, Rapid Fire 3",
Centurion Devastator Squad,Imperium - Adeptus Astartes - Space Marines,"Imperium - Adeptus Astartes - Black Templars, Imperium - Adeptus Astartes - Blood Angels, Imperium - Adeptus Astartes - Dark Angels, Imperium - Adeptus Astartes - Deathwatch, Imperium - Adeptus Astartes - Imperial Fists, Imperium - Adeptus Astartes - Iron Hands, Imperium - Adeptus Astartes - Raven Guard, Imperium - Adeptus Astartes - Salamanders, Imperium - Adeptus Astartes - Space Wolves, Imperium - Adeptus Astartes - Ultramarines, Imperium - Adeptus Astartes - White Scars",6ba0-cede-e278-f86b,175,3,7,4,2,,,2,4.0,INFANTRY,,Twin heavy bolter,Ranged,3,3,5,-1,2,1,"Sustained Hits 1, Twin-linked",
Centurion Devastator Squad,Imperium - Adeptus Astartes - Space Marines,"Imperium - Adeptus Astartes - Black Templars, Imperium - Adeptus Astartes - Blood Angels, Imperium - Adeptus Astartes - Dark Angels, Imperium - Adeptus Astartes - Deathwatch, Imperium - Adeptus Astartes - Imperial Fists, Imperium - Adeptus Astartes - Iron Hands, Imperium - Adeptus Astartes - Raven Guard, Imperium - Adeptus Astartes - Salamanders, Imperium - Adeptus Astartes - Space Wolves, Imperium - Adeptus Astartes - Ultramarines, Imperium - Adeptus Astartes - White Scars",6ba0-cede-e278-f86b,175,3,7,4,2,,,2,4.0,INFANTRY,,Centurion Fists,Melee,3,4,5,-1,2,2,,
Centurion Devastator Squad,Imperium - Adeptus Astartes - Space Marines,"Imperium - Adeptus Astartes - Black Templars, Imperium - Adeptus Astartes - Blood Angels, Imperium - Adeptus Astartes - Dark Angels, Imperium - Adeptus Astartes - Deathwatch, Imperium - Adeptus Astartes - Imperial Fists, Imperium - Adeptus Astartes - Iron Hands, Imperium - Adeptus Astartes - Raven Guard, Imperium - Adeptus Astartes - Salamanders, Imperium - Adeptus Astartes - Space Wolves, Imperium - Adeptus Astartes - Ultramarines, Imperium - Adeptus Astartes - White Scars",6ba0-cede-e278-f86b,175,3,7,4,2,,,2,4.0,INFANTRY,,Centurion Bolters,Ranged,3,3,4,0,1,2,"Twin-linked, Rapid Fire 3",
Centurion Devastator Squad,Imperium - Adeptus Astartes - Space Marines,"Imperium - Adeptus Astartes - Black Templars, Imperium - Adeptus Astartes - Blood Angels, Imperium - Adeptus Astartes - Dark Angels, Imperium - Adeptus Astartes - Deathwatch, Imperium - Adeptus Astartes - Imperial Fists, Imperium - Adeptus Astartes - Iron Hands, Imperium - Adeptus Astartes - Raven Guard, Imperium - Adeptus Astartes - Salamanders, Imperium - Adeptus Astartes - Space Wolves, Imperium - Adeptus Astartes - Ultramarines, Imperium - Adeptus Astartes - White Scars",6ba0-cede-e278-f86b,175,3,7,4,2,,,2,4.0,INFANTRY,,Twin heavy bolter,Ranged,3,3,5,-1,2,2,"Sustained Hits 1, Twin-linked",
Chaplain,Imperium - Adeptus Astartes - Space Marines,"Imperium - Adeptus Astartes - Black Templars, Imperium - Adeptus Astartes - Blood Angels, Imperium - Adeptus Astartes - Dark Angels, Imperium - Adeptus Astartes - Deathwatch, Imperium - Adeptus Astartes - Imperial Fists, Imperium - Adeptus Astartes - Iron Hands, Imperium - Adeptus Astartes - Raven Guard, Imperium - Adeptus Astartes - Salamanders, Imperium - Adeptus Astartes - Space Wolves, Imperium - Adeptus Astartes - Ultramarines, Imperium - Adeptus Astartes - White Scars",ceb5-55c7-2d49-d952,60,1,4,4,3,4,,1,6.0,"CHARACTER, INFANTRY",,Absolvor bolt pistol,Ranged,1,3,5,-1,2,1,,
Chaplain,Imperium - Adeptus Astartes - Space Marines,"Imperium - Adeptus Astartes - Black Templars, Imperium - Adeptus Astartes - Blood Angels, Imperium - Adeptus Astartes - Dark Angels, Imperium - Adeptus Astartes - Deathwatch, Imperium - Adeptus Astartes - Imperial Fists, Imperium - Adeptus Astartes - Iron Hands, Imperium - Adeptus Astartes - Raven Guard, Imperium - Adeptus Astartes - Salamanders, Imperium - Adeptus Astartes - Space Wolves, Imperium - Adeptus Astartes - Ultramarines, Imperium - Adeptus Astartes - White Scars",ceb5-55c7-2d49-d952,60,1,4,4,3,4,,1,6.0,"CHARACTER, INFANTRY",,Crozius arcanum,Melee,5,2,6,-1,2,1,,
Chaplain Grimaldus,Imperium - Adeptus Astartes - Black Templars,,8165-e372-4fd6-3274,100,4,4,4,3,4,,1,6.0,"EPIC HERO, INFANTRY",,Artificer Crozius,Melee,6,2,6,-2,2,1,,
Chaplain Grimaldus,Imperium - Adeptus Astartes - Black Templars,,8165-e372-4fd6-3274,100,4,4,4,3,4,,1,6.0,"EPIC HERO, INFANTRY",,➤ Plasma Pistol - Supercharge,Ranged,1,2,8,-3,2,1,,
Chaplain Grimaldus,Imperium - Adeptus Astartes - Black Templars,,8165-e372-4fd6-3274,100,4,4,4,3,4,,1,6.0,"EPIC HERO, INFANTRY",,Close Combat Weapon,Melee,1,4,3,0,1,3,,
Chaplain in Terminator Armour,Imperium - Adeptus Astartes - Space Marines,"Imperium - Adeptus Astartes - Black Templars, Imperium - Adeptus Astartes - Blood Angels, Imperium - Adeptus Astartes - Dark Angels, Imperium - Adeptus Astartes - Deathwatch, Imperium - Adeptus Astartes - Imperial Fists, Imperium - Adeptus Astartes - Iron Hands, Imperium - Adeptus Astartes - Raven Guard, Imperium - Adeptus Astartes - Salamanders, Imperium - Adeptus Astartes - Space Wolves, Imperium - Adeptus Astartes - Ultramarines, Imperium - Adeptus Astartes - White Scars",c026-b762-d0a6-5ef1,75,1,5,5,2,4,,1,5.0,"CHARACTER, INFANTRY",,Crozius arcanum,Melee,5,2,6,-1,2,1,,
Chaplain in Terminator Armour,Imperium - Adeptus Astartes - Space Marines,"Imperium - Adeptus Astartes - Black Templars, Imperium - Adeptus Astartes - Blood Angels, Imperium - Adeptus Astartes - Dark Angels, Imperium - Adeptus Astartes - Deathwatch, Imperium - Adeptus Astartes - Imperial Fists, Imperium - Adeptus Astartes - Iron Hands, Imperium - Adeptus Astartes - Raven Guard, Imperium - Adeptus Astartes - Salamanders, Imperium - Adeptus Astartes - Space Wolves, Imperium - Adeptus Astartes - Ultramarines, Imperium - Adeptus Astartes - White Scars",c026-b762-d0a6-5ef1,75,1,5,5,2,4,,1,5.0,"CHARACTER, INFANTRY",,Storm bolter,Ranged,2,3,4,0,1,1,Rapid Fire 2,
Chaplain on Bike,Imperium - Adeptus Astartes - Space Marines,"Imperium - Adeptus Astartes - Black Templars, Imperium - Adeptus Astartes - Blood Angels, Imperium - Adeptus Astartes - Dark Angels, Imperium - Adeptus Astartes - Deathwatch, Imperium - Adeptus Astartes - Imperial Fists, Imperium - Adeptus Astartes - Iron Hands, Imperium - Adeptus Astartes - Raven Guard, Imperium - Adeptus Astartes - Salamanders, Imperium - Adeptus Astartes - Space Wolves, Imperium - Adeptus Astartes - Ultramarines, Imperium - Adeptus Astartes - White Scars",5d1d-2230-8199-3ab3,70,1,5,5,3,4,,1,12.0,"CHARACTER, MOUNTED",,Absolvor bolt pistol,Ranged,1,3,5,-1,2,1,,
Chaplain on Bike,Imperium - Adeptus Astartes - Space Marines,"Imperium - Adeptus Astartes - Black Templars, Imperium - Adeptus Astartes - Blood Angels, Imperium - Adeptus Astartes - Dark Angels, Imperium - Adeptus Astartes - Deathwatch, Imperium - Adeptus Astartes - Imperial Fists, Imperium - Adeptus Astartes - Iron Hands, Imperium - Adeptus Astartes - Raven Guard, Imperium - Adeptus Astartes - Salamanders, Imperium - Adeptus Astartes - Space Wolves, Imperium - Adeptus Astartes - Ultramarines, Imperium - Adeptus Astartes - White Scars",5d1d-2230-8199-3ab3,70,1,5,5,3,4,,1,12.0,"CHARACTER, MOUNTED",,Crozius arcanum,Melee,5,2,6,-1,2,1,,
Chaplain on Bike,Imperium - Adeptus Astartes - Space Marines,"Imperium - Adeptus Astartes - Black Templars, Imperium - Adeptus Astartes - Blood Angels, Imperium - Adeptus Astartes - Dark Angels, Imperium - Adeptus Astartes - Deathwatch, Imperium - Adeptus Astartes - Imperial Fists, Imperium - Adeptus Astartes - Iron Hands, Imperium - Adeptus Astartes - Raven Guard, Imperium - Adeptus Astartes - Salamanders, Imperium - Adeptus Astartes - Space Wolves, Imperium - Adeptus Astartes - Ultramarines, Imperium - Adeptus Astartes - White Scars",5d1d-2230-8199-3ab3,70,1,5,5,3,4,,1,12.0,"CHARACTER, MOUNTED",,Twin bolt rifle,Ranged,2,3,4,-1,1,1,Twin-linked,
Chaplain with Jump Pack,Imperium - Adeptus Astartes - Space Marines,"Imperium - Adeptus Astartes - Black Templars, Imperium - Adeptus Astartes - Blood Angels, Imperium - Adeptus Astartes - Dark Angels, Imperium - Adeptus Astartes - Deathwatch, Imperium - Adeptus Astartes - Imperial Fists, Imperium - Adeptus Astartes - Iron Hands, Imperium - Adeptus Astartes - Raven Guard, Imperium - Adeptus Astartes - Salamanders, Imperium - Adeptus Astartes - Space Wolves, Imperium - Adeptus Astartes - Ultramarines, Imperium - Adeptus Astartes - White Scars",23f1-2df2-7085-cf41,75,1,4,4,3,4,,1,12.0,"CHARACTER, FLY, INFANTRY",,Crozius arcanum,Melee,5,2,6,-1,2,1,,
Chaplain with Jump Pack,Imperium - Adeptus Astartes - Space Marines,"Imperium - Adeptus Astartes - Black Templars, Imperium - Adeptus Astartes - Blood Angels, Imperium - Adeptus Astartes - Dark Angels, Imperium - Adeptus Astartes - Deathwatch, Imperium - Adeptus Astartes - Imperial Fists, Imperium - Adeptus Astartes - Iron Hands, Imperium - Adeptus Astartes - Raven Guard, Imperium - Adeptus Astartes - Salamanders, Imperium - Adeptus Astartes - Space Wolves, Imperium - Adeptus Astartes - Ultramarines, Imperium - Adeptus Astartes - White Scars",23f1-2df2-7085-cf41,75,1,4,4,3,4,,1,12.0,"CHARACTER, FLY, INFANTRY",,Inferno Pistol,Ranged,1,3,8,-4,D3,1,Melta 2,
Company Heroes,Imperium - Adeptus Astartes - Space Marines,"Imperium - Adeptus Astartes - Black Templars, Imperium - Adeptus Astartes - Blood Angels, Imperium - Adeptus Astartes - Dark Angels, Imperium - Adeptus Astartes - Deathwatch, Imperium - Adeptus Astartes - Imperial Fists, Imperium - Adeptus Astartes - Iron Hands, Imperium - Adeptus Astartes - Raven Guard, Imperium - Adeptus Astartes - Salamanders, Imperium - Adeptus Astartes - Space Wolves, Imperium - Adeptus Astartes - Ultramarines, Imperium - Adeptus Astartes - White Scars",2f2e-d99b-b235-163a,105,4,4,4,3,,,1,6.0,INFANTRY,,Bolt Rifle,Ranged,2,3,4,-1,1,1,,
Company Heroes,Imperium - Adeptus Astartes - Space Marines,"Imperium - Adeptus Astartes - Black Templars, Imperium - Adeptus Astartes - Blood Angels, Imperium - Adeptus Astartes - Dark Angels, Imperium - Adeptus Astartes - Deathwatch, Imperium - Adeptus Astartes - Imperial Fists, Imperium - Adeptus Astartes - Iron Hands, Imperium - Adeptus Astartes - Raven Guard, Imperium - Adeptus Astartes - Salamanders, Imperium - Adeptus Astartes - Space Wolves, Imperium - Adeptus Astartes - Ultramarines, Imperium - Adeptus Astartes - White Scars",2f2e-d99b-b235-163a,105,4,4,4,3,,,1,6.0,INFANTRY,,Bolt pistol,Ranged,1,3,4,0,1,1,,
Company Heroes,Imperium - Adeptus Astartes - Space Marines,"Imperium - Adeptus Astartes - Black Templars, Imperium - Adeptus Astartes - Blood Angels, Imperium - Adeptus Astartes - Dark Angels, Imperium - Adeptus Astartes - Deathwatch, Imperium - Adeptus Astartes - Imperial Fists, Imperium - Adeptus Astartes - Iron Hands, Imperium - Adeptus Astartes - Raven Guard, Imperium - Adeptus Astartes - Salamanders, Imperium - Adeptus Astartes - Space Wolves, Imperium - Adeptus Astartes - Ultramarines, Imperium - Adeptus Astartes - White Scars",2f2e-d99b-b235-163a,105,4,4,4,3,,,1,6.0,INFANTRY,,Close combat weapon,Melee,5,3,4,0,1,1,,
Company Heroes,Imperium - Adeptus Astartes - Space Marines,"Imperium - Adeptus Astartes - Black Templars, Imperium - Adeptus Astartes - Blood Angels, Imperium - Adeptus Astartes - Dark Angels, Imperium - Adeptus Astartes - Deathwatch, Imperium - Adeptus Astartes - Imperial Fists, Imperium - Adeptus Astartes - Iron Hands, Imperium - Adeptus Astartes - Raven Guard, Imperium - Adeptus Astartes - Salamanders, Imperium - Adeptus Astartes - Space Wolves, Imperium - Adeptus Astartes - Ultramarines, Imperium - Adeptus Astartes - White Scars",2f2e-d99b-b235-163a,105,4,4,4,3,,,1,6.0,INFANTRY,,Master-crafted Power Weapon,Melee,6,2,5,-2,2,1,,
Company Heroes,Imperium - Adeptus Astartes - Space Marines,"Imperium - Adeptus Astartes - Black Templars, Imperium - Adeptus Astartes - Blood Angels, Imperium - Adeptus Astartes - Dark Angels, Imperium - Adeptus Astartes - Deathwatch, Imperium - Adeptus Astartes - Imperial Fists, Imperium - Adeptus Astartes - Iron Hands, Imperium - Adeptus Astartes - Raven Guard, Imperium - Adeptus Astartes - Salamanders, Imperium - Adeptus Astartes - Space Wolves, Imperium - Adeptus Astartes - Ultramarines, Imperium - Adeptus Astartes - White Scars",2f2e-d99b-b235-163a,105,4,4,4,3,,,1,6.0,INFANTRY,,Bolt pistol,Ranged,1,3,4,0,1,1,,
Company Heroes,Imperium - Adeptus Astartes - Space Marines,"Imperium - Adeptus Astartes - Black Templars, Imperium - Adeptus Astartes - Blood Angels, Imperium - Adeptus Astartes - Dark Angels, Imperium - Adeptus Astartes - Deathwatch, Imperium - Adeptus Astartes - Imperial Fists, Imperium - Adeptus Astartes - Iron Hands, Imperium - Adeptus Astartes - Raven Guard, Imperium - Adeptus Astartes - Salamanders, Imperium - Adeptus Astartes - Space Wolves, Imperium - Adeptus Astartes - Ultramarines, Imperium - Adeptus Astartes - White Scars",2f2e-d99b-b235-163a,105,4,4,4,3,,,1,6.0,INFANTRY,,Master-crafted Bolt Rifle,Ranged,2,2,4,-1,2,1,"Devastating Wounds, Rapid Fire 1",
Company Heroes,Imperium - Adeptus Astartes - Space Marines,"Imperium - Adeptus Astartes - Black Templars, Imperium - Adeptus Astartes - Blood Angels, Imperium - Adeptus Astartes - Dark Angels, Imperium - Adeptus Astartes - Deathwatch, Imperium - Adeptus Astartes - Imperial Fists, Imperium - Adeptus Astartes - Iron Hands, Imperium - Adeptus Astartes - Raven Guard, Imperium - Adeptus Astartes - Salamanders, Imperium - Adeptus Astartes - Space Wolves, Imperium - Adeptus Astartes - Ultramarines, Imperium - Adeptus Astartes - White Scars",2f2e-d99b-b235-163a,105,4,4,4,3,,,1,6.0,INFANTRY,,Bolt pistol,Ranged,1,3,4,0,1,1,,
Company Heroes,Imperium - Adeptus Astartes - Space Marines,"Imperium - Adeptus Astartes - Black Templars, Imperium - Adeptus Astartes - Blood Angels, Imperium - Adeptus Astartes - Dark Angels, Imperium - Adeptus Astartes - Deathwatch, Imperium - Adeptus Astartes - Imperial Fists, Imperium - Adeptus Astartes - Iron Hands, Imperium - Adeptus Astartes - Raven Guard, Imperium - Adeptus Astartes - Salamanders, Imperium - Adeptus Astartes - Space Wolves, Imperium - Adeptus Astartes - Ultramarines, Imperium - Adeptus Astartes - White Scars",2f2e-d99b-b235-163a,105,4,4,4,3,,,1,6.0,INFANTRY,,Close combat weapon,Melee,5,3,4,0,1,1,,
Company Heroes,Imperium - Adeptus Astartes - Space Marines,"Imperium - Adeptus Astartes - Black Templars, Imperium - Adeptus Astartes - Blood Angels, Imperium - Adeptus Astartes - Dark Angels, Imperium - Adeptus Astartes - Deathwatch, Imperium - Adeptus Astartes - Imperial Fists, Imperium - Adeptus Astartes - Iron Hands, Imperium - Adeptus Astartes - Raven Guard, Imperium - Adeptus Astartes - Salamanders, Imperium - Adeptus Astartes - Space Wolves, Imperium - Adeptus Astartes - Ultramarines, Imperium - Adeptus Astartes - White Scars",2f2e-d99b-b235-163a,105,4,4,4,3,,,1,6.0,INFANTRY,,Master-crafted Heavy Bolter,Ranged,3,3,5,-1,3,1,"Sustained Hits 2, Heavy",
Company Heroes,Imperium - Adeptus Astartes - Space Marines,"Imperium - Adeptus Astartes - Black Templars, Imperium - Adeptus Astartes - Blood Angels, Imperium - Adeptus Astartes - Dark Angels, Imperium - Adeptus Astartes - Deathwatch, Imperium - Adeptus Astartes - Imperial Fists, Imperium - Adeptus Astartes - Iron Hands, Imperium - Adeptus Astartes - Raven Guard, Imperium - Adeptus Astartes - Salamanders, Imperium - Adeptus Astartes - Space Wolves, Imperium - Adeptus Astartes - Ultramarines, Imperium - Adeptus Astartes - White Scars",2f2e-d99b-b235-163a,105,4,4,4,3,,,1,6.0,INFANTRY,,Bolt pistol,Ranged,1,3,4,0,1,1,,
Company Heroes,Imperium - Adeptus Astartes - Space Marines,"Imperium - Adeptus Astartes - Black Templars, Imperium - Adeptus Astartes - Blood Angels, Imperium - Adeptus Astartes - Dark Angels, Imperium - Adeptus Astartes - Deathwatch, Imperium - Adeptus Astartes - Imperial Fists, Imperium - Adeptus Astartes - Iron Hands, Imperium - Adeptus Astartes - Raven Guard, Imperium - Adeptus Astartes - Salamanders, Imperium - Adeptus Astartes - Space Wolves, Imperium - Adeptus Astartes - Ultramarines, Imperium - Adeptus Astartes - White Scars",2f2e-d99b-b235-163a,105,4,4,4,3,,,1,6.0,INFANTRY,,Close combat weapon,Melee,5,3,4,0,1,1,,
Crusade Ancient,Imperium - Adeptus Astartes - Black Templars,,dca2-b12f-d1a9-5822,40,1,4,4,3,,,1,6.0,"CHARACTER, INFANTRY",,Master-crafted Power Weapon,Melee,5,2,5,-2,2,1,Lethal Hits,
Crusade Ancient,Imperium - Adeptus Astartes - Black Templars,,dca2-b12f-d1a9-5822,40,1,4,4,3,,,1,6.0,"CHARACTER, INFANTRY",,Bolt pistol,Ranged,1,3,4,0,1,1,,
Desolation Squad,Imperium - Adeptus Astartes - Space Marines,"Imperium - Adeptus Astartes - Black Templars, Imperium - Adeptus Astartes - Blood Angels, Imperium - Adeptus Astartes - Dark Angels, Imperium - Adeptus Astartes - Deathwatch, Imperium - Adeptus Astartes - Imperial Fists, Imperium - Adeptus Astartes - Iron Hands, Imperium - Adeptus Astartes - Raven Guard, Imperium - Adeptus Astartes - Salamanders, Imperium - Adeptus Astartes - Space Wolves, Imperium - Adeptus Astartes - Ultramarines, Imperium - Adeptus Astartes - White Scars",a3ea-7a0d-fef8-23bf,180,5,4,2,3,,,1,6.0,INFANTRY,,Bolt pistol,Ranged,1,3,4,0,1,4,,
Desolation Squad,Imperium - Adeptus Astartes - Space Marines,"Imperium - Adeptus Astartes - Black Templars, Imperium - Adeptus Astartes - Blood Angels, Imperium - Adeptus Astartes - Dark Angels, Imperium - Adeptus Astartes - Deathwatch, Imperium - Adeptus Astartes - Imperial Fists, Imperium - Adeptus Astartes - Iron Hands, Imperium - Adeptus Astartes - Raven Guard, Imperium - Adeptus Astartes - Salamanders, Imperium - Adeptus Astartes - Space Wolves, Imperium - Adeptus Astartes - Ultramarines, Imperium - Adeptus Astartes - White Scars",a3ea-7a0d-fef8-23bf,180,5,4,2,3,,,1,6.0,INFANTRY,,Close combat weapon,Melee,3,3,4,0,1,4,,
Desolation Squad,Imperium - Adeptus Astartes - Space Marines,"Imperium - Adeptus Astartes - Black Templars, Imperium - Adeptus Astartes - Blood Angels, Imperium - Adeptus Astartes - Dark Angels, Imperium - Adeptus Astartes - Deathwatch, Imperium - Adeptus Astartes - Imperial Fists, Imperium - Adeptus Astartes - Iron Hands, Imperium - Adeptus Astartes - Raven Guard, Imperium - Adeptus Astartes - Salamanders, Imperium - Adeptus Astartes - Space Wolves, Imperium - Adeptus Astartes - Ultramarines, Imperium - Adeptus Astartes - White Scars",a3ea-7a0d-fef8-23bf,180,5,4,2,3,,,1,6.0,INFANTRY,,Castellan Launcher,Ranged,D3,3,4,0,1,4,Blast,
Desolation Squad,Imperium - Adeptus Astartes - Space Marines,"Imperium - Adeptus Astartes - Black Templars, Imperium - Adeptus Astartes - Blood Angels, Imperium - Adeptus Astartes - Dark Angels, Imperium - Adeptus Astartes - Deathwatch, Imperium - Adeptus Astartes - Imperial Fists, Imperium - Adeptus Astartes - Iron Hands, Imperium - Adeptus Astartes - Raven Guard, Imperium - Adeptus Astartes - Salamanders, Imperium - Adeptus Astartes - Space Wolves, Imperium - Adeptus Astartes - Ultramarines, Imperium - Adeptus Astartes - White Scars",a3ea-7a0d-fef8-23bf,180,5,4,2,3,,,1,6.0,INFANTRY,,Superfrag Rocket Launcher,Ranged,D6+1,4,5,0,1,4,"Blast, Heavy",
Desolation Squad,Imperium - Adeptus Astartes - Space Marines,"Imperium - Adeptus Astartes - Black Templars, Imperium - Adeptus Astartes - Blood Angels, Imperium - Adeptus Astartes - Dark Angels, Imperium - Adeptus Astartes - Deathwatch, Imperium - Adeptus Astartes - Imperial Fists, Imperium - Adeptus Astartes - Iron Hands, Imperium - Adeptus Astartes - Raven Guard, Imperium - Adeptus Astartes - Salamanders, Imperium - Adeptus Astartes - Space Wolves, Imperium - Adeptus Astartes - Ultramarines, Imperium - Adeptus Astartes - White Scars",a3ea-7a0d-fef8-23bf,180,5,4,2,3,,,1,6.0,INFANTRY,,Bolt pistol,Ranged,1,3,4,0,1,1,,
Desolation Squad,Imperium - Adeptus Astartes - Space Marines,"Imperium - Adeptus Astartes - Black Templars, Imperium - Adeptus Astartes - Blood Angels, Imperium - Adeptus Astartes - Dark Angels, Imperium - Adeptus Astartes - Deathwatch, Imperium - Adeptus Astartes - Imperial Fists, Imperium - Adeptus Astartes - Iron Hands, Imperium - Adeptus Astartes - Raven Guard, Imperium - Adeptus Astartes - Salamanders, Imperium - Adeptus Astartes - Space Wolves, Imperium - Adeptus Astartes - Ultramarines, Imperium - Adeptus Astartes - White Scars",a3ea-7a0d-fef8-23bf,180,5,4,2,3,,,1,6.0,INFANTRY,,Close combat weapon,Melee,3,3,4,0,1,1,,
Desolation Squad,Imperium - Adeptus Astartes - Space Marines,"Imperium - Adeptus Astartes - Black Templars, Imperium - Adeptus Astartes - Blood Angels, Imperium - Adeptus Astartes - Dark Angels, Imperium - Adeptus Astartes - Deathwatch, Imperium - Adeptus Astartes - Imperial Fists, Imperium - Adeptus Astartes - Iron Hands, Imperium - Adeptus Astartes - Raven Guard, Imperium - Adeptus Astartes - Salamanders, Imperium - Adeptus Astartes - Space Wolves, Imperium - Adeptus Astartes - Ultramarines, Imperium - Adeptus Astartes - White Scars",a3ea-7a0d-fef8-23bf,180,5,4,2,3,,,1,6.0,INFANTRY,,Castellan Launcher,Ranged,D3,3,4,0,1,1,Blast,
Desolation Squad,Imperium - Adeptus Astartes - Space Marines,"Imperium - Adeptus Astartes - Black Templars, Imperium - Adeptus Astartes - Blood Angels, Imperium - Adeptus Astartes - Dark Angels, Imperium - Adeptus Astartes - Deathwatch, Imperium - Adeptus Astartes - Imperial Fists, Imperium - Adeptus Astartes - Iron Hands, Imperium - Adeptus Astartes - Raven Guard, Imperium - Adeptus Astartes - Salamanders, Imperium - Adeptus Astartes - Space Wolves, Imperium - Adeptus Astartes - Ultramarines, Imperium - Adeptus Astartes - White Scars",a3ea-7a0d-fef8-23bf,180,5,4,2,3,,,1,6.0,INFANTRY,,Superfrag Rocket Launcher,Ranged,D6+1,4,5,0,1,1,"Blast, Heavy",
Devastator Squad,Imperium - Adeptus Astartes - Space Marines,"Imperium - Adeptus Astartes - Black Templars, Imperium - Adeptus Astartes - Blood Angels, Imperium - Adeptus Astartes - Dark Angels, Imperium - Adeptus Astartes - Deathwatch, Imperium - Adeptus Astartes - Imperial Fists, Imperium - Adeptus Astartes - Iron Hands, Imperium - Adeptus Astartes - Raven Guard, Imperium - Adeptus Astartes - Salamanders, Imperium - Adeptus Astartes - Space Wolves, Imperium - Adeptus Astartes - Ultramarines, Imperium - Adeptus Astartes - White Scars",3f4c-1e67-66dc-ffa5,120,5,4,2,3,,,1,6.0,INFANTRY,,Bolt pistol,Ranged,1,3,4,0,1,4,,
Devastator Squad,Imperium - Adeptus Astartes - Space Marines,"Imperium - Adeptus Astartes - Black Templars, Imperium - Adeptus Astartes - Blood Angels, Imperium - Adeptus Astartes - Dark Angels, Imperium - Adeptus Astartes - Deathwatch, Imperium - Adeptus Astartes - Imperial Fists, Imperium - Adeptus Astartes - Iron Hands, Imperium - Adeptus Astartes - Raven Guard, Imperium - Adeptus Astartes - Salamanders, Imperium - Adeptus Astartes - Space Wolves, Imperium - Adeptus Astartes - Ultramarines, Imperium - Adeptus Astartes - White Scars",3f4c-1e67-66dc-ffa5,120,5,4,2,3,,,1,6.0,INFANTRY,,Close combat weapon,Melee,2,3,4,0,1,4,,
Devastator Squad,Imperium - Adeptus Astartes - Space Marines,"Imperium - Adeptus Astartes - Black Templars, Imperium - Adeptus Astartes - Blood Angels, Imperium - Adeptus Astartes - Dark Angels, Imperium - Adeptus Astartes - Deathwatch, Imperium - Adeptus Astartes - Imperial Fists, Imperium - Adeptus Astartes - Iron Hands, Imperium - Adeptus Astartes - Raven Guard, Imperium - Adeptus Astartes - Salamanders, Imperium - Adeptus Astartes - Space Wolves, Imperium - Adeptus Astartes - Ultramarines, Imperium - Adeptus Astartes - White Scars",3f4c-1e67-66dc-ffa5,120,5,4,2,3,,,1,6.0,INFANTRY,,Heavy Bolter,Ranged,3,4,5,-1,2,4,"Sustained Hits 1, Heavy",
Devastator Squad,Imperium - Adeptus Astartes - Space Marines,"Imperium - Adeptus Astartes - Black Templars, Imperium - Adeptus Astartes - Blood Angels, Imperium - Adeptus Astartes - Dark Angels, Imperium - Adeptus Astartes - Deathwatch, Imperium - Adeptus Astartes - Imperial Fists, Imperium - Adeptus Astartes - Iron Hands, Imperium - Adeptus Astartes - Raven Guard, Imperium - Adeptus Astartes - Salamanders, Imperium - Adeptus Astartes - Space Wolves, Imperium - Adeptus Astartes - Ultramarines, Imperium - Adeptus Astartes - White Scars",3f4c-1e67-66dc-ffa5,120,5,4,2,3,,,1,6.0,INFANTRY,,Close combat weapon,Melee,2,3,4,0,1,1,,
Devastator Squad,Imperium - Adeptus Astartes - Space Marines,"Imperium - Adeptus Astartes - Black Templars, Imperium - Adeptus Astartes - Blood Angels, Imperium - Adeptus Astartes - Dark Angels, Imperium - Adeptus Astartes - Deathwatch, Imperium - Adeptus Astartes - Imperial Fists, Imperium - Adeptus Astartes - Iron Hands, Imperium - Adeptus Astartes - Raven Guard, Imperium - Adeptus Astartes - Salamanders, Imperium - Adeptus Astartes - Space Wolves, Imperium - Adeptus Astartes - Ultramarines, Imperium - Adeptus Astartes - White Scars",3f4c-1e67-66dc-ffa5,120,5,4,2,3,,,1,6.0,INFANTRY,,Astartes Chainsword,Melee,4,3,4,-1,1,1,,
Devastator Squad,Imperium - Adeptus Astartes - Space Marines,"Imperium - Adeptus Astartes - Black Templars, Imperium - Adeptus Astartes - Blood Angels, Imperium - Adeptus Astartes - Dark Angels, Imperium - Adeptus Astartes - Deathwatch, Imperium - Adeptus Astartes - Imperial Fists, Imperium - Adeptus Astartes - Iron Hands, Imperium - Adeptus Astartes - Raven Guard, Imperium - Adeptus Astartes - Salamanders, Imperium - Adeptus Astartes - Space Wolves, Imperium - Adeptus Astartes - Ultramarines, Imperium - Adeptus Astartes - White Scars",3f4c-1e67-66dc-ffa5,120,5,4,2,3,,,1,6.0,INFANTRY,,Astartes Chainsword,Melee,4,3,4,-1,1,1,,
Dreadnought,Imperium - Adeptus Astartes - Space Marines,"Imperium - Adeptus Astartes - Black Templars, Imperium - Adeptus Astartes - Blood Angels, Imperium - Adeptus Astartes - Dark Angels, Imperium - Adeptus Astartes - Deathwatch, Imperium - Adeptus Astartes - Imperial Fists, Imperium - Adeptus Astartes - Iron Hands, Imperium - Adeptus Astartes - Raven Guard, Imperium - Adeptus Astartes - Salamanders, Imperium - Adeptus Astartes - Space Wolves, Imperium - Adeptus Astartes - Ultramarines, Imperium - Adeptus Astartes - White Scars",d204-13c6-dab1-ecdc,135,1,9,8,2,,,3,6.0,"VEHICLE, WALKER",,Dreadnought Combat Weapon,Melee,5,3,12,-2,3,1,,
Dreadnought,Imperium - Adeptus Astartes - Space Marines,"Imperium - Adeptus Astartes - Black Templars, Imperium - Adeptus Astartes - Blood Angels, Imperium - Adeptus Astartes - Dark Angels, Imperium - Adeptus Astartes - Deathwatch, Imperium - Adeptus Astartes - Imperial Fists, Imperium - Adeptus Astartes - Iron Hands, Imperium - Adeptus Astartes - Raven Guard, Imperium - Adeptus Astartes - Salamanders, Imperium - Adeptus Astartes - Space Wolves, Imperium - Adeptus Astartes - Ultramarines, Imperium - Adeptus Astartes - White Scars",d204-13c6-dab1-ecdc,135,1,9,8,2,,,3,6.0,"VEHICLE, WALKER",,Storm bolter,Ranged,2,3,4,0,1,1,Rapid Fire 2,
Dreadnought,Imperium - Adeptus Astartes - Space Marines,"Imperium - Adeptus Astartes - Black Templars, Imperium - Adeptus Astartes - Blood Angels, Imperium - Adeptus Astartes - Dark Angels, Imperium - Adeptus Astartes - Deathwatch, Imperium - Adeptus Astartes - Imperial Fists, Imperium - Adeptus Astartes - Iron Hands, Imperium - Adeptus Astartes - Raven Guard, Imperium - Adeptus Astartes - Salamanders, Imperium - Adeptus Astartes - Space Wolves, Imperium - Adeptus Astartes - Ultramarines, Imperium - Adeptus Astartes - White Scars",d204-13c6-dab1-ecdc,135,1,9,8,2,,,3,6.0,"VEHICLE, WALKER",,Assault Cannon,Ranged,6,3,6,0,1,1,Devastating Wounds,
Eliminator Squad,Imperium - Adeptus Astartes - Space Marines,"Imperium - Adeptus Astartes - Black Templars, Imperium - Adeptus Astartes - Blood Angels, Imperium - Adeptus Astartes - Dark Angels, Imperium - Adeptus Astartes - Deathwatch, Imperium - Adeptus Astartes - Imperial Fists, Imperium - Adeptus Astartes - Iron Hands, Imperium - Adeptus Astartes - Raven Guard, Imperium - Adeptus Astartes - Salamanders, Imperium - Adeptus Astartes - Space Wolves, Imperium - Adeptus Astartes - Ultramarines, Imperium - Adeptus Astartes - White Scars",d6c3-e9d2-430d-6c2f,75,3,4,2,3,,,1,6.0,INFANTRY,,Close combat weapon,Melee,3,3,4,0,1,1,,
Eliminator Squad,Imperium - Adeptus Astartes - Space Marines,"Imperium - Adeptus Astartes - Black Templars, Imperium - Adeptus Astartes - Blood Angels, Imperium - Adeptus Astartes - Dark Angels, Imperium - Adeptus Astartes - Deathwatch, Imperium - Adeptus Astartes - Imperial Fists, Imperium - Adeptus Astartes - Iron Hands, Imperium - Adeptus Astartes - Raven Guard, Imperium - Adeptus Astartes - Salamanders, Imperium - Adeptus Astartes - Space Wolves, Imperium - Adeptus Astartes - Ultramarines, Imperium - Adeptus Astartes - White Scars",d6c3-e9d2-430d-6c2f,75,3,4,2,3,,,1,6.0,INFANTRY,,Bolt pistol,Ranged,1,3,4,0,1,1,,
Eliminator Squad,Imperium - Adeptus Astartes - Space Marines,"Imperium - Adeptus Astartes - Black Templars, Imperium - Adeptus Astartes - Blood Angels, Imperium - Adeptus Astartes - Dark Angels, Imperium - Adeptus Astartes - Deathwatch, Imperium - Adeptus Astartes - Imperial Fists, Imperium - Adeptus Astartes - Iron Hands, Imperium - Adeptus Astartes - Raven Guard, Imperium - Adeptus Astartes - Salamanders, Imperium - Adeptus Astartes - Space Wolves, Imperium - Adeptus Astartes - Ultramarines, Imperium - Adeptus Astartes - White Scars",d6c3-e9d2-430d-6c2f,75,3,4,2,3,,,1,6.0,INFANTRY,,Instigator Bolt Carbine,Ranged,1,3,4,-2,2,1,,
Eliminator Squad,Imperium - Adeptus Astartes - Space Marines,"Imperium - Adeptus Astartes - Black Templars, Imperium - Adeptus Astartes - Blood Angels, Imperium - Adeptus Astartes - Dark Angels, Imperium - Adeptus Astartes - Deathwatch, Imperium - Adeptus Astartes - Imperial Fists, Imperium - Adeptus Astartes - Iron Hands, Imperium - Adeptus Astartes - Raven Guard, Imperium - Adeptus Astartes - Salamanders, Imperium - Adeptus Astartes - Space Wolves, Imperium - Adeptus Astartes - Ultramarines, Imperium - Adeptus Astartes - White Scars",d6c3-e9d2-430d-6c2f,75,3,4,2,3,,,1,6.0,INFANTRY,,Bolt pistol,Ranged,1,3,4,0,1,2,,
Eliminator Squad,Imperium - Adeptus Astartes - Space Marines,"Imperium - Adeptus Astartes - Black Templars, Imperium - Adeptus Astartes - Blood Angels, Imperium - Adeptus Astartes - Dark Angels, Imperium - Adeptus Astartes - Deathwatch, Imperium - Adeptus Astartes - Imperial Fists, Imperium - Adeptus Astartes - Iron Hands, Imperium - Adeptus Astartes - Raven Guard, Imperium - Adeptus Astartes - Salamanders, Imperium - Adeptus Astartes - Space Wolves, Imperium - Adeptus Astartes - Ultramarines, Imperium - Adeptus Astartes - White Scars",d6c3-e9d2-430d-6c2f,75,3,4,2,3,,,1,6.0,INFANTRY,,Close combat weapon,Melee,3,3,4,0,1,2,,
Eliminator Squad,Imperium - Adeptus Astartes - Space Marines,"Imperium - Adeptus Astartes - Black Templars, Imperium - Adeptus Astartes - Blood Angels, Imperium - Adeptus Astartes - Dark Angels, Imperium - Adeptus Astartes - Deathwatch, Imperium - Adeptus Astartes - Imperial Fists, Imperium - Adeptus Astartes - Iron Hands, Imperium - Adeptus Astartes - Raven Guard, Imperium - Adeptus Astartes - Salamanders, Imperium - Adeptus Astartes - Space Wolves, Imperium - Adeptus Astartes - Ultramarines, Imperium - Adeptus Astartes - White Scars",d6c3-e9d2-430d-6c2f,75,3,4,2,3,,,1,6.0,INFANTRY,,Bolt Sniper Rifle,Ranged,1,3,5,-2,3,2,Heavy,
Emperor's Champion,Imperium - Adeptus Astartes - Black Templars,,ca2f-f408-c1bd-b87f,90,1,4,5,2,4,,1,8.0,"CHARACTER, INFANTRY",,➤ Black Sword - Strike,Melee,6,2,8,-3,3,1,Anti-Character 5+,
Emperor's Champion,Imperium - Adeptus Astartes - Black Templars,,ca2f-f408-c1bd-b87f,90,1,4,5,2,4,,1,8.0,"CHARACTER, INFANTRY",,Bolt pistol,Ranged,1,2,4,0,1,1,,
Emperor's Champion (Anointed),Imperium - Adeptus Astartes - Black Templars,,85b9-b304-a55c-30ef,100,1,4,5,2,,,1,8.0,"CHARACTER, INFANTRY",,➤ Black Sword - Strike,Melee,6,2,8,-3,3,1,Anti-Character 5+,
Emperor's Champion (Anointed),Imperium - Adeptus Astartes - Black Templars,,85b9-b304-a55c-30ef,100,1,4,5,2,,,1,8.0,"CHARACTER, INFANTRY",,Bolt pistol,Ranged,1,2,4,0,1,1,,
Eradicator Squad,Imperium - Adeptus Astartes - Space Marines,"Imperium - Adeptus Astartes - Black Templars, Imperium - Adeptus Astartes - Blood Angels, Imperium - Adeptus Astartes - Dark Angels, Imperium - Adeptus Astartes - Deathwatch, Imperium - Adeptus Astartes - Imperial Fists, Imperium - Adeptus Astartes - Iron Hands, Imperium - Adeptus Astartes - Raven Guard, Imperium - Adeptus Astartes - Salamanders, Imperium - Adeptus Astartes - Space Wolves, Imperium - Adeptus Astartes - Ultramarines, Imperium - Adeptus Astartes - White Scars",c570-c6ba-c9dc-5a44,90,3,6,3,3,,,1,5.0,INFANTRY,,Bolt pistol,Ranged,1,3,4,0,1,1,,
Eradicator Squad,Imperium - Adeptus Astartes - Space Marines,"Imperium - Adeptus Astartes - Black Templars, Imperium - Adeptus Astartes - Blood Angels, Imperium - Adeptus Astartes - Dark Angels, Imperium - Adeptus Astartes - Deathwatch, Imperium - Adeptus Astartes - Imperial Fists, Imperium - Adeptus Astartes - Iron Hands, Imperium - Adeptus Astartes - Raven Guard, Imperium - Adeptus Astartes - Salamanders, Imperium - Adeptus Astartes - Space Wolves, Imperium - Adeptus Astartes - Ultramarines, Imperium - Adeptus Astartes - White Scars",c570-c6ba-c9dc-5a44,90,3,6,3,3,,,1,5.0,INFANTRY,,Close combat weapon,Melee,3,3,4,0,1,1,,
Eradicator Squad,Imperium - Adeptus Astartes - Space Marines,"Imperium - Adeptus Astartes - Black Templars, Imperium - Adeptus Astartes - Blood Angels, Imperium - Adeptus Astartes - Dark Angels, Imperium - Adeptus Astartes - Deathwatch, Imperium - Adeptus Astartes - Imperial Fists, Imperium - Adeptus Astartes - Iron Hands, Imperium - Adeptus Astartes - Raven Guard, Imperium - Adeptus Astartes - Salamanders, Imperium - Adeptus Astartes - Space Wolves, Imperium - Adeptus Astartes - Ultramarines, Imperium - Adeptus Astartes - White Scars",c570-c6ba-c9dc-5a44,90,3,6,3,3,,,1,5.0,INFANTRY,,Melta rifle,Ranged,1,3,9,-4,D6,1,"Melta 2, Heavy",
Eradicator Squad,Imperium - Adeptus Astartes - Space Marines,"Imperium - Adeptus Astartes - Black Templars, Imperium - Adeptus Astartes - Blood Angels, Imperium - Adeptus Astartes - Dark Angels, Imperium - Adeptus Astartes - Deathwatch, Imperium - Adeptus Astartes - Imperial Fists, Imperium - Adeptus Astartes - Iron Hands, Imperium - Adeptus Astartes - Raven Guard, Imperium - Adeptus Astartes - Salamanders, Imperium - Adeptus Astartes - Space Wolves, Imperium - Adeptus Astartes - Ultramarines, Imperium - Adeptus Astartes - White Scars",c570-c6ba-c9dc-5a44,90,3,6,3,3,,,1,5.0,INFANTRY,,Bolt pistol,Ranged,1,3,4,0,1,2,,
Eradicator Squad,Imperium - Adeptus Astartes - Space Marines,"Imperium - Adeptus Astartes - Black Templars, Imperium - Adeptus Astartes - Blood Angels, Imperium - Adeptus Astartes - Dark Angels, Imperium - Adeptus Astartes - Deathwatch, Imperium - Adeptus Astartes - Imperial Fists, Imperium - Adeptus Astartes - Iron Hands, Imperium - Adeptus Astartes - Raven Guard, Imperium - Adeptus Astartes - Salamanders, Imperium - Adeptus Astartes - Space Wolves, Imperium - Adeptus Astartes - Ultramarines, Imperium - Adeptus Astartes - White Scars",c570-c6ba-c9dc-5a44,90,3,6,3,3,,,1,5.0,INFANTRY,,Close combat weapon,Melee,3,3,4,0,1,2,,
Eradicator Squad,Imperium - Adeptus Astartes - Space Marines,"Imperium - Adeptus Astartes - Black Templars, Imperium - Adeptus Astartes - Blood Angels, Imperium - Adeptus Astartes - Dark Angels, Imperium - Adeptus Astartes - Deathwatch, Imperium - Adeptus Astartes - Imperial Fists, Imperium - Adeptus Astartes - Iron Hands, Imperium - Adeptus Astartes - Raven Guard, Imperium - Adeptus Astartes - Salamanders, Imperium - Adeptus Astartes - Space Wolves, Imperium - Adeptus Astartes - Ultramarines, Imperium - Adeptus Astartes - White Scars",c570-c6ba-c9dc-5a44,90,3,6,3,3,,,1,5.0,INFANTRY,,Melta rifle,Ranged,1,3,9,-4,D6,2,"Melta 2, Heavy",
Eradicator Squad with Heavy Bolters,Imperium - Adeptus Astartes - Space Marines,"Imperium - Adeptus Astartes - Black Templars, Imperium - Adeptus Astartes - Blood Angels, Imperium - Adeptus Astartes - Dark Angels, Imperium - Adeptus Astartes - Deathwatch, Imperium - Adeptus Astartes - Imperial Fists, Imperium - Adeptus Astartes - Iron Hands, Imperium - Adeptus Astartes - Raven Guard, Imperium - Adeptus Astartes - Salamanders, Imperium - Adeptus Astartes - Space Wolves, Imperium - Adeptus Astartes - Ultramarines, Imperium - Adeptus Astartes - White Scars",3bc7-8328-a080-3958,80,3,6,3,3,,,1,5.0,INFANTRY,,Heavy Bolter,Ranged,3,3,5,-1,2,2,"Sustained Hits 1, Heavy",
Eradicator Squad with Heavy Bolters,Imperium - Adeptus Astartes - Space Marines,"Imperium - Adeptus Astartes - Black Templars, Imperium - Adeptus Astartes - Blood Angels, Imperium - Adeptus Astartes - Dark Angels, Imperium - Adeptus Astartes - Deathwatch, Imperium - Adeptus Astartes - Imperial Fists, Imperium - Adeptus Astartes - Iron Hands, Imperium - Adeptus Astartes - Raven Guard, Imperium - Adeptus Astartes - Salamanders, Imperium - Adeptus Astartes - Space Wolves, Imperium - Adeptus Astartes - Ultramarines, Imperium - Adeptus Astartes - White Scars",3bc7-8328-a080-3958,80,3,6,3,3,,,1,5.0,INFANTRY,,Bolt pistol,Ranged,1,3,4,0,1,2,,
Eradicator Squad with Heavy Bolters,Imperium - Adeptus Astartes - Space Marines,"Imperium - Adeptus Astartes - Black Templars, Imperium - Adeptus Astartes - Blood Angels, Imperium - Adeptus Astartes - Dark Angels, Imperium - Adeptus Astartes - Deathwatch, Imperium - Adeptus Astartes - Imperial Fists, Imperium - Adeptus Astartes - Iron Hands, Imperium - Adeptus Astartes - Raven Guard, Imperium - Adeptus Astartes - Salamanders, Imperium - Adeptus Astartes - Space Wolves, Imperium - Adeptus Astartes - Ultramarines, Imperium - Adeptus Astartes - White Scars",3bc7-8328-a080-3958,80,3,6,3,3,,,1,5.0,INFANTRY,,Close combat weapon,Melee,3,3,4,0,1,2,,
Eradicator Squad with Heavy Bolters,Imperium - Adeptus Astartes - Space Marines,"Imperium - Adeptus Astartes - Black Templars, Imperium - Adeptus Astartes - Blood Angels, Imperium - Adeptus Astartes - Dark Angels, Imperium - Adeptus Astartes - Deathwatch, Imperium - Adeptus Astartes - Imperial Fists, Imperium - Adeptus Astartes - Iron Hands, Imperium - Adeptus Astartes - Raven Guard, Imperium - Adeptus Astartes - Salamanders, Imperium - Adeptus Astartes - Space Wolves, Imperium - Adeptus Astartes - Ultramarines, Imperium - Adeptus Astartes - White Scars",3bc7-8328-a080-3958,80,3,6,3,3,,,1,5.0,INFANTRY,,Heavy Bolter,Ranged,3,3,5,-1,2,1,"Sustained Hits 1, Heavy",
Eradicator Squad with Heavy Bolters,Imperium - Adeptus Astartes - Space Marines,"Imperium - Adeptus Astartes - Black Templars, Imperium - Adeptus Astartes - Blood Angels, Imperium - Adeptus Astartes - Dark Angels, Imperium - Adeptus Astartes - Deathwatch, Imperium - Adeptus Astartes - Imperial Fists, Imperium - Adeptus Astartes - Iron Hands, Imperium - Adeptus Astartes - Raven Guard, Imperium - Adeptus Astartes - Salamanders, Imperium - Adeptus Astartes - Space Wolves, Imperium - Adeptus Astartes - Ultramarines, Imperium - Adeptus Astartes - White Scars",3bc7-8328-a080-3958,80,3,6,3,3,,,1,5.0,INFANTRY,,Bolt pistol,Ranged,1,3,4,0,1,1,,
Eradicator Squad with Heavy Bolters,Imperium - Adeptus Astartes - Space Marines,"Imperium - Adeptus Astartes - Black Templars, Imperium - Adeptus Astartes - Blood Angels, Imperium - Adeptus Astartes - Dark Angels, Imperium - Adeptus Astartes - Deathwatch, Imperium - Adeptus Astartes - Imperial Fists, Imperium - Adeptus Astartes - Iron Hands, Imperium - Adeptus Astartes - Raven Guard, Imperium - Adeptus Astartes - Salamanders, Imperium - Adeptus Astartes - Space Wolves, Imperium - Adeptus Astartes - Ultramarines, Imperium - Adeptus Astartes - White Scars",3bc7-8328-a080-3958,80,3,6,3,3,,,1,5.0,INFANTRY,,Close combat weapon,Melee,3,3,4,0,1,1,,
Execrator,Imperium - Adeptus Astartes - Black Templars,,ea3d-f2b8-cce7-0762,50,1,4,4,3,4,,1,6.0,"CHARACTER, INFANTRY",,Crozius arcanum,Melee,5,2,6,-1,2,1,,
Execrator,Imperium - Adeptus Astartes - Black Templars,,ea3d-f2b8-cce7-0762,50,1,4,4,3,4,,1,6.0,"CHARACTER, INFANTRY",,Pyre Pistol,Ranged,D6,2,4,0,1,1,"Torrent, Ignores Cover",
Gladiator Lancer,Imperium - Adeptus Astartes - Black Templars,,7dec-dc3d-c40a-8ce,160,1,10,12,3,,,3,10.0,VEHICLE,,Lancer Laser Destroyer,Ranged,2,3,14,-4,D6+3,1,Heavy,
Gladiator Lancer,Imperium - Adeptus Astartes - Black Templars,,7dec-dc3d-c40a-8ce,160,1,10,12,3,,,3,10.0,VEHICLE,,Armoured Hull,Melee,3,4,6,0,1,1,,
Gladiator Lancer,Imperium - Adeptus Astartes - Black Templars,,7dec-dc3d-c40a-8ce,160,1,10,12,3,,,3,10.0,VEHICLE,,Storm bolter,Ranged,2,3,4,0,1,2,Rapid Fire 2,
Gladiator Lancer,Imperium - Adeptus Astartes - Space Marines,"Imperium - Adeptus Astartes - Black Templars, Imperium - Adeptus Astartes - Blood Angels, Imperium - Adeptus Astartes - Dark Angels, Imperium - Adeptus Astartes - Deathwatch, Imperium - Adeptus Astartes - Imperial Fists, Imperium - Adeptus Astartes - Iron Hands, Imperium - Adeptus Astartes - Raven Guard, Imperium - Adeptus Astartes - Salamanders, Imperium - Adeptus Astartes - Space Wolves, Imperium - Adeptus Astartes - Ultramarines, Imperium - Adeptus Astartes - White Scars",7814-107b-a498-96f6,160,1,10,12,3,,,3,10.0,VEHICLE,,Lancer Laser Destroyer,Ranged,2,3,14,-4,D6+3,1,Heavy,
Gladiator Lancer,Imperium - Adeptus Astartes - Space Marines,"Imperium - Adeptus Astartes - Black Templars, Imperium - Adeptus Astartes - Blood Angels, Imperium - Adeptus Astartes - Dark Angels, Imperium - Adeptus Astartes - Deathwatch, Imperium - Adeptus Astartes - Imperial Fists, Imperium - Adeptus Astartes - Iron Hands, Imperium - Adeptus Astartes - Raven Guard, Imperium - Adeptus Astartes - Salamanders, Imperium - Adeptus Astartes - Space Wolves, Imperium - Adeptus Astartes - Ultramarines, Imperium - Adeptus Astartes - White Scars",7814-107b-a498-96f6,160,1,10,12,3,,,3,10.0,VEHICLE,,Armoured Hull,Melee,3,4,6,0,1,1,,
Gladiator Lancer,Imperium - Adeptus Astartes - Space Marines,"Imperium - Adeptus Astartes - Black Templars, Imperium - Adeptus Astartes - Blood Angels, Imperium - Adeptus Astartes - Dark Angels, Imperium - Adeptus Astartes - Deathwatch, Imperium - Adeptus Astartes - Imperial Fists, Imperium - Adeptus Astartes - Iron Hands, Imperium - Adeptus Astartes - Raven Guard, Imperium - Adeptus Astartes - Salamanders, Imperium - Adeptus Astartes - Space Wolves, Imperium - Adeptus Astartes - Ultramarines, Imperium - Adeptus Astartes - White Scars",7814-107b-a498-96f6,160,1,10,12,3,,,3,10.0,VEHICLE,,Fragstorm grenade launcher,Ranged,D6,3,4,0,1,2,Blast,
Gladiator Reaper,Imperium - Adeptus Astartes - Black Templars,,bfb6-4320-74cf-bbda,160,1,10,12,3,,,3,10.0,VEHICLE,,Tempest Bolter,Ranged,4,3,4,-1,1,2,Rapid Fire 4,
Gladiator Reaper,Imperium - Adeptus Astartes - Black Templars,,bfb6-4320-74cf-bbda,160,1,10,12,3,,,3,10.0,VEHICLE,,Twin Heavy Onslaught Gatling Cannon,Ranged,12,3,6,0,1,1,"Devastating Wounds, Twin-linked",
Gladiator Reaper,Imperium - Adeptus Astartes - Black Templars,,bfb6-4320-74cf-bbda,160,1,10,12,3,,,3,10.0,VEHICLE,,Armoured Hull,Melee,3,4,6,0,1,1,,
Gladiator Reaper,Imperium - Adeptus Astartes - Space Marines,"Imperium - Adeptus Astartes - Black Templars, Imperium - Adeptus Astartes - Blood Angels, Imperium - Adeptus Astartes - Dark Angels, Imperium - Adeptus Astartes - Deathwatch, Imperium - Adeptus Astartes - Imperial Fists, Imperium - Adeptus Astartes - Iron Hands, Imperium - Adeptus Astartes - Raven Guard, Imperium - Adeptus Astartes - Salamanders, Imperium - Adeptus Astartes - Space Wolves, Imperium - Adeptus Astartes - Ultramarines, Imperium - Adeptus Astartes - White Scars",ed20-824b-7419-aebc,160,1,10,12,3,,,3,10.0,VEHICLE,,Tempest Bolter,Ranged,4,3,4,-1,1,2,Rapid Fire 4,
Gladiator Reaper,Imperium - Adeptus Astartes - Space Marines,"Imperium - Adeptus Astartes - Black Templars, Imperium - Adeptus Astartes - Blood Angels, Imperium - Adeptus Astartes - Dark Angels, Imperium - Adeptus Astartes - Deathwatch, Imperium - Adeptus Astartes - Imperial Fists, Imperium - Adeptus Astartes - Iron Hands, Imperium - Adeptus Astartes - Raven Guard, Imperium - Adeptus Astartes - Salamanders, Imperium - Adeptus Astartes - Space Wolves, Imperium - Adeptus Astartes - Ultramarines, Imperium - Adeptus Astartes - White Scars",ed20-824b-7419-aebc,160,1,10,12,3,,,3,10.0,VEHICLE,,Twin Heavy Onslaught Gatling Cannon,Ranged,12,3,6,0,1,1,"Devastating Wounds, Twin-linked",
Gladiator Reaper,Imperium - Adeptus Astartes - Space Marines,"Imperium - Adeptus Astartes - Black Templars, Imperium - Adeptus Astartes - Blood Angels, Imperium - Adeptus Astartes - Dark Angels, Imperium - Adeptus Astartes - Deathwatch, Imperium - Adeptus Astartes - Imperial Fists, Imperium - Adeptus Astartes - Iron Hands, Imperium - Adeptus Astartes - Raven Guard, Imperium - Adeptus Astartes - Salamanders, Imperium - Adeptus Astartes - Space Wolves, Imperium - Adeptus Astartes - Ultramarines, Imperium - Adeptus Astartes - White Scars",ed20-824b-7419-aebc,160,1,10,12,3,,,3,10.0,VEHICLE,,Armoured Hull,Melee,3,4,6,0,1,1,,
Gladiator Valiant,Imperium - Adeptus Astartes - Black Templars,,5704-ffe4-4a53-8789,150,1,10,12,3,,,3,10.0,VEHICLE,,Twin Las-talon,Ranged,2,3,10,-3,D6+1,1,Twin-linked,
Gladiator Valiant,Imperium - Adeptus Astartes - Black Templars,,5704-ffe4-4a53-8789,150,1,10,12,3,,,3,10.0,VEHICLE,,Armoured Hull,Melee,3,4,6,0,1,1,,
Gladiator Valiant,Imperium - Adeptus Astartes - Black Templars,,5704-ffe4-4a53-8789,150,1,10,12,3,,,3,10.0,VEHICLE,,Multi-melta,Ranged,2,3,9,-4,D6,2,Melta 2,
Gladiator Valiant,Imperium - Adeptus Astartes - Space Marines,"Imperium - Adeptus Astartes - Black Templars, Imperium - Adeptus Astartes - Blood Angels, Imperium - Adeptus Astartes - Dark Angels, Imperium - Adeptus Astartes - Deathwatch, Imperium - Adeptus Astartes - Imperial Fists, Imperium - Adeptus Astartes - Iron Hands, Imperium - Adeptus Astartes - Raven Guard, Imperium - Adeptus Astartes - Salamanders, Imperium - Adeptus Astartes - Space Wolves, Imperium - Adeptus Astartes - Ultramarines, Imperium - Adeptus Astartes - White Scars",6b89-8147-9b6b-6db1,150,1,10,12,3,,,3,10.0,VEHICLE,,Twin Las-talon,Ranged,2,3,10,-3,D6+1,1,Twin-linked,
Gladiator Valiant,Imperium - Adeptus Astartes - Space Marines,"Imperium - Adeptus Astartes - Black Templars, Imperium - Adeptus Astartes - Blood Angels, Imperium - Adeptus Astartes - Dark Angels, Imperium - Adeptus Astartes - Deathwatch, Imperium - Adeptus Astartes - Imperial Fists, Imperium - Adeptus Astartes - Iron Hands, Imperium - Adeptus Astartes - Raven Guard, Imperium - Adeptus Astartes - Salamanders, Imperium - Adeptus Astartes - Space Wolves, Imperium - Adeptus Astartes - Ultramarines, Imperium - Adeptus Astartes - White Scars",6b89-8147-9b6b-6db1,150,1,10,12,3,,,3,10.0,VEHICLE,,Armoured Hull,Melee,3,4,6,0,1,1,,
Gladiator Valiant,Imperium - Adeptus Astartes - Space Marines,"Imperium - Adeptus Astartes - Black Templars, Imperium - Adeptus Astartes - Blood Angels, Imperium - Adeptus Astartes - Dark Angels, Imperium - Adeptus Astartes - Deathwatch, Imperium - Adeptus Astartes - Imperial Fists, Imperium - Adeptus Astartes - Iron Hands, Imperium - Adeptus Astartes - Raven Guard, Imperium - Adeptus Astartes - Salamanders, Imperium - Adeptus Astartes - Space Wolves, Imperium - Adeptus Astartes - Ultramarines, Imperium - Adeptus Astartes - White Scars",6b89-8147-9b6b-6db1,150,1,10,12,3,,,3,10.0,VEHICLE,,Multi-melta,Ranged,2,3,9,-4,D6,2,Melta 2,
Hammerfall Bunker,Imperium - Adeptus Astartes - Space Marines,"Imperium - Adeptus Astartes - Black Templars, Imperium - Adeptus Astartes - Blood Angels, Imperium - Adeptus Astartes - Dark Angels, Imperium - Adeptus Astartes - Deathwatch, Imperium - Adeptus Astartes - Imperial Fists, Imperium - Adeptus Astartes - Iron Hands, Imperium - Adeptus Astartes - Raven Guard, Imperium - Adeptus Astartes - Salamanders, Imperium - Adeptus Astartes - Space Wolves, Imperium - Adeptus Astartes - Ultramarines, Imperium - Adeptus Astartes - White Scars",5882-9143-e7c5-ac11,175,1,12,14,2,,,0,0.0,,,➤ Hammerfall Missile Launcher - Superfrag,Ranged,2d6+2,4,5,0,1,1,Blast,
Hammerfall Bunker,Imperium - Adeptus Astartes - Space Marines,"Imperium - Adeptus Astartes - Black Templars, Imperium - Adeptus Astartes - Blood Angels, Imperium - Adeptus Astartes - Dark Angels, Imperium - Adeptus Astartes - Deathwatch, Imperium - Adeptus Astartes - Imperial Fists, Imperium - Adeptus Astartes - Iron Hands, Imperium - Adeptus Astartes - Raven Guard, Imperium - Adeptus Astartes - Salamanders, Imperium - Adeptus Astartes - Space Wolves, Imperium - Adeptus Astartes - Ultramarines, Imperium - Adeptus Astartes - White Scars",5882-9143-e7c5-ac11,175,1,12,14,2,,,0,0.0,,,Hammerfall Heavy Bolter Array,Ranged,6,4,5,-1,2,1,"Sustained Hits 1, Twin-linked",
Heavy Intercessor Squad,Imperium - Adeptus Astartes - Space Marines,"Imperium - Adeptus Astartes - Black Templars, Imperium - Adeptus Astartes - Blood Angels, Imperium - Adeptus Astartes - Dark Angels, Imperium - Adeptus Astartes - Deathwatch, Imperium - Adeptus Astartes - Imperial Fists, Imperium - Adeptus Astartes - Iron Hands, Imperium - Adeptus Astartes - Raven Guard, Imperium - Adeptus Astartes - Salamanders, Imperium - Adeptus Astartes - Space Wolves, Imperium - Adeptus Astartes - Ultramarines, Imperium - Adeptus Astartes - White Scars",7324-e591-939b-b675,100,5,6,3,3,,,2,5.0,"BATTLELINE, INFANTRY",,Heavy Bolt Rifle,Ranged,2,3,5,-1,2,3,Heavy,
Heavy Intercessor Squad,Imperium - Adeptus Astartes - Space Marines,"Imperium - Adeptus Astartes - Black Templars, Imperium - Adeptus Astartes - Blood Angels, Imperium - Adeptus Astartes - Dark Angels, Imperium - Adeptus Astartes - Deathwatch, Imperium - Adeptus Astartes - Imperial Fists, Imperium - Adeptus Astartes - Iron Hands, Imperium - Adeptus Astartes - Raven Guard, Imperium - Adeptus Astartes - Salamanders, Imperium - Adeptus Astartes - Space Wolves, Imperium - Adeptus Astartes - Ultramarines, Imperium - Adeptus Astartes - White Scars",7324-e591-939b-b675,100,5,6,3,3,,,2,5.0,"BATTLELINE, INFANTRY",,Bolt pistol,Ranged,1,3,4,0,1,3,,
Heavy Intercessor Squad,Imperium - Adeptus Astartes - Space Marines,"Imperium - Adeptus Astartes - Black Templars, Imperium - Adeptus Astartes - Blood Angels, Imperium - Adeptus Astartes - Dark Angels, Imperium - Adeptus Astartes - Deathwatch, Imperium - Adeptus Astartes - Imperial Fists, Imperium - Adeptus Astartes - Iron Hands, Imperium - Adeptus Astartes - Raven Guard, Imperium - Adeptus Astartes - Salamanders, Imperium - Adeptus Astartes - Space Wolves, Imperium - Adeptus Astartes - Ultramarines, Imperium - Adeptus Astartes - White Scars",7324-e591-939b-b675,100,5,6,3,3,,,2,5.0,"BATTLELINE, INFANTRY",,Close combat weapon,Melee,3,3,4,0,1,3,,
Heavy Intercessor Squad,Imperium - Adeptus Astartes - Space Marines,"Imperium - Adeptus Astartes - Black Templars, Imperium - Adeptus Astartes - Blood Angels, Imperium - Adeptus Astartes - Dark Angels, Imperium - Adeptus Astartes - Deathwatch, Imperium - Adeptus Astartes - Imperial Fists, Imperium - Adeptus Astartes - Iron Hands, Imperium - Adeptus Astartes - Raven Guard, Imperium - Adeptus Astartes - Salamanders, Imperium - Adeptus Astartes - Space Wolves, Imperium - Adeptus Astartes - Ultramarines, Imperium - Adeptus Astartes - White Scars",7324-e591-939b-b675,100,5,6,3,3,,,2,5.0,"BATTLELINE, INFANTRY",,Heavy Bolt Rifle,Ranged,2,3,5,-1,2,1,Heavy,
Heavy Intercessor Squad,Imperium - Adeptus Astartes - Space Marines,"Imperium - Adeptus Astartes - Black Templars, Imperium - Adeptus Astartes - Blood Angels, Imperium - Adeptus Astartes - Dark Angels, Imperium - Adeptus Astartes - Deathwatch, Imperium - Adeptus Astartes - Imperial Fists, Imperium - Adeptus Astartes - Iron Hands, Imperium - Adeptus Astartes - Raven Guard, Imperium - Adeptus Astartes - Salamanders, Imperium - Adeptus Astartes - Space Wolves, Imperium - Adeptus Astartes - Ultramarines, Imperium - Adeptus Astartes - White Scars",7324-e591-939b-b675,100,5,6,3,3,,,2,5.0,"BATTLELINE, INFANTRY",,Close combat weapon,Melee,3,3,4,0,1,1,,
Heavy Intercessor Squad,Imperium - Adeptus Astartes - Space Marines,"Imperium - Adeptus Astartes - Black Templars, Imperium - Adeptus Astartes - Blood Angels, Imperium - Adeptus Astartes - Dark Angels, Imperium - Adeptus Astartes - Deathwatch, Imperium - Adeptus Astartes - Imperial Fists, Imperium - Adeptus Astartes - Iron Hands, Imperium - Adeptus Astartes - Raven Guard, Imperium - Adeptus Astartes - Salamanders, Imperium - Adeptus Astartes - Space Wolves, Imperium - Adeptus Astartes - Ultramarines, Imperium - Adeptus Astartes - White Scars",7324-e591-939b-b675,100,5,6,3,3,,,2,5.0,"BATTLELINE, INFANTRY",,Bolt pistol,Ranged,1,3,4,0,1,1,,
Heavy Intercessor Squad,Imperium - Adeptus Astartes - Space Marines,"Imperium - Adeptus Astartes - Black Templars, Imperium - Adeptus Astartes - Blood Angels, Imperium - Adeptus Astartes - Dark Angels, Imperium - Adeptus Astartes - Deathwatch, Imperium - Adeptus Astartes - Imperial Fists, Imperium - Adeptus Astartes - Iron Hands, Imperium - Adeptus Astartes - Raven Guard, Imperium - Adeptus Astartes - Salamanders, Imperium - Adeptus Astartes - Space Wolves, Imperium - Adeptus Astartes - Ultramarines, Imperium - Adeptus Astartes - White Scars",7324-e591-939b-b675,100,5,6,3,3,,,2,5.0,"BATTLELINE, INFANTRY",,Heavy Bolt Rifle,Ranged,2,3,5,-1,2,1,Heavy,
Heavy Intercessor Squad,Imperium - Adeptus Astartes - Space Marines,"Imperium - Adeptus Astartes - Black Templars, Imperium - Adeptus Astartes - Blood Angels, Imperium - Adeptus Astartes - Dark Angels, Imperium - Adeptus Astartes - Deathwatch, Imperium - Adeptus Astartes - Imperial Fists, Imperium - Adeptus Astartes - Iron Hands, Imperium - Adeptus Astartes - Raven Guard, Imperium - Adeptus Astartes - Salamanders, Imperium - Adeptus Astartes - Space Wolves, Imperium - Adeptus Astartes - Ultramarines, Imperium - Adeptus Astartes - White Scars",7324-e591-939b-b675,100,5,6,3,3,,,2,5.0,"BATTLELINE, INFANTRY",,Bolt pistol,Ranged,1,3,4,0,1,1,,
Heavy Intercessor Squad,Imperium - Adeptus Astartes - Space Marines,"Imperium - Adeptus Astartes - Black Templars, Imperium - Adeptus Astartes - Blood Angels, Imperium - Adeptus Astartes - Dark Angels, Imperium - Adeptus Astartes - Deathwatch, Imperium - Adeptus Astartes - Imperial Fists, Imperium - Adeptus Astartes - Iron Hands, Imperium - Adeptus Astartes - Raven Guard, Imperium - Adeptus Astartes - Salamanders, Imperium - Adeptus Astartes - Space Wolves, Imperium - Adeptus Astartes - Ultramarines, Imperium - Adeptus Astartes - White Scars",7324-e591-939b-b675,100,5,6,3,3,,,2,5.0,"BATTLELINE, INFANTRY",,Close combat weapon,Melee,3,3,4,0,1,1,,
Hellblaster Squad,Imperium - Adeptus Astartes - Space Marines,"Imperium - Adeptus Astartes - Black Templars, Imperium - Adeptus Astartes - Blood Angels, Imperium - Adeptus Astartes - Dark Angels, Imperium - Adeptus Astartes - Deathwatch, Imperium - Adeptus Astartes - Imperial Fists, Imperium - Adeptus Astartes - Iron Hands, Imperium - Adeptus Astartes - Raven Guard, Imperium - Adeptus Astartes - Salamanders, Imperium - Adeptus Astartes - Space Wolves, Imperium - Adeptus Astartes - Ultramarines, Imperium - Adeptus Astartes - White Scars",7102-b3a4-9bfc-1b84,110,5,4,2,3,,,1,6.0,INFANTRY,,Close combat weapon,Melee,3,3,4,0,1,1,,
Hellblaster Squad,Imperium - Adeptus Astartes - Space Marines,"Imperium - Adeptus Astartes - Black Templars, Imperium - Adeptus Astartes - Blood Angels, Imperium - Adeptus Astartes - Dark Angels, Imperium - Adeptus Astartes - Deathwatch, Imperium - Adeptus Astartes - Imperial Fists, Imperium - Adeptus Astartes - Iron Hands, Imperium - Adeptus Astartes - Raven Guard, Imperium - Adeptus Astartes - Salamanders, Imperium - Adeptus Astartes - Space Wolves, Imperium - Adeptus Astartes - Ultramarines, Imperium - Adeptus Astartes - White Scars",7102-b3a4-9bfc-1b84,110,5,4,2,3,,,1,6.0,INFANTRY,,➤ Plasma Incinerator - Standard,Ranged,2,3,7,-2,1,1,Heavy,
Hellblaster Squad,Imperium - Adeptus Astartes - Space Marines,"Imperium - Adeptus Astartes - Black Templars, Imperium - Adeptus Astartes - Blood Angels, Imperium - Adeptus Astartes - Dark Angels, Imperium - Adeptus Astartes - Deathwatch, Imperium - Adeptus Astartes - Imperial Fists, Imperium - Adeptus Astartes - Iron Hands, Imperium - Adeptus Astartes - Raven Guard, Imperium - Adeptus Astartes - Salamanders, Imperium - Adeptus Astartes - Space Wolves, Imperium - Adeptus Astartes - Ultramarines, Imperium - Adeptus Astartes - White Scars",7102-b3a4-9bfc-1b84,110,5,4,2,3,,,1,6.0,INFANTRY,,Bolt pistol,Ranged,1,3,4,0,1,1,,
Hellblaster Squad,Imperium - Adeptus Astartes - Space Marines,"Imperium - Adeptus Astartes - Black Templars, Imperium - Adeptus Astartes - Blood Angels, Imperium - Adeptus Astartes - Dark Angels, Imperium - Adeptus Astartes - Deathwatch, Imperium - Adeptus Astartes - Imperial Fists, Imperium - Adeptus Astartes - Iron Hands, Imperium - Adeptus Astartes - Raven Guard, Imperium - Adeptus Astartes - Salamanders, Imperium - Adeptus Astartes - Space Wolves, Imperium - Adeptus Astartes - Ultramarines, Imperium - Adeptus Astartes - White Scars",7102-b3a4-9bfc-1b84,110,5,4,2,3,,,1,6.0,INFANTRY,,➤ Plasma Incinerator - Standard,Ranged,2,3,7,-2,1,4,Heavy,
Hellblaster Squad,Imperium - Adeptus Astartes - Space Marines,"Imperium - Adeptus Astartes - Black Templars, Imperium - Adeptus Astartes - Blood Angels, Imperium - Adeptus Astartes - Dark Angels, Imperium - Adeptus Astartes - Deathwatch, Imperium - Adeptus Astartes - Imperial Fists, Imperium - Adeptus Astartes - Iron Hands, Imperium - Adeptus Astartes - Raven Guard, Imperium - Adeptus Astartes - Salamanders, Imperium - Adeptus Astartes - Space Wolves, Imperium - Adeptus Astartes - Ultramarines, Imperium - Adeptus Astartes - White Scars",7102-b3a4-9bfc-1b84,110,5,4,2,3,,,1,6.0,INFANTRY,,Close combat weapon,Melee,3,3,4,0,1,4,,
Hellblaster Squad,Imperium - Adeptus Astartes - Space Marines,"Imperium - Adeptus Astartes - Black Templars, Imperium - Adeptus Astartes - Blood Angels, Imperium - Adeptus Astartes - Dark Angels, Imperium - Adeptus Astartes - Deathwatch, Imperium - Adeptus Astartes - Imperial Fists, Imperium - Adeptus Astartes - Iron Hands, Imperium - Adeptus Astartes - Raven Guard, Imperium - Adeptus Astartes - Salamanders, Imperium - Adeptus Astartes - Space Wolves, Imperium - Adeptus Astartes - Ultramarines, Imperium - Adeptus Astartes - White Scars",7102-b3a4-9bfc-1b84,110,5,4,2,3,,,1,6.0,INFANTRY,,Bolt pistol,Ranged,1,3,4,0,1,4,,
High Marshal Helbrecht,Imperium - Adeptus Astartes - Black Templars,,da8a-de9f-1fe7-2513,110,1,4,6,2,4,,3,6.0,"CHARACTER, EPIC HERO, INFANTRY",,➤ Sword of the High Marshals - Sweep,Melee,12,2,6,-3,1,1,,
High Marshal Helbrecht,Imperium - Adeptus Astartes - Black Templars,,da8a-de9f-1fe7-2513,110,1,4,6,2,4,,3,6.0,"CHARACTER, EPIC HERO, INFANTRY",,Ferocity,Ranged,2,2,5,-1,2,1,"Devastating Wounds, Anti-Infantry 4+",
Impulsor,Imperium - Adeptus Astartes - Black Templars,,fa27-4bc1-72c9-894f,75,1,9,11,3,,,2,12.0,"TRANSPORT, VEHICLE",,Armoured Hull,Melee,3,4,6,0,1,1,,
Impulsor,Imperium - Adeptus Astartes - Black Templars,,fa27-4bc1-72c9-894f,75,1,9,11,3,,,2,12.0,"TRANSPORT, VEHICLE",,Storm bolter,Ranged,2,3,4,0,1,2,Rapid Fire 2,
Impulsor,Imperium - Adeptus Astartes - Space Marines,"Imperium - Adeptus Astartes - Black Templars, Imperium - Adeptus Astartes - Blood Angels, Imperium - Adeptus Astartes - Dark Angels, Imperium - Adeptus Astartes - Deathwatch, Imperium - Adeptus Astartes - Imperial Fists, Imperium - Adeptus Astartes - Iron Hands, Imperium - Adeptus Astartes - Raven Guard, Imperium - Adeptus Astartes - Salamanders, Imperium - Adeptus Astartes - Space Wolves, Imperium - Adeptus Astartes - Ultramarines, Imperium - Adeptus Astartes - White Scars",bfb1-7512-e1a3-9fa2,70,1,9,11,3,,,2,12.0,"TRANSPORT, VEHICLE",,Armoured Hull,Melee,3,4,6,0,1,1,,
Impulsor,Imperium - Adeptus Astartes - Space Marines,"Imperium - Adeptus Astartes - Black Templars, Imperium - Adeptus Astartes - Blood Angels, Imperium - Adeptus Astartes - Dark Angels, Imperium - Adeptus Astartes - Deathwatch, Imperium - Adeptus Astartes - Imperial Fists, Imperium - Adeptus Astartes - Iron Hands, Imperium - Adeptus Astartes - Raven Guard, Imperium - Adeptus Astartes - Salamanders, Imperium - Adeptus Astartes - Space Wolves, Imperium - Adeptus Astartes - Ultramarines, Imperium - Adeptus Astartes - White Scars",bfb1-7512-e1a3-9fa2,70,1,9,11,3,,,2,12.0,"TRANSPORT, VEHICLE",,Storm bolter,Ranged,2,3,4,0,1,2,Rapid Fire 2,
Inceptor Squad,Imperium - Adeptus Astartes - Space Marines,"Imperium - Adeptus Astartes - Black Templars, Imperium - Adeptus Astartes - Blood Angels, Imperium - Adeptus Astartes - Dark Angels, Imperium - Adeptus Astartes - Deathwatch, Imperium - Adeptus Astartes - Imperial Fists, Imperium - Adeptus Astartes - Iron Hands, Imperium - Adeptus Astartes - Raven Guard, Imperium - Adeptus Astartes - Salamanders, Imperium - Adeptus Astartes - Space Wolves, Imperium - Adeptus Astartes - Ultramarines, Imperium - Adeptus Astartes - White Scars",3e14-2a-d358-6ada,125,3,6,3,3,,,1,10.0,"FLY, INFANTRY",,Close combat weapon,Melee,3,3,4,0,1,1,,
Inceptor Squad,Imperium - Adeptus Astartes - Space Marines,"Imperium - Adeptus Astartes - Black Templars, Imperium - Adeptus Astartes - Blood Angels, Imperium - Adeptus Astartes - Dark Angels, Imperium - Adeptus Astartes - Deathwatch, Imperium - Adeptus Astartes - Imperial Fists, Imperium - Adeptus Astartes - Iron Hands, Imperium - Adeptus Astartes - Raven Guard, Imperium - Adeptus Astartes - Salamanders, Imperium - Adeptus Astartes - Space Wolves, Imperium - Adeptus Astartes - Ultramarines, Imperium - Adeptus Astartes - White Scars",3e14-2a-d358-6ada,125,3,6,3,3,,,1,10.0,"FLY, INFANTRY",,Assault Bolters,Ranged,3,3,5,-1,2,1,"Sustained Hits 2, Twin-linked",
Inceptor Squad,Imperium - Adeptus Astartes - Space Marines,"Imperium - Adeptus Astartes - Black Templars, Imperium - Adeptus Astartes - Blood Angels, Imperium - Adeptus Astartes - Dark Angels, Imperium - Adeptus Astartes - Deathwatch, Imperium - Adeptus Astartes - Imperial Fists, Imperium - Adeptus Astartes - Iron Hands, Imperium - Adeptus Astartes - Raven Guard, Imperium - Adeptus Astartes - Salamanders, Imperium - Adeptus Astartes - Space Wolves, Imperium - Adeptus Astartes - Ultramarines, Imperium - Adeptus Astartes - White Scars",3e14-2a-d358-6ada,125,3,6,3,3,,,1,10.0,"FLY, INFANTRY",,Close combat weapon,Melee,3,3,4,0,1,2,,
Inceptor Squad,Imperium - Adeptus Astartes - Space Marines,"Imperium - Adeptus Astartes - Black Templars, Imperium - Adeptus Astartes - Blood Angels, Imperium - Adeptus Astartes - Dark Angels, Imperium - Adeptus Astartes - Deathwatch, Imperium - Adeptus Astartes - Imperial Fists, Imperium - Adeptus Astartes - Iron Hands, Imperium - Adeptus Astartes - Raven Guard, Imperium - Adeptus Astartes - Salamanders, Imperium - Adeptus Astartes - Space Wolves, Imperium - Adeptus Astartes - Ultramarines, Imperium - Adeptus Astartes - White Scars",3e14-2a-d358-6ada,125,3,6,3,3,,,1,10.0,"FLY, INFANTRY",,Assault Bolters,Ranged,3,3,5,-1,2,2,"Sustained Hits 2, Twin-linked",
Incursor Squad,Imperium - Adeptus Astartes - Space Marines,"Imperium - Adeptus Astartes - Black Templars, Imperium - Adeptus Astartes - Blood Angels, Imperium - Adeptus Astartes - Dark Angels, Imperium - Adeptus Astartes - Deathwatch, Imperium - Adeptus Astartes - Imperial Fists, Imperium - Adeptus Astartes - Iron Hands, Imperium - Adeptus Astartes - Raven Guard, Imperium - Adeptus Astartes - Salamanders, Imperium - Adeptus Astartes - Space Wolves, Imperium - Adeptus Astartes - Ultramarines, Imperium - Adeptus Astartes - White Scars",527c-120e-9e4e-9bfe,85,5,4,2,3,,,1,6.0,INFANTRY,,Occulus Bolt Carbine,Ranged,2,3,4,0,1,1,Ignores Cover,
Incursor Squad,Imperium - Adeptus Astartes - Space Marines,"Imperium - Adeptus Astartes - Black Templars, Imperium - Adeptus Astartes - Blood Angels, Imperium - Adeptus Astartes - Dark Angels, Imperium - Adeptus Astartes - Deathwatch, Imperium - Adeptus Astartes - Imperial Fists, Imperium - Adeptus Astartes - Iron Hands, Imperium - Adeptus Astartes - Raven Guard, Imperium - Adeptus Astartes - Salamanders, Imperium - Adeptus Astartes - Space Wolves, Imperium - Adeptus Astartes - Ultramarines, Imperium - Adeptus Astartes - White Scars",527c-120e-9e4e-9bfe,85,5,4,2,3,,,1,6.0,INFANTRY,,Paired Combat Blades,Melee,3,3,4,-1,1,1,Sustained Hits 1,
Incursor Squad,Imperium - Adeptus Astartes - Space Marines,"Imperium - Adeptus Astartes - Black Templars, Imperium - Adeptus Astartes - Blood Angels, Imperium - Adeptus Astartes - Dark Angels, Imperium - Adeptus Astartes - Deathwatch, Imperium - Adeptus Astartes - Imperial Fists, Imperium - Adeptus Astartes - Iron Hands, Imperium - Adeptus Astartes - Raven Guard, Imperium - Adeptus Astartes - Salamanders, Imperium - Adeptus Astartes - Space Wolves, Imperium - Adeptus Astartes - Ultramarines, Imperium - Adeptus Astartes - White Scars",527c-120e-9e4e-9bfe,85,5,4,2,3,,,1,6.0,INFANTRY,,Bolt pistol,Ranged,1,3,4,0,1,1,,
Incursor Squad,Imperium - Adeptus Astartes - Space Marines,"Imperium - Adeptus Astartes - Black Templars, Imperium - Adeptus Astartes - Blood Angels, Imperium - Adeptus Astartes - Dark Angels, Imperium - Adeptus Astartes - Deathwatch, Imperium - Adeptus Astartes - Imperial Fists, Imperium - Adeptus Astartes - Iron Hands, Imperium - Adeptus Astartes - Raven Guard, Imperium - Adeptus Astartes - Salamanders, Imperium - Adeptus Astartes - Space Wolves, Imperium - Adeptus Astartes - Ultramarines, Imperium - Adeptus Astartes - White Scars",527c-120e-9e4e-9bfe,85,5,4,2,3,,,1,6.0,INFANTRY,,Occulus Bolt Carbine,Ranged,2,3,4,0,1,4,Ignores Cover,
Incursor Squad,Imperium - Adeptus Astartes - Space Marines,"Imperium - Adeptus Astartes - Black Templars, Imperium - Adeptus Astartes - Blood Angels, Imperium - Adeptus Astartes - Dark Angels, Imperium - Adeptus Astartes - Deathwatch, Imperium - Adeptus Astartes - Imperial Fists, Imperium - Adeptus Astartes - Iron Hands, Imperium - Adeptus Astartes - Raven Guard, Imperium - Adeptus Astartes - Salamanders, Imperium - Adeptus Astartes - Space Wolves, Imperium - Adeptus Astartes - Ultramarines, Imperium - Adeptus Astartes - White Scars",527c-120e-9e4e-9bfe,85,5,4,2,3,,,1,6.0,INFANTRY,,Paired Combat Blades,Melee,3,3,4,-1,1,4,Sustained Hits 1,
Incursor Squad,Imperium - Adeptus Astartes - Space Marines,"Imperium - Adeptus Astartes - Black Templars, Imperium - Adeptus Astartes - Blood Angels, Imperium - Adeptus Astartes - Dark Angels, Imperium - Adeptus Astartes - Deathwatch, Imperium - Adeptus Astartes - Imperial Fists, Imperium - Adeptus Astartes - Iron Hands, Imperium - Adeptus Astartes - Raven Guard, Imperium - Adeptus Astartes - Salamanders, Imperium - Adeptus Astartes - Space Wolves, Imperium - Adeptus Astartes - Ultramarines, Imperium - Adeptus Astartes - White Scars",527c-120e-9e4e-9bfe,85,5,4,2,3,,,1,6.0,INFANTRY,,Bolt pistol,Ranged,1,3,4,0,1,4,,
Infernus Squad,Imperium - Adeptus Astartes - Space Marines,"Imperium - Adeptus Astartes - Black Templars, Imperium - Adeptus Astartes - Blood Angels, Imperium - Adeptus Astartes - Dark Angels, Imperium - Adeptus Astartes - Deathwatch, Imperium - Adeptus Astartes - Imperial Fists, Imperium - Adeptus Astartes - Iron Hands, Imperium - Adeptus Astartes - Raven Guard, Imperium - Adeptus Astartes - Salamanders, Imperium - Adeptus Astartes - Space Wolves, Imperium - Adeptus Astartes - Ultramarines, Imperium - Adeptus Astartes - White Scars",b007-fc7b-8e4a-b017,85,5,4,2,3,,,1,6.0,INFANTRY,,Pyreblaster,Ranged,D6,2,5,-1,1,4,"Torrent, Ignores Cover",
Infernus Squad,Imperium - Adeptus Astartes - Space Marines,"Imperium - Adeptus Astartes - Black Templars, Imperium - Adeptus Astartes - Blood Angels, Imperium - Adeptus Astartes - Dark Angels, Imperium - Adeptus Astartes - Deathwatch, Imperium - Adeptus Astartes - Imperial Fists, Imperium - Adeptus Astartes - Iron Hands, Imperium - Adeptus Astartes - Raven Guard, Imperium - Adeptus Astartes - Salamanders, Imperium - Adeptus Astartes - Space Wolves, Imperium - Adeptus Astartes - Ultramarines, Imperium - Adeptus Astartes - White Scars",b007-fc7b-8e4a-b017,85,5,4,2,3,,,1,6.0,INFANTRY,,Bolt pistol,Ranged,1,3,4,0,1,4,,
Infernus Squad,Imperium - Adeptus Astartes - Space Marines,"Imperium - Adeptus Astartes - Black Templars, Imperium - Adeptus Astartes - Blood Angels, Imperium - Adeptus Astartes - Dark Angels, Imperium - Adeptus Astartes - Deathwatch, Imperium - Adeptus Astartes - Imperial Fists, Imperium - Adeptus Astartes - Iron Hands, Imperium - Adeptus Astartes - Raven Guard, Imperium - Adeptus Astartes - Salamanders, Imperium - Adeptus Astartes - Space Wolves, Imperium - Adeptus Astartes - Ultramarines, Imperium - Adeptus Astartes - White Scars",b007-fc7b-8e4a-b017,85,5,4,2,3,,,1,6.0,INFANTRY,,Close combat weapon,Melee,3,3,4,0,1,4,,
Infernus Squad,Imperium - Adeptus Astartes - Space Marines,"Imperium - Adeptus Astartes - Black Templars, Imperium - Adeptus Astartes - Blood Angels, Imperium - Adeptus Astartes - Dark Angels, Imperium - Adeptus Astartes - Deathwatch, Imperium - Adeptus Astartes - Imperial Fists, Imperium - Adeptus Astartes - Iron Hands, Imperium - Adeptus Astartes - Raven Guard, Imperium - Adeptus Astartes - Salamanders, Imperium - Adeptus Astartes - Space Wolves, Imperium - Adeptus Astartes - Ultramarines, Imperium - Adeptus Astartes - White Scars",b007-fc7b-8e4a-b017,85,5,4,2,3,,,1,6.0,INFANTRY,,Bolt pistol,Ranged,1,3,4,0,1,1,,
Infernus Squad,Imperium - Adeptus Astartes - Space Marines,"Imperium - Adeptus Astartes - Black Templars, Imperium - Adeptus Astartes - Blood Angels, Imperium - Adeptus Astartes - Dark Angels, Imperium - Adeptus Astartes - Deathwatch, Imperium - Adeptus Astartes - Imperial Fists, Imperium - Adeptus Astartes - Iron Hands, Imperium - Adeptus Astartes - Raven Guard, Imperium - Adeptus Astartes - Salamanders, Imperium - Adeptus Astartes - Space Wolves, Imperium - Adeptus Astartes - Ultramarines, Imperium - Adeptus Astartes - White Scars",b007-fc7b-8e4a-b017,85,5,4,2,3,,,1,6.0,INFANTRY,,Close combat weapon,Melee,3,3,4,0,1,1,,
Infernus Squad,Imperium - Adeptus Astartes - Space Marines,"Imperium - Adeptus Astartes - Black Templars, Imperium - Adeptus Astartes - Blood Angels, Imperium - Adeptus Astartes - Dark Angels, Imperium - Adeptus Astartes - Deathwatch, Imperium - Adeptus Astartes - Imperial Fists, Imperium - Adeptus Astartes - Iron Hands, Imperium - Adeptus Astartes - Raven Guard, Imperium - Adeptus Astartes - Salamanders, Imperium - Adeptus Astartes - Space Wolves, Imperium - Adeptus Astartes - Ultramarines, Imperium - Adeptus Astartes - White Scars",b007-fc7b-8e4a-b017,85,5,4,2,3,,,1,6.0,INFANTRY,,Pyreblaster,Ranged,D6,2,5,-1,1,1,"Torrent, Ignores Cover",
Infiltrator Squad,Imperium - Adeptus Astartes - Space Marines,"Imperium - Adeptus Astartes - Black Templars, Imperium - Adeptus Astartes - Blood Angels, Imperium - Adeptus Astartes - Dark Angels, Imperium - Adeptus Astartes - Deathwatch, Imperium - Adeptus Astartes - Imperial Fists, Imperium - Adeptus Astartes - Iron Hands, Imperium - Adeptus Astartes - Raven Guard, Imperium - Adeptus Astartes - Salamanders, Imperium - Adeptus Astartes - Space Wolves, Imperium - Adeptus Astartes - Ultramarines, Imperium - Adeptus Astartes - White Scars",70dc-ed18-2788-b35a,110,5,4,2,3,,,1,6.0,INFANTRY,,Marksman Bolt Carbine,Ranged,2,3,4,0,1,4,Heavy,
Infiltrator Squad,Imperium - Adeptus Astartes - Space Marines,"Imperium - Adeptus Astartes - Black Templars, Imperium - Adeptus Astartes - Blood Angels, Imperium - Adeptus Astartes - Dark Angels, Imperium - Adeptus Astartes - Deathwatch, Imperium - Adeptus Astartes - Imperial Fists, Imperium - Adeptus Astartes - Iron Hands, Imperium - Adeptus Astartes - Raven Guard, Imperium - Adeptus Astartes - Salamanders, Imperium - Adeptus Astartes - Space Wolves, Imperium - Adeptus Astartes - Ultramarines, Imperium - Adeptus Astartes - White Scars",70dc-ed18-2788-b35a,110,5,4,2,3,,,1,6.0,INFANTRY,,Bolt pistol,Ranged,1,3,4,0,1,4,,
Infiltrator Squad,Imperium - Adeptus Astartes - Space Marines,"Imperium - Adeptus Astartes - Black Templars, Imperium - Adeptus Astartes - Blood Angels, Imperium - Adeptus Astartes - Dark Angels, Imperium - Adeptus Astartes - Deathwatch, Imperium - Adeptus Astartes - Imperial Fists, Imperium - Adeptus Astartes - Iron Hands, Imperium - Adeptus Astartes - Raven Guard, Imperium - Adeptus Astartes - Salamanders, Imperium - Adeptus Astartes - Space Wolves, Imperium - Adeptus Astartes - Ultramarines, Imperium - Adeptus Astartes - White Scars",70dc-ed18-2788-b35a,110,5,4,2,3,,,1,6.0,INFANTRY,,Close combat weapon,Melee,3,3,4,0,1,4,,
Infiltrator Squad,Imperium - Adeptus Astartes - Space Marines,"Imperium - Adeptus Astartes - Black Templars, Imperium - Adeptus Astartes - Blood Angels, Imperium - Adeptus Astartes - Dark Angels, Imperium - Adeptus Astartes - Deathwatch, Imperium - Adeptus Astartes - Imperial Fists, Imperium - Adeptus Astartes - Iron Hands, Imperium - Adeptus Astartes - Raven Guard, Imperium - Adeptus Astartes - Salamanders, Imperium - Adeptus Astartes - Space Wolves, Imperium - Adeptus Astartes - Ultramarines, Imperium - Adeptus Astartes - White Scars",70dc-ed18-2788-b35a,110,5,4,2,3,,,1,6.0,INFANTRY,,Marksman Bolt Carbine,Ranged,2,3,4,0,1,1,Heavy,
Infiltrator Squad,Imperium - Adeptus Astartes - Space Marines,"Imperium - Adeptus Astartes - Black Templars, Imperium - Adeptus Astartes - Blood Angels, Imperium - Adeptus Astartes - Dark Angels, Imperium - Adeptus Astartes - Deathwatch, Imperium - Adeptus Astartes - Imperial Fists, Imperium - Adeptus Astartes - Iron Hands, Imperium - Adeptus Astartes - Raven Guard, Imperium - Adeptus Astartes - Salamanders, Imperium - Adeptus Astartes - Space Wolves, Imperium - Adeptus Astartes - Ultramarines, Imperium - Adeptus Astartes - White Scars",70dc-ed18-2788-b35a,110,5,4,2,3,,,1,6.0,INFANTRY,,Bolt pistol,Ranged,1,3,4,0,1,1,,
Infiltrator Squad,Imperium - Adeptus Astartes - Space Marines,"Imperium - Adeptus Astartes - Black Templars, Imperium - Adeptus Astartes - Blood Angels, Imperium - Adeptus Astartes - Dark Angels, Imperium - Adeptus Astartes - Deathwatch, Imperium - Adeptus Astartes - Imperial Fists, Imperium - Adeptus Astartes - Iron Hands, Imperium - Adeptus Astartes - Raven Guard, Imperium - Adeptus Astartes - Salamanders, Imperium - Adeptus Astartes - Space Wolves, Imperium - Adeptus Astartes - Ultramarines, Imperium - Adeptus Astartes - White Scars",70dc-ed18-2788-b35a,110,5,4,2,3,,,1,6.0,INFANTRY,,Close combat weapon,Melee,3,3,4,0,1,1,,
Intercessor Squad,Imperium - Adeptus Astartes - Space Marines,"Imperium - Adeptus Astartes - Black Templars, Imperium - Adeptus Astartes - Blood Angels, Imperium - Adeptus Astartes - Dark Angels, Imperium - Adeptus Astartes - Deathwatch, Imperium - Adeptus Astartes - Imperial Fists, Imperium - Adeptus Astartes - Iron Hands, Imperium - Adeptus Astartes - Raven Guard, Imperium - Adeptus Astartes - Salamanders, Imperium - Adeptus Astartes - Space Wolves, Imperium - Adeptus Astartes - Ultramarines, Imperium - Adeptus Astartes - White Scars",8da0-4570-c3c-819f,80,5,4,2,3,,,2,6.0,"BATTLELINE, INFANTRY",,Bolt pistol,Ranged,1,3,4,0,1,1,,
Intercessor Squad,Imperium - Adeptus Astartes - Space Marines,"Imperium - Adeptus Astartes - Black Templars, Imperium - Adeptus Astartes - Blood Angels, Imperium - Adeptus Astartes - Dark Angels, Imperium - Adeptus Astartes - Deathwatch, Imperium - Adeptus Astartes - Imperial Fists, Imperium - Adeptus Astartes - Iron Hands, Imperium - Adeptus Astartes - Raven Guard, Imperium - Adeptus Astartes - Salamanders, Imperium - Adeptus Astartes - Space Wolves, Imperium - Adeptus Astartes - Ultramarines, Imperium - Adeptus Astartes - White Scars",8da0-4570-c3c-819f,80,5,4,2,3,,,2,6.0,"BATTLELINE, INFANTRY",,Bolt Rifle,Ranged,2,3,4,-1,1,1,Heavy,
Intercessor Squad,Imperium - Adeptus Astartes - Space Marines,"Imperium - Adeptus Astartes - Black Templars, Imperium - Adeptus Astartes - Blood Angels, Imperium - Adeptus Astartes - Dark Angels, Imperium - Adeptus Astartes - Deathwatch, Imperium - Adeptus Astartes - Imperial Fists, Imperium - Adeptus Astartes - Iron Hands, Imperium - Adeptus Astartes - Raven Guard, Imperium - Adeptus Astartes - Salamanders, Imperium - Adeptus Astartes - Space Wolves, Imperium - Adeptus Astartes - Ultramarines, Imperium - Adeptus Astartes - White Scars",8da0-4570-c3c-819f,80,5,4,2,3,,,2,6.0,"BATTLELINE, INFANTRY",,➤ Astartes grenade launcher - krak,Ranged,1,3,9,-2,D3,1,,
Intercessor Squad,Imperium - Adeptus Astartes - Space Marines,"Imperium - Adeptus Astartes - Black Templars, Imperium - Adeptus Astartes - Blood Angels, Imperium - Adeptus Astartes - Dark Angels, Imperium - Adeptus Astartes - Deathwatch, Imperium - Adeptus Astartes - Imperial Fists, Imperium - Adeptus Astartes - Iron Hands, Imperium - Adeptus Astartes - Raven Guard, Imperium - Adeptus Astartes - Salamanders, Imperium - Adeptus Astartes - Space Wolves, Imperium - Adeptus Astartes - Ultramarines, Imperium - Adeptus Astartes - White Scars",8da0-4570-c3c-819f,80,5,4,2,3,,,2,6.0,"BATTLELINE, INFANTRY",,Power weapon,Melee,4,3,5,-2,1,1,,
Intercessor Squad,Imperium - Adeptus Astartes - Space Marines,"Imperium - Adeptus Astartes - Black Templars, Imperium - Adeptus Astartes - Blood Angels, Imperium - Adeptus Astartes - Dark Angels, Imperium - Adeptus Astartes - Deathwatch, Imperium - Adeptus Astartes - Imperial Fists, Imperium - Adeptus Astartes - Iron Hands, Imperium - Adeptus Astartes - Raven Guard, Imperium - Adeptus Astartes - Salamanders, Imperium - Adeptus Astartes - Space Wolves, Imperium - Adeptus Astartes - Ultramarines, Imperium - Adeptus Astartes - White Scars",8da0-4570-c3c-819f,80,5,4,2,3,,,2,6.0,"BATTLELINE, INFANTRY",,Close combat weapon,Melee,3,3,4,0,1,4,,
Intercessor Squad,Imperium - Adeptus Astartes - Space Marines,"Imperium - Adeptus Astartes - Black Templars, Imperium - Adeptus Astartes - Blood Angels, Imperium - Adeptus Astartes - Dark Angels, Imperium - Adeptus Astartes - Deathwatch, Imperium - Adeptus Astartes - Imperial Fists, Imperium - Adeptus Astartes - Iron Hands, Imperium - Adeptus Astartes - Raven Guard, Imperium - Adeptus Astartes - Salamanders, Imperium - Adeptus Astartes - Space Wolves, Imperium - Adeptus Astartes - Ultramarines, Imperium - Adeptus Astartes - White Scars",8da0-4570-c3c-819f,80,5,4,2,3,,,2,6.0,"BATTLELINE, INFANTRY",,Bolt pistol,Ranged,1,3,4,0,1,4,,
Intercessor Squad,Imperium - Adeptus Astartes - Space Marines,"Imperium - Adeptus Astartes - Black Templars, Imperium - Adeptus Astartes - Blood Angels, Imperium - Adeptus Astartes - Dark Angels, Imperium - Adeptus Astartes - Deathwatch, Imperium - Adeptus Astartes - Imperial Fists, Imperium - Adeptus Astartes - Iron Hands, Imperium - Adeptus Astartes - Raven Guard, Imperium - Adeptus Astartes - Salamanders, Imperium - Adeptus Astartes - Space Wolves, Imperium - Adeptus Astartes - Ultramarines, Imperium - Adeptus Astartes - White Scars",8da0-4570-c3c-819f,80,5,4,2,3,,,2,6.0,"BATTLELINE, INFANTRY",,Bolt Rifle,Ranged,2,3,4,-1,1,4,Heavy,
Invader ATV,Imperium - Adeptus Astartes - Space Marines,"Imperium - Adeptus Astartes - Black Templars, Imperium - Adeptus Astartes - Blood Angels, Imperium - Adeptus Astartes - Dark Angels, Imperium - Adeptus Astartes - Deathwatch, Imperium - Adeptus Astartes - Imperial Fists, Imperium - Adeptus Astartes - Iron Hands, Imperium - Adeptus Astartes - Raven Guard, Imperium - Adeptus Astartes - Salamanders, Imperium - Adeptus Astartes - Space Wolves, Imperium - Adeptus Astartes - Ultramarines, Imperium - Adeptus Astartes - White Scars",8d7b-3dfe-7b91-2490,60,1,5,8,3,,,2,12.0,MOUNTED,,Bolt pistol,Ranged,1,3,4,0,1,1,,
Invader ATV,Imperium - Adeptus Astartes - Space Marines,"Imperium - Adeptus Astartes - Black Templars, Imperium - Adeptus Astartes - Blood Angels, Imperium - Adeptus Astartes - Dark Angels, Imperium - Adeptus Astartes - Deathwatch, Imperium - Adeptus Astartes - Imperial Fists, Imperium - Adeptus Astartes - Iron Hands, Imperium - Adeptus Astartes - Raven Guard, Imperium - Adeptus Astartes - Salamanders, Imperium - Adeptus Astartes - Space Wolves, Imperium - Adeptus Astartes - Ultramarines, Imperium - Adeptus Astartes - White Scars",8d7b-3dfe-7b91-2490,60,1,5,8,3,,,2,12.0,MOUNTED,,Twin bolt rifle,Ranged,2,3,4,-1,1,1,Twin-linked,
Invader ATV,Imperium - Adeptus Astartes - Space Marines,"Imperium - Adeptus Astartes - Black Templars, Imperium - Adeptus Astartes - Blood Angels, Imperium - Adeptus Astartes - Dark Angels, Imperium - Adeptus Astartes - Deathwatch, Imperium - Adeptus Astartes - Imperial Fists, Imperium - Adeptus Astartes - Iron Hands, Imperium - Adeptus Astartes - Raven Guard, Imperium - Adeptus Astartes - Salamanders, Imperium - Adeptus Astartes - Space Wolves, Imperium - Adeptus Astartes - Ultramarines, Imperium - Adeptus Astartes - White Scars",8d7b-3dfe-7b91-2490,60,1,5,8,3,,,2,12.0,MOUNTED,,Close combat weapon,Melee,5,3,4,0,1,1,,
Invader ATV,Imperium - Adeptus Astartes - Space Marines,"Imperium - Adeptus Astartes - Black Templars, Imperium - Adeptus Astartes - Blood Angels, Imperium - Adeptus Astartes - Dark Angels, Imperium - Adeptus Astartes - Deathwatch, Imperium - Adeptus Astartes - Imperial Fists, Imperium - Adeptus Astartes - Iron Hands, Imperium - Adeptus Astartes - Raven Guard, Imperium - Adeptus Astartes - Salamanders, Imperium - Adeptus Astartes - Space Wolves, Imperium - Adeptus Astartes - Ultramarines, Imperium - Adeptus Astartes - White Scars",8d7b-3dfe-7b91-2490,60,1,5,8,3,,,2,12.0,MOUNTED,,Onslaught gatling cannon,Ranged,8,3,5,0,1,1,Devastating Wounds,
Invictor Tactical Warsuit,Imperium - Adeptus Astartes - Space Marines,"Imperium - Adeptus Astartes - Black Templars, Imperium - Adeptus Astartes - Blood Angels, Imperium - Adeptus Astartes - Dark Angels, Imperium - Adeptus Astartes - Deathwatch, Imperium - Adeptus Astartes - Imperial Fists, Imperium - Adeptus Astartes - Iron Hands, Imperium - Adeptus Astartes - Raven Guard, Imperium - Adeptus Astartes - Salamanders, Imperium - Adeptus Astartes - Space Wolves, Imperium - Adeptus Astartes - Ultramarines, Imperium - Adeptus Astartes - White Scars",24df-fdd6-4d7b-fc0e,125,1,8,12,3,,,4,8.0,"VEHICLE, WALKER",,Invictor Fist,Melee,5,3,14,-2,3,1,,
Invictor Tactical Warsuit,Imperium - Adeptus Astartes - Space Marines,"Imperium - Adeptus Astartes - Black Templars, Imperium - Adeptus Astartes - Blood Angels, Imperium - Adeptus Astartes - Dark Angels, Imperium - Adeptus Astartes - Deathwatch, Imperium - Adeptus Astartes - Imperial Fists, Imperium - Adeptus Astartes - Iron Hands, Imperium - Adeptus Astartes - Raven Guard, Imperium - Adeptus Astartes - Salamanders, Imperium - Adeptus Astartes - Space Wolves, Imperium - Adeptus Astartes - Ultramarines, Imperium - Adeptus Astartes - White Scars",24df-fdd6-4d7b-fc0e,125,1,8,12,3,,,4,8.0,"VEHICLE, WALKER",,Fragstorm grenade launcher,Ranged,D6,3,4,0,1,1,Blast,
Invictor Tactical Warsuit,Imperium - Adeptus Astartes - Space Marines,"Imperium - Adeptus Astartes - Black Templars, Imperium - Adeptus Astartes - Blood Angels, Imperium - Adeptus Astartes - Dark Angels, Imperium - Adeptus Astartes - Deathwatch, Imperium - Adeptus Astartes - Imperial Fists, Imperium - Adeptus Astartes - Iron Hands, Imperium - Adeptus Astartes - Raven Guard, Imperium - Adeptus Astartes - Salamanders, Imperium - Adeptus Astartes - Space Wolves, Imperium - Adeptus Astartes - Ultramarines, Imperium - Adeptus Astartes - White Scars",24df-fdd6-4d7b-fc0e,125,1,8,12,3,,,4,8.0,"VEHICLE, WALKER",,Heavy Bolter,Ranged,3,3,5,-1,2,1,Sustained Hits 1,
Invictor Tactical Warsuit,Imperium - Adeptus Astartes - Space Marines,"Imperium - Adeptus Astartes - Black Templars, Imperium - Adeptus Astartes - Blood Angels, Imperium - Adeptus Astartes - Dark Angels, Imperium - Adeptus Astartes - Deathwatch, Imperium - Adeptus Astartes - Imperial Fists, Imperium - Adeptus Astartes - Iron Hands, Imperium - Adeptus Astartes - Raven Guard, Imperium - Adeptus Astartes - Salamanders, Imperium - Adeptus Astartes - Space Wolves, Imperium - Adeptus Astartes - Ultramarines, Imperium - Adeptus Astartes - White Scars",24df-fdd6-4d7b-fc0e,125,1,8,12,3,,,4,8.0,"VEHICLE, WALKER",,Twin Ironhail Heavy Stubber,Ranged,3,3,4,0,1,1,"Twin-linked, Rapid Fire 3",
Invictor Tactical Warsuit,Imperium - Adeptus Astartes - Space Marines,"Imperium - Adeptus Astartes - Black Templars, Imperium - Adeptus Astartes - Blood Angels, Imperium - Adeptus Astartes - Dark Angels, Imperium - Adeptus Astartes - Deathwatch, Imperium - Adeptus Astartes - Imperial Fists, Imperium - Adeptus Astartes - Iron Hands, Imperium - Adeptus Astartes - Raven Guard, Imperium - Adeptus Astartes - Salamanders, Imperium - Adeptus Astartes - Space Wolves, Imperium - Adeptus Astartes - Ultramarines, Imperium - Adeptus Astartes - White Scars",24df-fdd6-4d7b-fc0e,125,1,8,12,3,,,4,8.0,"VEHICLE, WALKER",,Incendium Cannon,Ranged,D6+3,2,6,-1,1,1,"Torrent, Ignores Cover",
Judiciar,Imperium - Adeptus Astartes - Space Marines,"Imperium - Adeptus Astartes - Black Templars, Imperium - Adeptus Astartes - Blood Angels, Imperium - Adeptus Astartes - Dark Angels, Imperium - Adeptus Astartes - Deathwatch, Imperium - Adeptus Astartes - Imperial Fists, Imperium - Adeptus Astartes - Iron Hands, Imperium - Adeptus Astartes - Raven Guard, Imperium - Adeptus Astartes - Salamanders, Imperium - Adeptus Astartes - Space Wolves, Imperium - Adeptus Astartes - Ultramarines, Imperium - Adeptus Astartes - White Scars",8dcb-987c-1ab4-b976,55,1,4,4,3,4,,1,6.0,"CHARACTER, INFANTRY",,Executioner Relic Blade,Melee,5,2,7,-2,2,1,Devastating Wounds,
Judiciar,Imperium - Adeptus Astartes - Space Marines,"Imperium - Adeptus Astartes - Black Templars, Imperium - Adeptus Astartes - Blood Angels, Imperium - Adeptus Astartes - Dark Angels, Imperium - Adeptus Astartes - Deathwatch, Imperium - Adeptus Astartes - Imperial Fists, Imperium - Adeptus Astartes - Iron Hands, Imperium - Adeptus Astartes - Raven Guard, Imperium - Adeptus Astartes - Salamanders, Imperium - Adeptus Astartes - Space Wolves, Imperium - Adeptus Astartes - Ultramarines, Imperium - Adeptus Astartes - White Scars",8dcb-987c-1ab4-b976,55,1,4,4,3,4,,1,6.0,"CHARACTER, INFANTRY",,Absolvor bolt pistol,Ranged,1,3,5,-1,2,1,,
Land Raider,Imperium - Adeptus Astartes - Space Marines,"Imperium - Adeptus Astartes - Black Templars, Imperium - Adeptus Astartes - Blood Angels, Imperium - Adeptus Astartes - Dark Angels, Imperium - Adeptus Astartes - Deathwatch, Imperium - Adeptus Astartes - Imperial Fists, Imperium - Adeptus Astartes - Iron Hands, Imperium - Adeptus Astartes - Raven Guard, Imperium - Adeptus Astartes - Salamanders, Imperium - Adeptus Astartes - Space Wolves, Imperium - Adeptus Astartes - Ultramarines, Imperium - Adeptus Astartes - White Scars",8cca-9318-3bec-d360,220,1,12,16,2,,,5,10.0,"TRANSPORT, VEHICLE",,Godhammer Lascannon,Ranged,2,3,12,-3,D6+1,2,,
Land Raider,Imperium - Adeptus Astartes - Space Marines,"Imperium - Adeptus Astartes - Black Templars, Imperium - Adeptus Astartes - Blood Angels, Imperium - Adeptus Astartes - Dark Angels, Imperium - Adeptus Astartes - Deathwatch, Imperium - Adeptus Astartes - Imperial Fists, Imperium - Adeptus Astartes - Iron Hands, Imperium - Adeptus Astartes - Raven Guard, Imperium - Adeptus Astartes - Salamanders, Imperium - Adeptus Astartes - Space Wolves, Imperium - Adeptus Astartes - Ultramarines, Imperium - Adeptus Astartes - White Scars",8cca-9318-3bec-d360,220,1,12,16,2,,,5,10.0,"TRANSPORT, VEHICLE",,Armoured Tracks,Melee,6,4,8,0,1,1,,
Land Raider,Imperium - Adeptus Astartes - Space Marines,"Imperium - Adeptus Astartes - Black Templars, Imperium - Adeptus Astartes - Blood Angels, Imperium - Adeptus Astartes - Dark Angels, Imperium - Adeptus Astartes - Deathwatch, Imperium - Adeptus Astartes - Imperial Fists, Imperium - Adeptus Astartes - Iron Hands, Imperium - Adeptus Astartes - Raven Guard, Imperium - Adeptus Astartes - Salamanders, Imperium - Adeptus Astartes - Space Wolves, Imperium - Adeptus Astartes - Ultramarines, Imperium - Adeptus Astartes - White Scars",8cca-9318-3bec-d360,220,1,12,16,2,,,5,10.0,"TRANSPORT, VEHICLE",,Twin heavy bolter,Ranged,3,3,5,-1,2,1,"Sustained Hits 1, Twin-linked",
Land Raider Crusader,Imperium - Adeptus Astartes - Black Templars,,8525-2de1-14fd-c1f5,220,1,12,16,2,,,5,12.0,"TRANSPORT, VEHICLE",,Armoured Tracks,Melee,6,4,8,0,1,1,,
Land Raider Crusader,Imperium - Adeptus Astartes - Black Templars,,8525-2de1-14fd-c1f5,220,1,12,16,2,,,5,12.0,"TRANSPORT, VEHICLE",,Hurricane Bolter,Ranged,6,3,4,0,1,2,"Twin-linked, Rapid Fire 6",
Land Raider Crusader,Imperium - Adeptus Astartes - Black Templars,,8525-2de1-14fd-c1f5,220,1,12,16,2,,,5,12.0,"TRANSPORT, VEHICLE",,Twin assault cannon,Ranged,6,3,6,0,1,1,"Devastating Wounds, Twin-linked",
Land Raider Crusader,Imperium - Adeptus Astartes - Space Marines,"Imperium - Adeptus Astartes - Black Templars, Imperium - Adeptus Astartes - Blood Angels, Imperium - Adeptus Astartes - Dark Angels, Imperium - Adeptus Astartes - Deathwatch, Imperium - Adeptus Astartes - Imperial Fists, Imperium - Adeptus Astartes - Iron Hands, Imperium - Adeptus Astartes - Raven Guard, Imperium - Adeptus Astartes - Salamanders, Imperium - Adeptus Astartes - Space Wolves, Imperium - Adeptus Astartes - Ultramarines, Imperium - Adeptus Astartes - White Scars",1d65-c592-2e16-b045,220,1,12,16,2,,,5,12.0,"TRANSPORT, VEHICLE",,Armoured Tracks,Melee,6,4,8,0,1,1,,
Land Raider Crusader,Imperium - Adeptus Astartes - Space Marines,"Imperium - Adeptus Astartes - Black Templars, Imperium - Adeptus Astartes - Blood Angels, Imperium - Adeptus Astartes - Dark Angels, Imperium - Adeptus Astartes - Deathwatch, Imperium - Adeptus Astartes - Imperial Fists, Imperium - Adeptus Astartes - Iron Hands, Imperium - Adeptus Astartes - Raven Guard, Imperium - Adeptus Astartes - Salamanders, Imperium - Adeptus Astartes - Space Wolves, Imperium - Adeptus Astartes - Ultramarines, Imperium - Adeptus Astartes - White Scars",1d65-c592-2e16-b045,220,1,12,16,2,,,5,12.0,"TRANSPORT, VEHICLE",,Hurricane Bolter,Ranged,6,3,4,0,1,2,"Twin-linked, Rapid Fire 6",
Land Raider Crusader,Imperium - Adeptus Astartes - Space Marines,"Imperium - Adeptus Astartes - Black Templars, Imperium - Adeptus Astartes - Blood Angels, Imperium - Adeptus Astartes - Dark Angels, Imperium - Adeptus Astartes - Deathwatch, Imperium - Adeptus Astartes - Imperial Fists, Imperium - Adeptus Astartes - Iron Hands, Imperium - Adeptus Astartes - Raven Guard, Imperium - Adeptus Astartes - Salamanders, Imperium - Adeptus Astartes - Space Wolves, Imperium - Adeptus Astartes - Ultramarines, Imperium - Adeptus Astartes - White Scars",1d65-c592-2e16-b045,220,1,12,16,2,,,5,12.0,"TRANSPORT, VEHICLE",,Twin assault cannon,Ranged,6,3,6,0,1,1,"Devastating Wounds, Twin-linked",
Land Raider Redeemer,Imperium - Adeptus Astartes - Space Marines,"Imperium - Adeptus Astartes - Black Templars, Imperium - Adeptus Astartes - Blood Angels, Imperium - Adeptus Astartes - Dark Angels, Imperium - Adeptus Astartes - Deathwatch, Imperium - Adeptus Astartes - Imperial Fists, Imperium - Adeptus Astartes - Iron Hands, Imperium - Adeptus Astartes - Raven Guard, Imperium - Adeptus Astartes - Salamanders, Imperium - Adeptus Astartes - Space Wolves, Imperium - Adeptus Astartes - Ultramarines, Imperium - Adeptus Astartes - White Scars",d361-a36e-1448-264d,260,1,12,16,2,,,5,12.0,"TRANSPORT, VEHICLE",,Flamestorm Cannon,Ranged,D6+3,2,6,-2,2,2,"Torrent, Ignores Cover",
Land Raider Redeemer,Imperium - Adeptus Astartes - Space Marines,"Imperium - Adeptus Astartes - Black Templars, Imperium - Adeptus Astartes - Blood Angels, Imperium - Adeptus Astartes - Dark Angels, Imperium - Adeptus Astartes - Deathwatch, Imperium - Adeptus Astartes - Imperial Fists, Imperium - Adeptus Astartes - Iron Hands, Imperium - Adeptus Astartes - Raven Guard, Imperium - Adeptus Astartes - Salamanders, Imperium - Adeptus Astartes - Space Wolves, Imperium - Adeptus Astartes - Ultramarines, Imperium - Adeptus Astartes - White Scars",d361-a36e-1448-264d,260,1,12,16,2,,,5,12.0,"TRANSPORT, VEHICLE",,Armoured Tracks,Melee,6,4,8,0,1,1,,
Land Raider Redeemer,Imperium - Adeptus Astartes - Space Marines,"Imperium - Adeptus Astartes - Black Templars, Imperium - Adeptus Astartes - Blood Angels, Imperium - Adeptus Astartes - Dark Angels, Imperium - Adeptus Astartes - Deathwatch, Imperium - Adeptus Astartes - Imperial Fists, Imperium - Adeptus Astartes - Iron Hands, Imperium - Adeptus Astartes - Raven Guard, Imperium - Adeptus Astartes - Salamanders, Imperium - Adeptus Astartes - Space Wolves, Imperium - Adeptus Astartes - Ultramarines, Imperium - Adeptus Astartes - White Scars",d361-a36e-1448-264d,260,1,12,16,2,,,5,12.0,"TRANSPORT, VEHICLE",,Twin assault cannon,Ranged,6,3,6,0,1,1,"Devastating Wounds, Twin-linked",
Land Speeder,Imperium - Adeptus Astartes - Space Marines,"Imperium - Adeptus Astartes - Black Templars, Imperium - Adeptus Astartes - Blood Angels, Imperium - Adeptus Astartes - Dark Angels, Imperium - Adeptus Astartes - Deathwatch, Imperium - Adeptus Astartes - Imperial Fists, Imperium - Adeptus Astartes - Iron Hands, Imperium - Adeptus Astartes - Raven Guard, Imperium - Adeptus Astartes - Salamanders, Imperium - Adeptus Astartes - Space Wolves, Imperium - Adeptus Astartes - Ultramarines, Imperium - Adeptus Astartes - White Scars",2e1f-9342-f5e8-37ab,105,1,8,9,3,,,3,14.0,"FLY, VEHICLE",,Stormfury Missile Launcher,Ranged,1,3,12,-3,D6+1,1,,
Land Speeder,Imperium - Adeptus Astartes - Space Marines,"Imperium - Adeptus Astartes - Black Templars, Imperium - Adeptus Astartes - Blood Angels, Imperium - Adeptus Astartes - Dark Angels, Imperium - Adeptus Astartes - Deathwatch, Imperium - Adeptus Astartes - Imperial Fists, Imperium - Adeptus Astartes - Iron Hands, Imperium - Adeptus Astartes - Raven Guard, Imperium - Adeptus Astartes - Salamanders, Imperium - Adeptus Astartes - Space Wolves, Imperium - Adeptus Astartes - Ultramarines, Imperium - Adeptus Astartes - White Scars",2e1f-9342-f5e8-37ab,105,1,8,9,3,,,3,14.0,"FLY, VEHICLE",,Multi-melta,Ranged,2,3,9,-4,D6,1,Melta 2,
Land Speeder,Imperium - Adeptus Astartes - Space Marines,"Imperium - Adeptus Astartes - Black Templars, Imperium - Adeptus Astartes - Blood Angels, Imperium - Adeptus Astartes - Dark Angels, Imperium - Adeptus Astartes - Deathwatch, Imperium - Adeptus Astartes - Imperial Fists, Imperium - Adeptus Astartes - Iron Hands, Imperium - Adeptus Astartes - Raven Guard, Imperium - Adeptus Astartes - Salamanders, Imperium - Adeptus Astartes - Space Wolves, Imperium - Adeptus Astartes - Ultramarines, Imperium - Adeptus Astartes - White Scars",2e1f-9342-f5e8-37ab,105,1,8,9,3,,,3,14.0,"FLY, VEHICLE",,Close combat weapon,Melee,4,3,4,0,1,1,,
Land Speeder,Imperium - Adeptus Astartes - Space Marines,"Imperium - Adeptus Astartes - Black Templars, Imperium - Adeptus Astartes - Blood Angels, Imperium - Adeptus Astartes - Dark Angels, Imperium - Adeptus Astartes - Deathwatch, Imperium - Adeptus Astartes - Imperial Fists, Imperium - Adeptus Astartes - Iron Hands, Imperium - Adeptus Astartes - Raven Guard, Imperium - Adeptus Astartes - Salamanders, Imperium - Adeptus Astartes - Space Wolves, Imperium - Adeptus Astartes - Ultramarines, Imperium - Adeptus Astartes - White Scars",2e1f-9342-f5e8-37ab,105,1,8,9,3,,,3,14.0,"FLY, VEHICLE",,Heavy Flamer,Ranged,D6,2,5,-1,1,1,"Torrent, Ignores Cover",
Librarian,Imperium - Adeptus Astartes - Space Marines,"Imperium - Adeptus Astartes - Black Templars, Imperium - Adeptus Astartes - Blood Angels, Imperium - Adeptus Astartes - Dark Angels, Imperium - Adeptus Astartes - Deathwatch, Imperium - Adeptus Astartes - Imperial Fists, Imperium - Adeptus Astartes - Iron Hands, Imperium - Adeptus Astartes - Raven Guard, Imperium - Adeptus Astartes - Salamanders, Imperium - Adeptus Astartes - Space Wolves, Imperium - Adeptus Astartes - Ultramarines, Imperium - Adeptus Astartes - White Scars",78eb-9334-f5c0-6095,70,1,4,4,3,,,1,6.0,"CHARACTER, INFANTRY, PSYKER",,Bolt pistol,Ranged,1,3,4,0,1,1,,
Librarian,Imperium - Adeptus Astartes - Space Marines,"Imperium - Adeptus Astartes - Black Templars, Imperium - Adeptus Astartes - Blood Angels, Imperium - Adeptus Astartes - Dark Angels, Imperium - Adeptus Astartes - Deathwatch, Imperium - Adeptus Astartes - Imperial Fists, Imperium - Adeptus Astartes - Iron Hands, Imperium - Adeptus Astartes - Raven Guard, Imperium - Adeptus Astartes - Salamanders, Imperium - Adeptus Astartes - Space Wolves, Imperium - Adeptus Astartes - Ultramarines, Imperium - Adeptus Astartes - White Scars",78eb-9334-f5c0-6095,70,1,4,4,3,,,1,6.0,"CHARACTER, INFANTRY, PSYKER",,Force weapon,Melee,4,3,6,-1,D3,1,,
Librarian,Imperium - Adeptus Astartes - Space Marines,"Imperium - Adeptus Astartes - Black Templars, Imperium - Adeptus Astartes - Blood Angels, Imperium - Adeptus Astartes - Dark Angels, Imperium - Adeptus Astartes - Deathwatch, Imperium - Adeptus Astartes - Imperial Fists, Imperium - Adeptus Astartes - Iron Hands, Imperium - Adeptus Astartes - Raven Guard, Imperium - Adeptus Astartes - Salamanders, Imperium - Adeptus Astartes - Space Wolves, Imperium - Adeptus Astartes - Ultramarines, Imperium - Adeptus Astartes - White Scars",78eb-9334-f5c0-6095,70,1,4,4,3,,,1,6.0,"CHARACTER, INFANTRY, PSYKER",,➤ Smite - Witchfire,Ranged,D6,3,5,-1,D3,1,,
Librarian in Phobos Armour,Imperium - Adeptus Astartes - Space Marines,"Imperium - Adeptus Astartes - Black Templars, Imperium - Adeptus Astartes - Blood Angels, Imperium - Adeptus Astartes - Dark Angels, Imperium - Adeptus Astartes - Deathwatch, Imperium - Adeptus Astartes - Imperial Fists, Imperium - Adeptus Astartes - Iron Hands, Imperium - Adeptus Astartes - Raven Guard, Imperium - Adeptus Astartes - Salamanders, Imperium - Adeptus Astartes - Space Wolves, Imperium - Adeptus Astartes - Ultramarines, Imperium - Adeptus Astartes - White Scars",137c-2add-1a51-ee96,70,1,4,4,3,,,1,6.0,"CHARACTER, INFANTRY, PSYKER",,Bolt pistol,Ranged,1,3,4,0,1,1,,
Librarian in Phobos Armour,Imperium - Adeptus Astartes - Space Marines,"Imperium - Adeptus Astartes - Black Templars, Imperium - Adeptus Astartes - Blood Angels, Imperium - Adeptus Astartes - Dark Angels, Imperium - Adeptus Astartes - Deathwatch, Imperium - Adeptus Astartes - Imperial Fists, Imperium - Adeptus Astartes - Iron Hands, Imperium - Adeptus Astartes - Raven Guard, Imperium - Adeptus Astartes - Salamanders, Imperium - Adeptus Astartes - Space Wolves, Imperium - Adeptus Astartes - Ultramarines, Imperium - Adeptus Astartes - White Scars",137c-2add-1a51-ee96,70,1,4,4,3,,,1,6.0,"CHARACTER, INFANTRY, PSYKER",,Force weapon,Melee,4,3,6,-1,D3,1,,
Librarian in Phobos Armour,Imperium - Adeptus Astartes - Space Marines,"Imperium - Adeptus Astartes - Black Templars, Imperium - Adeptus Astartes - Blood Angels, Imperium - Adeptus Astartes - Dark Angels, Imperium - Adeptus Astartes - Deathwatch, Imperium - Adeptus Astartes - Imperial Fists, Imperium - Adeptus Astartes - Iron Hands, Imperium - Adeptus Astartes - Raven Guard, Imperium - Adeptus Astartes - Salamanders, Imperium - Adeptus Astartes - Space Wolves, Imperium - Adeptus Astartes - Ultramarines, Imperium - Adeptus Astartes - White Scars",137c-2add-1a51-ee96,70,1,4,4,3,,,1,6.0,"CHARACTER, INFANTRY, PSYKER",,➤ Smite - Witchfire,Ranged,D6,3,5,-1,D3,1,,
Librarian in Terminator Armour,Imperium - Adeptus Astartes - Space Marines,"Imperium - Adeptus Astartes - Black Templars, Imperium - Adeptus Astartes - Blood Angels, Imperium - Adeptus Astartes - Dark Angels, Imperium - Adeptus Astartes - Deathwatch, Imperium - Adeptus Astartes - Imperial Fists, Imperium - Adeptus Astartes - Iron Hands, Imperium - Adeptus Astartes - Raven Guard, Imperium - Adeptus Astartes - Salamanders, Imperium - Adeptus Astartes - Space Wolves, Imperium - Adeptus Astartes - Ultramarines, Imperium - Adeptus Astartes - White Scars",2468-24f5-ad9b-8388,85,1,5,5,2,4,,1,5.0,"CHARACTER, INFANTRY, PSYKER",,Force weapon,Melee,4,3,6,-1,D3,1,,
Librarian in Terminator Armour,Imperium - Adeptus Astartes - Space Marines,"Imperium - Adeptus Astartes - Black Templars, Imperium - Adeptus Astartes - Blood Angels, Imperium - Adeptus Astartes - Dark Angels, Imperium - Adeptus Astartes - Deathwatch, Imperium - Adeptus Astartes - Imperial Fists, Imperium - Adeptus Astartes - Iron Hands, Imperium - Adeptus Astartes - Raven Guard, Imperium - Adeptus Astartes - Salamanders, Imperium - Adeptus Astartes - Space Wolves, Imperium - Adeptus Astartes - Ultramarines, Imperium - Adeptus Astartes - White Scars",2468-24f5-ad9b-8388,85,1,5,5,2,4,,1,5.0,"CHARACTER, INFANTRY, PSYKER",,➤ Smite - Witchfire,Ranged,D6,3,5,-1,D3,1,,
Lieutenant,Imperium - Adeptus Astartes - Space Marines,"Imperium - Adeptus Astartes - Black Templars, Imperium - Adeptus Astartes - Blood Angels, Imperium - Adeptus Astartes - Dark Angels, Imperium - Adeptus Astartes - Deathwatch, Imperium - Adeptus Astartes - Imperial Fists, Imperium - Adeptus Astartes - Iron Hands, Imperium - Adeptus Astartes - Raven Guard, Imperium - Adeptus Astartes - Salamanders, Imperium - Adeptus Astartes - Space Wolves, Imperium - Adeptus Astartes - Ultramarines, Imperium - Adeptus Astartes - White Scars",ce15-e87e-7cff-b129,45,1,4,4,3,,,1,6.0,"CHARACTER, INFANTRY",,Bolt pistol,Ranged,1,2,4,0,1,1,,
Lieutenant,Imperium - Adeptus Astartes - Space Marines,"Imperium - Adeptus Astartes - Black Templars, Imperium - Adeptus Astartes - Blood Angels, Imperium - Adeptus Astartes - Dark Angels, Imperium - Adeptus Astartes - Deathwatch, Imperium - Adeptus Astartes - Imperial Fists, Imperium - Adeptus Astartes - Iron Hands, Imperium - Adeptus Astartes - Raven Guard, Imperium - Adeptus Astartes - Salamanders, Imperium - Adeptus Astartes - Space Wolves, Imperium - Adeptus Astartes - Ultramarines, Imperium - Adeptus Astartes - White Scars",ce15-e87e-7cff-b129,45,1,4,4,3,,,1,6.0,"CHARACTER, INFANTRY",,Close combat weapon,Melee,5,2,4,0,1,1,,
Lieutenant,Imperium - Adeptus Astartes - Space Marines,"Imperium - Adeptus Astartes - Black Templars, Imperium - Adeptus Astartes - Blood Angels, Imperium - Adeptus Astartes - Dark Angels, Imperium - Adeptus Astartes - Deathwatch, Imperium - Adeptus Astartes - Imperial Fists, Imperium - Adeptus Astartes - Iron Hands, Imperium - Adeptus Astartes - Raven Guard, Imperium - Adeptus Astartes - Salamanders, Imperium - Adeptus Astartes - Space Wolves, Imperium - Adeptus Astartes - Ultramarines, Imperium - Adeptus Astartes - White Scars",ce15-e87e-7cff-b129,45,1,4,4,3,,,1,6.0,"CHARACTER, INFANTRY",,➤ Plasma pistol - supercharge,Ranged,1,3,8,-3,2,1,,
Lieutenant in Phobos Armour,Imperium - Adeptus Astartes - Space Marines,"Imperium - Adeptus Astartes - Black Templars, Imperium - Adeptus Astartes - Blood Angels, Imperium - Adeptus Astartes - Dark Angels, Imperium - Adeptus Astartes - Deathwatch, Imperium - Adeptus Astartes - Imperial Fists, Imperium - Adeptus Astartes - Iron Hands, Imperium - Adeptus Astartes - Raven Guard, Imperium - Adeptus Astartes - Salamanders, Imperium - Adeptus Astartes - Space Wolves, Imperium - Adeptus Astartes - Ultramarines, Imperium - Adeptus Astartes - White Scars",fe0e-6070-e7b-d4b8,45,1,4,4,3,,,1,6.0,"CHARACTER, INFANTRY",,Master-crafted Scoped Bolt Carbine,Ranged,2,2,4,0,2,1,,
Lieutenant in Phobos Armour,Imperium - Adeptus Astartes - Space Marines,"Imperium - Adeptus Astartes - Black Templars, Imperium - Adeptus Astartes - Blood Angels, Imperium - Adeptus Astartes - Dark Angels, Imperium - Adeptus Astartes - Deathwatch, Imperium - Adeptus Astartes - Imperial Fists, Imperium - Adeptus Astartes - Iron Hands, Imperium - Adeptus Astartes - Raven Guard, Imperium - Adeptus Astartes - Salamanders, Imperium - Adeptus Astartes - Space Wolves, Imperium - Adeptus Astartes - Ultramarines, Imperium - Adeptus Astartes - White Scars",fe0e-6070-e7b-d4b8,45,1,4,4,3,,,1,6.0,"CHARACTER, INFANTRY",,Paired Combat Blades,Melee,5,2,4,-1,1,1,Sustained Hits 1,
Lieutenant in Phobos Armour,Imperium - Adeptus Astartes - Space Marines,"Imperium - Adeptus Astartes - Black Templars, Imperium - Adeptus Astartes - Blood Angels, Imperium - Adeptus Astartes - Dark Angels, Imperium - Adeptus Astartes - Deathwatch, Imperium - Adeptus Astartes - Imperial Fists, Imperium - Adeptus Astartes - Iron Hands, Imperium - Adeptus Astartes - Raven Guard, Imperium - Adeptus Astartes - Salamanders, Imperium - Adeptus Astartes - Space Wolves, Imperium - Adeptus Astartes - Ultramarines, Imperium - Adeptus Astartes - White Scars",fe0e-6070-e7b-d4b8,45,1,4,4,3,,,1,6.0,"CHARACTER, INFANTRY",,Bolt pistol,Ranged,1,2,4,0,1,1,,
Lieutenant in Reiver Armour,Imperium - Adeptus Astartes - Space Marines,"Imperium - Adeptus Astartes - Black Templars, Imperium - Adeptus Astartes - Blood Angels, Imperium - Adeptus Astartes - Dark Angels, Imperium - Adeptus Astartes - Deathwatch, Imperium - Adeptus Astartes - Imperial Fists, Imperium - Adeptus Astartes - Iron Hands, Imperium - Adeptus Astartes - Raven Guard, Imperium - Adeptus Astartes - Salamanders, Imperium - Adeptus Astartes - Space Wolves, Imperium - Adeptus Astartes - Ultramarines, Imperium - Adeptus Astartes - White Scars",6dfd-beb0-5b01-b21e,45,1,4,4,3,,,1,6.0,"CHARACTER, INFANTRY",,Combat Knife,Melee,6,2,4,-1,1,1,,
Lieutenant in Reiver Armour,Imperium - Adeptus Astartes - Space Marines,"Imperium - Adeptus Astartes - Black Templars, Imperium - Adeptus Astartes - Blood Angels, Imperium - Adeptus Astartes - Dark Angels, Imperium - Adeptus Astartes - Deathwatch, Imperium - Adeptus Astartes - Imperial Fists, Imperium - Adeptus Astartes - Iron Hands, Imperium - Adeptus Astartes - Raven Guard, Imperium - Adeptus Astartes - Salamanders, Imperium - Adeptus Astartes - Space Wolves, Imperium - Adeptus Astartes - Ultramarines, Imperium - Adeptus Astartes - White Scars",6dfd-beb0-5b01-b21e,45,1,4,4,3,,,1,6.0,"CHARACTER, INFANTRY",,Master-crafted Special Issue Bolt Pistol,Ranged,1,2,4,-1,2,1,,
Lieutenant with Combi-weapon,Imperium - Adeptus Astartes - Space Marines,"Imperium - Adeptus Astartes - Black Templars, Imperium - Adeptus Astartes - Blood Angels, Imperium - Adeptus Astartes - Dark Angels, Imperium - Adeptus Astartes - Deathwatch, Imperium - Adeptus Astartes - Imperial Fists, Imperium - Adeptus Astartes - Iron Hands, Imperium - Adeptus Astartes - Raven Guard, Imperium - Adeptus Astartes - Salamanders, Imperium - Adeptus Astartes - Space Wolves, Imperium - Adeptus Astartes - Ultramarines, Imperium - Adeptus Astartes - White Scars",109f-f71d-56-d9eb,95,1,4,4,3,,,1,6.0,"CHARACTER, INFANTRY",,Paired Combat Blades,Melee,5,2,4,-1,1,1,"Sustained Hits 1, Anti-Infantry 4+",
Lieutenant with Combi-weapon,Imperium - Adeptus Astartes - Space Marines,"Imperium - Adeptus Astartes - Black Templars, Imperium - Adeptus Astartes - Blood Angels, Imperium - Adeptus Astartes - Dark Angels, Imperium - Adeptus Astartes - Deathwatch, Imperium - Adeptus Astartes - Imperial Fists, Imperium - Adeptus Astartes - Iron Hands, Imperium - Adeptus Astartes - Raven Guard, Imperium - Adeptus Astartes - Salamanders, Imperium - Adeptus Astartes - Space Wolves, Imperium - Adeptus Astartes - Ultramarines, Imperium - Adeptus Astartes - White Scars",109f-f71d-56-d9eb,95,1,4,4,3,,,1,6.0,"CHARACTER, INFANTRY",,Combi-weapon,Ranged,1,4,4,0,1,1,"Devastating Wounds, Rapid Fire 1, Anti-Infantry 4+",
Marshal,Imperium - Adeptus Astartes - Black Templars,,68dd-5f49-4f17-cd84,80,1,4,5,3,4,,1,6.0,"CHARACTER, INFANTRY",,Master-crafted Power Weapon,Melee,7,2,5,-2,2,1,Lethal Hits,
Marshal,Imperium - Adeptus Astartes - Black Templars,,68dd-5f49-4f17-cd84,80,1,4,5,3,4,,1,6.0,"CHARACTER, INFANTRY",,➤ Plasma Pistol - Standard,Ranged,1,2,7,-2,1,1,,
Outrider Squad,Imperium - Adeptus Astartes - Space Marines,"Imperium - Adeptus Astartes - Black Templars, Imperium - Adeptus Astartes - Blood Angels, Imperium - Adeptus Astartes - Dark Angels, Imperium - Adeptus Astartes - Deathwatch, Imperium - Adeptus Astartes - Imperial Fists, Imperium - Adeptus Astartes - Iron Hands, Imperium - Adeptus Astartes - Raven Guard, Imperium - Adeptus Astartes - Salamanders, Imperium - Adeptus Astartes - Space Wolves, Imperium - Adeptus Astartes - Ultramarines, Imperium - Adeptus Astartes - White Scars",b5e8-c34b-566b-8bda,70,3,5,4,3,,,2,12.0,MOUNTED,,Astartes Chainsword,Melee,4,3,4,-1,1,2,,
Outrider Squad,Imperium - Adeptus Astartes - Space Marines,"Imperium - Adeptus Astartes - Black Templars, Imperium - Adeptus Astartes - Blood Angels, Imperium - Adeptus Astartes - Dark Angels, Imperium - Adeptus Astartes - Deathwatch, Imperium - Adeptus Astartes - Imperial Fists, Imperium - Adeptus Astartes - Iron Hands, Imperium - Adeptus Astartes - Raven Guard, Imperium - Adeptus Astartes - Salamanders, Imperium - Adeptus Astartes - Space Wolves, Imperium - Adeptus Astartes - Ultramarines, Imperium - Adeptus Astartes - White Scars",b5e8-c34b-566b-8bda,70,3,5,4,3,,,2,12.0,MOUNTED,,Heavy Bolt Pistol,Ranged,1,3,4,-1,1,2,,
Outrider Squad,Imperium - Adeptus Astartes - Space Marines,"Imperium - Adeptus Astartes - Black Templars, Imperium - Adeptus Astartes - Blood Angels, Imperium - Adeptus Astartes - Dark Angels, Imperium - Adeptus Astartes - Deathwatch, Imperium - Adeptus Astartes - Imperial Fists, Imperium - Adeptus Astartes - Iron Hands, Imperium - Adeptus Astartes - Raven Guard, Imperium - Adeptus Astartes - Salamanders, Imperium - Adeptus Astartes - Space Wolves, Imperium - Adeptus Astartes - Ultramarines, Imperium - Adeptus Astartes - White Scars",b5e8-c34b-566b-8bda,70,3,5,4,3,,,2,12.0,MOUNTED,,Twin bolt rifle,Ranged,2,3,4,-1,1,2,Twin-linked,
Outrider Squad,Imperium - Adeptus Astartes - Space Marines,"Imperium - Adeptus Astartes - Black Templars, Imperium - Adeptus Astartes - Blood Angels, Imperium - Adeptus Astartes - Dark Angels, Imperium - Adeptus Astartes - Deathwatch, Imperium - Adeptus Astartes - Imperial Fists, Imperium - Adeptus Astartes - Iron Hands, Imperium - Adeptus Astartes - Raven Guard, Imperium - Adeptus Astartes - Salamanders, Imperium - Adeptus Astartes - Space Wolves, Imperium - Adeptus Astartes - Ultramarines, Imperium - Adeptus Astartes - White Scars",b5e8-c34b-566b-8bda,70,3,5,4,3,,,2,12.0,MOUNTED,,Astartes Chainsword,Melee,4,3,4,-1,1,1,,
Outrider Squad,Imperium - Adeptus Astartes - Space Marines,"Imperium - Adeptus Astartes - Black Templars, Imperium - Adeptus Astartes - Blood Angels, Imperium - Adeptus Astartes - Dark Angels, Imperium - Adeptus Astartes - Deathwatch, Imperium - Adeptus Astartes - Imperial Fists, Imperium - Adeptus Astartes - Iron Hands, Imperium - Adeptus Astartes - Raven Guard, Imperium - Adeptus Astartes - Salamanders, Imperium - Adeptus Astartes - Space Wolves, Imperium - Adeptus Astartes - Ultramarines, Imperium - Adeptus Astartes - White Scars",b5e8-c34b-566b-8bda,70,3,5,4,3,,,2,12.0,MOUNTED,,Heavy Bolt Pistol,Ranged,1,3,4,-1,1,1,,
Outrider Squad,Imperium - Adeptus Astartes - Space Marines,"Imperium - Adeptus Astartes - Black Templars, Imperium - Adeptus Astartes - Blood Angels, Imperium - Adeptus Astartes - Dark Angels, Imperium - Adeptus Astartes - Deathwatch, Imperium - Adeptus Astartes - Imperial Fists, Imperium - Adeptus Astartes - Iron Hands, Imperium - Adeptus Astartes - Raven Guard, Imperium - Adeptus Astartes - Salamanders, Imperium - Adeptus Astartes - Space Wolves, Imperium - Adeptus Astartes - Ultramarines, Imperium - Adeptus Astartes - White Scars",b5e8-c34b-566b-8bda,70,3,5,4,3,,,2,12.0,MOUNTED,,Twin bolt rifle,Ranged,2,3,4,-1,1,1,Twin-linked,
Predator Annihilator,Imperium - Adeptus Astartes - Space Marines,"Imperium - Adeptus Astartes - Black Templars, Imperium - Adeptus Astartes - Blood Angels, Imperium - Adeptus Astartes - Dark Angels, Imperium - Adeptus Astartes - Deathwatch, Imperium - Adeptus Astartes - Imperial Fists, Imperium - Adeptus Astartes - Iron Hands, Imperium - Adeptus Astartes - Raven Guard, Imperium - Adeptus Astartes - Salamanders, Imperium - Adeptus Astartes - Space Wolves, Imperium - Adeptus Astartes - Ultramarines, Imperium - Adeptus Astartes - White Scars",31a-6c3e-5843-4023,135,1,10,11,3,,,3,10.0,VEHICLE,,Predator Twin Lascannon,Ranged,1,3,14,-3,D6+1,1,Twin-linked,
Predator Annihilator,Imperium - Adeptus Astartes - Space Marines,"Imperium - Adeptus Astartes - Black Templars, Imperium - Adeptus Astartes - Blood Angels, Imperium - Adeptus Astartes - Dark Angels, Imperium - Adeptus Astartes - Deathwatch, Imperium - Adeptus Astartes - Imperial Fists, Imperium - Adeptus Astartes - Iron Hands, Imperium - Adeptus Astartes - Raven Guard, Imperium - Adeptus Astartes - Salamanders, Imperium - Adeptus Astartes - Space Wolves, Imperium - Adeptus Astartes - Ultramarines, Imperium - Adeptus Astartes - White Scars",31a-6c3e-5843-4023,135,1,10,11,3,,,3,10.0,VEHICLE,,Armoured Tracks,Melee,3,4,6,0,1,1,,
Predator Destructor,Imperium - Adeptus Astartes - Space Marines,"Imperium - Adeptus Astartes - Black Templars, Imperium - Adeptus Astartes - Blood Angels, Imperium - Adeptus Astartes - Dark Angels, Imperium - Adeptus Astartes - Deathwatch, Imperium - Adeptus Astartes - Imperial Fists, Imperium - Adeptus Astartes - Iron Hands, Imperium - Adeptus Astartes - Raven Guard, Imperium - Adeptus Astartes - Salamanders, Imperium - Adeptus Astartes - Space Wolves, Imperium - Adeptus Astartes - Ultramarines, Imperium - Adeptus Astartes - White Scars",d4c8-dd6a-cd7a-ccc3,140,1,10,11,3,,,3,10.0,VEHICLE,,Predator Autocannon,Ranged,4,3,9,-1,3,1,Rapid Fire 2,
Predator Destructor,Imperium - Adeptus Astartes - Space Marines,"Imperium - Adeptus Astartes - Black Templars, Imperium - Adeptus Astartes - Blood Angels, Imperium - Adeptus Astartes - Dark Angels, Imperium - Adeptus Astartes - Deathwatch, Imperium - Adeptus Astartes - Imperial Fists, Imperium - Adeptus Astartes - Iron Hands, Imperium - Adeptus Astartes - Raven Guard, Imperium - Adeptus Astartes - Salamanders, Imperium - Adeptus Astartes - Space Wolves, Imperium - Adeptus Astartes - Ultramarines, Imperium - Adeptus Astartes - White Scars",d4c8-dd6a-cd7a-ccc3,140,1,10,11,3,,,3,10.0,VEHICLE,,Armoured Tracks,Melee,3,4,6,0,1,1,,
Razorback,Imperium - Adeptus Astartes - Space Marines,"Imperium - Adeptus Astartes - Black Templars, Imperium - Adeptus Astartes - Blood Angels, Imperium - Adeptus Astartes - Dark Angels, Imperium - Adeptus Astartes - Deathwatch, Imperium - Adeptus Astartes - Imperial Fists, Imperium - Adeptus Astartes - Iron Hands, Imperium - Adeptus Astartes - Raven Guard, Imperium - Adeptus Astartes - Salamanders, Imperium - Adeptus Astartes - Space Wolves, Imperium - Adeptus Astartes - Ultramarines, Imperium - Adeptus Astartes - White Scars",ed11-25b9-a0eb-89f4,85,1,9,10,3,,,2,12.0,"TRANSPORT, VEHICLE",,Armoured Tracks,Melee,3,4,6,0,1,1,,
Razorback,Imperium - Adeptus Astartes - Space Marines,"Imperium - Adeptus Astartes - Black Templars, Imperium - Adeptus Astartes - Blood Angels, Imperium - Adeptus Astartes - Dark Angels, Imperium - Adeptus Astartes - Deathwatch, Imperium - Adeptus Astartes - Imperial Fists, Imperium - Adeptus Astartes - Iron Hands, Imperium - Adeptus Astartes - Raven Guard, Imperium - Adeptus Astartes - Salamanders, Imperium - Adeptus Astartes - Space Wolves, Imperium - Adeptus Astartes - Ultramarines, Imperium - Adeptus Astartes - White Scars",ed11-25b9-a0eb-89f4,85,1,9,10,3,,,2,12.0,"TRANSPORT, VEHICLE",,Twin heavy bolter,Ranged,3,3,5,-1,2,1,"Sustained Hits 1, Twin-linked",
Redemptor Dreadnought,Imperium - Adeptus Astartes - Space Marines,"Imperium - Adeptus Astartes - Black Templars, Imperium - Adeptus Astartes - Blood Angels, Imperium - Adeptus Astartes - Dark Angels, Imperium - Adeptus Astartes - Deathwatch, Imperium - Adeptus Astartes - Imperial Fists, Imperium - Adeptus Astartes - Iron Hands, Imperium - Adeptus Astartes - Raven Guard, Imperium - Adeptus Astartes - Salamanders, Imperium - Adeptus Astartes - Space Wolves, Imperium - Adeptus Astartes - Ultramarines, Imperium - Adeptus Astartes - White Scars",1d94-b3c8-9205-827e,195,1,10,12,2,,,4,8.0,"VEHICLE, WALKER",,Redemptor Fist,Melee,5,3,12,-2,3,1,,
Redemptor Dreadnought,Imperium - Adeptus Astartes - Space Marines,"Imperium - Adeptus Astartes - Black Templars, Imperium - Adeptus Astartes - Blood Angels, Imperium - Adeptus Astartes - Dark Angels, Imperium - Adeptus Astartes - Deathwatch, Imperium - Adeptus Astartes - Imperial Fists, Imperium - Adeptus Astartes - Iron Hands, Imperium - Adeptus Astartes - Raven Guard, Imperium - Adeptus Astartes - Salamanders, Imperium - Adeptus Astartes - Space Wolves, Imperium - Adeptus Astartes - Ultramarines, Imperium - Adeptus Astartes - White Scars",1d94-b3c8-9205-827e,195,1,10,12,2,,,4,8.0,"VEHICLE, WALKER",,➤ Macro Plasma Incinerator - Standard,Ranged,D6+1,3,8,-3,2,1,Blast,
Redemptor Dreadnought,Imperium - Adeptus Astartes - Space Marines,"Imperium - Adeptus Astartes - Black Templars, Imperium - Adeptus Astartes - Blood Angels, Imperium - Adeptus Astartes - Dark Angels, Imperium - Adeptus Astartes - Deathwatch, Imperium - Adeptus Astartes - Imperial Fists, Imperium - Adeptus Astartes - Iron Hands, Imperium - Adeptus Astartes - Raven Guard, Imperium - Adeptus Astartes - Salamanders, Imperium - Adeptus Astartes - Space Wolves, Imperium - Adeptus Astartes - Ultramarines, Imperium - Adeptus Astartes - White Scars",1d94-b3c8-9205-827e,195,1,10,12,2,,,4,8.0,"VEHICLE, WALKER",,Heavy Flamer,Ranged,D6,2,5,-1,1,1,"Torrent, Ignores Cover",
Redemptor Dreadnought,Imperium - Adeptus Astartes - Space Marines,"Imperium - Adeptus Astartes - Black Templars, Imperium - Adeptus Astartes - Blood Angels, Imperium - Adeptus Astartes - Dark Angels, Imperium - Adeptus Astartes - Deathwatch, Imperium - Adeptus Astartes - Imperial Fists, Imperium - Adeptus Astartes - Iron Hands, Imperium - Adeptus Astartes - Raven Guard, Imperium - Adeptus Astartes - Salamanders, Imperium - Adeptus Astartes - Space Wolves, Imperium - Adeptus Astartes - Ultramarines, Imperium - Adeptus Astartes - White Scars",1d94-b3c8-9205-827e,195,1,10,12,2,,,4,8.0,"VEHICLE, WALKER",,Twin Fragstorm Grenade Launcher,Ranged,D6,3,4,0,1,1,"Twin-linked, Blast",
Reiver Squad,Imperium - Adeptus Astartes - Space Marines,"Imperium - Adeptus Astartes - Black Templars, Imperium - Adeptus Astartes - Blood Angels, Imperium - Adeptus Astartes - Dark Angels, Imperium - Adeptus Astartes - Deathwatch, Imperium - Adeptus Astartes - Imperial Fists, Imperium - Adeptus Astartes - Iron Hands, Imperium - Adeptus Astartes - Raven Guard, Imperium - Adeptus Astartes - Salamanders, Imperium - Adeptus Astartes - Space Wolves, Imperium - Adeptus Astartes - Ultramarines, Imperium - Adeptus Astartes - White Scars",a7ae-e495-683b-7c90,75,5,4,2,3,,,1,6.0,INFANTRY,,Special Issue Bolt Pistol,Ranged,1,3,4,-1,1,4,,
Reiver Squad,Imperium - Adeptus Astartes - Space Marines,"Imperium - Adeptus Astartes - Black Templars, Imperium - Adeptus Astartes - Blood Angels, Imperium - Adeptus Astartes - Dark Angels, Imperium - Adeptus Astartes - Deathwatch, Imperium - Adeptus Astartes - Imperial Fists, Imperium - Adeptus Astartes - Iron Hands, Imperium - Adeptus Astartes - Raven Guard, Imperium - Adeptus Astartes - Salamanders, Imperium - Adeptus Astartes - Space Wolves, Imperium - Adeptus Astartes - Ultramarines, Imperium - Adeptus Astartes - White Scars",a7ae-e495-683b-7c90,75,5,4,2,3,,,1,6.0,INFANTRY,,Combat Knife,Melee,4,3,4,-1,1,4,,
Reiver Squad,Imperium - Adeptus Astartes - Space Marines,"Imperium - Adeptus Astartes - Black Templars, Imperium - Adeptus Astartes - Blood Angels, Imperium - Adeptus Astartes - Dark Angels, Imperium - Adeptus Astartes - Deathwatch, Imperium - Adeptus Astartes - Imperial Fists, Imperium - Adeptus Astartes - Iron Hands, Imperium - Adeptus Astartes - Raven Guard, Imperium - Adeptus Astartes - Salamanders, Imperium - Adeptus Astartes - Space Wolves, Imperium - Adeptus Astartes - Ultramarines, Imperium - Adeptus Astartes - White Scars",a7ae-e495-683b-7c90,75,5,4,2,3,,,1,6.0,INFANTRY,,Combat Knife,Melee,4,3,4,-1,1,1,,
Reiver Squad,Imperium - Adeptus Astartes - Space Marines,"Imperium - Adeptus Astartes - Black Templars, Imperium - Adeptus Astartes - Blood Angels, Imperium - Adeptus Astartes - Dark Angels, Imperium - Adeptus Astartes - Deathwatch, Imperium - Adeptus Astartes - Imperial Fists, Imperium - Adeptus Astartes - Iron Hands, Imperium - Adeptus Astartes - Raven Guard, Imperium - Adeptus Astartes - Salamanders, Imperium - Adeptus Astartes - Space Wolves, Imperium - Adeptus Astartes - Ultramarines, Imperium - Adeptus Astartes - White Scars",a7ae-e495-683b-7c90,75,5,4,2,3,,,1,6.0,INFANTRY,,Special Issue Bolt Pistol,Ranged,1,3,4,-1,1,1,,
Repulsor,Imperium - Adeptus Astartes - Black Templars,,c3e8-3cde-8b39-4b19,170,1,12,16,3,,,5,10.0,"TRANSPORT, VEHICLE",,Armoured Hull,Melee,6,4,8,0,1,1,,
Repulsor,Imperium - Adeptus Astartes - Black Templars,,c3e8-3cde-8b39-4b19,170,1,12,16,3,,,5,10.0,"TRANSPORT, VEHICLE",,Hunter-slayer missile,Ranged,1,2,14,-3,D6,1,,
Repulsor,Imperium - Adeptus Astartes - Black Templars,,c3e8-3cde-8b39-4b19,170,1,12,16,3,,,5,10.0,"TRANSPORT, VEHICLE",,Repulsor Defensive Array,Ranged,18,3,4,0,1,1,,
Repulsor,Imperium - Adeptus Astartes - Black Templars,,c3e8-3cde-8b39-4b19,170,1,12,16,3,,,5,10.0,"TRANSPORT, VEHICLE",,Twin heavy bolter,Ranged,3,3,5,-1,2,1,"Sustained Hits 1, Twin-linked",
Repulsor,Imperium - Adeptus Astartes - Black Templars,,c3e8-3cde-8b39-4b19,170,1,12,16,3,,,5,10.0,"TRANSPORT, VEHICLE",,Las-talon,Ranged,2,3,10,-3,D6,1,,
Repulsor,Imperium - Adeptus Astartes - Space Marines,"Imperium - Adeptus Astartes - Black Templars, Imperium - Adeptus Astartes - Blood Angels, Imperium - Adeptus Astartes - Dark Angels, Imperium - Adeptus Astartes - Deathwatch, Imperium - Adeptus Astartes - Imperial Fists, Imperium - Adeptus Astartes - Iron Hands, Imperium - Adeptus Astartes - Raven Guard, Imperium - Adeptus Astartes - Salamanders, Imperium - Adeptus Astartes - Space Wolves, Imperium - Adeptus Astartes - Ultramarines, Imperium - Adeptus Astartes - White Scars",e8e-fc5c-c689-99ca,170,1,12,16,3,,,5,10.0,"TRANSPORT, VEHICLE",,Armoured Hull,Melee,6,4,8,0,1,1,,
Repulsor,Imperium - Adeptus Astartes - Space Marines,"Imperium - Adeptus Astartes - Black Templars, Imperium - Adeptus Astartes - Blood Angels, Imperium - Adeptus Astartes - Dark Angels, Imperium - Adeptus Astartes - Deathwatch, Imperium - Adeptus Astartes - Imperial Fists, Imperium - Adeptus Astartes - Iron Hands, Imperium - Adeptus Astartes - Raven Guard, Imperium - Adeptus Astartes - Salamanders, Imperium - Adeptus Astartes - Space Wolves, Imperium - Adeptus Astartes - Ultramarines, Imperium - Adeptus Astartes - White Scars",e8e-fc5c-c689-99ca,170,1,12,16,3,,,5,10.0,"TRANSPORT, VEHICLE",,Hunter-slayer missile,Ranged,1,2,14,-3,D6,1,,
Repulsor,Imperium - Adeptus Astartes - Space Marines,"Imperium - Adeptus Astartes - Black Templars, Imperium - Adeptus Astartes - Blood Angels, Imperium - Adeptus Astartes - Dark Angels, Imperium - Adeptus Astartes - Deathwatch, Imperium - Adeptus Astartes - Imperial Fists, Imperium - Adeptus Astartes - Iron Hands, Imperium - Adeptus Astartes - Raven Guard, Imperium - Adeptus Astartes - Salamanders, Imperium - Adeptus Astartes - Space Wolves, Imperium - Adeptus Astartes - Ultramarines, Imperium - Adeptus Astartes - White Scars",e8e-fc5c-c689-99ca,170,1,12,16,3,,,5,10.0,"TRANSPORT, VEHICLE",,Repulsor Defensive Array,Ranged,18,3,4,0,1,1,,
Repulsor,Imperium - Adeptus Astartes - Space Marines,"Imperium - Adeptus Astartes - Black Templars, Imperium - Adeptus Astartes - Blood Angels, Imperium - Adeptus Astartes - Dark Angels, Imperium - Adeptus Astartes - Deathwatch, Imperium - Adeptus Astartes - Imperial Fists, Imperium - Adeptus Astartes - Iron Hands, Imperium - Adeptus Astartes - Raven Guard, Imperium - Adeptus Astartes - Salamanders, Imperium - Adeptus Astartes - Space Wolves, Imperium - Adeptus Astartes - Ultramarines, Imperium - Adeptus Astartes - White Scars",e8e-fc5c-c689-99ca,170,1,12,16,3,,,5,10.0,"TRANSPORT, VEHICLE",,Twin heavy bolter,Ranged,3,3,5,-1,2,1,"Sustained Hits 1, Twin-linked",
Repulsor,Imperium - Adeptus Astartes - Space Marines,"Imperium - Adeptus Astartes - Black Templars, Imperium - Adeptus Astartes - Blood Angels, Imperium - Adeptus Astartes - Dark Angels, Imperium - Adeptus Astartes - Deathwatch, Imperium - Adeptus Astartes - Imperial Fists, Imperium - Adeptus Astartes - Iron Hands, Imperium - Adeptus Astartes - Raven Guard, Imperium - Adeptus Astartes - Salamanders, Imperium - Adeptus Astartes - Space Wolves, Imperium - Adeptus Astartes - Ultramarines, Imperium - Adeptus Astartes - White Scars",e8e-fc5c-c689-99ca,170,1,12,16,3,,,5,10.0,"TRANSPORT, VEHICLE",,Heavy Onslaught Gatling Cannon,Ranged,12,3,6,0,1,1,Devastating Wounds,
Repulsor Executioner,Imperium - Adeptus Astartes - Black Templars,,a344-192f-aae2-16e5,255,1,12,16,3,,,5,10.0,"TRANSPORT, VEHICLE",,Repulsor Executioner Defensive Array,Ranged,10,3,4,0,1,1,,
Repulsor Executioner,Imperium - Adeptus Astartes - Black Templars,,a344-192f-aae2-16e5,255,1,12,16,3,,,5,10.0,"TRANSPORT, VEHICLE",,Armoured Hull,Melee,6,4,8,0,1,1,,
Repulsor Executioner,Imperium - Adeptus Astartes - Black Templars,,a344-192f-aae2-16e5,255,1,12,16,3,,,5,10.0,"TRANSPORT, VEHICLE",,Heavy Onslaught Gatling Cannon,Ranged,12,3,6,0,1,1,Devastating Wounds,
Repulsor Executioner,Imperium - Adeptus Astartes - Black Templars,,a344-192f-aae2-16e5,255,1,12,16,3,,,5,10.0,"TRANSPORT, VEHICLE",,Twin heavy bolter,Ranged,3,3,5,-1,2,1,"Sustained Hits 1, Twin-linked",
Repulsor Executioner,Imperium - Adeptus Astartes - Black Templars,,a344-192f-aae2-16e5,255,1,12,16,3,,,5,10.0,"TRANSPORT, VEHICLE",,Twin Icarus ironhail heavy stubber,Ranged,3,3,4,0,1,1,"Twin-linked, Rapid Fire 3, Anti-Fly 4+",
Repulsor Executioner,Imperium - Adeptus Astartes - Black Templars,,a344-192f-aae2-16e5,255,1,12,16,3,,,5,10.0,"TRANSPORT, VEHICLE",,Heavy Laser Destroyer,Ranged,2,3,16,-4,D6+4,1,Heavy,
Repulsor Executioner,Imperium - Adeptus Astartes - Space Marines,"Imperium - Adeptus Astartes - Black Templars, Imperium - Adeptus Astartes - Blood Angels, Imperium - Adeptus Astartes - Dark Angels, Imperium - Adeptus Astartes - Deathwatch, Imperium - Adeptus Astartes - Imperial Fists, Imperium - Adeptus Astartes - Iron Hands, Imperium - Adeptus Astartes - Raven Guard, Imperium - Adeptus Astartes - Salamanders, Imperium - Adeptus Astartes - Space Wolves, Imperium - Adeptus Astartes - Ultramarines, Imperium - Adeptus Astartes - White Scars",9259-f166-15f2-7f79,255,1,12,16,3,,,5,10.0,"TRANSPORT, VEHICLE",,Repulsor Executioner Defensive Array,Ranged,10,3,4,0,1,1,,
Repulsor Executioner,Imperium - Adeptus Astartes - Space Marines,"Imperium - Adeptus Astartes - Black Templars, Imperium - Adeptus Astartes - Blood Angels, Imperium - Adeptus Astartes - Dark Angels, Imperium - Adeptus Astartes - Deathwatch, Imperium - Adeptus Astartes - Imperial Fists, Imperium - Adeptus Astartes - Iron Hands, Imperium - Adeptus Astartes - Raven Guard, Imperium - Adeptus Astartes - Salamanders, Imperium - Adeptus Astartes - Space Wolves, Imperium - Adeptus Astartes - Ultramarines, Imperium - Adeptus Astartes - White Scars",9259-f166-15f2-7f79,255,1,12,16,3,,,5,10.0,"TRANSPORT, VEHICLE",,Armoured Hull,Melee,6,4,8,0,1,1,,
Repulsor Executioner,Imperium - Adeptus Astartes - Space Marines,"Imperium - Adeptus Astartes - Black Templars, Imperium - Adeptus Astartes - Blood Angels, Imperium - Adeptus Astartes - Dark Angels, Imperium - Adeptus Astartes - Deathwatch, Imperium - Adeptus Astartes - Imperial Fists, Imperium - Adeptus Astartes - Iron Hands, Imperium - Adeptus Astartes - Raven Guard, Imperium - Adeptus Astartes - Salamanders, Imperium - Adeptus Astartes - Space Wolves, Imperium - Adeptus Astartes - Ultramarines, Imperium - Adeptus Astartes - White Scars",9259-f166-15f2-7f79,255,1,12,16,3,,,5,10.0,"TRANSPORT, VEHICLE",,Heavy Onslaught Gatling Cannon,Ranged,12,3,6,0,1,1,Devastating Wounds,
Repulsor Executioner,Imperium - Adeptus Astartes - Space Marines,"Imperium - Adeptus Astartes - Black Templars, Imperium - Adeptus Astartes - Blood Angels, Imperium - Adeptus Astartes - Dark Angels, Imperium - Adeptus Astartes - Deathwatch, Imperium - Adeptus Astartes - Imperial Fists, Imperium - Adeptus Astartes - Iron Hands, Imperium - Adeptus Astartes - Raven Guard, Imperium - Adeptus Astartes - Salamanders, Imperium - Adeptus Astartes - Space Wolves, Imperium - Adeptus Astartes - Ultramarines, Imperium - Adeptus Astartes - White Scars",9259-f166-15f2-7f79,255,1,12,16,3,,,5,10.0,"TRANSPORT, VEHICLE",,Twin heavy bolter,Ranged,3,3,5,-1,2,1,"Sustained Hits 1, Twin-linked",
Repulsor Executioner,Imperium - Adeptus Astartes - Space Marines,"Imperium - Adeptus Astartes - Black Templars, Imperium - Adeptus Astartes - Blood Angels, Imperium - Adeptus Astartes - Dark Angels, Imperium - Adeptus Astartes - Deathwatch, Imperium - Adeptus Astartes - Imperial Fists, Imperium - Adeptus Astartes - Iron Hands, Imperium - Adeptus Astartes - Raven Guard, Imperium - Adeptus Astartes - Salamanders, Imperium - Adeptus Astartes - Space Wolves, Imperium - Adeptus Astartes - Ultramarines, Imperium - Adeptus Astartes - White Scars",9259-f166-15f2-7f79,255,1,12,16,3,,,5,10.0,"TRANSPORT, VEHICLE",,Twin Icarus ironhail heavy stubber,Ranged,3,3,4,0,1,1,"Twin-linked, Rapid Fire 3, Anti-Fly 4+",
Repulsor Executioner,Imperium - Adeptus Astartes - Space Marines,"Imperium - Adeptus Astartes - Black Templars, Imperium - Adeptus Astartes - Blood Angels, Imperium - Adeptus Astartes - Dark Angels, Imperium - Adeptus Astartes - Deathwatch, Imperium - Adeptus Astartes - Imperial Fists, Imperium - Adeptus Astartes - Iron Hands, Imperium - Adeptus Astartes - Raven Guard, Imperium - Adeptus Astartes - Salamanders, Imperium - Adeptus Astartes - Space Wolves, Imperium - Adeptus Astartes - Ultramarines, Imperium - Adeptus Astartes - White Scars",9259-f166-15f2-7f79,255,1,12,16,3,,,5,10.0,"TRANSPORT, VEHICLE",,Heavy Laser Destroyer,Ranged,2,3,16,-4,D6+4,1,Heavy,
Rhino,Imperium - Adeptus Astartes - Space Marines,"Imperium - Adeptus Astartes - Black Templars, Imperium - Adeptus Astartes - Blood Angels, Imperium - Adeptus Astartes - Dark Angels, Imperium - Adeptus Astartes - Deathwatch, Imperium - Adeptus Astartes - Imperial Fists, Imperium - Adeptus Astartes - Iron Hands, Imperium - Adeptus Astartes - Raven Guard, Imperium - Adeptus Astartes - Salamanders, Imperium - Adeptus Astartes - Space Wolves, Imperium - Adeptus Astartes - Ultramarines, Imperium - Adeptus Astartes - White Scars",a14e-75ca-ef91-397f,65,1,9,10,3,,,2,12.0,"TRANSPORT, VEHICLE",,Armoured Tracks,Melee,3,4,6,0,1,1,,
Rhino,Imperium - Adeptus Astartes - Space Marines,"Imperium - Adeptus Astartes - Black Templars, Imperium - Adeptus Astartes - Blood Angels, Imperium - Adeptus Astartes - Dark Angels, Imperium - Adeptus Astartes - Deathwatch, Imperium - Adeptus Astartes - Imperial Fists, Imperium - Adeptus Astartes - Iron Hands, Imperium - Adeptus Astartes - Raven Guard, Imperium - Adeptus Astartes - Salamanders, Imperium - Adeptus Astartes - Space Wolves, Imperium - Adeptus Astartes - Ultramarines, Imperium - Adeptus Astartes - White Scars",a14e-75ca-ef91-397f,65,1,9,10,3,,,2,12.0,"TRANSPORT, VEHICLE",,Storm bolter,Ranged,2,3,4,0,1,1,Rapid Fire 2,
Scout Squad,Imperium - Adeptus Astartes - Space Marines,"Imperium - Adeptus Astartes - Black Templars, Imperium - Adeptus Astartes - Blood Angels, Imperium - Adeptus Astartes - Dark Angels, Imperium - Adeptus Astartes - Deathwatch, Imperium - Adeptus Astartes - Imperial Fists, Imperium - Adeptus Astartes - Iron Hands, Imperium - Adeptus Astartes - Raven Guard, Imperium - Adeptus Astartes - Salamanders, Imperium - Adeptus Astartes - Space Wolves, Imperium - Adeptus Astartes - Ultramarines, Imperium - Adeptus Astartes - White Scars",1117-cda-7f74-196b,65,5,4,2,4,,,1,6.0,INFANTRY,,Close combat weapon,Melee,2,3,4,0,1,4,,
Scout Squad,Imperium - Adeptus Astartes - Space Marines,"Imperium - Adeptus Astartes - Black Templars, Imperium - Adeptus Astartes - Blood Angels, Imperium - Adeptus Astartes - Dark Angels, Imperium - Adeptus Astartes - Deathwatch, Imperium - Adeptus Astartes - Imperial Fists, Imperium - Adeptus Astartes - Iron Hands, Imperium - Adeptus Astartes - Raven Guard, Imperium - Adeptus Astartes - Salamanders, Imperium - Adeptus Astartes - Space Wolves, Imperium - Adeptus Astartes - Ultramarines, Imperium - Adeptus Astartes - White Scars",1117-cda-7f74-196b,65,5,4,2,4,,,1,6.0,INFANTRY,,Boltgun,Ranged,2,3,4,0,1,4,,
Scout Squad,Imperium - Adeptus Astartes - Space Marines,"Imperium - Adeptus Astartes - Black Templars, Imperium - Adeptus Astartes - Blood Angels, Imperium - Adeptus Astartes - Dark Angels, Imperium - Adeptus Astartes - Deathwatch, Imperium - Adeptus Astartes - Imperial Fists, Imperium - Adeptus Astartes - Iron Hands, Imperium - Adeptus Astartes - Raven Guard, Imperium - Adeptus Astartes - Salamanders, Imperium - Adeptus Astartes - Space Wolves, Imperium - Adeptus Astartes - Ultramarines, Imperium - Adeptus Astartes - White Scars",1117-cda-7f74-196b,65,5,4,2,4,,,1,6.0,INFANTRY,,Bolt pistol,Ranged,1,3,4,0,1,4,,
Scout Squad,Imperium - Adeptus Astartes - Space Marines,"Imperium - Adeptus Astartes - Black Templars, Imperium - Adeptus Astartes - Blood Angels, Imperium - Adeptus Astartes - Dark Angels, Imperium - Adeptus Astartes - Deathwatch, Imperium - Adeptus Astartes - Imperial Fists, Imperium - Adeptus Astartes - Iron Hands, Imperium - Adeptus Astartes - Raven Guard, Imperium - Adeptus Astartes - Salamanders, Imperium - Adeptus Astartes - Space Wolves, Imperium - Adeptus Astartes - Ultramarines, Imperium - Adeptus Astartes - White Scars",1117-cda-7f74-196b,65,5,4,2,4,,,1,6.0,INFANTRY,,Close combat weapon,Melee,2,3,4,0,1,1,,
Scout Squad,Imperium - Adeptus Astartes - Space Marines,"Imperium - Adeptus Astartes - Black Templars, Imperium - Adeptus Astartes - Blood Angels, Imperium - Adeptus Astartes - Dark Angels, Imperium - Adeptus Astartes - Deathwatch, Imperium - Adeptus Astartes - Imperial Fists, Imperium - Adeptus Astartes - Iron Hands, Imperium - Adeptus Astartes - Raven Guard, Imperium - Adeptus Astartes - Salamanders, Imperium - Adeptus Astartes - Space Wolves, Imperium - Adeptus Astartes - Ultramarines, Imperium - Adeptus Astartes - White Scars",1117-cda-7f74-196b,65,5,4,2,4,,,1,6.0,INFANTRY,,Bolt pistol,Ranged,1,3,4,0,1,1,,
Scout Squad,Imperium - Adeptus Astartes - Space Marines,"Imperium - Adeptus Astartes - Black Templars, Imperium - Adeptus Astartes - Blood Angels, Imperium - Adeptus Astartes - Dark Angels, Imperium - Adeptus Astartes - Deathwatch, Imperium - Adeptus Astartes - Imperial Fists, Imperium - Adeptus Astartes - Iron Hands, Imperium - Adeptus Astartes - Raven Guard, Imperium - Adeptus Astartes - Salamanders, Imperium - Adeptus Astartes - Space Wolves, Imperium - Adeptus Astartes - Ultramarines, Imperium - Adeptus Astartes - White Scars",1117-cda-7f74-196b,65,5,4,2,4,,,1,6.0,INFANTRY,,Combat Knife,Melee,3,3,4,-1,1,1,,
Sternguard Veteran Squad,Imperium - Adeptus Astartes - Black Templars,,a499-86fa-4d0c-b06d,85,5,4,2,3,,,1,6.0,INFANTRY,,Sternguard Bolt Pistol,Ranged,1,3,4,0,1,1,Devastating Wounds,
Sternguard Veteran Squad,Imperium - Adeptus Astartes - Black Templars,,a499-86fa-4d0c-b06d,85,5,4,2,3,,,1,6.0,INFANTRY,,Close combat weapon,Melee,4,3,4,0,1,1,,
Sternguard Veteran Squad,Imperium - Adeptus Astartes - Black Templars,,a499-86fa-4d0c-b06d,85,5,4,2,3,,,1,6.0,INFANTRY,,Combi-weapon,Ranged,1,4,4,0,1,1,"Devastating Wounds, Rapid Fire 1, Anti-Infantry 4+",
Sternguard Veteran Squad,Imperium - Adeptus Astartes - Black Templars,,a499-86fa-4d0c-b06d,85,5,4,2,3,,,1,6.0,INFANTRY,,Sternguard Bolt Pistol,Ranged,1,3,4,0,1,4,Devastating Wounds,
Sternguard Veteran Squad,Imperium - Adeptus Astartes - Black Templars,,a499-86fa-4d0c-b06d,85,5,4,2,3,,,1,6.0,INFANTRY,,Close combat weapon,Melee,4,3,4,0,1,4,,
Sternguard Veteran Squad,Imperium - Adeptus Astartes - Black Templars,,a499-86fa-4d0c-b06d,85,5,4,2,3,,,1,6.0,INFANTRY,,Combi-weapon,Ranged,1,4,4,0,1,4,"Devastating Wounds, Rapid Fire 1, Anti-Infantry 4+",
Sternguard Veteran Squad,Imperium - Adeptus Astartes - Space Marines,"Imperium - Adeptus Astartes - Black Templars, Imperium - Adeptus Astartes - Blood Angels, Imperium - Adeptus Astartes - Dark Angels, Imperium - Adeptus Astartes - Deathwatch, Imperium - Adeptus Astartes - Imperial Fists, Imperium - Adeptus Astartes - Iron Hands, Imperium - Adeptus Astartes - Raven Guard, Imperium - Adeptus Astartes - Salamanders, Imperium - Adeptus Astartes - Space Wolves, Imperium - Adeptus Astartes - Ultramarines, Imperium - Adeptus Astartes - White Scars",907f-11-c4d1-ec21,100,5,4,2,3,,,1,6.0,INFANTRY,,Sternguard Bolt Pistol,Ranged,1,3,4,0,1,1,Devastating Wounds,
Sternguard Veteran Squad,Imperium - Adeptus Astartes - Space Marines,"Imperium - Adeptus Astartes - Black Templars, Imperium - Adeptus Astartes - Blood Angels, Imperium - Adeptus Astartes - Dark Angels, Imperium - Adeptus Astartes - Deathwatch, Imperium - Adeptus Astartes - Imperial Fists, Imperium - Adeptus Astartes - Iron Hands, Imperium - Adeptus Astartes - Raven Guard, Imperium - Adeptus Astartes - Salamanders, Imperium - Adeptus Astartes - Space Wolves, Imperium - Adeptus Astartes - Ultramarines, Imperium - Adeptus Astartes - White Scars",907f-11-c4d1-ec21,100,5,4,2,3,,,1,6.0,INFANTRY,,Close combat weapon,Melee,4,3,4,0,1,1,,
Sternguard Veteran Squad,Imperium - Adeptus Astartes - Space Marines,"Imperium - Adeptus Astartes - Black Templars, Imperium - Adeptus Astartes - Blood Angels, Imperium - Adeptus Astartes - Dark Angels, Imperium - Adeptus Astartes - Deathwatch, Imperium - Adeptus Astartes - Imperial Fists, Imperium - Adeptus Astartes - Iron Hands, Imperium - Adeptus Astartes - Raven Guard, Imperium - Adeptus Astartes - Salamanders, Imperium - Adeptus Astartes - Space Wolves, Imperium - Adeptus Astartes - Ultramarines, Imperium - Adeptus Astartes - White Scars",907f-11-c4d1-ec21,100,5,4,2,3,,,1,6.0,INFANTRY,,Combi-weapon,Ranged,1,4,4,0,1,1,"Devastating Wounds, Rapid Fire 1, Anti-Infantry 4+",
Sternguard Veteran Squad,Imperium - Adeptus Astartes - Space Marines,"Imperium - Adeptus Astartes - Black Templars, Imperium - Adeptus Astartes - Blood Angels, Imperium - Adeptus Astartes - Dark Angels, Imperium - Adeptus Astartes - Deathwatch, Imperium - Adeptus Astartes - Imperial Fists, Imperium - Adeptus Astartes - Iron Hands, Imperium - Adeptus Astartes - Raven Guard, Imperium - Adeptus Astartes - Salamanders, Imperium - Adeptus Astartes - Space Wolves, Imperium - Adeptus Astartes - Ultramarines, Imperium - Adeptus Astartes - White Scars",907f-11-c4d1-ec21,100,5,4,2,3,,,1,6.0,INFANTRY,,Sternguard Bolt Pistol,Ranged,1,3,4,0,1,4,Devastating Wounds,
Sternguard Veteran Squad,Imperium - Adeptus Astartes - Space Marines,"Imperium - Adeptus Astartes - Black Templars, Imperium - Adeptus Astartes - Blood Angels, Imperium - Adeptus Astartes - Dark Angels, Imperium - Adeptus Astartes - Deathwatch, Imperium - Adeptus Astartes - Imperial Fists, Imperium - Adeptus Astartes - Iron Hands, Imperium - Adeptus Astartes - Raven Guard, Imperium - Adeptus Astartes - Salamanders, Imperium - Adeptus Astartes - Space Wolves, Imperium - Adeptus Astartes - Ultramarines, Imperium - Adeptus Astartes - White Scars",907f-11-c4d1-ec21,100,5,4,2,3,,,1,6.0,INFANTRY,,Sternguard Bolt Rifle,Ranged,2,3,4,-1,1,4,"Devastating Wounds, Rapid Fire 1, Heavy",
Sternguard Veteran Squad,Imperium - Adeptus Astartes - Space Marines,"Imperium - Adeptus Astartes - Black Templars, Imperium - Adeptus Astartes - Blood Angels, Imperium - Adeptus Astartes - Dark Angels, Imperium - Adeptus Astartes - Deathwatch, Imperium - Adeptus Astartes - Imperial Fists, Imperium - Adeptus Astartes - Iron Hands, Imperium - Adeptus Astartes - Raven Guard, Imperium - Adeptus Astartes - Salamanders, Imperium - Adeptus Astartes - Space Wolves, Imperium - Adeptus Astartes - Ultramarines, Imperium - Adeptus Astartes - White Scars",907f-11-c4d1-ec21,100,5,4,2,3,,,1,6.0,INFANTRY,,Close combat weapon,Melee,4,3,4,0,1,4,,
Storm Speeder Hailstrike,Imperium - Adeptus Astartes - Space Marines,"Imperium - Adeptus Astartes - Black Templars, Imperium - Adeptus Astartes - Blood Angels, Imperium - Adeptus Astartes - Dark Angels, Imperium - Adeptus Astartes - Deathwatch, Imperium - Adeptus Astartes - Imperial Fists, Imperium - Adeptus Astartes - Iron Hands, Imperium - Adeptus Astartes - Raven Guard, Imperium - Adeptus Astartes - Salamanders, Imperium - Adeptus Astartes - Space Wolves, Imperium - Adeptus Astartes - Ultramarines, Imperium - Adeptus Astartes - White Scars",9cb9-9ab5-727f-80e5,105,1,9,11,3,,,3,14.0,"FLY, VEHICLE",,Fragstorm grenade launcher,Ranged,D6,3,4,0,1,2,Blast,
Storm Speeder Hailstrike,Imperium - Adeptus Astartes - Space Marines,"Imperium - Adeptus Astartes - Black Templars, Imperium - Adeptus Astartes - Blood Angels, Imperium - Adeptus Astartes - Dark Angels, Imperium - Adeptus Astartes - Deathwatch, Imperium - Adeptus Astartes - Imperial Fists, Imperium - Adeptus Astartes - Iron Hands, Imperium - Adeptus Astartes - Raven Guard, Imperium - Adeptus Astartes - Salamanders, Imperium - Adeptus Astartes - Space Wolves, Imperium - Adeptus Astartes - Ultramarines, Imperium - Adeptus Astartes - White Scars",9cb9-9ab5-727f-80e5,105,1,9,11,3,,,3,14.0,"FLY, VEHICLE",,Onslaught gatling cannon,Ranged,8,3,5,0,1,1,Devastating Wounds,
Storm Speeder Hailstrike,Imperium - Adeptus Astartes - Space Marines,"Imperium - Adeptus Astartes - Black Templars, Imperium - Adeptus Astartes - Blood Angels, Imperium - Adeptus Astartes - Dark Angels, Imperium - Adeptus Astartes - Deathwatch, Imperium - Adeptus Astartes - Imperial Fists, Imperium - Adeptus Astartes - Iron Hands, Imperium - Adeptus Astartes - Raven Guard, Imperium - Adeptus Astartes - Salamanders, Imperium - Adeptus Astartes - Space Wolves, Imperium - Adeptus Astartes - Ultramarines, Imperium - Adeptus Astartes - White Scars",9cb9-9ab5-727f-80e5,105,1,9,11,3,,,3,14.0,"FLY, VEHICLE",,Twin Ironhail Heavy Stubber,Ranged,3,3,4,0,1,1,"Twin-linked, Rapid Fire 3",
Storm Speeder Hailstrike,Imperium - Adeptus Astartes - Space Marines,"Imperium - Adeptus Astartes - Black Templars, Imperium - Adeptus Astartes - Blood Angels, Imperium - Adeptus Astartes - Dark Angels, Imperium - Adeptus Astartes - Deathwatch, Imperium - Adeptus Astartes - Imperial Fists, Imperium - Adeptus Astartes - Iron Hands, Imperium - Adeptus Astartes - Raven Guard, Imperium - Adeptus Astartes - Salamanders, Imperium - Adeptus Astartes - Space Wolves, Imperium - Adeptus Astartes - Ultramarines, Imperium - Adeptus Astartes - White Scars",9cb9-9ab5-727f-80e5,105,1,9,11,3,,,3,14.0,"FLY, VEHICLE",,Close combat weapon,Melee,4,3,4,0,1,1,,
Storm Speeder Hammerstrike,Imperium - Adeptus Astartes - Space Marines,"Imperium - Adeptus Astartes - Black Templars, Imperium - Adeptus Astartes - Blood Angels, Imperium - Adeptus Astartes - Dark Angels, Imperium - Adeptus Astartes - Deathwatch, Imperium - Adeptus Astartes - Imperial Fists, Imperium - Adeptus Astartes - Iron Hands, Imperium - Adeptus Astartes - Raven Guard, Imperium - Adeptus Astartes - Salamanders, Imperium - Adeptus Astartes - Space Wolves, Imperium - Adeptus Astartes - Ultramarines, Imperium - Adeptus Astartes - White Scars",9489-445c-f950-7292,140,1,9,11,3,,,3,14.0,"FLY, VEHICLE",,Hammerstrike Missile Launcher,Ranged,2,3,9,-3,D6,1,,
Storm Speeder Hammerstrike,Imperium - Adeptus Astartes - Space Marines,"Imperium - Adeptus Astartes - Black Templars, Imperium - Adeptus Astartes - Blood Angels, Imperium - Adeptus Astartes - Dark Angels, Imperium - Adeptus Astartes - Deathwatch, Imperium - Adeptus Astartes - Imperial Fists, Imperium - Adeptus Astartes - Iron Hands, Imperium - Adeptus Astartes - Raven Guard, Imperium - Adeptus Astartes - Salamanders, Imperium - Adeptus Astartes - Space Wolves, Imperium - Adeptus Astartes - Ultramarines, Imperium - Adeptus Astartes - White Scars",9489-445c-f950-7292,140,1,9,11,3,,,3,14.0,"FLY, VEHICLE",,Krakstorm Grenade Launcher,Ranged,1,3,9,-1,D3,2,,
Storm Speeder Hammerstrike,Imperium - Adeptus Astartes - Space Marines,"Imperium - Adeptus Astartes - Black Templars, Imperium - Adeptus Astartes - Blood Angels, Imperium - Adeptus Astartes - Dark Angels, Imperium - Adeptus Astartes - Deathwatch, Imperium - Adeptus Astartes - Imperial Fists, Imperium - Adeptus Astartes - Iron Hands, Imperium - Adeptus Astartes - Raven Guard, Imperium - Adeptus Astartes - Salamanders, Imperium - Adeptus Astartes - Space Wolves, Imperium - Adeptus Astartes - Ultramarines, Imperium - Adeptus Astartes - White Scars",9489-445c-f950-7292,140,1,9,11,3,,,3,14.0,"FLY, VEHICLE",,Melta Destroyer,Ranged,3,3,9,-4,D6,1,Melta 2,
Storm Speeder Hammerstrike,Imperium - Adeptus Astartes - Space Marines,"Imperium - Adeptus Astartes - Black Templars, Imperium - Adeptus Astartes - Blood Angels, Imperium - Adeptus Astartes - Dark Angels, Imperium - Adeptus Astartes - Deathwatch, Imperium - Adeptus Astartes - Imperial Fists, Imperium - Adeptus Astartes - Iron Hands, Imperium - Adeptus Astartes - Raven Guard, Imperium - Adeptus Astartes - Salamanders, Imperium - Adeptus Astartes - Space Wolves, Imperium - Adeptus Astartes - Ultramarines, Imperium - Adeptus Astartes - White Scars",9489-445c-f950-7292,140,1,9,11,3,,,3,14.0,"FLY, VEHICLE",,Close combat weapon,Melee,4,3,4,0,1,1,,
Storm Speeder Thunderstrike,Imperium - Adeptus Astartes - Space Marines,"Imperium - Adeptus Astartes - Black Templars, Imperium - Adeptus Astartes - Blood Angels, Imperium - Adeptus Astartes - Dark Angels, Imperium - Adeptus Astartes - Deathwatch, Imperium - Adeptus Astartes - Imperial Fists, Imperium - Adeptus Astartes - Iron Hands, Imperium - Adeptus Astartes - Raven Guard, Imperium - Adeptus Astartes - Salamanders, Imperium - Adeptus Astartes - Space Wolves, Imperium - Adeptus Astartes - Ultramarines, Imperium - Adeptus Astartes - White Scars",993a-9cbc-8052-e40,135,1,9,11,3,,,3,14.0,"FLY, VEHICLE",,Stormfury Missiles,Ranged,1,2,12,-3,D6+1,1,,
Storm Speeder Thunderstrike,Imperium - Adeptus Astartes - Space Marines,"Imperium - Adeptus Astartes - Black Templars, Imperium - Adeptus Astartes - Blood Angels, Imperium - Adeptus Astartes - Dark Angels, Imperium - Adeptus Astartes - Deathwatch, Imperium - Adeptus Astartes - Imperial Fists, Imperium - Adeptus Astartes - Iron Hands, Imperium - Adeptus Astartes - Raven Guard, Imperium - Adeptus Astartes - Salamanders, Imperium - Adeptus Astartes - Space Wolves, Imperium - Adeptus Astartes - Ultramarines, Imperium - Adeptus Astartes - White Scars",993a-9cbc-8052-e40,135,1,9,11,3,,,3,14.0,"FLY, VEHICLE",,Thunderstrike Las-talon,Ranged,2,2,9,-3,D6+1,1,,
Storm Speeder Thunderstrike,Imperium - Adeptus Astartes - Space Marines,"Imperium - Adeptus Astartes - Black Templars, Imperium - Adeptus Astartes - Blood Angels, Imperium - Adeptus Astartes - Dark Angels, Imperium - Adeptus Astartes - Deathwatch, Imperium - Adeptus Astartes - Imperial Fists, Imperium - Adeptus Astartes - Iron Hands, Imperium - Adeptus Astartes - Raven Guard, Imperium - Adeptus Astartes - Salamanders, Imperium - Adeptus Astartes - Space Wolves, Imperium - Adeptus Astartes - Ultramarines, Imperium - Adeptus Astartes - White Scars",993a-9cbc-8052-e40,135,1,9,11,3,,,3,14.0,"FLY, VEHICLE",,Twin Icarus Rocket Pod,Ranged,D3,3,8,-1,2,1,"Twin-linked, Anti-Fly 2+",
Storm Speeder Thunderstrike,Imperium - Adeptus Astartes - Space Marines,"Imperium - Adeptus Astartes - Black Templars, Imperium - Adeptus Astartes - Blood Angels, Imperium - Adeptus Astartes - Dark Angels, Imperium - Adeptus Astartes - Deathwatch, Imperium - Adeptus Astartes - Imperial Fists, Imperium - Adeptus Astartes - Iron Hands, Imperium - Adeptus Astartes - Raven Guard, Imperium - Adeptus Astartes - Salamanders, Imperium - Adeptus Astartes - Space Wolves, Imperium - Adeptus Astartes - Ultramarines, Imperium - Adeptus Astartes - White Scars",993a-9cbc-8052-e40,135,1,9,11,3,,,3,14.0,"FLY, VEHICLE",,Close combat weapon,Melee,4,3,4,0,1,1,,
Stormhawk Interceptor,Imperium - Adeptus Astartes - Space Marines,"Imperium - Adeptus Astartes - Black Templars, Imperium - Adeptus Astartes - Blood Angels, Imperium - Adeptus Astartes - Dark Angels, Imperium - Adeptus Astartes - Deathwatch, Imperium - Adeptus Astartes - Imperial Fists, Imperium - Adeptus Astartes - Iron Hands, Imperium - Adeptus Astartes - Raven Guard, Imperium - Adeptus Astartes - Salamanders, Imperium - Adeptus Astartes - Space Wolves, Imperium - Adeptus Astartes - Ultramarines, Imperium - Adeptus Astartes - White Scars",3d99-47aa-8cf3-883f,155,1,9,10,3,,,0,0.0,"AIRCRAFT, FLY, VEHICLE",,Armoured Hull,Melee,3,4,6,0,1,1,,
Stormhawk Interceptor,Imperium - Adeptus Astartes - Space Marines,"Imperium - Adeptus Astartes - Black Templars, Imperium - Adeptus Astartes - Blood Angels, Imperium - Adeptus Astartes - Dark Angels, Imperium - Adeptus Astartes - Deathwatch, Imperium - Adeptus Astartes - Imperial Fists, Imperium - Adeptus Astartes - Iron Hands, Imperium - Adeptus Astartes - Raven Guard, Imperium - Adeptus Astartes - Salamanders, Imperium - Adeptus Astartes - Space Wolves, Imperium - Adeptus Astartes - Ultramarines, Imperium - Adeptus Astartes - White Scars",3d99-47aa-8cf3-883f,155,1,9,10,3,,,0,0.0,"AIRCRAFT, FLY, VEHICLE",,Twin assault cannon,Ranged,6,3,6,0,1,1,"Devastating Wounds, Twin-linked",
Stormhawk Interceptor,Imperium - Adeptus Astartes - Space Marines,"Imperium - Adeptus Astartes - Black Templars, Imperium - Adeptus Astartes - Blood Angels, Imperium - Adeptus Astartes - Dark Angels, Imperium - Adeptus Astartes - Deathwatch, Imperium - Adeptus Astartes - Imperial Fists, Imperium - Adeptus Astartes - Iron Hands, Imperium - Adeptus Astartes - Raven Guard, Imperium - Adeptus Astartes - Salamanders, Imperium - Adeptus Astartes - Space Wolves, Imperium - Adeptus Astartes - Ultramarines, Imperium - Adeptus Astartes - White Scars",3d99-47aa-8cf3-883f,155,1,9,10,3,,,0,0.0,"AIRCRAFT, FLY, VEHICLE",,Icarus Stormcannon,Ranged,6,3,7,-1,2,1,Anti-Fly 2+,
Stormhawk Interceptor,Imperium - Adeptus Astartes - Space Marines,"Imperium - Adeptus Astartes - Black Templars, Imperium - Adeptus Astartes - Blood Angels, Imperium - Adeptus Astartes - Dark Angels, Imperium - Adeptus Astartes - Deathwatch, Imperium - Adeptus Astartes - Imperial Fists, Imperium - Adeptus Astartes - Iron Hands, Imperium - Adeptus Astartes - Raven Guard, Imperium - Adeptus Astartes - Salamanders, Imperium - Adeptus Astartes - Space Wolves, Imperium - Adeptus Astartes - Ultramarines, Imperium - Adeptus Astartes - White Scars",3d99-47aa-8cf3-883f,155,1,9,10,3,,,0,0.0,"AIRCRAFT, FLY, VEHICLE",,Twin heavy bolter,Ranged,3,3,5,-1,2,1,"Sustained Hits 1, Twin-linked",
Stormraven Gunship,Imperium - Adeptus Astartes - Space Marines,"Imperium - Adeptus Astartes - Black Templars, Imperium - Adeptus Astartes - Blood Angels, Imperium - Adeptus Astartes - Dark Angels, Imperium - Adeptus Astartes - Deathwatch, Imperium - Adeptus Astartes - Imperial Fists, Imperium - Adeptus Astartes - Iron Hands, Imperium - Adeptus Astartes - Raven Guard, Imperium - Adeptus Astartes - Salamanders, Imperium - Adeptus Astartes - Space Wolves, Imperium - Adeptus Astartes - Ultramarines, Imperium - Adeptus Astartes - White Scars",469b-3370-30f3-473a,280,1,10,14,3,,,0,14.0,"FLY, TRANSPORT, VEHICLE",,Stormstrike Missile Launcher,Ranged,1,3,10,-2,3,2,,
Stormraven Gunship,Imperium - Adeptus Astartes - Space Marines,"Imperium - Adeptus Astartes - Black Templars, Imperium - Adeptus Astartes - Blood Angels, Imperium - Adeptus Astartes - Dark Angels, Imperium - Adeptus Astartes - Deathwatch, Imperium - Adeptus Astartes - Imperial Fists, Imperium - Adeptus Astartes - Iron Hands, Imperium - Adeptus Astartes - Raven Guard, Imperium - Adeptus Astartes - Salamanders, Imperium - Adeptus Astartes - Space Wolves, Imperium - Adeptus Astartes - Ultramarines, Imperium - Adeptus Astartes - White Scars",469b-3370-30f3-473a,280,1,10,14,3,,,0,14.0,"FLY, TRANSPORT, VEHICLE",,Armoured Hull,Melee,6,4,8,0,1,1,,
Stormraven Gunship,Imperium - Adeptus Astartes - Space Marines,"Imperium - Adeptus Astartes - Black Templars, Imperium - Adeptus Astartes - Blood Angels, Imperium - Adeptus Astartes - Dark Angels, Imperium - Adeptus Astartes - Deathwatch, Imperium - Adeptus Astartes - Imperial Fists, Imperium - Adeptus Astartes - Iron Hands, Imperium - Adeptus Astartes - Raven Guard, Imperium - Adeptus Astartes - Salamanders, Imperium - Adeptus Astartes - Space Wolves, Imperium - Adeptus Astartes - Ultramarines, Imperium - Adeptus Astartes - White Scars",469b-3370-30f3-473a,280,1,10,14,3,,,0,14.0,"FLY, TRANSPORT, VEHICLE",,➤ Twin Heavy Plasma Cannon - Standard,Ranged,D3,3,7,-2,2,1,"Twin-linked, Blast",
Stormraven Gunship,Imperium - Adeptus Astartes - Space Marines,"Imperium - Adeptus Astartes - Black Templars, Imperium - Adeptus Astartes - Blood Angels, Imperium - Adeptus Astartes - Dark Angels, Imperium - Adeptus Astartes - Deathwatch, Imperium - Adeptus Astartes - Imperial Fists, Imperium - Adeptus Astartes - Iron Hands, Imperium - Adeptus Astartes - Raven Guard, Imperium - Adeptus Astartes - Salamanders, Imperium - Adeptus Astartes - Space Wolves, Imperium - Adeptus Astartes - Ultramarines, Imperium - Adeptus Astartes - White Scars",469b-3370-30f3-473a,280,1,10,14,3,,,0,14.0,"FLY, TRANSPORT, VEHICLE",,➤ Typhoon missile launcher - frag,Ranged,2D6,3,4,0,1,1,Blast,
Stormtalon Gunship,Imperium - Adeptus Astartes - Space Marines,"Imperium - Adeptus Astartes - Black Templars, Imperium - Adeptus Astartes - Blood Angels, Imperium - Adeptus Astartes - Dark Angels, Imperium - Adeptus Astartes - Deathwatch, Imperium - Adeptus Astartes - Imperial Fists, Imperium - Adeptus Astartes - Iron Hands, Imperium - Adeptus Astartes - Raven Guard, Imperium - Adeptus Astartes - Salamanders, Imperium - Adeptus Astartes - Space Wolves, Imperium - Adeptus Astartes - Ultramarines, Imperium - Adeptus Astartes - White Scars",1bb6-878e-7af1-5bdb,165,1,8,10,3,,,0,0.0,"AIRCRAFT, FLY, VEHICLE",,Armoured Hull,Melee,3,4,6,0,1,1,,
Stormtalon Gunship,Imperium - Adeptus Astartes - Space Marines,"Imperium - Adeptus Astartes - Black Templars, Imperium - Adeptus Astartes - Blood Angels, Imperium - Adeptus Astartes - Dark Angels, Imperium - Adeptus Astartes - Deathwatch, Imperium - Adeptus Astartes - Imperial Fists, Imperium - Adeptus Astartes - Iron Hands, Imperium - Adeptus Astartes - Raven Guard, Imperium - Adeptus Astartes - Salamanders, Imperium - Adeptus Astartes - Space Wolves, Imperium - Adeptus Astartes - Ultramarines, Imperium - Adeptus Astartes - White Scars",1bb6-878e-7af1-5bdb,165,1,8,10,3,,,0,0.0,"AIRCRAFT, FLY, VEHICLE",,Twin assault cannon,Ranged,6,3,6,0,1,1,"Devastating Wounds, Twin-linked",
Stormtalon Gunship,Imperium - Adeptus Astartes - Space Marines,"Imperium - Adeptus Astartes - Black Templars, Imperium - Adeptus Astartes - Blood Angels, Imperium - Adeptus Astartes - Dark Angels, Imperium - Adeptus Astartes - Deathwatch, Imperium - Adeptus Astartes - Imperial Fists, Imperium - Adeptus Astartes - Iron Hands, Imperium - Adeptus Astartes - Raven Guard, Imperium - Adeptus Astartes - Salamanders, Imperium - Adeptus Astartes - Space Wolves, Imperium - Adeptus Astartes - Ultramarines, Imperium - Adeptus Astartes - White Scars",1bb6-878e-7af1-5bdb,165,1,8,10,3,,,0,0.0,"AIRCRAFT, FLY, VEHICLE",,Skyhammer Missile Launcher,Ranged,3,3,8,-1,D3,1,"Twin-linked, Anti-Fly 2+",
Suppressor Squad,Imperium - Adeptus Astartes - Space Marines,"Imperium - Adeptus Astartes - Black Templars, Imperium - Adeptus Astartes - Blood Angels, Imperium - Adeptus Astartes - Dark Angels, Imperium - Adeptus Astartes - Deathwatch, Imperium - Adeptus Astartes - Imperial Fists, Imperium - Adeptus Astartes - Iron Hands, Imperium - Adeptus Astartes - Raven Guard, Imperium - Adeptus Astartes - Salamanders, Imperium - Adeptus Astartes - Space Wolves, Imperium - Adeptus Astartes - Ultramarines, Imperium - Adeptus Astartes - White Scars",97f6-b1f8-c72d-e826,85,3,4,2,3,,,1,12.0,"FLY, INFANTRY",,Close combat weapon,Melee,3,3,4,0,1,1,,
Suppressor Squad,Imperium - Adeptus Astartes - Space Marines,"Imperium - Adeptus Astartes - Black Templars, Imperium - Adeptus Astartes - Blood Angels, Imperium - Adeptus Astartes - Dark Angels, Imperium - Adeptus Astartes - Deathwatch, Imperium - Adeptus Astartes - Imperial Fists, Imperium - Adeptus Astartes - Iron Hands, Imperium - Adeptus Astartes - Raven Guard, Imperium - Adeptus Astartes - Salamanders, Imperium - Adeptus Astartes - Space Wolves, Imperium - Adeptus Astartes - Ultramarines, Imperium - Adeptus Astartes - White Scars",97f6-b1f8-c72d-e826,85,3,4,2,3,,,1,12.0,"FLY, INFANTRY",,Accelerator Autocannon,Ranged,3,4,8,-1,2,1,Heavy,
Suppressor Squad,Imperium - Adeptus Astartes - Space Marines,"Imperium - Adeptus Astartes - Black Templars, Imperium - Adeptus Astartes - Blood Angels, Imperium - Adeptus Astartes - Dark Angels, Imperium - Adeptus Astartes - Deathwatch, Imperium - Adeptus Astartes - Imperial Fists, Imperium - Adeptus Astartes - Iron Hands, Imperium - Adeptus Astartes - Raven Guard, Imperium - Adeptus Astartes - Salamanders, Imperium - Adeptus Astartes - Space Wolves, Imperium - Adeptus Astartes - Ultramarines, Imperium - Adeptus Astartes - White Scars",97f6-b1f8-c72d-e826,85,3,4,2,3,,,1,12.0,"FLY, INFANTRY",,Bolt pistol,Ranged,1,3,4,0,1,1,,
Suppressor Squad,Imperium - Adeptus Astartes - Space Marines,"Imperium - Adeptus Astartes - Black Templars, Imperium - Adeptus Astartes - Blood Angels, Imperium - Adeptus Astartes - Dark Angels, Imperium - Adeptus Astartes - Deathwatch, Imperium - Adeptus Astartes - Imperial Fists, Imperium - Adeptus Astartes - Iron Hands, Imperium - Adeptus Astartes - Raven Guard, Imperium - Adeptus Astartes - Salamanders, Imperium - Adeptus Astartes - Space Wolves, Imperium - Adeptus Astartes - Ultramarines, Imperium - Adeptus Astartes - White Scars",97f6-b1f8-c72d-e826,85,3,4,2,3,,,1,12.0,"FLY, INFANTRY",,Accelerator Autocannon,Ranged,3,4,8,-1,2,2,Heavy,
Suppressor Squad,Imperium - Adeptus Astartes - Space Marines,"Imperium - Adeptus Astartes - Black Templars, Imperium - Adeptus Astartes - Blood Angels, Imperium - Adeptus Astartes - Dark Angels, Imperium - Adeptus Astartes - Deathwatch, Imperium - Adeptus Astartes - Imperial Fists, Imperium - Adeptus Astartes - Iron Hands, Imperium - Adeptus Astartes - Raven Guard, Imperium - Adeptus Astartes - Salamanders, Imperium - Adeptus Astartes - Space Wolves, Imperium - Adeptus Astartes - Ultramarines, Imperium - Adeptus Astartes - White Scars",97f6-b1f8-c72d-e826,85,3,4,2,3,,,1,12.0,"FLY, INFANTRY",,Close combat weapon,Melee,3,3,4,0,1,2,,
Suppressor Squad,Imperium - Adeptus Astartes - Space Marines,"Imperium - Adeptus Astartes - Black Templars, Imperium - Adeptus Astartes - Blood Angels, Imperium - Adeptus Astartes - Dark Angels, Imperium - Adeptus Astartes - Deathwatch, Imperium - Adeptus Astartes - Imperial Fists, Imperium - Adeptus Astartes - Iron Hands, Imperium - Adeptus Astartes - Raven Guard, Imperium - Adeptus Astartes - Salamanders, Imperium - Adeptus Astartes - Space Wolves, Imperium - Adeptus Astartes - Ultramarines, Imperium - Adeptus Astartes - White Scars",97f6-b1f8-c72d-e826,85,3,4,2,3,,,1,12.0,"FLY, INFANTRY",,Bolt pistol,Ranged,1,3,4,0,1,2,,
Sword Brethren Squad,Imperium - Adeptus Astartes - Black Templars,,206c-6b4d-4aaa-7e79,100,4,4,3,3,,,1,6.0,INFANTRY,,Heavy Bolt Pistol,Ranged,1,3,4,-1,1,4,,
Sword Brethren Squad,Imperium - Adeptus Astartes - Black Templars,,206c-6b4d-4aaa-7e79,100,4,4,3,3,,,1,6.0,INFANTRY,,Astartes Chainsword,Melee,6,2,4,-1,1,4,Sustained Hits 1,
Tactical Squad,Imperium - Adeptus Astartes - Space Marines,"Imperium - Adeptus Astartes - Black Templars, Imperium - Adeptus Astartes - Blood Angels, Imperium - Adeptus Astartes - Dark Angels, Imperium - Adeptus Astartes - Deathwatch, Imperium - Adeptus Astartes - Imperial Fists, Imperium - Adeptus Astartes - Iron Hands, Imperium - Adeptus Astartes - Raven Guard, Imperium - Adeptus Astartes - Salamanders, Imperium - Adeptus Astartes - Space Wolves, Imperium - Adeptus Astartes - Ultramarines, Imperium - Adeptus Astartes - White Scars",c09a-6504-d25f-477,140,10,4,2,3,,,2,6.0,"BATTLELINE, INFANTRY",,Bolt pistol,Ranged,1,3,4,0,1,7,,
Tactical Squad,Imperium - Adeptus Astartes - Space Marines,"Imperium - Adeptus Astartes - Black Templars, Imperium - Adeptus Astartes - Blood Angels, Imperium - Adeptus Astartes - Dark Angels, Imperium - Adeptus Astartes - Deathwatch, Imperium - Adeptus Astartes - Imperial Fists, Imperium - Adeptus Astartes - Iron Hands, Imperium - Adeptus Astartes - Raven Guard, Imperium - Adeptus Astartes - Salamanders, Imperium - Adeptus Astartes - Space Wolves, Imperium - Adeptus Astartes - Ultramarines, Imperium - Adeptus Astartes - White Scars",c09a-6504-d25f-477,140,10,4,2,3,,,2,6.0,"BATTLELINE, INFANTRY",,Close combat weapon,Melee,2,3,4,0,1,7,,
Tactical Squad,Imperium - Adeptus Astartes - Space Marines,"Imperium - Adeptus Astartes - Black Templars, Imperium - Adeptus Astartes - Blood Angels, Imperium - Adeptus Astartes - Dark Angels, Imperium - Adeptus Astartes - Deathwatch, Imperium - Adeptus Astartes - Imperial Fists, Imperium - Adeptus Astartes - Iron Hands, Imperium - Adeptus Astartes - Raven Guard, Imperium - Adeptus Astartes - Salamanders, Imperium - Adeptus Astartes - Space Wolves, Imperium - Adeptus Astartes - Ultramarines, Imperium - Adeptus Astartes - White Scars",c09a-6504-d25f-477,140,10,4,2,3,,,2,6.0,"BATTLELINE, INFANTRY",,Boltgun,Ranged,2,3,4,0,1,7,,
Tactical Squad,Imperium - Adeptus Astartes - Space Marines,"Imperium - Adeptus Astartes - Black Templars, Imperium - Adeptus Astartes - Blood Angels, Imperium - Adeptus Astartes - Dark Angels, Imperium - Adeptus Astartes - Deathwatch, Imperium - Adeptus Astartes - Imperial Fists, Imperium - Adeptus Astartes - Iron Hands, Imperium - Adeptus Astartes - Raven Guard, Imperium - Adeptus Astartes - Salamanders, Imperium - Adeptus Astartes - Space Wolves, Imperium - Adeptus Astartes - Ultramarines, Imperium - Adeptus Astartes - White Scars",c09a-6504-d25f-477,140,10,4,2,3,,,2,6.0,"BATTLELINE, INFANTRY",,Close combat weapon,Melee,2,3,4,0,1,1,,
Tactical Squad,Imperium - Adeptus Astartes - Space Marines,"Imperium - Adeptus Astartes - Black Templars, Imperium - Adeptus Astartes - Blood Angels, Imperium - Adeptus Astartes - Dark Angels, Imperium - Adeptus Astartes - Deathwatch, Imperium - Adeptus Astartes - Imperial Fists, Imperium - Adeptus Astartes - Iron Hands, Imperium - Adeptus Astartes - Raven Guard, Imperium - Adeptus Astartes - Salamanders, Imperium - Adeptus Astartes - Space Wolves, Imperium - Adeptus Astartes - Ultramarines, Imperium - Adeptus Astartes - White Scars",c09a-6504-d25f-477,140,10,4,2,3,,,2,6.0,"BATTLELINE, INFANTRY",,Astartes Chainsword,Melee,4,3,4,-1,1,1,,
Tactical Squad,Imperium - Adeptus Astartes - Space Marines,"Imperium - Adeptus Astartes - Black Templars, Imperium - Adeptus Astartes - Blood Angels, Imperium - Adeptus Astartes - Dark Angels, Imperium - Adeptus Astartes - Deathwatch, Imperium - Adeptus Astartes - Imperial Fists, Imperium - Adeptus Astartes - Iron Hands, Imperium - Adeptus Astartes - Raven Guard, Imperium - Adeptus Astartes - Salamanders, Imperium - Adeptus Astartes - Space Wolves, Imperium - Adeptus Astartes - Ultramarines, Imperium - Adeptus Astartes - White Scars",c09a-6504-d25f-477,140,10,4,2,3,,,2,6.0,"BATTLELINE, INFANTRY",,Astartes Chainsword,Melee,4,3,4,-1,1,1,,
Tactical Squad,Imperium - Adeptus Astartes - Space Marines,"Imperium - Adeptus Astartes - Black Templars, Imperium - Adeptus Astartes - Blood Angels, Imperium - Adeptus Astartes - Dark Angels, Imperium - Adeptus Astartes - Deathwatch, Imperium - Adeptus Astartes - Imperial Fists, Imperium - Adeptus Astartes - Iron Hands, Imperium - Adeptus Astartes - Raven Guard, Imperium - Adeptus Astartes - Salamanders, Imperium - Adeptus Astartes - Space Wolves, Imperium - Adeptus Astartes - Ultramarines, Imperium - Adeptus Astartes - White Scars",c09a-6504-d25f-477,140,10,4,2,3,,,2,6.0,"BATTLELINE, INFANTRY",,Bolt pistol,Ranged,1,3,4,0,1,2,,
Tactical Squad,Imperium - Adeptus Astartes - Space Marines,"Imperium - Adeptus Astartes - Black Templars, Imperium - Adeptus Astartes - Blood Angels, Imperium - Adeptus Astartes - Dark Angels, Imperium - Adeptus Astartes - Deathwatch, Imperium - Adeptus Astartes - Imperial Fists, Imperium - Adeptus Astartes - Iron Hands, Imperium - Adeptus Astartes - Raven Guard, Imperium - Adeptus Astartes - Salamanders, Imperium - Adeptus Astartes - Space Wolves, Imperium - Adeptus Astartes - Ultramarines, Imperium - Adeptus Astartes - White Scars",c09a-6504-d25f-477,140,10,4,2,3,,,2,6.0,"BATTLELINE, INFANTRY",,Close combat weapon,Melee,2,3,4,0,1,2,,
Tactical Squad,Imperium - Adeptus Astartes - Space Marines,"Imperium - Adeptus Astartes - Black Templars, Imperium - Adeptus Astartes - Blood Angels, Imperium - Adeptus Astartes - Dark Angels, Imperium - Adeptus Astartes - Deathwatch, Imperium - Adeptus Astartes - Imperial Fists, Imperium - Adeptus Astartes - Iron Hands, Imperium - Adeptus Astartes - Raven Guard, Imperium - Adeptus Astartes - Salamanders, Imperium - Adeptus Astartes - Space Wolves, Imperium - Adeptus Astartes - Ultramarines, Imperium - Adeptus Astartes - White Scars",c09a-6504-d25f-477,140,10,4,2,3,,,2,6.0,"BATTLELINE, INFANTRY",,Boltgun,Ranged,2,3,4,0,1,2,,
Techmarine,Imperium - Adeptus Astartes - Space Marines,"Imperium - Adeptus Astartes - Black Templars, Imperium - Adeptus Astartes - Blood Angels, Imperium - Adeptus Astartes - Dark Angels, Imperium - Adeptus Astartes - Deathwatch, Imperium - Adeptus Astartes - Imperial Fists, Imperium - Adeptus Astartes - Iron Hands, Imperium - Adeptus Astartes - Raven Guard, Imperium - Adeptus Astartes - Salamanders, Imperium - Adeptus Astartes - Space Wolves, Imperium - Adeptus Astartes - Ultramarines, Imperium - Adeptus Astartes - White Scars",e671-cd3a-2b03-3954,55,1,4,4,2,,,1,6.0,"CHARACTER, INFANTRY",,Forge Bolter,Ranged,3,2,5,-1,2,1,,
Techmarine,Imperium - Adeptus Astartes - Space Marines,"Imperium - Adeptus Astartes - Black Templars, Imperium - Adeptus Astartes - Blood Angels, Imperium - Adeptus Astartes - Dark Angels, Imperium - Adeptus Astartes - Deathwatch, Imperium - Adeptus Astartes - Imperial Fists, Imperium - Adeptus Astartes - Iron Hands, Imperium - Adeptus Astartes - Raven Guard, Imperium - Adeptus Astartes - Salamanders, Imperium - Adeptus Astartes - Space Wolves, Imperium - Adeptus Astartes - Ultramarines, Imperium - Adeptus Astartes - White Scars",e671-cd3a-2b03-3954,55,1,4,4,2,,,1,6.0,"CHARACTER, INFANTRY",,Grav-pistol,Ranged,1,2,4,-1,2,1,Anti-Vehicle 2+,
Techmarine,Imperium - Adeptus Astartes - Space Marines,"Imperium - Adeptus Astartes - Black Templars, Imperium - Adeptus Astartes - Blood Angels, Imperium - Adeptus Astartes - Dark Angels, Imperium - Adeptus Astartes - Deathwatch, Imperium - Adeptus Astartes - Imperial Fists, Imperium - Adeptus Astartes - Iron Hands, Imperium - Adeptus Astartes - Raven Guard, Imperium - Adeptus Astartes - Salamanders, Imperium - Adeptus Astartes - Space Wolves, Imperium - Adeptus Astartes - Ultramarines, Imperium - Adeptus Astartes - White Scars",e671-cd3a-2b03-3954,55,1,4,4,2,,,1,6.0,"CHARACTER, INFANTRY",,Omnissian power axe,Melee,4,3,6,-2,2,1,,
Techmarine,Imperium - Adeptus Astartes - Space Marines,"Imperium - Adeptus Astartes - Black Templars, Imperium - Adeptus Astartes - Blood Angels, Imperium - Adeptus Astartes - Dark Angels, Imperium - Adeptus Astartes - Deathwatch, Imperium - Adeptus Astartes - Imperial Fists, Imperium - Adeptus Astartes - Iron Hands, Imperium - Adeptus Astartes - Raven Guard, Imperium - Adeptus Astartes - Salamanders, Imperium - Adeptus Astartes - Space Wolves, Imperium - Adeptus Astartes - Ultramarines, Imperium - Adeptus Astartes - White Scars",e671-cd3a-2b03-3954,55,1,4,4,2,,,1,6.0,"CHARACTER, INFANTRY",,Servo-arm,Melee,1,3,8,-2,3,1,,
Terminator Assault Squad,Imperium - Adeptus Astartes - Space Marines,"Imperium - Adeptus Astartes - Black Templars, Imperium - Adeptus Astartes - Blood Angels, Imperium - Adeptus Astartes - Dark Angels, Imperium - Adeptus Astartes - Deathwatch, Imperium - Adeptus Astartes - Imperial Fists, Imperium - Adeptus Astartes - Iron Hands, Imperium - Adeptus Astartes - Raven Guard, Imperium - Adeptus Astartes - Salamanders, Imperium - Adeptus Astartes - Space Wolves, Imperium - Adeptus Astartes - Ultramarines, Imperium - Adeptus Astartes - White Scars",ae9a-10e3-8091-20,155,5,5,4,2,4,,1,5.0,INFANTRY,1x T5 W3 Sv2+ Inv4+ | 4x T5 W4 Sv2+ Inv4+,Thunder Hammer,Melee,3,3,8,-2,2,1,Devastating Wounds,
Terminator Assault Squad,Imperium - Adeptus Astartes - Space Marines,"Imperium - Adeptus Astartes - Black Templars, Imperium - Adeptus Astartes - Blood Angels, Imperium - Adeptus Astartes - Dark Angels, Imperium - Adeptus Astartes - Deathwatch, Imperium - Adeptus Astartes - Imperial Fists, Imperium - Adeptus Astartes - Iron Hands, Imperium - Adeptus Astartes - Raven Guard, Imperium - Adeptus Astartes - Salamanders, Imperium - Adeptus Astartes - Space Wolves, Imperium - Adeptus Astartes - Ultramarines, Imperium - Adeptus Astartes - White Scars",ae9a-10e3-8091-20,155,5,5,4,2,4,,1,5.0,INFANTRY,1x T5 W3 Sv2+ Inv4+ | 4x T5 W4 Sv2+ Inv4+,Thunder Hammer,Melee,3,3,8,-2,2,4,Devastating Wounds,
Terminator Squad,Imperium - Adeptus Astartes - Black Templars,,80ad-6e62-65e3-e667,160,5,5,3,2,4,,1,5.0,INFANTRY,,Storm bolter,Ranged,2,3,4,0,1,1,Rapid Fire 2,
Terminator Squad,Imperium - Adeptus Astartes - Black Templars,,80ad-6e62-65e3-e667,160,5,5,3,2,4,,1,5.0,INFANTRY,,Power weapon,Melee,4,3,5,-2,1,1,,
Terminator Squad,Imperium - Adeptus Astartes - Black Templars,,80ad-6e62-65e3-e667,160,5,5,3,2,4,,1,5.0,INFANTRY,,Storm bolter,Ranged,2,3,4,0,1,4,Rapid Fire 2,
Terminator Squad,Imperium - Adeptus Astartes - Black Templars,,80ad-6e62-65e3-e667,160,5,5,3,2,4,,1,5.0,INFANTRY,,Power weapon,Melee,4,3,5,-2,1,4,,
Terminator Squad,Imperium - Adeptus Astartes - Space Marines,"Imperium - Adeptus Astartes - Black Templars, Imperium - Adeptus Astartes - Blood Angels, Imperium - Adeptus Astartes - Dark Angels, Imperium - Adeptus Astartes - Deathwatch, Imperium - Adeptus Astartes - Imperial Fists, Imperium - Adeptus Astartes - Iron Hands, Imperium - Adeptus Astartes - Raven Guard, Imperium - Adeptus Astartes - Salamanders, Imperium - Adeptus Astartes - Space Wolves, Imperium - Adeptus Astartes - Ultramarines, Imperium - Adeptus Astartes - White Scars",4808-a80b-309a-7933,160,5,5,3,2,4,,1,5.0,INFANTRY,,Storm bolter,Ranged,2,3,4,0,1,1,Rapid Fire 2,
Terminator Squad,Imperium - Adeptus Astartes - Space Marines,"Imperium - Adeptus Astartes - Black Templars, Imperium - Adeptus Astartes - Blood Angels, Imperium - Adeptus Astartes - Dark Angels, Imperium - Adeptus Astartes - Deathwatch, Imperium - Adeptus Astartes - Imperial Fists, Imperium - Adeptus Astartes - Iron Hands, Imperium - Adeptus Astartes - Raven Guard, Imperium - Adeptus Astartes - Salamanders, Imperium - Adeptus Astartes - Space Wolves, Imperium - Adeptus Astartes - Ultramarines, Imperium - Adeptus Astartes - White Scars",4808-a80b-309a-7933,160,5,5,3,2,4,,1,5.0,INFANTRY,,Power weapon,Melee,4,3,5,-2,1,1,,
Terminator Squad,Imperium - Adeptus Astartes - Space Marines,"Imperium - Adeptus Astartes - Black Templars, Imperium - Adeptus Astartes - Blood Angels, Imperium - Adeptus Astartes - Dark Angels, Imperium - Adeptus Astartes - Deathwatch, Imperium - Adeptus Astartes - Imperial Fists, Imperium - Adeptus Astartes - Iron Hands, Imperium - Adeptus Astartes - Raven Guard, Imperium - Adeptus Astartes - Salamanders, Imperium - Adeptus Astartes - Space Wolves, Imperium - Adeptus Astartes - Ultramarines, Imperium - Adeptus Astartes - White Scars",4808-a80b-309a-7933,160,5,5,3,2,4,,1,5.0,INFANTRY,,Power fist,Melee,3,3,8,-2,2,4,,
Terminator Squad,Imperium - Adeptus Astartes - Space Marines,"Imperium - Adeptus Astartes - Black Templars, Imperium - Adeptus Astartes - Blood Angels, Imperium - Adeptus Astartes - Dark Angels, Imperium - Adeptus Astartes - Deathwatch, Imperium - Adeptus Astartes - Imperial Fists, Imperium - Adeptus Astartes - Iron Hands, Imperium - Adeptus Astartes - Raven Guard, Imperium - Adeptus Astartes - Salamanders, Imperium - Adeptus Astartes - Space Wolves, Imperium - Adeptus Astartes - Ultramarines, Imperium - Adeptus Astartes - White Scars",4808-a80b-309a-7933,160,5,5,3,2,4,,1,5.0,INFANTRY,,Storm bolter,Ranged,2,3,4,0,1,4,Rapid Fire 2,
Thunderhawk Gunship,Imperium - Adeptus Astartes - Space Marines,"Imperium - Adeptus Astartes - Black Templars, Imperium - Adeptus Astartes - Blood Angels, Imperium - Adeptus Astartes - Dark Angels, Imperium - Adeptus Astartes - Deathwatch, Imperium - Adeptus Astartes - Imperial Fists, Imperium - Adeptus Astartes - Iron Hands, Imperium - Adeptus Astartes - Raven Guard, Imperium - Adeptus Astartes - Salamanders, Imperium - Adeptus Astartes - Space Wolves, Imperium - Adeptus Astartes - Ultramarines, Imperium - Adeptus Astartes - White Scars",3416-dfee-84ee-e21d,840,1,12,30,2,,,0,20.0,"FLY, TITANIC, TRANSPORT, VEHICLE",,Armoured hull,Melee,6,4,8,0,1,1,,
Thunderhawk Gunship,Imperium - Adeptus Astartes - Space Marines,"Imperium - Adeptus Astartes - Black Templars, Imperium - Adeptus Astartes - Blood Angels, Imperium - Adeptus Astartes - Dark Angels, Imperium - Adeptus Astartes - Deathwatch, Imperium - Adeptus Astartes - Imperial Fists, Imperium - Adeptus Astartes - Iron Hands, Imperium - Adeptus Astartes - Raven Guard, Imperium - Adeptus Astartes - Salamanders, Imperium - Adeptus Astartes - Space Wolves, Imperium - Adeptus Astartes - Ultramarines, Imperium - Adeptus Astartes - White Scars",3416-dfee-84ee-e21d,840,1,12,30,2,,,0,20.0,"FLY, TITANIC, TRANSPORT, VEHICLE",,Lascannon,Ranged,1,3,12,-3,D6+1,2,,
Thunderhawk Gunship,Imperium - Adeptus Astartes - Space Marines,"Imperium - Adeptus Astartes - Black Templars, Imperium - Adeptus Astartes - Blood Angels, Imperium - Adeptus Astartes - Dark Angels, Imperium - Adeptus Astartes - Deathwatch, Imperium - Adeptus Astartes - Imperial Fists, Imperium - Adeptus Astartes - Iron Hands, Imperium - Adeptus Astartes - Raven Guard, Imperium - Adeptus Astartes - Salamanders, Imperium - Adeptus Astartes - Space Wolves, Imperium - Adeptus Astartes - Ultramarines, Imperium - Adeptus Astartes - White Scars",3416-dfee-84ee-e21d,840,1,12,30,2,,,0,20.0,"FLY, TITANIC, TRANSPORT, VEHICLE",,Twin heavy bolter,Ranged,3,3,5,-1,2,4,"Sustained Hits 1, Twin-linked",
Thunderhawk Gunship,Imperium - Adeptus Astartes - Space Marines,"Imperium - Adeptus Astartes - Black Templars, Imperium - Adeptus Astartes - Blood Angels, Imperium - Adeptus Astartes - Dark Angels, Imperium - Adeptus Astartes - Deathwatch, Imperium - Adeptus Astartes - Imperial Fists, Imperium - Adeptus Astartes - Iron Hands, Imperium - Adeptus Astartes - Raven Guard, Imperium - Adeptus Astartes - Salamanders, Imperium - Adeptus Astartes - Space Wolves, Imperium - Adeptus Astartes - Ultramarines, Imperium - Adeptus Astartes - White Scars",3416-dfee-84ee-e21d,840,1,12,30,2,,,0,20.0,"FLY, TITANIC, TRANSPORT, VEHICLE",,Hellstrike missile battery,Ranged,4,3,8,-2,3,1,Anti-Fly 4+,
Thunderhawk Gunship,Imperium - Adeptus Astartes - Space Marines,"Imperium - Adeptus Astartes - Black Templars, Imperium - Adeptus Astartes - Blood Angels, Imperium - Adeptus Astartes - Dark Angels, Imperium - Adeptus Astartes - Deathwatch, Imperium - Adeptus Astartes - Imperial Fists, Imperium - Adeptus Astartes - Iron Hands, Imperium - Adeptus Astartes - Raven Guard, Imperium - Adeptus Astartes - Salamanders, Imperium - Adeptus Astartes - Space Wolves, Imperium - Adeptus Astartes - Ultramarines, Imperium - Adeptus Astartes - White Scars",3416-dfee-84ee-e21d,840,1,12,30,2,,,0,20.0,"FLY, TITANIC, TRANSPORT, VEHICLE",,Thunderhawk heavy cannon,Ranged,D6+6,3,10,-2,3,1,Blast,
Vanguard Veteran Squad with Jump Packs,Imperium - Adeptus Astartes - Space Marines,"Imperium - Adeptus Astartes - Black Templars, Imperium - Adeptus Astartes - Blood Angels, Imperium - Adeptus Astartes - Dark Angels, Imperium - Adeptus Astartes - Deathwatch, Imperium - Adeptus Astartes - Imperial Fists, Imperium - Adeptus Astartes - Iron Hands, Imperium - Adeptus Astartes - Raven Guard, Imperium - Adeptus Astartes - Salamanders, Imperium - Adeptus Astartes - Space Wolves, Imperium - Adeptus Astartes - Ultramarines, Imperium - Adeptus Astartes - White Scars",9e9c-bf4d-2d40-be82,105,5,4,2,3,,,1,12.0,"FLY, INFANTRY",,Bolt pistol,Ranged,1,3,4,0,1,1,,
Vanguard Veteran Squad with Jump Packs,Imperium - Adeptus Astartes - Space Marines,"Imperium - Adeptus Astartes - Black Templars, Imperium - Adeptus Astartes - Blood Angels, Imperium - Adeptus Astartes - Dark Angels, Imperium - Adeptus Astartes - Deathwatch, Imperium - Adeptus Astartes - Imperial Fists, Imperium - Adeptus Astartes - Iron Hands, Imperium - Adeptus Astartes - Raven Guard, Imperium - Adeptus Astartes - Salamanders, Imperium - Adeptus Astartes - Space Wolves, Imperium - Adeptus Astartes - Ultramarines, Imperium - Adeptus Astartes - White Scars",9e9c-bf4d-2d40-be82,105,5,4,2,3,,,1,12.0,"FLY, INFANTRY",,Master-crafted Power Weapon,Melee,3,3,5,-2,2,1,,
Vanguard Veteran Squad with Jump Packs,Imperium - Adeptus Astartes - Space Marines,"Imperium - Adeptus Astartes - Black Templars, Imperium - Adeptus Astartes - Blood Angels, Imperium - Adeptus Astartes - Dark Angels, Imperium - Adeptus Astartes - Deathwatch, Imperium - Adeptus Astartes - Imperial Fists, Imperium - Adeptus Astartes - Iron Hands, Imperium - Adeptus Astartes - Raven Guard, Imperium - Adeptus Astartes - Salamanders, Imperium - Adeptus Astartes - Space Wolves, Imperium - Adeptus Astartes - Ultramarines, Imperium - Adeptus Astartes - White Scars",9e9c-bf4d-2d40-be82,105,5,4,2,3,,,1,12.0,"FLY, INFANTRY",,➤ Plasma pistol - supercharge,Ranged,1,3,8,-3,2,4,,
Vanguard Veteran Squad with Jump Packs,Imperium - Adeptus Astartes - Space Marines,"Imperium - Adeptus Astartes - Black Templars, Imperium - Adeptus Astartes - Blood Angels, Imperium - Adeptus Astartes - Dark Angels, Imperium - Adeptus Astartes - Deathwatch, Imperium - Adeptus Astartes - Imperial Fists, Imperium - Adeptus Astartes - Iron Hands, Imperium - Adeptus Astartes - Raven Guard, Imperium - Adeptus Astartes - Salamanders, Imperium - Adeptus Astartes - Space Wolves, Imperium - Adeptus Astartes - Ultramarines, Imperium - Adeptus Astartes - White Scars",9e9c-bf4d-2d40-be82,105,5,4,2,3,,,1,12.0,"FLY, INFANTRY",,Vanguard Veteran Weapon,Melee,4,3,5,-1,1,4,,
Vindicator,Imperium - Adeptus Astartes - Space Marines,"Imperium - Adeptus Astartes - Black Templars, Imperium - Adeptus Astartes - Blood Angels, Imperium - Adeptus Astartes - Dark Angels, Imperium - Adeptus Astartes - Deathwatch, Imperium - Adeptus Astartes - Imperial Fists, Imperium - Adeptus Astartes - Iron Hands, Imperium - Adeptus Astartes - Raven Guard, Imperium - Adeptus Astartes - Salamanders, Imperium - Adeptus Astartes - Space Wolves, Imperium - Adeptus Astartes - Ultramarines, Imperium - Adeptus Astartes - White Scars",cb6d-201f-4888-3027,185,1,11,11,2,,,3,9.0,VEHICLE,,Demolisher Cannon,Ranged,D6+3,3,14,-3,D6,1,Blast,
Vindicator,Imperium - Adeptus Astartes - Space Marines,"Imperium - Adeptus Astartes - Black Templars, Imperium - Adeptus Astartes - Blood Angels, Imperium - Adeptus Astartes - Dark Angels, Imperium - Adeptus Astartes - Deathwatch, Imperium - Adeptus Astartes - Imperial Fists, Imperium - Adeptus Astartes - Iron Hands, Imperium - Adeptus Astartes - Raven Guard, Imperium - Adeptus Astartes - Salamanders, Imperium - Adeptus Astartes - Space Wolves, Imperium - Adeptus Astartes - Ultramarines, Imperium - Adeptus Astartes - White Scars",cb6d-201f-4888-3027,185,1,11,11,2,,,3,9.0,VEHICLE,,Armoured Tracks,Melee,3,4,6,0,1,1,,
Whirlwind,Imperium - Adeptus Astartes - Space Marines,"Imperium - Adeptus Astartes - Black Templars, Imperium - Adeptus Astartes - Blood Angels, Imperium - Adeptus Astartes - Dark Angels, Imperium - Adeptus Astartes - Deathwatch, Imperium - Adeptus Astartes - Imperial Fists, Imperium - Adeptus Astartes - Iron Hands, Imperium - Adeptus Astartes - Raven Guard, Imperium - Adeptus Astartes - Salamanders, Imperium - Adeptus Astartes - Space Wolves, Imperium - Adeptus Astartes - Ultramarines, Imperium - Adeptus Astartes - White Scars",ae85-3e33-217d-7413,175,1,10,11,3,,,3,10.0,VEHICLE,,Whirlwind Vengeance Launcher,Ranged,D6+3,3,8,-2,2,1,Blast,
Whirlwind,Imperium - Adeptus Astartes - Space Marines,"Imperium - Adeptus Astartes - Black Templars, Imperium - Adeptus Astartes - Blood Angels, Imperium - Adeptus Astartes - Dark Angels, Imperium - Adeptus Astartes - Deathwatch, Imperium - Adeptus Astartes - Imperial Fists, Imperium - Adeptus Astartes - Iron Hands, Imperium - Adeptus Astartes - Raven Guard, Imperium - Adeptus Astartes - Salamanders, Imperium - Adeptus Astartes - Space Wolves, Imperium - Adeptus Astartes - Ultramarines, Imperium - Adeptus Astartes - White Scars",ae85-3e33-217d-7413,175,1,10,11,3,,,3,10.0,VEHICLE,,Armoured Tracks,Melee,3,4,6,0,1,1,,
Astorath,Imperium - Adeptus Astartes - Blood Angels,,f943-72c8-581c-e6f2,85,1,4,5,2,4,,1,12.0,"CHARACTER, EPIC HERO, FLY, INFANTRY",,The Executioner's Axe,Melee,6,2,7,-3,2,1,Devastating Wounds,
Baal Predator,Imperium - Adeptus Astartes - Blood Angels,,640-9969-d5b9-875c,125,1,10,11,3,,,3,12.0,VEHICLE,,Armoured Tracks,Melee,3,4,6,0,1,1,,
Baal Predator,Imperium - Adeptus Astartes - Blood Angels,,640-9969-d5b9-875c,125,1,10,11,3,,,3,12.0,VEHICLE,,Baal Flamestorm Cannon,Ranged,D6+3,2,6,-2,2,1,"Torrent, Ignores Cover",
Blood Angels Captain,Imperium - Adeptus Astartes - Blood Angels,,829b-da42-2d62-6daf,80,1,4,5,3,4,,1,6.0,"CHARACTER, INFANTRY",,Master-crafted Chainsword,Melee,7,2,4,-1,2,1,,
Blood Angels Captain,Imperium - Adeptus Astartes - Blood Angels,,829b-da42-2d62-6daf,80,1,4,5,3,4,,1,6.0,"CHARACTER, INFANTRY",,Heavy Bolt Pistol,Ranged,1,2,4,-1,1,1,,
Chief Librarian Mephiston,Imperium - Adeptus Astartes - Blood Angels,,ab35-2c36-9389-d1d5,110,1,5,6,2,5,,1,7.0,"CHARACTER, EPIC HERO, INFANTRY, PSYKER",,➤ Fury of the Ancients - Witchfire,Ranged,3,2,4,-1,D3,1,Sustained Hits 1,
Chief Librarian Mephiston,Imperium - Adeptus Astartes - Blood Angels,,ab35-2c36-9389-d1d5,110,1,5,6,2,5,,1,7.0,"CHARACTER, EPIC HERO, INFANTRY, PSYKER",,Vitarus,Melee,6,2,9,-3,D3,1,Lethal Hits,
Chief Librarian Mephiston,Imperium - Adeptus Astartes - Blood Angels,,ab35-2c36-9389-d1d5,110,1,5,6,2,5,,1,7.0,"CHARACTER, EPIC HERO, INFANTRY, PSYKER",,➤ Plasma pistol - supercharge,Ranged,1,2,8,-3,2,1,,
Commander Dante,Imperium - Adeptus Astartes - Blood Angels,,7323-ebf-9afe-7e7a,125,1,4,6,2,4,,1,12.0,"CHARACTER, EPIC HERO, FLY, INFANTRY",,Perdition,Ranged,1,2,9,-4,D6,1,"Sustained Hits 2, Melta 2",sustained D3 -> 2 (mean)
Commander Dante,Imperium - Adeptus Astartes - Blood Angels,,7323-ebf-9afe-7e7a,125,1,4,6,2,4,,1,12.0,"CHARACTER, EPIC HERO, FLY, INFANTRY",,The Axe Mortalis,Melee,8,2,8,-3,2,1,Lethal Hits,
Death Company Captain,Imperium - Adeptus Astartes - Blood Angels,,4743-6dc9-fda7-0a8c,70,1,4,5,3,4,,1,6.0,"CHARACTER, INFANTRY",,Master-crafted Chainsword,Melee,7,2,4,-1,2,1,,
Death Company Captain,Imperium - Adeptus Astartes - Blood Angels,,4743-6dc9-fda7-0a8c,70,1,4,5,3,4,,1,6.0,"CHARACTER, INFANTRY",,Heavy Bolt Pistol,Ranged,1,2,4,-1,1,1,,
Death Company Captain with Jump Pack,Imperium - Adeptus Astartes - Blood Angels,,2574-a949-ae3f-58c2,75,1,4,5,3,4,,1,12.0,"CHARACTER, FLY, INFANTRY",,Power fist,Melee,5,2,8,-2,2,1,,
Death Company Captain with Jump Pack,Imperium - Adeptus Astartes - Blood Angels,,2574-a949-ae3f-58c2,75,1,4,5,3,4,,1,12.0,"CHARACTER, FLY, INFANTRY",,Heavy Bolt Pistol,Ranged,1,2,4,-1,1,1,,
Death Company Dreadnought,Imperium - Adeptus Astartes - Blood Angels,,3b6e-cc3e-c2a4-0cbd,150,1,10,12,2,,,4,8.0,"VEHICLE, WALKER",,Twin Icarus ironhail heavy stubber,Ranged,3,3,4,0,1,1,"Twin-linked, Rapid Fire 3, Anti-Fly 4+",
Death Company Dreadnought,Imperium - Adeptus Astartes - Blood Angels,,3b6e-cc3e-c2a4-0cbd,150,1,10,12,2,,,4,8.0,"VEHICLE, WALKER",,Blood Fists,Melee,6,3,12,-2,3,1,Twin-linked,
Death Company Dreadnought,Imperium - Adeptus Astartes - Blood Angels,,3b6e-cc3e-c2a4-0cbd,150,1,10,12,2,,,4,8.0,"VEHICLE, WALKER",,Blood Fist Bolt Rifles,Ranged,4,3,4,-1,1,1,Twin-linked,
Death Company Dreadnought,Imperium - Adeptus Astartes - Blood Angels,,3b6e-cc3e-c2a4-0cbd,150,1,10,12,2,,,4,8.0,"VEHICLE, WALKER",,Twin heavy bolter,Ranged,3,3,5,-1,2,1,"Sustained Hits 1, Twin-linked",
Death Company Intercessors,Imperium - Adeptus Astartes - Blood Angels,,bb83-db85-6ce1-9a61,75,5,4,2,3,,,1,6.0,INFANTRY,,Bolt pistol,Ranged,1,3,4,0,1,3,,
Death Company Intercessors,Imperium - Adeptus Astartes - Blood Angels,,bb83-db85-6ce1-9a61,75,5,4,2,3,,,1,6.0,INFANTRY,,Close combat weapon,Melee,3,3,4,0,1,3,,
Death Company Intercessors,Imperium - Adeptus Astartes - Blood Angels,,bb83-db85-6ce1-9a61,75,5,4,2,3,,,1,6.0,INFANTRY,,Bolt Rifle,Ranged,2,3,4,-1,1,3,Heavy,
Death Company Intercessors,Imperium - Adeptus Astartes - Blood Angels,,bb83-db85-6ce1-9a61,75,5,4,2,3,,,1,6.0,INFANTRY,,Bolt pistol,Ranged,1,3,4,0,1,2,,
Death Company Intercessors,Imperium - Adeptus Astartes - Blood Angels,,bb83-db85-6ce1-9a61,75,5,4,2,3,,,1,6.0,INFANTRY,,Close combat weapon,Melee,3,3,4,0,1,2,,
Death Company Intercessors,Imperium - Adeptus Astartes - Blood Angels,,bb83-db85-6ce1-9a61,75,5,4,2,3,,,1,6.0,INFANTRY,,Bolt Rifle,Ranged,2,3,4,-1,1,2,Heavy,
Death Company Marines,Imperium - Adeptus Astartes - Blood Angels,,3825-ac3a-75ec-fa0d,85,5,4,2,3,,,1,6.0,INFANTRY,,Heavy Bolt Pistol,Ranged,1,3,4,-1,1,2,,
Death Company Marines,Imperium - Adeptus Astartes - Blood Angels,,3825-ac3a-75ec-fa0d,85,5,4,2,3,,,1,6.0,INFANTRY,,Astartes Chainsword,Melee,4,3,4,-1,1,2,,
Death Company Marines,Imperium - Adeptus Astartes - Blood Angels,,3825-ac3a-75ec-fa0d,85,5,4,2,3,,,1,6.0,INFANTRY,,Heavy Bolt Pistol,Ranged,1,3,4,-1,1,3,,
Death Company Marines,Imperium - Adeptus Astartes - Blood Angels,,3825-ac3a-75ec-fa0d,85,5,4,2,3,,,1,6.0,INFANTRY,,Astartes Chainsword,Melee,4,3,4,-1,1,3,,
Death Company Marines with Bolt Rifles,Imperium - Adeptus Astartes - Blood Angels,,4aab-3ca5-0435-ed5e,80,5,4,2,3,,,1,6.0,INFANTRY,,Bolt Rifle,Ranged,2,3,4,-1,1,5,Heavy,
Death Company Marines with Bolt Rifles,Imperium - Adeptus Astartes - Blood Angels,,4aab-3ca5-0435-ed5e,80,5,4,2,3,,,1,6.0,INFANTRY,,Bolt pistol,Ranged,1,3,4,0,1,5,,
Death Company Marines with Bolt Rifles,Imperium - Adeptus Astartes - Blood Angels,,4aab-3ca5-0435-ed5e,80,5,4,2,3,,,1,6.0,INFANTRY,,Close combat weapon,Melee,3,3,4,0,1,5,,
Death Company Marines with Jump Packs,Imperium - Adeptus Astartes - Blood Angels,,65f6-18df-f6df-7e39,115,5,4,2,3,,,1,12.0,"FLY, INFANTRY",,Astartes Chainsword,Melee,4,3,4,-1,1,5,,
Death Company Marines with Jump Packs,Imperium - Adeptus Astartes - Blood Angels,,65f6-18df-f6df-7e39,115,5,4,2,3,,,1,12.0,"FLY, INFANTRY",,Heavy Bolt Pistol,Ranged,1,3,4,-1,1,5,,
Lemartes,Imperium - Adeptus Astartes - Blood Angels,,cbc2-18c9-45b6-6327,100,1,4,4,3,4,,1,12.0,"CHARACTER, EPIC HERO, FLY, INFANTRY",,The Blood Crozius,Melee,5,2,6,-2,2,1,Lethal Hits,
Lemartes,Imperium - Adeptus Astartes - Blood Angels,,cbc2-18c9-45b6-6327,100,1,4,4,3,4,,1,12.0,"CHARACTER, EPIC HERO, FLY, INFANTRY",,Absolvor Bolt Pistol,Ranged,1,2,5,-1,2,1,,
Sanguinary Guard,Imperium - Adeptus Astartes - Blood Angels,,25e4-ead-faac-2531,120,3,4,3,2,4,,1,12.0,"FLY, INFANTRY",,Encarmine Blade,Melee,4,2,6,-3,2,3,,
Sanguinary Guard,Imperium - Adeptus Astartes - Blood Angels,,25e4-ead-faac-2531,120,3,4,3,2,4,,1,12.0,"FLY, INFANTRY",,Angelus Boltgun,Ranged,2,3,4,0,1,3,,
Sanguinary Priest,Imperium - Adeptus Astartes - Blood Angels,,f80-be5-d17c-db23,75,1,4,4,3,,,1,6.0,"CHARACTER, INFANTRY",,Absolvor bolt pistol,Ranged,1,3,5,-1,2,1,,
Sanguinary Priest,Imperium - Adeptus Astartes - Blood Angels,,f80-be5-d17c-db23,75,1,4,4,3,,,1,6.0,"CHARACTER, INFANTRY",,Astartes Chainsword,Melee,5,3,4,-1,1,1,,
The Sanguinor,Imperium - Adeptus Astartes - Blood Angels,,29f1-bb28-6424-6d14,120,1,4,7,2,4,,1,12.0,"CHARACTER, EPIC HERO, FLY, INFANTRY",,Encarmine Broadsword,Melee,8,2,6,-3,2,1,Devastating Wounds,
Asmodai,Imperium - Adeptus Astartes - Dark Angels,,9bf9-1e30-e4b4-939c,70,1,4,4,3,4,,1,6.0,"CHARACTER, EPIC HERO, INFANTRY",,Heavy Bolt Pistol,Ranged,1,3,4,-1,1,1,,
Asmodai,Imperium - Adeptus Astartes - Dark Angels,,9bf9-1e30-e4b4-939c,70,1,4,4,3,4,,1,6.0,"CHARACTER, EPIC HERO, INFANTRY",,➤ Crozius Arcanum and Power Weapon - strike,Melee,5,2,6,-2,2,1,,
Azrael,Imperium - Adeptus Astartes - Dark Angels,,81bd-ce4e-229f-a88,140,1,4,6,2,4,,1,6.0,"CHARACTER, EPIC HERO, INFANTRY",,Lion's Wrath,Ranged,2,2,8,-3,2,1,"Devastating Wounds, Rapid Fire 1, Anti-Infantry 4+",
Azrael,Imperium - Adeptus Astartes - Dark Angels,,81bd-ce4e-229f-a88,140,1,4,6,2,4,,1,6.0,"CHARACTER, EPIC HERO, INFANTRY",,The Sword of Secrets,Melee,6,2,6,-4,2,1,Devastating Wounds,
Belial,Imperium - Adeptus Astartes - Dark Angels,,bf62-244b-f9db-6cf,75,1,5,6,2,4,,1,5.0,"CHARACTER, EPIC HERO, INFANTRY",,Master-crafted storm bolter,Ranged,2,2,4,0,2,1,Rapid Fire 2,
Belial,Imperium - Adeptus Astartes - Dark Angels,,bf62-244b-f9db-6cf,75,1,5,6,2,4,,1,5.0,"CHARACTER, EPIC HERO, INFANTRY",,The Sword of Silence,Melee,6,2,6,-2,2,1,,
Deathwing Knights,Imperium - Adeptus Astartes - Dark Angels,,a6cc-9a65-dbf1-71b0,240,5,5,4,2,4,,1,5.0,INFANTRY,,Mace of absolution,Melee,4,2,6,-2,2,4,"Anti-Monster 4+, Anti-Vehicle 4+",
Deathwing Knights,Imperium - Adeptus Astartes - Dark Angels,,a6cc-9a65-dbf1-71b0,240,5,5,4,2,4,,1,5.0,INFANTRY,,Great Weapon of the Unforgiven,Melee,5,2,6,-2,2,1,"Sustained Hits 1, Devastating Wounds",
Deathwing Terminator Squad,Imperium - Adeptus Astartes - Dark Angels,,6135-d842-8e61-889d,165,5,5,3,2,4,,1,5.0,INFANTRY,,Storm Bolter,Ranged,2,3,4,0,1,1,Rapid Fire 2,
Deathwing Terminator Squad,Imperium - Adeptus Astartes - Dark Angels,,6135-d842-8e61-889d,165,5,5,3,2,4,,1,5.0,INFANTRY,,Power Weapon,Melee,4,3,5,-2,1,1,,
Deathwing Terminator Squad,Imperium - Adeptus Astartes - Dark Angels,,6135-d842-8e61-889d,165,5,5,3,2,4,,1,5.0,INFANTRY,,Storm Bolter,Ranged,2,3,4,0,1,4,Rapid Fire 2,
Deathwing Terminator Squad,Imperium - Adeptus Astartes - Dark Angels,,6135-d842-8e61-889d,165,5,5,3,2,4,,1,5.0,INFANTRY,,Power Fist,Melee,3,3,8,-2,2,4,,
Ezekiel,Imperium - Adeptus Astartes - Dark Angels,,38c9-66a1-fe60-46af,75,1,4,4,2,4,,1,6.0,"CHARACTER, EPIC HERO, INFANTRY, PSYKER",,The Deliverer,Ranged,1,2,4,-1,2,1,,
Ezekiel,Imperium - Adeptus Astartes - Dark Angels,,38c9-66a1-fe60-46af,75,1,4,4,2,4,,1,6.0,"CHARACTER, EPIC HERO, INFANTRY, PSYKER",,➤ Mind Wipe - witchfire,Ranged,1,2,6,-2,D6,1,Devastating Wounds,
Ezekiel,Imperium - Adeptus Astartes - Dark Angels,,38c9-66a1-fe60-46af,75,1,4,4,2,4,,1,6.0,"CHARACTER, EPIC HERO, INFANTRY, PSYKER",,Traitor's Bane,Melee,4,2,6,-2,D3,1,Anti-Chaos 2+,
Inner Circle Companions,Imperium - Adeptus Astartes - Dark Angels,,f34-e2f9-c98e-1916,80,3,4,3,3,,,2,6.0,INFANTRY,,Heavy Bolt Pistol,Ranged,1,3,4,-1,1,3,,
Inner Circle Companions,Imperium - Adeptus Astartes - Dark Angels,,f34-e2f9-c98e-1916,80,3,4,3,3,,,2,6.0,INFANTRY,,➤ Calibanite Greatsword - Strike,Melee,4,3,6,-2,2,3,Lethal Hits,
Land Speeder Vengeance,Imperium - Adeptus Astartes - Dark Angels,,b4a0-d2fe-a988-f28b,130,1,8,10,3,5,,3,14.0,"FLY, VEHICLE",,Close Combat Weapon,Melee,4,3,4,0,1,1,,
Land Speeder Vengeance,Imperium - Adeptus Astartes - Dark Angels,,b4a0-d2fe-a988-f28b,130,1,8,10,3,5,,3,14.0,"FLY, VEHICLE",,➤ Plasma storm battery - standard,Ranged,D6+1,3,8,-2,2,1,"Twin-linked, Blast",
Land Speeder Vengeance,Imperium - Adeptus Astartes - Dark Angels,,b4a0-d2fe-a988-f28b,130,1,8,10,3,5,,3,14.0,"FLY, VEHICLE",,Heavy bolter,Ranged,3,3,5,-1,2,1,Sustained Hits 1,
Lazarus,Imperium - Adeptus Astartes - Dark Angels,,4b0d-45ff-fab3-7472,70,1,4,5,3,4,,1,6.0,"CHARACTER, EPIC HERO, INFANTRY",,Bolt pistol,Ranged,1,2,4,0,1,1,,
Lazarus,Imperium - Adeptus Astartes - Dark Angels,,4b0d-45ff-fab3-7472,70,1,4,5,3,4,,1,6.0,"CHARACTER, EPIC HERO, INFANTRY",,Enmity’s Edge,Melee,6,2,6,-3,2,1,Anti-Psyker 2+,
Lion El'Jonson,Imperium - Adeptus Astartes - Dark Angels,,15d3-ebc7-d28b-daf4,265,1,9,10,2,3,,4,8.0,"CHARACTER, EPIC HERO, MONSTER",,➤ Arma Luminis - bolt,Ranged,4,2,4,-1,2,1,,
Lion El'Jonson,Imperium - Adeptus Astartes - Dark Angels,,15d3-ebc7-d28b-daf4,265,1,9,10,2,3,,4,8.0,"CHARACTER, EPIC HERO, MONSTER",,➤ Fealty - strike,Melee,8,2,12,-4,4,1,Lethal Hits,
Nephilim Jetfighter,Imperium - Adeptus Astartes - Dark Angels,,4f36-6609-efac-baa6,180,1,8,11,3,,,0,0.0,"AIRCRAFT, FLY, VEHICLE",,Armoured hull,Melee,3,4,6,0,1,1,,
Nephilim Jetfighter,Imperium - Adeptus Astartes - Dark Angels,,4f36-6609-efac-baa6,180,1,8,11,3,,,0,0.0,"AIRCRAFT, FLY, VEHICLE",,Blacksword missiles,Ranged,2,3,8,-2,D6,1,Anti-Fly 2+,
Nephilim Jetfighter,Imperium - Adeptus Astartes - Dark Angels,,4f36-6609-efac-baa6,180,1,8,11,3,,,0,0.0,"AIRCRAFT, FLY, VEHICLE",,Twin heavy bolter,Ranged,3,3,5,-1,2,1,"Sustained Hits 1, Twin-linked",
Nephilim Jetfighter,Imperium - Adeptus Astartes - Dark Angels,,4f36-6609-efac-baa6,180,1,8,11,3,,,0,0.0,"AIRCRAFT, FLY, VEHICLE",,Avenger mega bolter,Ranged,10,3,5,-1,2,1,Sustained Hits 1,
Ravenwing Black Knights,Imperium - Adeptus Astartes - Dark Angels,,212d-f302-aaaf-5c12,75,3,5,3,3,5,,2,12.0,MOUNTED,,Bolt Pistol,Ranged,1,3,4,0,1,1,,
Ravenwing Black Knights,Imperium - Adeptus Astartes - Dark Angels,,212d-f302-aaaf-5c12,75,3,5,3,3,5,,2,12.0,MOUNTED,,Black Knight combat weapon,Melee,3,3,5,-2,1,1,Devastating Wounds,
Ravenwing Black Knights,Imperium - Adeptus Astartes - Dark Angels,,212d-f302-aaaf-5c12,75,3,5,3,3,5,,2,12.0,MOUNTED,,➤ Astartes grenade launcher - krak,Ranged,1,3,9,-2,D3,1,,
Ravenwing Black Knights,Imperium - Adeptus Astartes - Dark Angels,,212d-f302-aaaf-5c12,75,3,5,3,3,5,,2,12.0,MOUNTED,,Bolt Pistol,Ranged,1,3,4,0,1,2,,
Ravenwing Black Knights,Imperium - Adeptus Astartes - Dark Angels,,212d-f302-aaaf-5c12,75,3,5,3,3,5,,2,12.0,MOUNTED,,➤ Plasma talon - Standard,Ranged,2,3,7,-2,1,2,Rapid Fire 1,
Ravenwing Black Knights,Imperium - Adeptus Astartes - Dark Angels,,212d-f302-aaaf-5c12,75,3,5,3,3,5,,2,12.0,MOUNTED,,Black Knight combat weapon,Melee,3,3,5,-2,1,2,Devastating Wounds,
Ravenwing Command Squad,Imperium - Adeptus Astartes - Dark Angels,,e87d-f173-88b9-aa84,105,3,5,4,3,5,,2,12.0,"CHARACTER, MOUNTED",1x T5 W4 Sv3+ Inv5+ char | 1x T5 W4 Sv3+ Inv5+ char | 1x T5 W4 Sv3+ Inv5+ char,Bolt Pistol,Ranged,1,3,4,0,1,1,,
Ravenwing Command Squad,Imperium - Adeptus Astartes - Dark Angels,,e87d-f173-88b9-aa84,105,3,5,4,3,5,,2,12.0,"CHARACTER, MOUNTED",1x T5 W4 Sv3+ Inv5+ char | 1x T5 W4 Sv3+ Inv5+ char | 1x T5 W4 Sv3+ Inv5+ char,Black Knight combat weapon,Melee,3,3,5,-2,1,1,Devastating Wounds,
Ravenwing Command Squad,Imperium - Adeptus Astartes - Dark Angels,,e87d-f173-88b9-aa84,105,3,5,4,3,5,,2,12.0,"CHARACTER, MOUNTED",1x T5 W4 Sv3+ Inv5+ char | 1x T5 W4 Sv3+ Inv5+ char | 1x T5 W4 Sv3+ Inv5+ char,➤ Astartes grenade launcher - krak,Ranged,1,3,9,-2,D3,1,,
Ravenwing Command Squad,Imperium - Adeptus Astartes - Dark Angels,,e87d-f173-88b9-aa84,105,3,5,4,3,5,,2,12.0,"CHARACTER, MOUNTED",1x T5 W4 Sv3+ Inv5+ char | 1x T5 W4 Sv3+ Inv5+ char | 1x T5 W4 Sv3+ Inv5+ char,Bolt Pistol,Ranged,1,3,4,0,1,1,,
Ravenwing Command Squad,Imperium - Adeptus Astartes - Dark Angels,,e87d-f173-88b9-aa84,105,3,5,4,3,5,,2,12.0,"CHARACTER, MOUNTED",1x T5 W4 Sv3+ Inv5+ char | 1x T5 W4 Sv3+ Inv5+ char | 1x T5 W4 Sv3+ Inv5+ char,Black Knight combat weapon,Melee,3,3,5,-2,1,1,Devastating Wounds,
Ravenwing Command Squad,Imperium - Adeptus Astartes - Dark Angels,,e87d-f173-88b9-aa84,105,3,5,4,3,5,,2,12.0,"CHARACTER, MOUNTED",1x T5 W4 Sv3+ Inv5+ char | 1x T5 W4 Sv3+ Inv5+ char | 1x T5 W4 Sv3+ Inv5+ char,➤ Astartes grenade launcher - krak,Ranged,1,3,9,-2,D3,1,,
Ravenwing Command Squad,Imperium - Adeptus Astartes - Dark Angels,,e87d-f173-88b9-aa84,105,3,5,4,3,5,,2,12.0,"CHARACTER, MOUNTED",1x T5 W4 Sv3+ Inv5+ char | 1x T5 W4 Sv3+ Inv5+ char | 1x T5 W4 Sv3+ Inv5+ char,Bolt Pistol,Ranged,1,3,4,0,1,1,,
Ravenwing Command Squad,Imperium - Adeptus Astartes - Dark Angels,,e87d-f173-88b9-aa84,105,3,5,4,3,5,,2,12.0,"CHARACTER, MOUNTED",1x T5 W4 Sv3+ Inv5+ char | 1x T5 W4 Sv3+ Inv5+ char | 1x T5 W4 Sv3+ Inv5+ char,Master-crafted power weapon,Melee,6,2,5,-2,2,1,,
Ravenwing Command Squad,Imperium - Adeptus Astartes - Dark Angels,,e87d-f173-88b9-aa84,105,3,5,4,3,5,,2,12.0,"CHARACTER, MOUNTED",1x T5 W4 Sv3+ Inv5+ char | 1x T5 W4 Sv3+ Inv5+ char | 1x T5 W4 Sv3+ Inv5+ char,➤ Astartes grenade launcher - krak,Ranged,1,3,9,-2,D3,1,,
Ravenwing Dark Talon,Imperium - Adeptus Astartes - Dark Angels,,9b3d-e812-4248-522,200,1,8,11,3,5,,0,0.0,"AIRCRAFT, FLY, VEHICLE",,Armoured Hull,Melee,3,4,6,0,1,1,,
Ravenwing Dark Talon,Imperium - Adeptus Astartes - Dark Angels,,9b3d-e812-4248-522,200,1,8,11,3,5,,0,0.0,"AIRCRAFT, FLY, VEHICLE",,Hurricane bolter,Ranged,6,3,4,0,1,2,"Twin-linked, Rapid Fire 6",
Ravenwing Dark Talon,Imperium - Adeptus Astartes - Dark Angels,,9b3d-e812-4248-522,200,1,8,11,3,5,,0,0.0,"AIRCRAFT, FLY, VEHICLE",,Rift cannon,Ranged,D3+1,3,16,-4,3,1,"Devastating Wounds, Blast",
Ravenwing Darkshroud,Imperium - Adeptus Astartes - Dark Angels,,152b-a271-df2b-21a9,70,1,8,10,3,,,3,14.0,"FLY, VEHICLE",,Close Combat Weapon,Melee,4,3,4,0,1,1,,
Ravenwing Darkshroud,Imperium - Adeptus Astartes - Dark Angels,,152b-a271-df2b-21a9,70,1,8,10,3,,,3,14.0,"FLY, VEHICLE",,Heavy bolter,Ranged,3,3,5,-1,2,1,Sustained Hits 1,
Sammael,Imperium - Adeptus Astartes - Dark Angels,,8f4b-c343-bef5-6779,105,1,5,7,3,4,,2,12.0,"CHARACTER, EPIC HERO, FLY, MOUNTED",,Bolt Pistol,Ranged,1,2,4,0,1,1,,
Sammael,Imperium - Adeptus Astartes - Dark Angels,,8f4b-c343-bef5-6779,105,1,5,7,3,4,,2,12.0,"CHARACTER, EPIC HERO, FLY, MOUNTED",,Master-crafted plasma cannon,Ranged,D3,2,8,-3,2,1,Blast,
Sammael,Imperium - Adeptus Astartes - Dark Angels,,8f4b-c343-bef5-6779,105,1,5,7,3,4,,2,12.0,"CHARACTER, EPIC HERO, FLY, MOUNTED",,Twin storm bolter,Ranged,2,2,4,0,1,1,"Twin-linked, Rapid Fire 2",
Sammael,Imperium - Adeptus Astartes - Dark Angels,,8f4b-c343-bef5-6779,105,1,5,7,3,4,,2,12.0,"CHARACTER, EPIC HERO, FLY, MOUNTED",,The Raven Sword,Melee,6,2,6,-3,2,1,Sustained Hits 2,
Corvus Blackstar,Imperium - Adeptus Astartes - Deathwatch,,d861-972b-54f9-bdfa,180,1,10,14,3,,,0,14.0,"FLY, TRANSPORT, VEHICLE",,Armoured hull,Melee,3,4,6,0,1,1,,
Corvus Blackstar,Imperium - Adeptus Astartes - Deathwatch,,d861-972b-54f9-bdfa,180,1,10,14,3,,,0,14.0,"FLY, TRANSPORT, VEHICLE",,Twin assault cannon,Ranged,6,3,6,0,1,1,"Devastating Wounds, Twin-linked",
Corvus Blackstar,Imperium - Adeptus Astartes - Deathwatch,,d861-972b-54f9-bdfa,180,1,10,14,3,,,0,14.0,"FLY, TRANSPORT, VEHICLE",,Blackstar rocket launcher,Ranged,D6+1,3,5,0,1,2,Blast,
Deathwatch Terminator Squad,Imperium - Adeptus Astartes - Deathwatch,,390e-706b-a059-378b,180,5,5,3,2,4,,1,5.0,INFANTRY,,Power Fist,Melee,3,3,8,-2,2,1,,
Deathwatch Terminator Squad,Imperium - Adeptus Astartes - Deathwatch,,390e-706b-a059-378b,180,5,5,3,2,4,,1,5.0,INFANTRY,,Storm Bolter,Ranged,2,3,4,0,1,1,Rapid Fire 2,
Deathwatch Terminator Squad,Imperium - Adeptus Astartes - Deathwatch,,390e-706b-a059-378b,180,5,5,3,2,4,,1,5.0,INFANTRY,,Power Fist,Melee,3,3,8,-2,2,1,,
Deathwatch Terminator Squad,Imperium - Adeptus Astartes - Deathwatch,,390e-706b-a059-378b,180,5,5,3,2,4,,1,5.0,INFANTRY,,Storm Bolter,Ranged,2,3,4,0,1,1,Rapid Fire 2,
Deathwatch Terminator Squad,Imperium - Adeptus Astartes - Deathwatch,,390e-706b-a059-378b,180,5,5,3,2,4,,1,5.0,INFANTRY,,Power Fist,Melee,3,3,8,-2,2,3,,
Deathwatch Terminator Squad,Imperium - Adeptus Astartes - Deathwatch,,390e-706b-a059-378b,180,5,5,3,2,4,,1,5.0,INFANTRY,,Storm Bolter,Ranged,2,3,4,0,1,3,Rapid Fire 2,
Deathwatch Veterans,Imperium - Adeptus Astartes - Deathwatch,,66ab-476a-134e-ec7b,100,5,4,2,3,,,2,6.0,"BATTLELINE, INFANTRY",,Power weapon,Melee,3,3,5,-2,1,5,,
Fortis Kill Team,Imperium - Adeptus Astartes - Deathwatch,,a077-e1c9-f8f0-d38,195,10,4,2,3,,,2,6.0,INFANTRY,,Bolt pistol,Ranged,1,3,4,0,1,1,,
Fortis Kill Team,Imperium - Adeptus Astartes - Deathwatch,,a077-e1c9-f8f0-d38,195,10,4,2,3,,,2,6.0,INFANTRY,,Astartes Chainsword,Melee,4,3,4,-1,1,1,,
Fortis Kill Team,Imperium - Adeptus Astartes - Deathwatch,,a077-e1c9-f8f0-d38,195,10,4,2,3,,,2,6.0,INFANTRY,,Close combat weapon,Melee,3,3,4,0,1,1,,
Fortis Kill Team,Imperium - Adeptus Astartes - Deathwatch,,a077-e1c9-f8f0-d38,195,10,4,2,3,,,2,6.0,INFANTRY,,Bolt pistol,Ranged,1,3,4,0,1,2,,
Fortis Kill Team,Imperium - Adeptus Astartes - Deathwatch,,a077-e1c9-f8f0-d38,195,10,4,2,3,,,2,6.0,INFANTRY,,Close combat weapon,Melee,3,3,4,0,1,2,,
Fortis Kill Team,Imperium - Adeptus Astartes - Deathwatch,,a077-e1c9-f8f0-d38,195,10,4,2,3,,,2,6.0,INFANTRY,,Deathwatch bolt rifle,Ranged,2,3,5,-2,1,2,"Lethal Hits, Heavy",
Fortis Kill Team,Imperium - Adeptus Astartes - Deathwatch,,a077-e1c9-f8f0-d38,195,10,4,2,3,,,2,6.0,INFANTRY,,Bolt pistol,Ranged,1,3,4,0,1,7,,
Fortis Kill Team,Imperium - Adeptus Astartes - Deathwatch,,a077-e1c9-f8f0-d38,195,10,4,2,3,,,2,6.0,INFANTRY,,Close combat weapon,Melee,3,3,4,0,1,7,,
Fortis Kill Team,Imperium - Adeptus Astartes - Deathwatch,,a077-e1c9-f8f0-d38,195,10,4,2,3,,,2,6.0,INFANTRY,,Deathwatch bolt rifle,Ranged,2,3,5,-2,1,7,"Lethal Hits, Heavy",
Indomitor Kill Team,Imperium - Adeptus Astartes - Deathwatch,,6cb-912c-c43-210b,275,3,6,3,3,,,1,5.0,INFANTRY,,Deathwatch heavy bolt rifle,Ranged,2,3,5,-2,2,2,"Lethal Hits, Heavy",
Indomitor Kill Team,Imperium - Adeptus Astartes - Deathwatch,,6cb-912c-c43-210b,275,3,6,3,3,,,1,5.0,INFANTRY,,Bolt pistol,Ranged,1,3,4,0,1,2,,
Indomitor Kill Team,Imperium - Adeptus Astartes - Deathwatch,,6cb-912c-c43-210b,275,3,6,3,3,,,1,5.0,INFANTRY,,Close combat weapon,Melee,3,3,4,0,1,2,,
Indomitor Kill Team,Imperium - Adeptus Astartes - Deathwatch,,6cb-912c-c43-210b,275,3,6,3,3,,,1,5.0,INFANTRY,,Deathwatch heavy bolt rifle,Ranged,2,3,5,-2,2,1,"Lethal Hits, Heavy",
Indomitor Kill Team,Imperium - Adeptus Astartes - Deathwatch,,6cb-912c-c43-210b,275,3,6,3,3,,,1,5.0,INFANTRY,,Bolt pistol,Ranged,1,3,4,0,1,1,,
Indomitor Kill Team,Imperium - Adeptus Astartes - Deathwatch,,6cb-912c-c43-210b,275,3,6,3,3,,,1,5.0,INFANTRY,,Close combat weapon,Melee,3,3,4,0,1,1,,
Spectrus Kill Team,Imperium - Adeptus Astartes - Deathwatch,,2544-5189-7806-30f3,170,5,4,2,3,,,1,6.0,INFANTRY,,Deathwatch marksman bolt carbine,Ranged,2,3,5,-1,1,3,"Lethal Hits, Heavy",
Spectrus Kill Team,Imperium - Adeptus Astartes - Deathwatch,,2544-5189-7806-30f3,170,5,4,2,3,,,1,6.0,INFANTRY,,Bolt pistol,Ranged,1,3,4,0,1,3,,
Spectrus Kill Team,Imperium - Adeptus Astartes - Deathwatch,,2544-5189-7806-30f3,170,5,4,2,3,,,1,6.0,INFANTRY,,Close combat weapon,Melee,3,3,4,0,1,3,,
Spectrus Kill Team,Imperium - Adeptus Astartes - Deathwatch,,2544-5189-7806-30f3,170,5,4,2,3,,,1,6.0,INFANTRY,,Deathwatch marksman bolt carbine,Ranged,2,3,5,-1,1,2,"Lethal Hits, Heavy",
Spectrus Kill Team,Imperium - Adeptus Astartes - Deathwatch,,2544-5189-7806-30f3,170,5,4,2,3,,,1,6.0,INFANTRY,,Bolt pistol,Ranged,1,3,4,0,1,2,,
Spectrus Kill Team,Imperium - Adeptus Astartes - Deathwatch,,2544-5189-7806-30f3,170,5,4,2,3,,,1,6.0,INFANTRY,,Close combat weapon,Melee,3,3,4,0,1,2,,
Talonstrike Kill Team,Imperium - Adeptus Astartes - Deathwatch,,c679-f252-32b1-ebcc,265,10,4,2,3,,,1,12.0,"FLY, INFANTRY",,Heavy Bolt Pistol,Ranged,1,3,4,-1,1,1,,
Talonstrike Kill Team,Imperium - Adeptus Astartes - Deathwatch,,c679-f252-32b1-ebcc,265,10,4,2,3,,,1,12.0,"FLY, INFANTRY",,Astartes Chainsword,Melee,4,3,4,-1,1,1,,
Talonstrike Kill Team,Imperium - Adeptus Astartes - Deathwatch,,c679-f252-32b1-ebcc,265,10,4,2,3,,,1,12.0,"FLY, INFANTRY",,Astartes Chainsword,Melee,4,3,4,-1,1,2,,
Talonstrike Kill Team,Imperium - Adeptus Astartes - Deathwatch,,c679-f252-32b1-ebcc,265,10,4,2,3,,,1,12.0,"FLY, INFANTRY",,Heavy Bolt Pistol,Ranged,1,3,4,-1,1,2,,
Talonstrike Kill Team,Imperium - Adeptus Astartes - Deathwatch,,c679-f252-32b1-ebcc,265,10,4,2,3,,,1,12.0,"FLY, INFANTRY",,Astartes Chainsword,Melee,4,3,4,-1,1,7,,
Talonstrike Kill Team,Imperium - Adeptus Astartes - Deathwatch,,c679-f252-32b1-ebcc,265,10,4,2,3,,,1,12.0,"FLY, INFANTRY",,Heavy Bolt Pistol,Ranged,1,3,4,-1,1,7,,
Watch Captain Artemis,Imperium - Adeptus Astartes - Deathwatch,,3d7c-2de-31ea-b028,65,1,4,4,3,,,1,6.0,"CHARACTER, EPIC HERO, INFANTRY",,Hellfire Extremis,Ranged,D6,2,4,-1,1,1,"Devastating Wounds, Torrent, Ignores Cover, Anti-Infantry 4+",
Watch Captain Artemis,Imperium - Adeptus Astartes - Deathwatch,,3d7c-2de-31ea-b028,65,1,4,4,3,,,1,6.0,"CHARACTER, EPIC HERO, INFANTRY",,Master-crafted power weapon,Melee,6,2,5,-2,2,1,,
Watch Master,Imperium - Adeptus Astartes - Deathwatch,,f7c3-45d2-a7ac-d8bc,95,1,4,5,2,,,1,6.0,"CHARACTER, INFANTRY",,Vigil spear,Ranged,2,2,4,-1,2,1,,
Watch Master,Imperium - Adeptus Astartes - Deathwatch,,f7c3-45d2-a7ac-d8bc,95,1,4,5,2,,,1,6.0,"CHARACTER, INFANTRY",,Vigil spear,Melee,6,2,6,-2,D3,1,Lance,
Darnath Lysander,Imperium - Adeptus Astartes - Imperial Fists,,eecd-6976-6410-1e42,100,1,5,7,2,4,,1,5.0,"CHARACTER, EPIC HERO, INFANTRY",,Fist of Dorn,Melee,5,2,10,-3,3,1,Devastating Wounds,
Pedro Kantor,Imperium - Adeptus Astartes - Imperial Fists,,59e3-5a97-f36d-5b94,80,1,4,5,2,4,,1,6.0,"CHARACTER, EPIC HERO, INFANTRY",,Dorn's Arrow,Ranged,2,2,5,-1,2,1,"Sustained Hits 1, Rapid Fire 2",
Pedro Kantor,Imperium - Adeptus Astartes - Imperial Fists,,59e3-5a97-f36d-5b94,80,1,4,5,2,4,,1,6.0,"CHARACTER, EPIC HERO, INFANTRY",,Fist of Retribution,Melee,5,2,8,-3,3,1,,
Tor Garadon,Imperium - Adeptus Astartes - Imperial Fists,,5936-83d6-4e30-915c,80,1,6,6,3,4,,1,5.0,"CHARACTER, EPIC HERO, INFANTRY",,Artificer Grav Gun,Ranged,2,2,5,-1,2,1,Anti-Vehicle 2+,
Tor Garadon,Imperium - Adeptus Astartes - Imperial Fists,,5936-83d6-4e30-915c,80,1,6,6,3,4,,1,5.0,"CHARACTER, EPIC HERO, INFANTRY",,Hand of Defiance,Melee,5,2,12,-2,2,1,,
Caanok Var,Imperium - Adeptus Astartes - Iron Hands,,efbb-2823-7b70-5a7a,90,1,5,6,2,4,,1,5.0,"CHARACTER, EPIC HERO, INFANTRY",,Axiom - Strike,Melee,5,2,8,-2,2,1,,
Caanok Var,Imperium - Adeptus Astartes - Iron Hands,,efbb-2823-7b70-5a7a,90,1,5,6,2,4,,1,5.0,"CHARACTER, EPIC HERO, INFANTRY",,Axiom - Sweep,Melee,10,2,5,-2,1,1,,
Caanok Var,Imperium - Adeptus Astartes - Iron Hands,,efbb-2823-7b70-5a7a,90,1,5,6,2,4,,1,5.0,"CHARACTER, EPIC HERO, INFANTRY",,Storm bolter,Ranged,2,2,4,0,1,1,Rapid Fire 2,
Iron Father Feirros,Imperium - Adeptus Astartes - Iron Hands,,6c9d-4ec3-69dd-90b2,85,1,6,6,2,,,1,5.0,"CHARACTER, EPIC HERO, INFANTRY",,Gorgon's Wrath,Ranged,3,2,5,-1,2,1,Sustained Hits 2,
Iron Father Feirros,Imperium - Adeptus Astartes - Iron Hands,,6c9d-4ec3-69dd-90b2,85,1,6,6,2,,,1,5.0,"CHARACTER, EPIC HERO, INFANTRY",,Harrowhand,Melee,6,3,7,-2,2,1,,
Iron Father Feirros,Imperium - Adeptus Astartes - Iron Hands,,6c9d-4ec3-69dd-90b2,85,1,6,6,2,,,1,5.0,"CHARACTER, EPIC HERO, INFANTRY",,Medusan Manipuli,Melee,2,3,8,-2,3,1,,
Iron Father Feirros,Imperium - Adeptus Astartes - Iron Hands,,6c9d-4ec3-69dd-90b2,85,1,6,6,2,,,1,5.0,"CHARACTER, EPIC HERO, INFANTRY",,Bolt pistol,Ranged,1,2,4,0,1,1,,
Aethon Shaan,Imperium - Adeptus Astartes - Raven Guard,,cbb9-15e9-16ae-6597,100,1,4,5,3,4,,1,14.0,"CHARACTER, EPIC HERO, FLY, INFANTRY",,Claws of Severax,Melee,7,2,5,-2,2,1,"Sustained Hits 2, Twin-linked",
Aethon Shaan,Imperium - Adeptus Astartes - Raven Guard,,cbb9-15e9-16ae-6597,100,1,4,5,3,4,,1,14.0,"CHARACTER, EPIC HERO, FLY, INFANTRY",,Heavy Bolt Pistol,Ranged,1,2,4,-1,1,1,,
Kayvaan Shrike,Imperium - Adeptus Astartes - Raven Guard,,339f-9776-243d-69a6,100,1,4,5,3,4,,1,12.0,"CHARACTER, EPIC HERO, FLY, INFANTRY",,Blackout,Ranged,2,2,5,-1,2,1,,
Kayvaan Shrike,Imperium - Adeptus Astartes - Raven Guard,,339f-9776-243d-69a6,100,1,4,5,3,4,,1,12.0,"CHARACTER, EPIC HERO, FLY, INFANTRY",,The Raven's Talons,Melee,7,2,5,-2,2,1,Twin-linked,
Adrax Agatone,Imperium - Adeptus Astartes - Salamanders,,98c-87ea-f51b-1475,80,1,4,5,2,4,,1,6.0,"CHARACTER, EPIC HERO, INFANTRY",,Drakkis,Ranged,D6+3,2,4,-1,1,1,"Torrent, Ignores Cover",
Adrax Agatone,Imperium - Adeptus Astartes - Salamanders,,98c-87ea-f51b-1475,80,1,4,5,2,4,,1,6.0,"CHARACTER, EPIC HERO, INFANTRY",,Malleus Noctum,Melee,5,2,10,-2,3,1,,
Vulkan He'stan,Imperium - Adeptus Astartes - Salamanders,,b351-fccc-2121-1e1e,95,1,4,5,2,4,,1,6.0,"CHARACTER, EPIC HERO, INFANTRY",,Gauntlet of the Forge,Ranged,D6+3,2,6,-1,1,1,"Torrent, Ignores Cover",
Vulkan He'stan,Imperium - Adeptus Astartes - Salamanders,,b351-fccc-2121-1e1e,95,1,4,5,2,4,,1,6.0,"CHARACTER, EPIC HERO, INFANTRY",,Spear of Vulkan,Melee,6,2,6,-2,2,1,Devastating Wounds,
Vulkan He'stan,Imperium - Adeptus Astartes - Salamanders,,b351-fccc-2121-1e1e,95,1,4,5,2,4,,1,6.0,"CHARACTER, EPIC HERO, INFANTRY",,Bolt pistol,Ranged,1,2,4,0,1,1,,
Arjac Rockfist,Imperium - Adeptus Astartes - Space Wolves,,a9c8-1a6-a0e1-7698,95,1,5,6,2,4,,1,6.0,"CHARACTER, EPIC HERO, INFANTRY",,Foehammer,Melee,5,2,8,-2,3,1,"Anti-Monster 3+, Anti-Vehicle 3+",
Arjac Rockfist,Imperium - Adeptus Astartes - Space Wolves,,a9c8-1a6-a0e1-7698,95,1,5,6,2,4,,1,6.0,"CHARACTER, EPIC HERO, INFANTRY",,Foehammer,Ranged,1,2,8,-2,3,1,"Anti-Monster 3+, Anti-Vehicle 3+",
Bjorn the Fell-Handed,Imperium - Adeptus Astartes - Space Wolves,,c35a-6d78-2169-3d23,160,1,9,8,2,5,,3,9.0,"CHARACTER, EPIC HERO, VEHICLE, WALKER",,Trueclaw,Melee,6,2,12,-2,3,1,Lethal Hits,
Bjorn the Fell-Handed,Imperium - Adeptus Astartes - Space Wolves,,c35a-6d78-2169-3d23,160,1,9,8,2,5,,3,9.0,"CHARACTER, EPIC HERO, VEHICLE, WALKER",,Heavy Flamer,Ranged,D6,2,5,-1,1,1,"Torrent, Ignores Cover",
Bjorn the Fell-Handed,Imperium - Adeptus Astartes - Space Wolves,,c35a-6d78-2169-3d23,160,1,9,8,2,5,,3,9.0,"CHARACTER, EPIC HERO, VEHICLE, WALKER",,Assault cannon,Ranged,6,2,6,0,1,1,Devastating Wounds,
Blood Claws,Imperium - Adeptus Astartes - Space Wolves,,fa8f-f5a2-993-bdbb,135,10,4,2,3,,,2,7.0,"BATTLELINE, INFANTRY",,Astartes Chainsword,Melee,4,3,4,-1,1,8,,
Blood Claws,Imperium - Adeptus Astartes - Space Wolves,,fa8f-f5a2-993-bdbb,135,10,4,2,3,,,2,7.0,"BATTLELINE, INFANTRY",,Bolt pistol,Ranged,1,3,4,0,1,8,,
Blood Claws,Imperium - Adeptus Astartes - Space Wolves,,fa8f-f5a2-993-bdbb,135,10,4,2,3,,,2,7.0,"BATTLELINE, INFANTRY",,Bolt pistol,Ranged,1,3,4,0,1,1,,
Blood Claws,Imperium - Adeptus Astartes - Space Wolves,,fa8f-f5a2-993-bdbb,135,10,4,2,3,,,2,7.0,"BATTLELINE, INFANTRY",,Astartes Chainsword,Melee,4,3,4,-1,1,1,,
Blood Claws,Imperium - Adeptus Astartes - Space Wolves,,fa8f-f5a2-993-bdbb,135,10,4,2,3,,,2,7.0,"BATTLELINE, INFANTRY",,Astartes Chainsword,Melee,4,3,4,-1,1,1,,
Blood Claws,Imperium - Adeptus Astartes - Space Wolves,,fa8f-f5a2-993-bdbb,135,10,4,2,3,,,2,7.0,"BATTLELINE, INFANTRY",,Bolt pistol,Ranged,1,3,4,0,1,1,,
Fenrisian Wolves,Imperium - Adeptus Astartes - Space Wolves,,dc75-5a79-4121-1d72,45,5,4,1,6,,,0,10.0,BEAST,,Teeth and claws,Melee,3,4,4,0,1,5,,
Grey Hunters,Imperium - Adeptus Astartes - Space Wolves,,60ce-47ea-50fa-53f2,165,10,4,2,3,,,3,7.0,"BATTLELINE, INFANTRY",,Bolt pistol,Ranged,1,3,4,0,1,1,,
Grey Hunters,Imperium - Adeptus Astartes - Space Wolves,,60ce-47ea-50fa-53f2,165,10,4,2,3,,,3,7.0,"BATTLELINE, INFANTRY",,Power fist,Melee,3,3,8,-2,2,1,,
Grey Hunters,Imperium - Adeptus Astartes - Space Wolves,,60ce-47ea-50fa-53f2,165,10,4,2,3,,,3,7.0,"BATTLELINE, INFANTRY",,Bolt Carbine,Ranged,2,3,4,0,1,1,Rapid Fire 1,
Grey Hunters,Imperium - Adeptus Astartes - Space Wolves,,60ce-47ea-50fa-53f2,165,10,4,2,3,,,3,7.0,"BATTLELINE, INFANTRY",,Bolt Carbine,Ranged,2,3,4,0,1,9,Rapid Fire 1,
Grey Hunters,Imperium - Adeptus Astartes - Space Wolves,,60ce-47ea-50fa-53f2,165,10,4,2,3,,,3,7.0,"BATTLELINE, INFANTRY",,Bolt pistol,Ranged,1,3,4,0,1,9,,
Grey Hunters,Imperium - Adeptus Astartes - Space Wolves,,60ce-47ea-50fa-53f2,165,10,4,2,3,,,3,7.0,"BATTLELINE, INFANTRY",,Astartes Chainsword,Melee,4,3,4,-1,1,9,,
Iron Priest,Imperium - Adeptus Astartes - Space Wolves,,3212-bec7-a50e-3363,50,1,4,4,2,,,1,7.0,"CHARACTER, INFANTRY",,➤ Helfrost pistol - dispersed,Ranged,D6,2,4,-1,1,1,Torrent,
Iron Priest,Imperium - Adeptus Astartes - Space Wolves,,3212-bec7-a50e-3363,50,1,4,4,2,,,1,7.0,"CHARACTER, INFANTRY",,Tempest hammer and Servo-arm,Melee,4,4,8,-2,3,1,,
Logan Grimnar,Imperium - Adeptus Astartes - Space Wolves,,c65-46c6-3a62-80c,100,1,5,8,2,4,,1,6.0,"CHARACTER, EPIC HERO, INFANTRY",,Tyrnak and Fenrir,Melee,6,2,5,-1,1,1,,
Logan Grimnar,Imperium - Adeptus Astartes - Space Wolves,,c65-46c6-3a62-80c,100,1,5,8,2,4,,1,6.0,"CHARACTER, EPIC HERO, INFANTRY",,Storm bolter,Ranged,2,3,4,0,1,1,Rapid Fire 2,
Logan Grimnar,Imperium - Adeptus Astartes - Space Wolves,,c65-46c6-3a62-80c,100,1,5,8,2,4,,1,6.0,"CHARACTER, EPIC HERO, INFANTRY",,➤ Axe Morkai - Sweep,Melee,10,2,6,-2,1,1,,
Murderfang,Imperium - Adeptus Astartes - Space Wolves,,6ef5-6700-d888-df3b,150,1,9,8,2,,,0,9.0,"CHARACTER, EPIC HERO, VEHICLE, WALKER",,Murderclaws,Melee,8,3,14,-2,3,1,"Sustained Hits 1, Twin-linked",
Murderfang,Imperium - Adeptus Astartes - Space Wolves,,6ef5-6700-d888-df3b,150,1,9,8,2,,,0,9.0,"CHARACTER, EPIC HERO, VEHICLE, WALKER",,Storm Bolter,Ranged,2,3,4,0,1,1,Rapid Fire 2,
Murderfang,Imperium - Adeptus Astartes - Space Wolves,,6ef5-6700-d888-df3b,150,1,9,8,2,,,0,9.0,"CHARACTER, EPIC HERO, VEHICLE, WALKER",,Heavy Flamer,Ranged,D6,2,5,-1,1,1,"Torrent, Ignores Cover",
Njal Stormcaller,Imperium - Adeptus Astartes - Space Wolves,,bd47-a00a-e70-abd6,75,1,4,4,3,4,,1,7.0,"CHARACTER, EPIC HERO, INFANTRY, PSYKER",,Staff of the Stormcaller,Melee,4,3,7,-1,D3,1,Sustained Hits 2,
Njal Stormcaller,Imperium - Adeptus Astartes - Space Wolves,,bd47-a00a-e70-abd6,75,1,4,4,3,4,,1,7.0,"CHARACTER, EPIC HERO, INFANTRY, PSYKER",,➤ Living Lightning - witchfire,Ranged,D6,3,7,-1,1,1,Sustained Hits 2,
Njal Stormcaller,Imperium - Adeptus Astartes - Space Wolves,,bd47-a00a-e70-abd6,75,1,4,4,3,4,,1,7.0,"CHARACTER, EPIC HERO, INFANTRY, PSYKER",,Bolt pistol,Ranged,1,3,4,0,1,1,,
Ragnar Blackmane,Imperium - Adeptus Astartes - Space Wolves,,23d2-ea9a-cc45-476,90,1,4,5,3,4,,1,7.0,"CHARACTER, EPIC HERO, INFANTRY",,Frostfang,Melee,8,2,6,-3,2,1,Sustained Hits 1,
Ragnar Blackmane,Imperium - Adeptus Astartes - Space Wolves,,23d2-ea9a-cc45-476,90,1,4,5,3,4,,1,7.0,"CHARACTER, EPIC HERO, INFANTRY",,Bolt pistol,Ranged,1,2,4,0,1,1,,
Thunderwolf Cavalry,Imperium - Adeptus Astartes - Space Wolves,,7a50-3722-8195-5877,100,3,6,4,3,,,2,12.0,MOUNTED,,Wolf Guard Weapon,Melee,4,3,5,-2,2,3,,
Thunderwolf Cavalry,Imperium - Adeptus Astartes - Space Wolves,,7a50-3722-8195-5877,100,3,6,4,3,,,2,12.0,MOUNTED,,Crushing teeth and claws,Melee,3,4,5,-1,1,3,,
Thunderwolf Cavalry,Imperium - Adeptus Astartes - Space Wolves,,7a50-3722-8195-5877,100,3,6,4,3,,,2,12.0,MOUNTED,,Bolt pistol,Ranged,1,3,4,0,1,3,,
Ulrik the Slayer,Imperium - Adeptus Astartes - Space Wolves,,fc7c-83a5-7106-41ab,70,1,4,4,3,4,,1,7.0,"CHARACTER, EPIC HERO, INFANTRY",,➤ Plasma pistol - standard,Ranged,1,2,7,-2,1,1,,
Ulrik the Slayer,Imperium - Adeptus Astartes - Space Wolves,,fc7c-83a5-7106-41ab,70,1,4,4,3,4,,1,7.0,"CHARACTER, EPIC HERO, INFANTRY",,Artificer crozius,Melee,5,2,6,-2,2,1,"Anti-Monster 4+, Anti-Vehicle 4+",
Venerable Dreadnought,Imperium - Adeptus Astartes - Space Wolves,,c125-1106-f06d-9682,125,1,9,8,2,,,3,8.0,"VEHICLE, WALKER",,Dreadnought Combat Weapon,Melee,5,3,12,-2,3,1,,
Venerable Dreadnought,Imperium - Adeptus Astartes - Space Wolves,,c125-1106-f06d-9682,125,1,9,8,2,,,3,8.0,"VEHICLE, WALKER",,Assault Cannon,Ranged,6,3,6,0,1,1,Devastating Wounds,
Wolf Guard Battle Leader,Imperium - Adeptus Astartes - Space Wolves,,bbdb-49fd-da4d-3d7a,65,1,4,5,3,4,,1,7.0,"CHARACTER, INFANTRY",,Master-crafted Power Weapon,Melee,7,2,5,-2,2,1,,
Wolf Guard Battle Leader,Imperium - Adeptus Astartes - Space Wolves,,bbdb-49fd-da4d-3d7a,65,1,4,5,3,4,,1,7.0,"CHARACTER, INFANTRY",,Master-crafted Bolt Carbine,Ranged,2,3,4,0,2,1,,
Wolf Guard Headtakers,Imperium - Adeptus Astartes - Space Wolves,,d4ef-1ddc-1ed5-5156,85,3,4,3,3,4,,1,7.0,INFANTRY,,Master-crafted Power Weapon,Melee,4,3,5,-2,2,3,,
Wolf Guard Headtakers,Imperium - Adeptus Astartes - Space Wolves,,d4ef-1ddc-1ed5-5156,85,3,4,3,3,4,,1,7.0,INFANTRY,,Heavy Bolt Pistol,Ranged,1,3,4,-1,1,3,,
Wolf Guard Terminators,Imperium - Adeptus Astartes - Space Wolves,,ca30-caf3-d7a8-1d32,155,5,5,3,2,4,,1,6.0,INFANTRY,,Master-crafted Power Weapon,Melee,4,3,5,-2,2,1,,
Wolf Guard Terminators,Imperium - Adeptus Astartes - Space Wolves,,ca30-caf3-d7a8-1d32,155,5,5,3,2,4,,1,6.0,INFANTRY,,Storm Bolter,Ranged,2,2,4,0,1,1,Rapid Fire 2,
Wolf Guard Terminators,Imperium - Adeptus Astartes - Space Wolves,,ca30-caf3-d7a8-1d32,155,5,5,3,2,4,,1,6.0,INFANTRY,,Master-crafted Power Weapon,Melee,4,3,5,-2,2,4,,
Wolf Guard Terminators,Imperium - Adeptus Astartes - Space Wolves,,ca30-caf3-d7a8-1d32,155,5,5,3,2,4,,1,6.0,INFANTRY,,Storm Bolter,Ranged,2,2,4,0,1,4,Rapid Fire 2,
Wolf Priest,Imperium - Adeptus Astartes - Space Wolves,,b3b1-d1df-d9be-d48e,70,1,4,4,3,4,,1,7.0,"CHARACTER, INFANTRY",,Crozius arcanum,Melee,5,2,6,-1,2,1,,
Wolf Priest,Imperium - Adeptus Astartes - Space Wolves,,b3b1-d1df-d9be-d48e,70,1,4,4,3,4,,1,7.0,"CHARACTER, INFANTRY",,Absolvor bolt pistol,Ranged,1,3,5,-1,2,1,,
Wulfen Dreadnought,Imperium - Adeptus Astartes - Space Wolves,,91fa-49ac-5b0a-c155,135,1,9,8,2,,,0,9.0,"VEHICLE, WALKER",,Great wolf claw,Melee,6,3,10,-3,3,2,,
Wulfen Dreadnought,Imperium - Adeptus Astartes - Space Wolves,,91fa-49ac-5b0a-c155,135,1,9,8,2,,,0,9.0,"VEHICLE, WALKER",,Storm Bolter,Ranged,2,3,4,0,1,2,Rapid Fire 2,
Wulfen with Storm Shields,Imperium - Adeptus Astartes - Space Wolves,,4c72-3f0c-7f94-af96,100,5,6,2,4,4,,0,9.0,INFANTRY,,Thunder Hammer,Melee,2,3,5,-2,3,5,"Anti-Monster 3+, Anti-Vehicle 3+",
Captain Sicarius,Imperium - Adeptus Astartes - Ultramarines,,2ae8-40ec-ba34-dfe5,85,1,4,5,2,,,1,6.0,"CHARACTER, EPIC HERO, INFANTRY",,Artisan Plasma Pistol,Ranged,1,2,8,-3,2,1,,
Captain Sicarius,Imperium - Adeptus Astartes - Ultramarines,,2ae8-40ec-ba34-dfe5,85,1,4,5,2,,,1,6.0,"CHARACTER, EPIC HERO, INFANTRY",,Talassarian Tempest Blade,Melee,6,2,5,-2,2,1,Lethal Hits,
Captain Titus,Imperium - Adeptus Astartes - Ultramarines,,596f-dbdc-41e7-088a,100,1,4,6,3,4,,1,6.0,"CHARACTER, EPIC HERO, INFANTRY",,Master-crafted Chainsword,Melee,8,2,5,-1,2,1,Anti-Infantry 2+,
Captain Titus,Imperium - Adeptus Astartes - Ultramarines,,596f-dbdc-41e7-088a,100,1,4,6,3,4,,1,6.0,"CHARACTER, EPIC HERO, INFANTRY",,Master-crafted Bolter,Ranged,2,2,4,-1,2,1,Heavy,
Captain Titus,Imperium - Adeptus Astartes - Ultramarines,,596f-dbdc-41e7-088a,100,1,4,6,3,4,,1,6.0,"CHARACTER, EPIC HERO, INFANTRY",,Bolt pistol,Ranged,1,2,4,0,1,1,,
Cato Sicarius,Imperium - Adeptus Astartes - Ultramarines,,b014-911d-271a-5b8e,105,1,4,5,2,4,,1,6.0,"CHARACTER, EPIC HERO, INFANTRY",,Artisan Plasma Pistol,Ranged,1,2,8,-3,2,1,,
Cato Sicarius,Imperium - Adeptus Astartes - Ultramarines,,b014-911d-271a-5b8e,105,1,4,5,2,4,,1,6.0,"CHARACTER, EPIC HERO, INFANTRY",,➤ Talassarian Tempest Blade - Strike,Melee,4,2,6,-3,3,1,Devastating Wounds,
Chief Librarian Tigurius,Imperium - Adeptus Astartes - Ultramarines,,3ef1-1647-cd7b-a40b,85,1,4,4,3,4,,1,6.0,"CHARACTER, EPIC HERO, INFANTRY, PSYKER",,➤ Storm of the Emperor’s Wrath - Witchfire,Ranged,D6,2,6,-2,2,1,Blast,
Chief Librarian Tigurius,Imperium - Adeptus Astartes - Ultramarines,,3ef1-1647-cd7b-a40b,85,1,4,4,3,4,,1,6.0,"CHARACTER, EPIC HERO, INFANTRY, PSYKER",,Rod of Tigurius,Melee,5,3,7,-2,D3,1,,
Chief Librarian Tigurius,Imperium - Adeptus Astartes - Ultramarines,,3ef1-1647-cd7b-a40b,85,1,4,4,3,4,,1,6.0,"CHARACTER, EPIC HERO, INFANTRY, PSYKER",,Bolt pistol,Ranged,1,2,4,0,1,1,,
Lieutenant Titus,Imperium - Adeptus Astartes - Ultramarines,,b07a-c1e9-24e5-09ee,70,1,4,5,3,,,1,6.0,"CHARACTER, EPIC HERO, INFANTRY",,Astartes Chainsword,Melee,8,2,4,-1,1,1,Anti-Infantry 2+,
Lieutenant Titus,Imperium - Adeptus Astartes - Ultramarines,,b07a-c1e9-24e5-09ee,70,1,4,5,3,,,1,6.0,"CHARACTER, EPIC HERO, INFANTRY",,Heavy Bolt Pistol,Ranged,1,2,4,-1,1,1,,
Marneus Calgar,Imperium - Adeptus Astartes - Ultramarines,,5380-5757-2c46-31cc,200,3,6,6,2,,,1,6.0,"EPIC HERO, INFANTRY",,Gauntlets of Ultramar,Ranged,4,2,4,-1,2,1,Twin-linked,
Marneus Calgar,Imperium - Adeptus Astartes - Ultramarines,,5380-5757-2c46-31cc,200,3,6,6,2,,,1,6.0,"EPIC HERO, INFANTRY",,Gauntlets of Ultramar,Melee,6,2,8,-3,3,1,Twin-linked,
Marneus Calgar,Imperium - Adeptus Astartes - Ultramarines,,5380-5757-2c46-31cc,200,3,6,6,2,,,1,6.0,"EPIC HERO, INFANTRY",,Victrix Power Sword,Melee,5,2,5,-2,2,2,,
Marneus Calgar in Armour of Antilochus,Imperium - Adeptus Astartes - Ultramarines,,a136-76f7-34d1-8035,155,1,6,6,2,4,,1,6.0,"CHARACTER, EPIC HERO, INFANTRY",,Gauntlets of Ultramar,Ranged,4,2,4,-1,2,1,Twin-linked,
Marneus Calgar in Armour of Antilochus,Imperium - Adeptus Astartes - Ultramarines,,a136-76f7-34d1-8035,155,1,6,6,2,4,,1,6.0,"CHARACTER, EPIC HERO, INFANTRY",,Gauntlets of Ultramar,Melee,6,2,8,-3,3,1,Twin-linked,
Roboute Guilliman,Imperium - Adeptus Astartes - Ultramarines,,4aea-b1cc-6c69-1c44,355,1,9,10,2,4,,4,8.0,"CHARACTER, EPIC HERO, MONSTER",,Hand of Dominion,Ranged,2,2,6,-2,2,1,Rapid Fire 2,
Roboute Guilliman,Imperium - Adeptus Astartes - Ultramarines,,4aea-b1cc-6c69-1c44,355,1,9,10,2,4,,4,8.0,"CHARACTER, EPIC HERO, MONSTER",,Hand of Dominion,Melee,7,2,14,-4,4,1,Lethal Hits,
Roboute Guilliman,Imperium - Adeptus Astartes - Ultramarines,,4aea-b1cc-6c69-1c44,355,1,9,10,2,4,,4,8.0,"CHARACTER, EPIC HERO, MONSTER",,The Emperor's Sword,Melee,14,2,8,-3,2,1,Devastating Wounds,
Uriel Ventris,Imperium - Adeptus Astartes - Ultramarines,,169a-7229-ea50-1c4f,105,1,4,5,3,4,,1,6.0,"CHARACTER, EPIC HERO, INFANTRY",,Invictus,Ranged,2,2,4,-1,2,1,,
Uriel Ventris,Imperium - Adeptus Astartes - Ultramarines,,169a-7229-ea50-1c4f,105,1,4,5,3,4,,1,6.0,"CHARACTER, EPIC HERO, INFANTRY",,Sword of Idaeus,Melee,6,2,6,-2,2,1,Sustained Hits 1,
Uriel Ventris,Imperium - Adeptus Astartes - Ultramarines,,169a-7229-ea50-1c4f,105,1,4,5,3,4,,1,6.0,"CHARACTER, EPIC HERO, INFANTRY",,Bolt pistol,Ranged,1,2,4,0,1,1,,
Wardens of Ultramar,Imperium - Adeptus Astartes - Ultramarines,,b793-b77e-9e49-d397,120,6,4,4,3,,,1,6.0,"EPIC HERO, INFANTRY",,Close combat weapon,Melee,4,2,4,0,1,1,,
Wardens of Ultramar,Imperium - Adeptus Astartes - Ultramarines,,b793-b77e-9e49-d397,120,6,4,4,3,,,1,6.0,"EPIC HERO, INFANTRY",,Bolt Rifle,Ranged,2,3,4,-1,1,1,Heavy,
Wardens of Ultramar,Imperium - Adeptus Astartes - Ultramarines,,b793-b77e-9e49-d397,120,6,4,4,3,,,1,6.0,"EPIC HERO, INFANTRY",,Heavy Bolt Pistol,Ranged,1,3,4,-1,1,1,,
Wardens of Ultramar,Imperium - Adeptus Astartes - Ultramarines,,b793-b77e-9e49-d397,120,6,4,4,3,,,1,6.0,"EPIC HERO, INFANTRY",,Master-crafted power weapon,Melee,5,2,5,-2,2,1,,
Wardens of Ultramar,Imperium - Adeptus Astartes - Ultramarines,,b793-b77e-9e49-d397,120,6,4,4,3,,,1,6.0,"EPIC HERO, INFANTRY",,Archeotech Laspistol,Ranged,1,3,4,-1,1,1,,
Wardens of Ultramar,Imperium - Adeptus Astartes - Ultramarines,,b793-b77e-9e49-d397,120,6,4,4,3,,,1,6.0,"EPIC HERO, INFANTRY",,Power Weapon,Melee,4,2,4,-2,1,1,,
Wardens of Ultramar,Imperium - Adeptus Astartes - Ultramarines,,b793-b77e-9e49-d397,120,6,4,4,3,,,1,6.0,"EPIC HERO, INFANTRY",,Archeotech Laspistol,Ranged,1,3,4,-1,1,1,,
Wardens of Ultramar,Imperium - Adeptus Astartes - Ultramarines,,b793-b77e-9e49-d397,120,6,4,4,3,,,1,6.0,"EPIC HERO, INFANTRY",,Power Weapon,Melee,4,2,4,-2,1,1,,
Wardens of Ultramar,Imperium - Adeptus Astartes - Ultramarines,,b793-b77e-9e49-d397,120,6,4,4,3,,,1,6.0,"EPIC HERO, INFANTRY",,Astropathic Blast,Ranged,D6,3,4,-1,1,1,Blast,
Wardens of Ultramar,Imperium - Adeptus Astartes - Ultramarines,,b793-b77e-9e49-d397,120,6,4,4,3,,,1,6.0,"EPIC HERO, INFANTRY",,Force Stave,Melee,1,2,5,-2,2,1,,
Wardens of Ultramar,Imperium - Adeptus Astartes - Ultramarines,,b793-b77e-9e49-d397,120,6,4,4,3,,,1,6.0,"EPIC HERO, INFANTRY",,Close combat weapon,Melee,4,2,4,0,1,1,,
Wardens of Ultramar,Imperium - Adeptus Astartes - Ultramarines,,b793-b77e-9e49-d397,120,6,4,4,3,,,1,6.0,"EPIC HERO, INFANTRY",,Archeotech Laspistol,Ranged,1,3,4,-1,1,1,,
Kor'sarro Khan,Imperium - Adeptus Astartes - White Scars,,63f3-6aeb-c9ed-abfc,55,1,4,5,3,4,,1,6.0,"CHARACTER, EPIC HERO, INFANTRY",,Moonfang,Melee,6,2,5,-2,2,1,Devastating Wounds,
Kor'sarro Khan,Imperium - Adeptus Astartes - White Scars,,63f3-6aeb-c9ed-abfc,55,1,4,5,3,4,,1,6.0,"CHARACTER, EPIC HERO, INFANTRY",,Bolt pistol,Ranged,1,2,4,0,1,1,,
Suboden Khan,Imperium - Adeptus Astartes - White Scars,,d72d-b930-9849-924e,90,1,5,8,3,4,,2,12.0,"CHARACTER, EPIC HERO, MOUNTED",,Onslaught Gatling Cannon,Ranged,8,2,5,0,1,1,Devastating Wounds,
Suboden Khan,Imperium - Adeptus Astartes - White Scars,,d72d-b930-9849-924e,90,1,5,8,3,4,,2,12.0,"CHARACTER, EPIC HERO, MOUNTED",,Stormtooth,Melee,6,2,6,-2,2,1,"Lance, Anti-Monster 4+, Anti-Vehicle 4+",
Suboden Khan,Imperium - Adeptus Astartes - White Scars,,d72d-b930-9849-924e,90,1,5,8,3,4,,2,12.0,"CHARACTER, EPIC HERO, MOUNTED",,Power Sword,Melee,8,2,5,-2,1,1,,
Suboden Khan,Imperium - Adeptus Astartes - White Scars,,d72d-b930-9849-924e,90,1,5,8,3,4,,2,12.0,"CHARACTER, EPIC HERO, MOUNTED",,Heavy Bolt Pistol,Ranged,1,2,4,-1,1,1,,
Agamatus Custodians,Imperium - Adeptus Custodes,,00ab-41c4-cf52-4ad2,225,3,6,4,2,4,,2,12.0,"FLY, MOUNTED",,Lastrum bolt cannon,Ranged,3,2,6,-1,1,3,Sustained Hits 1,
Agamatus Custodians,Imperium - Adeptus Custodes,,00ab-41c4-cf52-4ad2,225,3,6,4,2,4,,2,12.0,"FLY, MOUNTED",,Interceptor Lance,Melee,5,2,7,-2,2,3,Lance,
Aleya,Imperium - Adeptus Custodes,,9e42-7207-9c30-6122,55,1,3,4,3,5,,1,6.0,"CHARACTER, EPIC HERO, INFANTRY",,Somnus,Melee,4,2,6,-3,3,1,"Devastating Wounds, Anti-Psyker 5+",
Allarus Custodians,Imperium - Adeptus Custodes,,c8a6-a4c5-703e-b717,110,2,7,4,2,4,,2,5.0,INFANTRY,,Guardian Spear,Melee,5,2,7,-2,2,2,,
Allarus Custodians,Imperium - Adeptus Custodes,,c8a6-a4c5-703e-b717,110,2,7,4,2,4,,2,5.0,INFANTRY,,Guardian Spear,Ranged,2,2,4,-1,2,2,,
Allarus Custodians,Imperium - Adeptus Custodes,,c8a6-a4c5-703e-b717,110,2,7,4,2,4,,2,5.0,INFANTRY,,Balistus grenade launcher,Ranged,D6,2,4,-1,1,2,Blast,
Anathema Psykana Rhino,Imperium - Adeptus Custodes,,d7cb-7d30-715b-50d2,65,1,9,10,3,,,2,12.0,"TRANSPORT, VEHICLE",,Storm Bolter,Ranged,2,3,4,0,1,1,Rapid Fire 2,
Anathema Psykana Rhino,Imperium - Adeptus Custodes,,d7cb-7d30-715b-50d2,65,1,9,10,3,,,2,12.0,"TRANSPORT, VEHICLE",,Armoured tracks,Melee,3,4,6,0,1,1,,
Aquilon Custodians,Imperium - Adeptus Custodes,,03bc-0141-b967-40e0,195,3,7,4,2,4,,2,5.0,INFANTRY,,Solerite power gauntlet,Melee,5,2,8,-2,2,3,,
Aquilon Custodians,Imperium - Adeptus Custodes,,03bc-0141-b967-40e0,195,3,7,4,2,4,,2,5.0,INFANTRY,,Lastrum storm bolter,Ranged,2,2,5,-1,1,3,Rapid Fire 2,
Ares Gunship,Imperium - Adeptus Custodes,,9335-74d9-ad68-3ff7,580,1,12,22,2,5,,0,0.0,"AIRCRAFT, FLY, VEHICLE",,Arachnus heavy blaze cannon,Ranged,4,2,12,-3,D6+1,2,,
Ares Gunship,Imperium - Adeptus Custodes,,9335-74d9-ad68-3ff7,580,1,12,22,2,5,,0,0.0,"AIRCRAFT, FLY, VEHICLE",,Arachnus magna-blaze cannon,Ranged,3,2,18,-4,D6+6,1,,
Ares Gunship,Imperium - Adeptus Custodes,,9335-74d9-ad68-3ff7,580,1,12,22,2,5,,0,0.0,"AIRCRAFT, FLY, VEHICLE",,Armoured hull,Melee,9,4,9,0,1,1,,
Blade Champion,Imperium - Adeptus Custodes,,48b7-e713-d5b1-f11c,110,1,6,6,2,4,,2,6.0,"CHARACTER, INFANTRY",,➤ Vaultswords - Behemor,Melee,6,2,7,-2,2,1,,
Caladius Grav-tank,Imperium - Adeptus Custodes,,3ee2-62a9-af84-1a90,210,1,11,14,2,5,,4,10.0,"FLY, VEHICLE",,Armoured hull,Melee,4,4,6,0,1,1,,
Caladius Grav-tank,Imperium - Adeptus Custodes,,3ee2-62a9-af84-1a90,210,1,11,14,2,5,,4,10.0,"FLY, VEHICLE",,Twin lastrum bolt cannon,Ranged,3,2,6,-1,1,1,Sustained Hits 1,
Caladius Grav-tank,Imperium - Adeptus Custodes,,3ee2-62a9-af84-1a90,210,1,11,14,2,5,,4,10.0,"FLY, VEHICLE",,Twin iliastus accelerator cannon,Ranged,4,2,10,-1,3,1,"Twin-linked, Rapid Fire 4",
Contemptor-Achillus Dreadnought,Imperium - Adeptus Custodes,,db3b-02cd-87a2-3b52,155,1,9,10,2,5,,3,6.0,"VEHICLE, WALKER",,Achillus dreadspear,Ranged,1,2,9,-2,3,1,,
Contemptor-Achillus Dreadnought,Imperium - Adeptus Custodes,,db3b-02cd-87a2-3b52,155,1,9,10,2,5,,3,6.0,"VEHICLE, WALKER",,Achillus dreadspear,Melee,5,2,12,-2,D6+1,1,Lance,
Contemptor-Achillus Dreadnought,Imperium - Adeptus Custodes,,db3b-02cd-87a2-3b52,155,1,9,10,2,5,,3,6.0,"VEHICLE, WALKER",,Lastrum storm bolter,Ranged,2,2,5,-1,1,2,Rapid Fire 2,
Contemptor-Galatus Dreadnought,Imperium - Adeptus Custodes,,4988-d93e-5034-2b3c,165,1,9,10,2,4,,3,6.0,"VEHICLE, WALKER",,Galatus warblade,Ranged,D6,2,6,-1,1,1,"Twin-linked, Torrent, Ignores Cover",
Contemptor-Galatus Dreadnought,Imperium - Adeptus Custodes,,4988-d93e-5034-2b3c,165,1,9,10,2,4,,3,6.0,"VEHICLE, WALKER",,Galatus warblade,Melee,8,2,8,-2,3,1,,
Coronus Grav-carrier,Imperium - Adeptus Custodes,,f35e-ef9c-9ef4-77e1,180,1,12,16,2,5,,5,12.0,"FLY, TRANSPORT, VEHICLE",,Armoured hull,Melee,6,4,8,0,1,1,,
Coronus Grav-carrier,Imperium - Adeptus Custodes,,f35e-ef9c-9ef4-77e1,180,1,12,16,2,5,,5,12.0,"FLY, TRANSPORT, VEHICLE",,Twin arachnus blaze cannon,Ranged,8,2,5,-1,1,1,"Devastating Wounds, Twin-linked",
Coronus Grav-carrier,Imperium - Adeptus Custodes,,f35e-ef9c-9ef4-77e1,180,1,12,16,2,5,,5,12.0,"FLY, TRANSPORT, VEHICLE",,Twin lastrum bolt cannon,Ranged,3,2,6,-1,1,1,Sustained Hits 1,
Custodian Guard,Imperium - Adeptus Custodes,,91b3-2e1c-e642-d213,170,4,6,3,2,4,,2,6.0,"BATTLELINE, INFANTRY",,Guardian Spear,Melee,5,2,7,-2,2,4,,
Custodian Guard,Imperium - Adeptus Custodes,,91b3-2e1c-e642-d213,170,4,6,3,2,4,,2,6.0,"BATTLELINE, INFANTRY",,Guardian Spear,Ranged,2,2,4,-1,2,4,,
Custodian Guard with Adrasite and Pyrithite spears,Imperium - Adeptus Custodes,,af0f-5212-907e-7125,250,5,6,3,2,4,,2,6.0,INFANTRY,,Adrasite spear,Ranged,1,2,5,-2,3,5,,
Custodian Guard with Adrasite and Pyrithite spears,Imperium - Adeptus Custodes,,af0f-5212-907e-7125,250,5,6,3,2,4,,2,6.0,INFANTRY,,Adrasite spear,Melee,5,2,7,-2,2,5,,
Custodian Wardens,Imperium - Adeptus Custodes,,9610-b148-8433-93b8,200,4,6,3,2,4,,2,6.0,INFANTRY,,Guardian Spear,Melee,5,2,7,-2,2,4,,
Custodian Wardens,Imperium - Adeptus Custodes,,9610-b148-8433-93b8,200,4,6,3,2,4,,2,6.0,INFANTRY,,Guardian Spear,Ranged,2,2,4,-1,2,4,,
Knight-Centura,Imperium - Adeptus Custodes,,7099-71b-56e8-7191,55,1,3,4,3,5,,1,6.0,"CHARACTER, INFANTRY",,Executioner Greatblade,Melee,3,2,5,-2,2,1,"Devastating Wounds, Anti-Psyker 5+",
Orion Assault Dropship,Imperium - Adeptus Custodes,,9c1a-7efd-ed36-440e,690,1,12,22,2,5,,0,14.0,"FLY, TRANSPORT, VEHICLE",,Arachnus heavy blaze cannon,Ranged,4,2,12,-3,D6+1,2,,
Orion Assault Dropship,Imperium - Adeptus Custodes,,9c1a-7efd-ed36-440e,690,1,12,22,2,5,,0,14.0,"FLY, TRANSPORT, VEHICLE",,Armoured hull,Melee,9,4,9,0,1,1,,
Orion Assault Dropship,Imperium - Adeptus Custodes,,9c1a-7efd-ed36-440e,690,1,12,22,2,5,,0,14.0,"FLY, TRANSPORT, VEHICLE",,Spiculus heavy bolt launcher,Ranged,D6+6,2,7,-1,2,2,Blast,
Orion Assault Dropship,Imperium - Adeptus Custodes,,9c1a-7efd-ed36-440e,690,1,12,22,2,5,,0,14.0,"FLY, TRANSPORT, VEHICLE",,Twin lastrum bolt cannon,Ranged,3,2,6,-1,1,2,Sustained Hits 1,
Pallas Grav-attack,Imperium - Adeptus Custodes,,06df-2fb2-8dfa-2fce,100,1,8,9,2,5,,2,12.0,"FLY, VEHICLE",,Armoured hull,Melee,3,4,6,0,1,1,,
Pallas Grav-attack,Imperium - Adeptus Custodes,,06df-2fb2-8dfa-2fce,100,1,8,9,2,5,,2,12.0,"FLY, VEHICLE",,Twin arachnus blaze cannon,Ranged,8,2,5,-1,1,1,"Devastating Wounds, Twin-linked",
Prosecutors,Imperium - Adeptus Custodes,,3ec3-a4df-fdbf-5507,45,4,3,1,3,,,2,6.0,INFANTRY,,Boltgun,Ranged,1,3,4,0,1,1,Rapid Fire 1,
Prosecutors,Imperium - Adeptus Custodes,,3ec3-a4df-fdbf-5507,45,4,3,1,3,,,2,6.0,INFANTRY,,Close combat weapon,Melee,2,3,3,0,1,1,,
Prosecutors,Imperium - Adeptus Custodes,,3ec3-a4df-fdbf-5507,45,4,3,1,3,,,2,6.0,INFANTRY,,Boltgun,Ranged,1,3,4,0,1,3,Rapid Fire 1,
Prosecutors,Imperium - Adeptus Custodes,,3ec3-a4df-fdbf-5507,45,4,3,1,3,,,2,6.0,INFANTRY,,Close combat weapon,Melee,2,3,3,0,1,3,,
Sagittarum Custodians,Imperium - Adeptus Custodes,,6f9f-e6aa-ba13-aab1,225,5,6,3,2,4,,2,6.0,INFANTRY,,Adrastus bolt caliver,Ranged,3,2,5,-1,2,5,Sustained Hits 1,
Sagittarum Custodians,Imperium - Adeptus Custodes,,6f9f-e6aa-ba13-aab1,225,5,6,3,2,4,,2,6.0,INFANTRY,,Misericordia,Melee,4,2,5,-2,1,5,,
Shield-Captain,Imperium - Adeptus Custodes,,b61c-b815-65c0-b1cc,110,1,6,6,2,4,,2,6.0,"CHARACTER, INFANTRY",,Guardian Spear,Melee,7,2,7,-2,2,1,,
Shield-Captain,Imperium - Adeptus Custodes,,b61c-b815-65c0-b1cc,110,1,6,6,2,4,,2,6.0,"CHARACTER, INFANTRY",,Guardian Spear,Ranged,2,2,4,-1,2,1,,
Shield-Captain in Allarus Terminator Armour,Imperium - Adeptus Custodes,,6319-eeba-b717-bd86,130,1,7,7,2,4,,2,5.0,"CHARACTER, INFANTRY",,Balistus grenade launcher,Ranged,D6,2,4,-1,1,1,Blast,
Shield-Captain in Allarus Terminator Armour,Imperium - Adeptus Custodes,,6319-eeba-b717-bd86,130,1,7,7,2,4,,2,5.0,"CHARACTER, INFANTRY",,Guardian Spear,Melee,7,2,7,-2,2,1,,
Shield-Captain in Allarus Terminator Armour,Imperium - Adeptus Custodes,,6319-eeba-b717-bd86,130,1,7,7,2,4,,2,5.0,"CHARACTER, INFANTRY",,Guardian Spear,Ranged,2,2,4,-1,2,1,,
Shield-Captain on Dawneagle Jetbike,Imperium - Adeptus Custodes,,58fa-4a25-a5af-1144,140,1,7,8,2,4,,2,12.0,"CHARACTER, FLY, MOUNTED",,Interceptor lance,Melee,6,2,7,-2,2,1,Lance,
Shield-Captain on Dawneagle Jetbike,Imperium - Adeptus Custodes,,58fa-4a25-a5af-1144,140,1,7,8,2,4,,2,12.0,"CHARACTER, FLY, MOUNTED",,Salvo launcher,Ranged,1,2,10,-3,D6+1,1,Twin-linked,
Telemon Heavy Dreadnought,Imperium - Adeptus Custodes,,e7d8-1c73-7d03-8b62,225,1,10,12,2,4,,4,8.0,"VEHICLE, WALKER",,Armoured feet,Melee,5,2,7,0,1,1,,
Telemon Heavy Dreadnought,Imperium - Adeptus Custodes,,e7d8-1c73-7d03-8b62,225,1,10,12,2,4,,4,8.0,"VEHICLE, WALKER",,Spiculus bolt launcher,Ranged,D6+3,2,5,0,1,1,Blast,
Telemon Heavy Dreadnought,Imperium - Adeptus Custodes,,e7d8-1c73-7d03-8b62,225,1,10,12,2,4,,4,8.0,"VEHICLE, WALKER",,Iliastus accelerator culverin,Ranged,4,2,9,-1,3,2,,
Trajann Valoris,Imperium - Adeptus Custodes,,7d7c-c212-47a3-38e4,135,1,6,7,2,4,,2,6.0,"CHARACTER, EPIC HERO, INFANTRY",,Watcher's Axe,Melee,6,2,10,-2,3,1,,
Trajann Valoris,Imperium - Adeptus Custodes,,7d7c-c212-47a3-38e4,135,1,6,7,2,4,,2,6.0,"CHARACTER, EPIC HERO, INFANTRY",,Eagle's Scream,Ranged,2,2,5,-2,3,1,,
Valerian,Imperium - Adeptus Custodes,,8103-2e01-5d6a-b761,110,1,6,6,2,4,,2,6.0,"CHARACTER, EPIC HERO, INFANTRY",,Gnosis,Ranged,3,2,4,-1,2,1,,
Valerian,Imperium - Adeptus Custodes,,8103-2e01-5d6a-b761,110,1,6,6,2,4,,2,6.0,"CHARACTER, EPIC HERO, INFANTRY",,Gnosis,Melee,7,2,8,-3,2,1,,
Venatari Custodians,Imperium - Adeptus Custodes,,201e-e502-a8d1-3974,150,3,6,3,2,4,,2,10.0,"FLY, INFANTRY",,Venatari lance,Ranged,2,2,4,-1,2,3,,
Venatari Custodians,Imperium - Adeptus Custodes,,201e-e502-a8d1-3974,150,3,6,3,2,4,,2,10.0,"FLY, INFANTRY",,Venatari lance,Melee,5,2,7,-2,2,3,Lance,
Venerable Contemptor Dreadnought,Imperium - Adeptus Custodes,,188b-e48b-29f-1456,170,1,9,10,2,5,,3,6.0,"VEHICLE, WALKER",,Combi-bolter,Ranged,2,2,4,0,1,1,Rapid Fire 2,
Venerable Contemptor Dreadnought,Imperium - Adeptus Custodes,,188b-e48b-29f-1456,170,1,9,10,2,5,,3,6.0,"VEHICLE, WALKER",,Contemptor combat weapon,Melee,5,2,12,-2,3,1,,
Venerable Contemptor Dreadnought,Imperium - Adeptus Custodes,,188b-e48b-29f-1456,170,1,9,10,2,5,,3,6.0,"VEHICLE, WALKER",,Multi-melta,Ranged,2,2,9,-4,D6,1,Melta 2,
Venerable Land Raider,Imperium - Adeptus Custodes,,76be-3bcb-cf4-bcbd,220,1,12,16,2,,,5,10.0,"TRANSPORT, VEHICLE",,Armoured tracks,Melee,6,4,8,0,1,1,,
Venerable Land Raider,Imperium - Adeptus Custodes,,76be-3bcb-cf4-bcbd,220,1,12,16,2,,,5,10.0,"TRANSPORT, VEHICLE",,Godhammer lascannon,Ranged,2,2,12,-3,D6+1,2,,
Venerable Land Raider,Imperium - Adeptus Custodes,,76be-3bcb-cf4-bcbd,220,1,12,16,2,,,5,10.0,"TRANSPORT, VEHICLE",,Twin heavy bolter,Ranged,3,2,5,-1,2,1,"Sustained Hits 1, Twin-linked",
Vertus Praetors,Imperium - Adeptus Custodes,,918b-c9ed-7af7-74df,145,2,7,5,2,4,,2,12.0,"FLY, MOUNTED",,Interceptor lance,Melee,5,2,7,-2,2,2,Lance,
Vertus Praetors,Imperium - Adeptus Custodes,,918b-c9ed-7af7-74df,145,2,7,5,2,4,,2,12.0,"FLY, MOUNTED",,Salvo launcher,Ranged,1,2,10,-3,D6+1,2,Twin-linked,
Vigilators,Imperium - Adeptus Custodes,,dd2d-568a-9c56-1b6e,50,4,3,1,3,,,1,6.0,INFANTRY,,Executioner greatblade,Melee,2,3,5,-2,2,1,"Devastating Wounds, Anti-Psyker 5+",
Vigilators,Imperium - Adeptus Custodes,,dd2d-568a-9c56-1b6e,50,4,3,1,3,,,1,6.0,INFANTRY,,Executioner greatblade,Melee,2,3,5,-2,2,3,"Devastating Wounds, Anti-Psyker 5+",
Witchseekers,Imperium - Adeptus Custodes,,503b-f7be-eeeb-9e31,50,4,3,1,3,,,1,6.0,INFANTRY,,Close combat weapon,Melee,2,3,3,0,1,1,,
Witchseekers,Imperium - Adeptus Custodes,,503b-f7be-eeeb-9e31,50,4,3,1,3,,,1,6.0,INFANTRY,,Witchseeker flamer,Ranged,D6,2,4,0,1,1,"Torrent, Ignores Cover",
Witchseekers,Imperium - Adeptus Custodes,,503b-f7be-eeeb-9e31,50,4,3,1,3,,,1,6.0,INFANTRY,,Close combat weapon,Melee,2,3,3,0,1,3,,
Witchseekers,Imperium - Adeptus Custodes,,503b-f7be-eeeb-9e31,50,4,3,1,3,,,1,6.0,INFANTRY,,Witchseeker flamer,Ranged,D6,2,4,0,1,3,"Torrent, Ignores Cover",
Archaeopter Fusilave,Imperium - Adeptus Mechanicus,,7662-5fde-16f1-5267,160,1,9,10,3,,,0,0.0,"AIRCRAFT, FLY, VEHICLE",,Armoured hull,Melee,3,4,6,0,1,1,,
Archaeopter Fusilave,Imperium - Adeptus Mechanicus,,7662-5fde-16f1-5267,160,1,9,10,3,,,0,0.0,"AIRCRAFT, FLY, VEHICLE",,Cognis heavy stubber array,Ranged,9,4,4,0,1,1,"Sustained Hits 1, Twin-linked, Rapid Fire 9",
Archaeopter Stratoraptor,Imperium - Adeptus Mechanicus,,d54e-1007-26b5-6a79,185,1,9,10,3,,,0,0.0,"AIRCRAFT, FLY, VEHICLE",,Cognis heavy stubber,Ranged,3,4,4,0,1,2,"Sustained Hits 1, Rapid Fire 3",
Archaeopter Stratoraptor,Imperium - Adeptus Mechanicus,,d54e-1007-26b5-6a79,185,1,9,10,3,,,0,0.0,"AIRCRAFT, FLY, VEHICLE",,Heavy phosphor blaster,Ranged,3,4,6,-1,2,2,Ignores Cover,
Archaeopter Stratoraptor,Imperium - Adeptus Mechanicus,,d54e-1007-26b5-6a79,185,1,9,10,3,,,0,0.0,"AIRCRAFT, FLY, VEHICLE",,Twin cognis lascannon,Ranged,1,4,12,-3,D6+1,1,"Sustained Hits 1, Twin-linked",
Archaeopter Stratoraptor,Imperium - Adeptus Mechanicus,,d54e-1007-26b5-6a79,185,1,9,10,3,,,0,0.0,"AIRCRAFT, FLY, VEHICLE",,Armoured hull,Melee,3,4,6,0,1,1,,
Archaeopter Transvector,Imperium - Adeptus Mechanicus,,295-769-8893-2bb0,145,1,9,10,3,,,0,14.0,"FLY, TRANSPORT, VEHICLE",,Armoured hull,Melee,3,4,6,0,1,1,,
Archaeopter Transvector,Imperium - Adeptus Mechanicus,,295-769-8893-2bb0,145,1,9,10,3,,,0,14.0,"FLY, TRANSPORT, VEHICLE",,Cognis heavy stubber array,Ranged,9,4,4,0,1,1,"Sustained Hits 1, Twin-linked, Rapid Fire 9",
Belisarius Cawl,Imperium - Adeptus Mechanicus,,1f1e-2989-4762-cf88,220,1,8,10,2,4,,3,8.0,"CHARACTER, EPIC HERO, MONSTER",,Arc Scourge,Melee,4,2,5,-1,1,1,"Devastating Wounds, Anti-Vehicle 4+",
Belisarius Cawl,Imperium - Adeptus Mechanicus,,1f1e-2989-4762-cf88,220,1,8,10,2,4,,3,8.0,"CHARACTER, EPIC HERO, MONSTER",,Cawl's Omnissian axe,Melee,4,2,8,-2,2,1,,
Belisarius Cawl,Imperium - Adeptus Mechanicus,,1f1e-2989-4762-cf88,220,1,8,10,2,4,,3,8.0,"CHARACTER, EPIC HERO, MONSTER",,Mechadendrite hive,Melee,2D6,3,4,0,1,1,,
Belisarius Cawl,Imperium - Adeptus Mechanicus,,1f1e-2989-4762-cf88,220,1,8,10,2,4,,3,8.0,"CHARACTER, EPIC HERO, MONSTER",,Solar atomiser,Ranged,3,2,14,-4,D6,1,Melta 3,
Corpuscarii Electro-Priests,Imperium - Adeptus Mechanicus,,fd5a-f7a3-833c-85b,65,5,3,1,7,5,,1,6.0,INFANTRY,,Electrostatic gauntlets,Ranged,3,3,5,0,1,5,Sustained Hits 2,
Corpuscarii Electro-Priests,Imperium - Adeptus Mechanicus,,fd5a-f7a3-833c-85b,65,5,3,1,7,5,,1,6.0,INFANTRY,,Electrostatic gauntlets,Melee,3,4,5,0,1,5,Sustained Hits 2,
Cybernetica Datasmith,Imperium - Adeptus Mechanicus,,d59d-ef1-9ef8-4f44,25,1,4,3,2,5,,1,6.0,"CHARACTER, VEHICLE",,Power fist,Melee,2,3,8,-2,2,1,,
Cybernetica Datasmith,Imperium - Adeptus Mechanicus,,d59d-ef1-9ef8-4f44,25,1,4,3,2,5,,1,6.0,"CHARACTER, VEHICLE",,Mechanicus pistol,Ranged,1,4,6,-1,1,1,Devastating Wounds,
Fulgurite Electro-Priests,Imperium - Adeptus Mechanicus,,841-f339-8086-efe2,70,5,3,1,7,5,,1,6.0,INFANTRY,,Electroleech stave,Melee,2,3,6,-1,2,5,Devastating Wounds,
Hastarii Exterminators,Imperium - Adeptus Mechanicus,,52d3-71a9-f755-d6aa,105,5,4,2,3,5,,1,5.0,INFANTRY,,Power weapon,Melee,2,4,5,-2,1,1,,
Hastarii Exterminators,Imperium - Adeptus Mechanicus,,52d3-71a9-f755-d6aa,105,5,4,2,3,5,,1,5.0,INFANTRY,,Hastarii arc blaster,Ranged,1,4,6,-1,2,1,"Devastating Wounds, Anti-Vehicle 4+",
Hastarii Exterminators,Imperium - Adeptus Mechanicus,,52d3-71a9-f755-d6aa,105,5,4,2,3,5,,1,5.0,INFANTRY,,➤ Eradication caster - focused,Ranged,2,4,5,-2,2,1,Anti-Infantry 4+,
Hastarii Exterminators,Imperium - Adeptus Mechanicus,,52d3-71a9-f755-d6aa,105,5,4,2,3,5,,1,5.0,INFANTRY,,Hastarii arc blaster,Ranged,1,4,6,-1,2,4,"Devastating Wounds, Anti-Vehicle 4+",
Hastarii Exterminators,Imperium - Adeptus Mechanicus,,52d3-71a9-f755-d6aa,105,5,4,2,3,5,,1,5.0,INFANTRY,,➤ Eradication caster - focused,Ranged,2,4,5,-2,2,4,Anti-Infantry 4+,
Hastarii Exterminators,Imperium - Adeptus Mechanicus,,52d3-71a9-f755-d6aa,105,5,4,2,3,5,,1,5.0,INFANTRY,,Close combat weapon,Melee,1,4,4,0,1,4,,
Hastarii Fusiliers,Imperium - Adeptus Mechanicus,,d653-1ac3-d944-224f,115,5,4,2,3,5,,1,5.0,INFANTRY,,Hastarii phosphor blaster,Ranged,2,4,5,0,1,1,Ignores Cover,
Hastarii Fusiliers,Imperium - Adeptus Mechanicus,,d653-1ac3-d944-224f,115,5,4,2,3,5,,1,5.0,INFANTRY,,Neutron fusil,Ranged,1,4,12,-3,D6+1,1,,
Hastarii Fusiliers,Imperium - Adeptus Mechanicus,,d653-1ac3-d944-224f,115,5,4,2,3,5,,1,5.0,INFANTRY,,Power weapon,Melee,2,4,5,-2,1,1,,
Hastarii Fusiliers,Imperium - Adeptus Mechanicus,,d653-1ac3-d944-224f,115,5,4,2,3,5,,1,5.0,INFANTRY,,Close combat weapon,Melee,1,4,4,0,1,4,,
Hastarii Fusiliers,Imperium - Adeptus Mechanicus,,d653-1ac3-d944-224f,115,5,4,2,3,5,,1,5.0,INFANTRY,,Hastarii phosphor blaster,Ranged,2,4,5,0,1,4,Ignores Cover,
Hastarii Fusiliers,Imperium - Adeptus Mechanicus,,d653-1ac3-d944-224f,115,5,4,2,3,5,,1,5.0,INFANTRY,,Neutron fusil,Ranged,1,4,12,-3,D6+1,4,,
Ironstrider Ballistarii,Imperium - Adeptus Mechanicus,,7efb-de37-79c4-cccb,80,1,7,7,3,5,,2,10.0,"VEHICLE, WALKER",,Twin cognis autocannon,Ranged,4,4,9,-1,3,1,"Sustained Hits 1, Twin-linked",
Ironstrider Ballistarii,Imperium - Adeptus Mechanicus,,7efb-de37-79c4-cccb,80,1,7,7,3,5,,2,10.0,"VEHICLE, WALKER",,Ironstrider feet,Melee,3,4,5,0,1,1,,
Kastelan Robots,Imperium - Adeptus Mechanicus,,bd6c-8683-8bc4-962d,150,2,9,7,2,5,,2,6.0,"VEHICLE, WALKER",,Twin Kastelan fist,Melee,4,4,12,-2,3,2,Twin-linked,
Kastelan Robots,Imperium - Adeptus Mechanicus,,bd6c-8683-8bc4-962d,150,2,9,7,2,5,,2,6.0,"VEHICLE, WALKER",,Incendine combustor,Ranged,D6,2,6,-1,1,2,"Torrent, Ignores Cover",
Kataphron Breachers,Imperium - Adeptus Mechanicus,,a46f-848-b87d-4484,150,3,7,3,3,6,,1,5.0,INFANTRY,,Arc claw,Melee,4,4,5,-1,1,3,Anti-Vehicle 4+,
Kataphron Breachers,Imperium - Adeptus Mechanicus,,a46f-848-b87d-4484,150,3,7,3,3,6,,1,5.0,INFANTRY,,Heavy arc rifle,Ranged,2,4,8,-2,3,3,"Rapid Fire 2, Anti-Vehicle 4+",
Kataphron Destroyers,Imperium - Adeptus Mechanicus,,7bee-a476-2167-76e7,100,3,6,3,3,6,,1,5.0,INFANTRY,,Heavy grav-cannon,Ranged,4,4,6,-1,2,3,Anti-Vehicle 2+,
Kataphron Destroyers,Imperium - Adeptus Mechanicus,,7bee-a476-2167-76e7,100,3,6,3,3,6,,1,5.0,INFANTRY,,Phosphor blaster,Ranged,1,4,5,0,1,3,"Rapid Fire 1, Ignores Cover",
Kataphron Destroyers,Imperium - Adeptus Mechanicus,,7bee-a476-2167-76e7,100,3,6,3,3,6,,1,5.0,INFANTRY,,Close combat weapon,Melee,2,4,5,0,1,3,,
Onager Dunecrawler,Imperium - Adeptus Mechanicus,,ea05-4db7-9ee6-7a87,155,1,10,11,2,4,,3,8.0,"VEHICLE, WALKER",,Dunecrawler legs,Melee,3,4,6,0,1,1,,
Onager Dunecrawler,Imperium - Adeptus Mechanicus,,ea05-4db7-9ee6-7a87,155,1,10,11,2,4,,3,8.0,"VEHICLE, WALKER",,➤ Eradication beamer - dissipated,Ranged,3D3,4,9,-2,2,1,"Sustained Hits 1, Blast",
Pteraxii Skystalkers,Imperium - Adeptus Mechanicus,,b31e-5003-5b63-a305,75,5,4,2,4,5,,1,12.0,"FLY, INFANTRY",1x T4 W2 Sv4+ | 4x T4 W2 Sv4+ Inv5+,Flechette blaster,Ranged,5,4,3,0,1,1,,
Pteraxii Skystalkers,Imperium - Adeptus Mechanicus,,b31e-5003-5b63-a305,75,5,4,2,4,5,,1,12.0,"FLY, INFANTRY",1x T4 W2 Sv4+ | 4x T4 W2 Sv4+ Inv5+,Taser goad,Melee,3,4,6,0,1,1,Sustained Hits 2,
Pteraxii Skystalkers,Imperium - Adeptus Mechanicus,,b31e-5003-5b63-a305,75,5,4,2,4,5,,1,12.0,"FLY, INFANTRY",1x T4 W2 Sv4+ | 4x T4 W2 Sv4+ Inv5+,Close combat weapon,Melee,2,4,3,0,1,4,,
Pteraxii Skystalkers,Imperium - Adeptus Mechanicus,,b31e-5003-5b63-a305,75,5,4,2,4,5,,1,12.0,"FLY, INFANTRY",1x T4 W2 Sv4+ | 4x T4 W2 Sv4+ Inv5+,Flechette carbine,Ranged,6,4,3,0,1,4,,
Pteraxii Sterylizors,Imperium - Adeptus Mechanicus,,958-a256-360-8620,75,5,4,2,4,5,,1,12.0,"FLY, INFANTRY",1x T4 W2 Sv4+ | 4x T4 W2 Sv4+ Inv5+,Flechette blaster,Ranged,5,4,3,0,1,1,,
Pteraxii Sterylizors,Imperium - Adeptus Mechanicus,,958-a256-360-8620,75,5,4,2,4,5,,1,12.0,"FLY, INFANTRY",1x T4 W2 Sv4+ | 4x T4 W2 Sv4+ Inv5+,Taser goad,Melee,3,4,6,0,1,1,Sustained Hits 2,
Pteraxii Sterylizors,Imperium - Adeptus Mechanicus,,958-a256-360-8620,75,5,4,2,4,5,,1,12.0,"FLY, INFANTRY",1x T4 W2 Sv4+ | 4x T4 W2 Sv4+ Inv5+,Pteraxii talons,Melee,2,4,4,0,1,1,,
Pteraxii Sterylizors,Imperium - Adeptus Mechanicus,,958-a256-360-8620,75,5,4,2,4,5,,1,12.0,"FLY, INFANTRY",1x T4 W2 Sv4+ | 4x T4 W2 Sv4+ Inv5+,Pteraxii talons,Melee,2,4,4,0,1,4,,
Pteraxii Sterylizors,Imperium - Adeptus Mechanicus,,958-a256-360-8620,75,5,4,2,4,5,,1,12.0,"FLY, INFANTRY",1x T4 W2 Sv4+ | 4x T4 W2 Sv4+ Inv5+,Phosphor torch,Ranged,D6,2,4,0,1,4,"Torrent, Ignores Cover",
Serberys Raiders,Imperium - Adeptus Mechanicus,,5797-adb8-930-e832,60,3,4,2,4,5,,2,12.0,MOUNTED,,Galvanic carbine,Ranged,3,4,4,0,1,1,Devastating Wounds,
Serberys Raiders,Imperium - Adeptus Mechanicus,,5797-adb8-930-e832,60,3,4,2,4,5,,2,12.0,MOUNTED,,Cavalry sabre & clawed limbs,Melee,4,4,4,-1,1,1,,
Serberys Raiders,Imperium - Adeptus Mechanicus,,5797-adb8-930-e832,60,3,4,2,4,5,,2,12.0,MOUNTED,,Mechanicus pistol,Ranged,1,4,6,-1,1,1,Devastating Wounds,
Serberys Raiders,Imperium - Adeptus Mechanicus,,5797-adb8-930-e832,60,3,4,2,4,5,,2,12.0,MOUNTED,,Cavalry sabre & clawed limbs,Melee,4,4,4,-1,1,1,,
Serberys Raiders,Imperium - Adeptus Mechanicus,,5797-adb8-930-e832,60,3,4,2,4,5,,2,12.0,MOUNTED,,Galvanic carbine,Ranged,3,4,4,0,1,1,Devastating Wounds,
Serberys Raiders,Imperium - Adeptus Mechanicus,,5797-adb8-930-e832,60,3,4,2,4,5,,2,12.0,MOUNTED,,Cavalry sabre & clawed limbs,Melee,4,4,4,-1,1,1,,
Serberys Raiders,Imperium - Adeptus Mechanicus,,5797-adb8-930-e832,60,3,4,2,4,5,,2,12.0,MOUNTED,,Galvanic carbine,Ranged,3,4,4,0,1,1,Devastating Wounds,
Serberys Sulphurhounds,Imperium - Adeptus Mechanicus,,e775-4fe1-832b-95ca,55,3,4,2,4,5,,2,12.0,MOUNTED,,Cavalry arc maul,Melee,1,4,5,-1,1,1,"Devastating Wounds, Anti-Vehicle 4+",
Serberys Sulphurhounds,Imperium - Adeptus Mechanicus,,e775-4fe1-832b-95ca,55,3,4,2,4,5,,2,12.0,MOUNTED,,Clawed limbs,Melee,4,4,4,0,1,1,,
Serberys Sulphurhounds,Imperium - Adeptus Mechanicus,,e775-4fe1-832b-95ca,55,3,4,2,4,5,,2,12.0,MOUNTED,,Mechanicus pistol,Ranged,1,4,6,-1,1,1,Devastating Wounds,
Serberys Sulphurhounds,Imperium - Adeptus Mechanicus,,e775-4fe1-832b-95ca,55,3,4,2,4,5,,2,12.0,MOUNTED,,Sulphur breath,Ranged,D6,2,3,-1,1,1,"Torrent, Ignores Cover",
Serberys Sulphurhounds,Imperium - Adeptus Mechanicus,,e775-4fe1-832b-95ca,55,3,4,2,4,5,,2,12.0,MOUNTED,,Clawed limbs,Melee,4,4,4,0,1,2,,
Serberys Sulphurhounds,Imperium - Adeptus Mechanicus,,e775-4fe1-832b-95ca,55,3,4,2,4,5,,2,12.0,MOUNTED,,Phosphor pistol,Ranged,1,4,4,0,1,4,Ignores Cover,
Serberys Sulphurhounds,Imperium - Adeptus Mechanicus,,e775-4fe1-832b-95ca,55,3,4,2,4,5,,2,12.0,MOUNTED,,Sulphur breath,Ranged,D6,2,3,-1,1,2,"Torrent, Ignores Cover",
Servitor Battleclade,Imperium - Adeptus Mechanicus,,a523-606f-b05c-851e,65,9,4,1,4,6,,1,6.0,INFANTRY,1x T4 W2 Sv4+ | 1x T4 W1 Sv4+ Inv6+ | 1x T4 W1 Sv4+ Inv6+ | 2x T4 W1 Sv4+ Inv6+ | 4x T4 W1 Sv4+ Inv6+,Mechanicus pistol,Ranged,1,4,6,-1,1,1,Devastating Wounds,
Servitor Battleclade,Imperium - Adeptus Mechanicus,,a523-606f-b05c-851e,65,9,4,1,4,6,,1,6.0,INFANTRY,1x T4 W2 Sv4+ | 1x T4 W1 Sv4+ Inv6+ | 1x T4 W1 Sv4+ Inv6+ | 2x T4 W1 Sv4+ Inv6+ | 4x T4 W1 Sv4+ Inv6+,Dataspikes,Melee,4,4,4,0,1,1,,
Servitor Battleclade,Imperium - Adeptus Mechanicus,,a523-606f-b05c-851e,65,9,4,1,4,6,,1,6.0,INFANTRY,1x T4 W2 Sv4+ | 1x T4 W1 Sv4+ Inv6+ | 1x T4 W1 Sv4+ Inv6+ | 2x T4 W1 Sv4+ Inv6+ | 4x T4 W1 Sv4+ Inv6+,Heavy arc rifle,Ranged,1,4,8,-2,3,1,"Rapid Fire 1, Anti-Vehicle 4+",
Servitor Battleclade,Imperium - Adeptus Mechanicus,,a523-606f-b05c-851e,65,9,4,1,4,6,,1,6.0,INFANTRY,1x T4 W2 Sv4+ | 1x T4 W1 Sv4+ Inv6+ | 1x T4 W1 Sv4+ Inv6+ | 2x T4 W1 Sv4+ Inv6+ | 4x T4 W1 Sv4+ Inv6+,Servo-claw,Melee,2,4,4,0,1,1,,
Servitor Battleclade,Imperium - Adeptus Mechanicus,,a523-606f-b05c-851e,65,9,4,1,4,6,,1,6.0,INFANTRY,1x T4 W2 Sv4+ | 1x T4 W1 Sv4+ Inv6+ | 1x T4 W1 Sv4+ Inv6+ | 2x T4 W1 Sv4+ Inv6+ | 4x T4 W1 Sv4+ Inv6+,Heavy bolter,Ranged,3,4,5,-1,2,1,"Sustained Hits 1, Heavy",
Servitor Battleclade,Imperium - Adeptus Mechanicus,,a523-606f-b05c-851e,65,9,4,1,4,6,,1,6.0,INFANTRY,1x T4 W2 Sv4+ | 1x T4 W1 Sv4+ Inv6+ | 1x T4 W1 Sv4+ Inv6+ | 2x T4 W1 Sv4+ Inv6+ | 4x T4 W1 Sv4+ Inv6+,Servo-claw,Melee,2,4,4,0,1,1,,
Servitor Battleclade,Imperium - Adeptus Mechanicus,,a523-606f-b05c-851e,65,9,4,1,4,6,,1,6.0,INFANTRY,1x T4 W2 Sv4+ | 1x T4 W1 Sv4+ Inv6+ | 1x T4 W1 Sv4+ Inv6+ | 2x T4 W1 Sv4+ Inv6+ | 4x T4 W1 Sv4+ Inv6+,Phosphor blaster,Ranged,1,4,4,0,1,2,"Rapid Fire 1, Ignores Cover",
Servitor Battleclade,Imperium - Adeptus Mechanicus,,a523-606f-b05c-851e,65,9,4,1,4,6,,1,6.0,INFANTRY,1x T4 W2 Sv4+ | 1x T4 W1 Sv4+ Inv6+ | 1x T4 W1 Sv4+ Inv6+ | 2x T4 W1 Sv4+ Inv6+ | 4x T4 W1 Sv4+ Inv6+,Servo-claw,Melee,2,4,4,0,1,2,,
Servitor Battleclade,Imperium - Adeptus Mechanicus,,a523-606f-b05c-851e,65,9,4,1,4,6,,1,6.0,INFANTRY,1x T4 W2 Sv4+ | 1x T4 W1 Sv4+ Inv6+ | 1x T4 W1 Sv4+ Inv6+ | 2x T4 W1 Sv4+ Inv6+ | 4x T4 W1 Sv4+ Inv6+,Phosphor blaster,Ranged,1,4,4,0,1,4,"Rapid Fire 1, Ignores Cover",
Servitor Battleclade,Imperium - Adeptus Mechanicus,,a523-606f-b05c-851e,65,9,4,1,4,6,,1,6.0,INFANTRY,1x T4 W2 Sv4+ | 1x T4 W1 Sv4+ Inv6+ | 1x T4 W1 Sv4+ Inv6+ | 2x T4 W1 Sv4+ Inv6+ | 4x T4 W1 Sv4+ Inv6+,Servo-claw,Melee,2,4,4,0,1,4,,
Sicarian Infiltrators,Imperium - Adeptus Mechanicus,,9b4-26b2-9e6d-a62d,75,5,4,2,4,5,,1,8.0,INFANTRY,,Power weapon,Melee,4,4,4,-2,1,4,,
Sicarian Infiltrators,Imperium - Adeptus Mechanicus,,9b4-26b2-9e6d-a62d,75,5,4,2,4,5,,1,8.0,INFANTRY,,Stubcarbine,Ranged,3,4,4,0,1,4,,
Sicarian Infiltrators,Imperium - Adeptus Mechanicus,,9b4-26b2-9e6d-a62d,75,5,4,2,4,5,,1,8.0,INFANTRY,,Power weapon,Melee,4,4,4,-2,1,1,,
Sicarian Infiltrators,Imperium - Adeptus Mechanicus,,9b4-26b2-9e6d-a62d,75,5,4,2,4,5,,1,8.0,INFANTRY,,Stubcarbine,Ranged,3,4,4,0,1,1,,
Sicarian Ruststalkers,Imperium - Adeptus Mechanicus,,8863-9784-8377-aa7a,75,5,4,2,4,5,,1,8.0,INFANTRY,,Transonic razor & chordclaw,Melee,3,4,5,-2,2,4,Anti-Infantry 3+,
Sicarian Ruststalkers,Imperium - Adeptus Mechanicus,,8863-9784-8377-aa7a,75,5,4,2,4,5,,1,8.0,INFANTRY,,Transonic razor & chordclaw,Melee,3,4,5,-2,2,1,Anti-Infantry 3+,
Skitarii Marshal,Imperium - Adeptus Mechanicus,Imperium - Imperial Knights,b897-e4c6-fcb6-6538,35,1,3,3,4,5,,1,6.0,"CHARACTER, INFANTRY",,Control stave,Melee,4,3,6,-1,1,1,,
Skitarii Marshal,Imperium - Adeptus Mechanicus,Imperium - Imperial Knights,b897-e4c6-fcb6-6538,35,1,3,3,4,5,,1,6.0,"CHARACTER, INFANTRY",,Mechanicus pistol,Ranged,1,4,6,-1,1,1,Devastating Wounds,
Skitarii Rangers,Imperium - Adeptus Mechanicus,Imperium - Imperial Knights,de59-f65c-181a-8509,85,10,3,1,4,5,,2,6.0,"BATTLELINE, INFANTRY",,Close combat weapon,Melee,1,4,3,0,1,1,,
Skitarii Rangers,Imperium - Adeptus Mechanicus,Imperium - Imperial Knights,de59-f65c-181a-8509,85,10,3,1,4,5,,2,6.0,"BATTLELINE, INFANTRY",,Galvanic rifle,Ranged,2,4,4,0,1,1,,
Skitarii Rangers,Imperium - Adeptus Mechanicus,Imperium - Imperial Knights,de59-f65c-181a-8509,85,10,3,1,4,5,,2,6.0,"BATTLELINE, INFANTRY",,Galvanic rifle,Ranged,2,4,4,0,1,9,,
Skitarii Rangers,Imperium - Adeptus Mechanicus,Imperium - Imperial Knights,de59-f65c-181a-8509,85,10,3,1,4,5,,2,6.0,"BATTLELINE, INFANTRY",,Close combat weapon,Melee,1,4,3,0,1,9,,
Skitarii Vanguard,Imperium - Adeptus Mechanicus,Imperium - Imperial Knights,ba33-c21-bddc-ab0,85,10,3,1,4,5,,2,6.0,"BATTLELINE, INFANTRY",,Close combat weapon,Melee,1,4,3,0,1,1,,
Skitarii Vanguard,Imperium - Adeptus Mechanicus,Imperium - Imperial Knights,ba33-c21-bddc-ab0,85,10,3,1,4,5,,2,6.0,"BATTLELINE, INFANTRY",,Radium carbine,Ranged,3,4,3,0,1,1,Anti-Infantry 4+,
Skitarii Vanguard,Imperium - Adeptus Mechanicus,Imperium - Imperial Knights,ba33-c21-bddc-ab0,85,10,3,1,4,5,,2,6.0,"BATTLELINE, INFANTRY",,Radium carbine,Ranged,3,4,3,0,1,9,Anti-Infantry 4+,
Skitarii Vanguard,Imperium - Adeptus Mechanicus,Imperium - Imperial Knights,ba33-c21-bddc-ab0,85,10,3,1,4,5,,2,6.0,"BATTLELINE, INFANTRY",,Close combat weapon,Melee,1,4,3,0,1,9,,
Skorpius Disintegrator,Imperium - Adeptus Mechanicus,,3fcc-b6a1-399b-1a29,160,1,10,12,2,,,3,10.0,VEHICLE,,Cognis heavy stubber,Ranged,3,4,4,0,1,3,"Sustained Hits 1, Rapid Fire 3",
Skorpius Disintegrator,Imperium - Adeptus Mechanicus,,3fcc-b6a1-399b-1a29,160,1,10,12,2,,,3,10.0,VEHICLE,,Disruptor missile launcher,Ranged,3,4,9,-2,D6,1,Twin-linked,
Skorpius Disintegrator,Imperium - Adeptus Mechanicus,,3fcc-b6a1-399b-1a29,160,1,10,12,2,,,3,10.0,VEHICLE,,Armoured hull,Melee,3,4,6,0,1,1,,
Skorpius Disintegrator,Imperium - Adeptus Mechanicus,,3fcc-b6a1-399b-1a29,160,1,10,12,2,,,3,10.0,VEHICLE,,Belleros energy cannon,Ranged,2D6,4,7,-2,1,1,Blast,
Skorpius Dunerider,Imperium - Adeptus Mechanicus,,2b9c-3982-701d-f8fd,75,1,9,11,3,,,2,12.0,"TRANSPORT, VEHICLE",,Armoured hull,Melee,3,4,6,0,1,1,,
Skorpius Dunerider,Imperium - Adeptus Mechanicus,,2b9c-3982-701d-f8fd,75,1,9,11,3,,,2,12.0,"TRANSPORT, VEHICLE",,Cognis heavy stubber array,Ranged,9,4,4,0,1,1,"Sustained Hits 1, Twin-linked, Rapid Fire 9",
Sydonian Dragoons with radium jezzails,Imperium - Adeptus Mechanicus,,d99a-6563-8c08-23c,55,1,7,7,3,5,,2,10.0,"VEHICLE, WALKER",,Phosphor serpenta,Ranged,1,4,5,-1,2,1,Ignores Cover,
Sydonian Dragoons with radium jezzails,Imperium - Adeptus Mechanicus,,d99a-6563-8c08-23c,55,1,7,7,3,5,,2,10.0,"VEHICLE, WALKER",,Radium jezzail,Ranged,1,4,5,-2,3,1,"Heavy, Anti-Infantry 3+",
Sydonian Dragoons with radium jezzails,Imperium - Adeptus Mechanicus,,d99a-6563-8c08-23c,55,1,7,7,3,5,,2,10.0,"VEHICLE, WALKER",,Ironstrider feet,Melee,3,4,5,0,1,1,,
Sydonian Dragoons with taser lances,Imperium - Adeptus Mechanicus,,3053-c0c1-aedd-b211,60,1,7,7,3,5,,2,10.0,"VEHICLE, WALKER",,Phosphor serpenta,Ranged,1,4,5,-1,2,1,Ignores Cover,
Sydonian Dragoons with taser lances,Imperium - Adeptus Mechanicus,,3053-c0c1-aedd-b211,60,1,7,7,3,5,,2,10.0,"VEHICLE, WALKER",,Taser lance,Melee,4,4,7,-2,2,1,"Sustained Hits 2, Lance, Anti-Walker 2+",
Sydonian Skatros,Imperium - Adeptus Mechanicus,,52e7-9347-3f16-9eec,50,1,4,4,4,5,,1,8.0,"CHARACTER, INFANTRY",,Sydonian Feet,Melee,3,4,3,0,1,1,,
Sydonian Skatros,Imperium - Adeptus Mechanicus,,52e7-9347-3f16-9eec,50,1,4,4,4,5,,1,8.0,"CHARACTER, INFANTRY",,Mechanicus pistol,Ranged,1,4,6,-1,1,1,Devastating Wounds,
Sydonian Skatros,Imperium - Adeptus Mechanicus,,52e7-9347-3f16-9eec,50,1,4,4,4,5,,1,8.0,"CHARACTER, INFANTRY",,Radium Jezzail,Ranged,1,3,5,-2,3,1,"Heavy, Anti-Infantry 3+",
Tech-Priest Dominus,Imperium - Adeptus Mechanicus,Imperium - Imperial Knights,6424-ed86-9e15-3e14,60,1,4,4,2,5,,1,6.0,"CHARACTER, INFANTRY",,Omnissian axe,Melee,4,3,6,-2,2,1,,
Tech-Priest Dominus,Imperium - Adeptus Mechanicus,Imperium - Imperial Knights,6424-ed86-9e15-3e14,60,1,4,4,2,5,,1,6.0,"CHARACTER, INFANTRY",,Macrostubber,Ranged,5,3,4,0,1,1,,
Tech-Priest Dominus,Imperium - Adeptus Mechanicus,Imperium - Imperial Knights,6424-ed86-9e15-3e14,60,1,4,4,2,5,,1,6.0,"CHARACTER, INFANTRY",,Volkite blaster,Ranged,3,3,5,0,2,1,Devastating Wounds,
Tech-Priest Enginseer,Imperium - Adeptus Mechanicus,,c0e0-4d86-96d2-ec86,55,1,4,3,3,5,,1,6.0,"CHARACTER, INFANTRY",,Servo arm,Melee,1,4,6,-2,2,1,,
Tech-Priest Enginseer,Imperium - Adeptus Mechanicus,,c0e0-4d86-96d2-ec86,55,1,4,3,3,5,,1,6.0,"CHARACTER, INFANTRY",,Omnissian axe,Melee,3,4,6,-2,2,1,,
Tech-Priest Enginseer,Imperium - Adeptus Mechanicus,,c0e0-4d86-96d2-ec86,55,1,4,3,3,5,,1,6.0,"CHARACTER, INFANTRY",,Mechanicus pistol,Ranged,1,4,6,-1,1,1,Devastating Wounds,
Tech-Priest Manipulus,Imperium - Adeptus Mechanicus,Imperium - Imperial Knights,2d9b-610a-dc4d-15ae,60,1,4,4,2,5,,1,6.0,"CHARACTER, INFANTRY",,Omnissian staff,Melee,4,3,6,-1,2,1,,
Tech-Priest Manipulus,Imperium - Adeptus Mechanicus,Imperium - Imperial Knights,2d9b-610a-dc4d-15ae,60,1,4,4,2,5,,1,6.0,"CHARACTER, INFANTRY",,Magnarail lance,Ranged,1,3,7,-2,3,1,Heavy,
Technoarcheologist,Imperium - Adeptus Mechanicus,,fa82-61cc-aa85-e94c,45,1,4,3,3,5,,1,6.0,"CHARACTER, INFANTRY",,Servo-arc claw,Melee,3,4,8,-2,2,1,"Devastating Wounds, Anti-Vehicle 4+",
Technoarcheologist,Imperium - Adeptus Mechanicus,,fa82-61cc-aa85-e94c,45,1,4,3,3,5,,1,6.0,"CHARACTER, INFANTRY",,Mechanicus pistol,Ranged,1,4,6,-1,1,1,Devastating Wounds,
Thulia Ghuld,Imperium - Adeptus Mechanicus,,7135-8430-eb02-ded4,180,1,8,10,2,4,,3,8.0,"CHARACTER, EPIC HERO, MONSTER",,➤ Rod of the War Forge - strike,Melee,6,2,10,-2,3,1,,
Thulia Ghuld,Imperium - Adeptus Mechanicus,,7135-8430-eb02-ded4,180,1,8,10,2,4,,3,8.0,"CHARACTER, EPIC HERO, MONSTER",,➤ Jericho-class conversion resonator - shockwave,Ranged,D6+2,2,6,-2,1,1,"Sustained Hits 1, Blast",
Callidus Assassin,Imperium - Agents of the Imperium,,1cfe-be05-5603-133,100,1,4,4,6,4,,1,7.0,"CHARACTER, EPIC HERO, INFANTRY",,Neural shredder,Ranged,D6,2,5,-2,1,1,"Torrent, Anti-Infantry 2+",
Callidus Assassin,Imperium - Agents of the Imperium,,1cfe-be05-5603-133,100,1,4,4,6,4,,1,7.0,"CHARACTER, EPIC HERO, INFANTRY",,Phase sword and poison blades,Melee,5,2,5,-4,2,1,Lethal Hits,
Corvus Blackstar,Imperium - Agents of the Imperium,,8b98-0ac7-a0ba-dedf,180,1,10,14,3,,,0,14.0,"FLY, TRANSPORT, VEHICLE",,Armoured hull,Melee,3,4,6,0,1,1,,
Corvus Blackstar,Imperium - Agents of the Imperium,,8b98-0ac7-a0ba-dedf,180,1,10,14,3,,,0,14.0,"FLY, TRANSPORT, VEHICLE",,Twin assault cannon,Ranged,6,3,6,0,1,1,"Devastating Wounds, Twin-linked",
Corvus Blackstar,Imperium - Agents of the Imperium,,8b98-0ac7-a0ba-dedf,180,1,10,14,3,,,0,14.0,"FLY, TRANSPORT, VEHICLE",,Blackstar rocket launcher,Ranged,D6+1,3,5,0,1,2,Blast,
Culexus Assassin,Imperium - Agents of the Imperium,,5e5e-d6b2-6a1c-aa69,85,1,4,4,6,4,,1,7.0,"CHARACTER, EPIC HERO, INFANTRY",,Life-draining touch,Melee,4,2,4,-2,2,1,"Devastating Wounds, Anti-Psyker 2+",
Culexus Assassin,Imperium - Agents of the Imperium,,5e5e-d6b2-6a1c-aa69,85,1,4,4,6,4,,1,7.0,"CHARACTER, EPIC HERO, INFANTRY",,Animus speculum,Ranged,3,2,5,-2,D3,1,Anti-Psyker 2+,
Deathwatch Kill Team,Imperium - Agents of the Imperium,,0744-61ce-619d-ffe1,100,5,4,2,3,,,2,6.0,"BATTLELINE, INFANTRY",,Boltgun,Ranged,2,3,4,0,1,4,,
Deathwatch Kill Team,Imperium - Agents of the Imperium,,0744-61ce-619d-ffe1,100,5,4,2,3,,,2,6.0,"BATTLELINE, INFANTRY",,Power weapon,Melee,3,3,5,-2,1,4,,
Deathwatch Kill Team,Imperium - Agents of the Imperium,,0744-61ce-619d-ffe1,100,5,4,2,3,,,2,6.0,"BATTLELINE, INFANTRY",,Combi-weapon,Ranged,1,4,4,0,1,1,"Devastating Wounds, Rapid Fire 1, Anti-Infantry 4+",
Deathwatch Kill Team,Imperium - Agents of the Imperium,,0744-61ce-619d-ffe1,100,5,4,2,3,,,2,6.0,"BATTLELINE, INFANTRY",,Xenophase blade,Melee,4,3,5,-2,1,1,Devastating Wounds,
Eversor Assassin,Imperium - Agents of the Imperium,,f201-1f4a-b907-d9d1,100,1,4,4,6,4,,1,9.0,"CHARACTER, EPIC HERO, INFANTRY",,Executioner pistol,Ranged,4,2,4,0,1,1,"Sustained Hits 3, Anti-Infantry 3+",
Eversor Assassin,Imperium - Agents of the Imperium,,f201-1f4a-b907-d9d1,100,1,4,4,6,4,,1,9.0,"CHARACTER, EPIC HERO, INFANTRY",,Power sword and neuro gauntlet,Melee,6,2,5,-2,2,1,"Sustained Hits 3, Anti-Infantry 3+",
Exaction Squad,Imperium - Agents of the Imperium,,ec63-524d-55a-3065,90,11,3,1,4,,,1,6.0,INFANTRY,,Close combat weapon,Melee,2,4,3,0,1,1,,
Exaction Squad,Imperium - Agents of the Imperium,,ec63-524d-55a-3065,90,11,3,1,4,,,1,6.0,INFANTRY,,Arbites combat shotgun,Ranged,2,4,4,0,1,1,,
Exaction Squad,Imperium - Agents of the Imperium,,ec63-524d-55a-3065,90,11,3,1,4,,,1,6.0,INFANTRY,,Arbites shotpistol,Ranged,1,4,4,0,1,1,,
Exaction Squad,Imperium - Agents of the Imperium,,ec63-524d-55a-3065,90,11,3,1,4,,,1,6.0,INFANTRY,,Mechanical bite,Melee,3,4,4,0,1,1,,
Exaction Squad,Imperium - Agents of the Imperium,,ec63-524d-55a-3065,90,11,3,1,4,,,1,6.0,INFANTRY,,Arbites combat shotgun,Ranged,2,4,4,0,1,4,,
Exaction Squad,Imperium - Agents of the Imperium,,ec63-524d-55a-3065,90,11,3,1,4,,,1,6.0,INFANTRY,,Close combat weapon,Melee,2,4,3,0,1,4,,
Exaction Squad,Imperium - Agents of the Imperium,,ec63-524d-55a-3065,90,11,3,1,4,,,1,6.0,INFANTRY,,Arbites shotpistol,Ranged,1,4,4,0,1,4,,
Exaction Squad,Imperium - Agents of the Imperium,,ec63-524d-55a-3065,90,11,3,1,4,,,1,6.0,INFANTRY,,Arbites combat shotgun,Ranged,2,4,4,0,1,5,,
Exaction Squad,Imperium - Agents of the Imperium,,ec63-524d-55a-3065,90,11,3,1,4,,,1,6.0,INFANTRY,,Close combat weapon,Melee,2,4,3,0,1,5,,
Exaction Squad,Imperium - Agents of the Imperium,,ec63-524d-55a-3065,90,11,3,1,4,,,1,6.0,INFANTRY,,Arbites shotpistol,Ranged,1,4,4,0,1,5,,
Grey Knights Terminator Squad,Imperium - Agents of the Imperium,,15c0-9294-7eb8-f3a7,175,5,5,3,2,4,,2,5.0,"INFANTRY, PSYKER",,Storm bolter,Ranged,2,3,4,0,1,1,Rapid Fire 2,
Grey Knights Terminator Squad,Imperium - Agents of the Imperium,,15c0-9294-7eb8-f3a7,175,5,5,3,2,4,,2,5.0,"INFANTRY, PSYKER",,Nemesis force weapon,Melee,4,3,6,-2,2,1,,
Grey Knights Terminator Squad,Imperium - Agents of the Imperium,,15c0-9294-7eb8-f3a7,175,5,5,3,2,4,,2,5.0,"INFANTRY, PSYKER",,Storm bolter,Ranged,2,3,4,0,1,4,Rapid Fire 2,
Grey Knights Terminator Squad,Imperium - Agents of the Imperium,,15c0-9294-7eb8-f3a7,175,5,5,3,2,4,,2,5.0,"INFANTRY, PSYKER",,Nemesis force weapon,Melee,4,3,6,-2,2,4,,
Imperial Navy Breachers,Imperium - Agents of the Imperium,,24d5-9987-4d2-b42b,90,10,3,1,4,,,2,6.0,"BATTLELINE, INFANTRY",,Close combat weapon,Melee,1,4,3,0,1,1,,
Imperial Navy Breachers,Imperium - Agents of the Imperium,,24d5-9987-4d2-b42b,90,10,3,1,4,,,2,6.0,"BATTLELINE, INFANTRY",,Navis shotgun,Ranged,2,4,4,0,1,1,,
Imperial Navy Breachers,Imperium - Agents of the Imperium,,24d5-9987-4d2-b42b,90,10,3,1,4,,,2,6.0,"BATTLELINE, INFANTRY",,Navis heavy shotgun,Ranged,4,4,4,0,1,1,,
Imperial Navy Breachers,Imperium - Agents of the Imperium,,24d5-9987-4d2-b42b,90,10,3,1,4,,,2,6.0,"BATTLELINE, INFANTRY",,Close combat weapon,Melee,1,4,3,0,1,1,,
Imperial Navy Breachers,Imperium - Agents of the Imperium,,24d5-9987-4d2-b42b,90,10,3,1,4,,,2,6.0,"BATTLELINE, INFANTRY",,Close combat weapon,Melee,1,4,3,0,1,1,,
Imperial Navy Breachers,Imperium - Agents of the Imperium,,24d5-9987-4d2-b42b,90,10,3,1,4,,,2,6.0,"BATTLELINE, INFANTRY",,Navis las-volley,Ranged,4,4,6,0,1,1,,
Imperial Navy Breachers,Imperium - Agents of the Imperium,,24d5-9987-4d2-b42b,90,10,3,1,4,,,2,6.0,"BATTLELINE, INFANTRY",,Navis shotgun,Ranged,2,4,4,0,1,5,,
Imperial Navy Breachers,Imperium - Agents of the Imperium,,24d5-9987-4d2-b42b,90,10,3,1,4,,,2,6.0,"BATTLELINE, INFANTRY",,Close combat weapon,Melee,1,4,3,0,1,5,,
Imperial Navy Breachers,Imperium - Agents of the Imperium,,24d5-9987-4d2-b42b,90,10,3,1,4,,,2,6.0,"BATTLELINE, INFANTRY",,Navis shotgun,Ranged,2,4,4,0,1,2,,
Imperial Navy Breachers,Imperium - Agents of the Imperium,,24d5-9987-4d2-b42b,90,10,3,1,4,,,2,6.0,"BATTLELINE, INFANTRY",,Close combat weapon,Melee,1,4,3,0,1,2,,
Imperial Rhino,Imperium - Agents of the Imperium,,cbbd-8e0a-fd90-fa0d,65,1,9,10,3,,,2,12.0,"TRANSPORT, VEHICLE",,Storm bolter,Ranged,2,3,4,0,1,1,Rapid Fire 2,
Imperial Rhino,Imperium - Agents of the Imperium,,cbbd-8e0a-fd90-fa0d,65,1,9,10,3,,,2,12.0,"TRANSPORT, VEHICLE",,Armoured tracks,Melee,3,4,6,0,1,1,,
Inquisitor,Imperium - Agents of the Imperium,,3e57-b15c-5580-1de1,55,1,3,4,4,5,,1,6.0,"CHARACTER, INFANTRY",,Inquisitorial melee weapon,Melee,5,3,4,-2,1,1,,
Inquisitor,Imperium - Agents of the Imperium,,3e57-b15c-5580-1de1,55,1,3,4,4,5,,1,6.0,"CHARACTER, INFANTRY",,Bolt pistol,Ranged,1,3,4,0,1,1,,
Inquisitor,Imperium - Agents of the Imperium,,3e57-b15c-5580-1de1,55,1,3,4,4,5,,1,6.0,"CHARACTER, INFANTRY",,Psychic Shock Wave,Ranged,2D6,2,3,-2,1,1,"Devastating Wounds, Torrent",
Inquisitor Coteaz,Imperium - Agents of the Imperium,,264a-fc24-3a98-31dc,75,1,3,4,2,4,,1,6.0,"CHARACTER, EPIC HERO, INFANTRY, PSYKER",,Bolt pistol,Ranged,1,3,4,0,1,1,,
Inquisitor Coteaz,Imperium - Agents of the Imperium,,264a-fc24-3a98-31dc,75,1,3,4,2,4,,1,6.0,"CHARACTER, EPIC HERO, INFANTRY, PSYKER",,Psychic Blast,Ranged,D6,3,3,-1,1,1,"Devastating Wounds, Anti-Daemon 4+, Anti-Infantry 5+",
Inquisitor Coteaz,Imperium - Agents of the Imperium,,264a-fc24-3a98-31dc,75,1,3,4,2,4,,1,6.0,"CHARACTER, EPIC HERO, INFANTRY, PSYKER",,Nemesis daemon hammer,Melee,3,3,9,-3,3,1,,
Inquisitor Draxus,Imperium - Agents of the Imperium,,f3a6-de9-584e-c394,75,1,3,4,3,5,,1,6.0,"CHARACTER, EPIC HERO, INFANTRY, PSYKER",,Dirgesinger,Ranged,4,3,4,0,2,1,"Devastating Wounds, Anti-Infantry 4+",
Inquisitor Draxus,Imperium - Agents of the Imperium,,f3a6-de9-584e-c394,75,1,3,4,3,5,,1,6.0,"CHARACTER, EPIC HERO, INFANTRY, PSYKER",,Psychic Tempest,Ranged,6,3,6,0,2,1,Sustained Hits 2,
Inquisitor Draxus,Imperium - Agents of the Imperium,,f3a6-de9-584e-c394,75,1,3,4,3,5,,1,6.0,"CHARACTER, EPIC HERO, INFANTRY, PSYKER",,Power fist,Melee,3,3,6,-2,2,1,,
Inquisitor Greyfax,Imperium - Agents of the Imperium,,6e0e-b9a2-f53d-ad0e,65,1,3,4,3,5,,1,6.0,"CHARACTER, EPIC HERO, INFANTRY, PSYKER",,Castigation,Ranged,1,3,8,-2,3,1,"Devastating Wounds, Anti-Character 4+",
Inquisitor Greyfax,Imperium - Agents of the Imperium,,6e0e-b9a2-f53d-ad0e,65,1,3,4,3,5,,1,6.0,"CHARACTER, EPIC HERO, INFANTRY, PSYKER",,Condemnor stake,Ranged,1,3,4,0,1,1,"Devastating Wounds, Rapid Fire 1, Anti-Psyker 2+",
Inquisitor Greyfax,Imperium - Agents of the Imperium,,6e0e-b9a2-f53d-ad0e,65,1,3,4,3,5,,1,6.0,"CHARACTER, EPIC HERO, INFANTRY, PSYKER",,Master-crafted power sword,Melee,4,3,4,-2,2,1,,
Inquisitor Kroyle,Imperium - Agents of the Imperium,,2a3f-b53b-6ea4-6da9,100,1,4,6,3,4,,2,12.0,"CHARACTER, EPIC HERO, MOUNTED",,Jindarii tox-cycler,Ranged,1,2,6,-2,2,1,"Heavy, Anti-Monster 2+",
Inquisitor Kroyle,Imperium - Agents of the Imperium,,2a3f-b53b-6ea4-6da9,100,1,4,6,3,4,,2,12.0,"CHARACTER, EPIC HERO, MOUNTED",,Stubcarbine,Ranged,2,2,5,-2,2,1,,
Inquisitor Kroyle,Imperium - Agents of the Imperium,,2a3f-b53b-6ea4-6da9,100,1,4,6,3,4,,2,12.0,"CHARACTER, EPIC HERO, MOUNTED",,Butcher blade,Melee,5,3,4,-2,1,1,,
Inquisitor Kroyle,Imperium - Agents of the Imperium,,2a3f-b53b-6ea4-6da9,100,1,4,6,3,4,,2,12.0,"CHARACTER, EPIC HERO, MOUNTED",,Garralisk's claws and teeth,Melee,4,4,5,-1,1,1,,
Inquisitorial Agents,Imperium - Agents of the Imperium,,4469-7239-717e-9abd,50,6,3,1,5,,,1,6.0,INFANTRY,,Agent melee weapon,Melee,3,3,3,0,1,2,,
Inquisitorial Agents,Imperium - Agents of the Imperium,,4469-7239-717e-9abd,50,6,3,1,5,,,1,6.0,INFANTRY,,Agent firearm,Ranged,1,3,4,-1,1,2,,
Inquisitorial Agents,Imperium - Agents of the Imperium,,4469-7239-717e-9abd,50,6,3,1,5,,,1,6.0,INFANTRY,,Agent melee weapon,Melee,3,3,3,0,1,3,,
Inquisitorial Agents,Imperium - Agents of the Imperium,,4469-7239-717e-9abd,50,6,3,1,5,,,1,6.0,INFANTRY,,Agent firearm,Ranged,1,3,4,-1,1,3,,
Inquisitorial Agents,Imperium - Agents of the Imperium,,4469-7239-717e-9abd,50,6,3,1,5,,,1,6.0,INFANTRY,,Heavy bolter,Ranged,3,4,5,-1,2,1,"Sustained Hits 1, Heavy",
Inquisitorial Agents,Imperium - Agents of the Imperium,,4469-7239-717e-9abd,50,6,3,1,5,,,1,6.0,INFANTRY,,Agent melee weapon,Melee,3,3,3,0,1,1,,
Inquisitorial Chimera,Imperium - Agents of the Imperium,,ede2-ae50-5f5b-cced,60,1,9,11,3,,,2,10.0,"TRANSPORT, VEHICLE",,Lasgun array,Ranged,6,4,3,0,1,1,Rapid Fire 6,
Inquisitorial Chimera,Imperium - Agents of the Imperium,,ede2-ae50-5f5b-cced,60,1,9,11,3,,,2,10.0,"TRANSPORT, VEHICLE",,Armoured tracks,Melee,3,4,6,0,1,1,,
Inquisitorial Chimera,Imperium - Agents of the Imperium,,ede2-ae50-5f5b-cced,60,1,9,11,3,,,2,10.0,"TRANSPORT, VEHICLE",,Heavy bolter,Ranged,3,4,5,-1,2,1,Sustained Hits 1,
Inquisitorial Chimera,Imperium - Agents of the Imperium,,ede2-ae50-5f5b-cced,60,1,9,11,3,,,2,10.0,"TRANSPORT, VEHICLE",,Multi-laser,Ranged,4,4,6,0,1,1,,
Ministorum Priest,Imperium - Agents of the Imperium,,7554-37de-cd68-68a7,40,1,3,3,6,4,,1,6.0,"CHARACTER, INFANTRY",,Zealot's vindictor,Ranged,D6,2,5,0,1,1,"Torrent, Ignores Cover",
Ministorum Priest,Imperium - Agents of the Imperium,,7554-37de-cd68-68a7,40,1,3,3,6,4,,1,6.0,"CHARACTER, INFANTRY",,Zealot's vindictor,Melee,3,4,5,-1,2,1,,
Navigator,Imperium - Agents of the Imperium,,55cf-8d86-affd-bc9b,60,1,3,3,5,4,,1,6.0,"CHARACTER, INFANTRY, PSYKER",,Force-orb cane,Melee,3,4,6,-1,D3,1,,
Navigator,Imperium - Agents of the Imperium,,55cf-8d86-affd-bc9b,60,1,3,3,5,4,,1,6.0,"CHARACTER, INFANTRY, PSYKER",,Laspistol,Ranged,1,4,3,0,1,1,,
Rogue Trader Entourage,Imperium - Agents of the Imperium,,9360-d8b2-cd92-9e7f,75,4,3,4,4,4,,1,6.0,"CHARACTER, INFANTRY",1x T3 W4 Sv4+ Inv4+ char | 1x T3 W2 Sv4+ Inv4+ | 1x T3 W2 Sv4+ Inv4+ | 1x T3 W2 Sv4+ Inv4+,Monomolecular cane-rapier,Melee,4,3,4,-1,1,1,,
Rogue Trader Entourage,Imperium - Agents of the Imperium,,9360-d8b2-cd92-9e7f,75,4,3,4,4,4,,1,6.0,"CHARACTER, INFANTRY",1x T3 W4 Sv4+ Inv4+ char | 1x T3 W2 Sv4+ Inv4+ | 1x T3 W2 Sv4+ Inv4+ | 1x T3 W2 Sv4+ Inv4+,Household pistol,Ranged,2,3,5,-2,2,1,Devastating Wounds,
Rogue Trader Entourage,Imperium - Agents of the Imperium,,9360-d8b2-cd92-9e7f,75,4,3,4,4,4,,1,6.0,"CHARACTER, INFANTRY",1x T3 W4 Sv4+ Inv4+ char | 1x T3 W2 Sv4+ Inv4+ | 1x T3 W2 Sv4+ Inv4+ | 1x T3 W2 Sv4+ Inv4+,Dartmask,Ranged,1,4,2,-1,D3,1,Anti-Infantry 2+,
Rogue Trader Entourage,Imperium - Agents of the Imperium,,9360-d8b2-cd92-9e7f,75,4,3,4,4,4,,1,6.0,"CHARACTER, INFANTRY",1x T3 W4 Sv4+ Inv4+ char | 1x T3 W2 Sv4+ Inv4+ | 1x T3 W2 Sv4+ Inv4+ | 1x T3 W2 Sv4+ Inv4+,Death Cult power blade,Melee,5,2,4,-2,1,1,,
Rogue Trader Entourage,Imperium - Agents of the Imperium,,9360-d8b2-cd92-9e7f,75,4,3,4,4,4,,1,6.0,"CHARACTER, INFANTRY",1x T3 W4 Sv4+ Inv4+ char | 1x T3 W2 Sv4+ Inv4+ | 1x T3 W2 Sv4+ Inv4+ | 1x T3 W2 Sv4+ Inv4+,Voltaic pistol,Ranged,3,3,4,-2,1,1,Sustained Hits 2,
Rogue Trader Entourage,Imperium - Agents of the Imperium,,9360-d8b2-cd92-9e7f,75,4,3,4,4,4,,1,6.0,"CHARACTER, INFANTRY",1x T3 W4 Sv4+ Inv4+ char | 1x T3 W2 Sv4+ Inv4+ | 1x T3 W2 Sv4+ Inv4+ | 1x T3 W2 Sv4+ Inv4+,Close combat weapon,Melee,1,4,3,0,1,1,,
Rogue Trader Entourage,Imperium - Agents of the Imperium,,9360-d8b2-cd92-9e7f,75,4,3,4,4,4,,1,6.0,"CHARACTER, INFANTRY",1x T3 W4 Sv4+ Inv4+ char | 1x T3 W2 Sv4+ Inv4+ | 1x T3 W2 Sv4+ Inv4+ | 1x T3 W2 Sv4+ Inv4+,Close combat weapon,Melee,1,4,3,0,1,1,,
Rogue Trader Entourage,Imperium - Agents of the Imperium,,9360-d8b2-cd92-9e7f,75,4,3,4,4,4,,1,6.0,"CHARACTER, INFANTRY",1x T3 W4 Sv4+ Inv4+ char | 1x T3 W2 Sv4+ Inv4+ | 1x T3 W2 Sv4+ Inv4+ | 1x T3 W2 Sv4+ Inv4+,Laspistol,Ranged,1,4,3,0,1,1,,
Sanctifiers,Imperium - Agents of the Imperium,,4e74-3710-7a66-9d6c,100,9,3,1,6,5,,1,6.0,INFANTRY,,Holy fire,Ranged,D6,2,6,-1,2,1,"Torrent, Ignores Cover",
Sanctifiers,Imperium - Agents of the Imperium,,4e74-3710-7a66-9d6c,100,9,3,1,6,5,,1,6.0,INFANTRY,,Burning hands,Melee,1,2,6,-2,3,1,Devastating Wounds,
Sanctifiers,Imperium - Agents of the Imperium,,4e74-3710-7a66-9d6c,100,9,3,1,6,5,,1,6.0,INFANTRY,,Close combat weapon,Melee,2,3,3,0,1,1,,
Sanctifiers,Imperium - Agents of the Imperium,,4e74-3710-7a66-9d6c,100,9,3,1,6,5,,1,6.0,INFANTRY,,Death Cult blades,Melee,4,2,4,-2,1,1,,
Sanctifiers,Imperium - Agents of the Imperium,,4e74-3710-7a66-9d6c,100,9,3,1,6,5,,1,6.0,INFANTRY,,Sanctifier melee weapon,Melee,3,3,3,0,1,1,,
Sanctifiers,Imperium - Agents of the Imperium,,4e74-3710-7a66-9d6c,100,9,3,1,6,5,,1,6.0,INFANTRY,,➤ Plasma gun - standard,Ranged,1,3,7,-2,1,1,Rapid Fire 1,
Sanctifiers,Imperium - Agents of the Imperium,,4e74-3710-7a66-9d6c,100,9,3,1,6,5,,1,6.0,INFANTRY,,Sanctifier melee weapon,Melee,3,3,3,0,1,1,,
Sanctifiers,Imperium - Agents of the Imperium,,4e74-3710-7a66-9d6c,100,9,3,1,6,5,,1,6.0,INFANTRY,,Ministorum flamer,Ranged,D6,2,5,0,1,1,"Torrent, Ignores Cover",
Sanctifiers,Imperium - Agents of the Imperium,,4e74-3710-7a66-9d6c,100,9,3,1,6,5,,1,6.0,INFANTRY,,Sanctifier melee weapon,Melee,3,3,3,0,1,4,,
Sanctifiers,Imperium - Agents of the Imperium,,4e74-3710-7a66-9d6c,100,9,3,1,6,5,,1,6.0,INFANTRY,,Ministorum hand flamer,Ranged,D6,2,4,0,1,4,"Torrent, Ignores Cover",
Sisters of Battle Immolator,Imperium - Agents of the Imperium,,a5c9-2cb7-d874-8169,90,1,10,11,3,6,,2,12.0,"TRANSPORT, VEHICLE",,Armoured tracks,Melee,3,4,6,0,1,1,,
Sisters of Battle Immolator,Imperium - Agents of the Imperium,,a5c9-2cb7-d874-8169,90,1,10,11,3,6,,2,12.0,"TRANSPORT, VEHICLE",,Heavy bolter,Ranged,3,4,5,-1,2,1,Sustained Hits 1,
Sisters of Battle Immolator,Imperium - Agents of the Imperium,,a5c9-2cb7-d874-8169,90,1,10,11,3,6,,2,12.0,"TRANSPORT, VEHICLE",,Immolation flamers,Ranged,2D6,2,6,-1,1,1,"Torrent, Ignores Cover",
Sisters of Battle Squad,Imperium - Agents of the Imperium,,73fc-a193-7da1-d9c4,100,10,3,1,3,6,,2,6.0,INFANTRY,,Bolt pistol,Ranged,1,3,4,0,1,1,,
Sisters of Battle Squad,Imperium - Agents of the Imperium,,73fc-a193-7da1-d9c4,100,10,3,1,3,6,,2,6.0,INFANTRY,,Close combat weapon,Melee,1,4,3,-1,1,1,,
Sisters of Battle Squad,Imperium - Agents of the Imperium,,73fc-a193-7da1-d9c4,100,10,3,1,3,6,,2,6.0,INFANTRY,,Boltgun,Ranged,1,3,4,0,1,1,Rapid Fire 1,
Sisters of Battle Squad,Imperium - Agents of the Imperium,,73fc-a193-7da1-d9c4,100,10,3,1,3,6,,2,6.0,INFANTRY,,Bolt pistol,Ranged,1,3,4,0,1,6,,
Sisters of Battle Squad,Imperium - Agents of the Imperium,,73fc-a193-7da1-d9c4,100,10,3,1,3,6,,2,6.0,INFANTRY,,Boltgun,Ranged,1,3,4,0,1,6,Rapid Fire 1,
Sisters of Battle Squad,Imperium - Agents of the Imperium,,73fc-a193-7da1-d9c4,100,10,3,1,3,6,,2,6.0,INFANTRY,,Close combat weapon,Melee,1,4,3,-1,1,6,,
Sisters of Battle Squad,Imperium - Agents of the Imperium,,73fc-a193-7da1-d9c4,100,10,3,1,3,6,,2,6.0,INFANTRY,,Bolt pistol,Ranged,1,3,4,0,1,3,,
Sisters of Battle Squad,Imperium - Agents of the Imperium,,73fc-a193-7da1-d9c4,100,10,3,1,3,6,,2,6.0,INFANTRY,,Boltgun,Ranged,1,3,4,0,1,3,Rapid Fire 1,
Sisters of Battle Squad,Imperium - Agents of the Imperium,,73fc-a193-7da1-d9c4,100,10,3,1,3,6,,2,6.0,INFANTRY,,Close combat weapon,Melee,1,4,3,-1,1,3,,
Subductor Squad,Imperium - Agents of the Imperium,,6db9-cede-3810-f1f0,85,11,3,1,3,4,,1,6.0,INFANTRY,,Arbites shotpistol,Ranged,1,4,4,0,1,1,,
Subductor Squad,Imperium - Agents of the Imperium,,6db9-cede-3810-f1f0,85,11,3,1,3,4,,1,6.0,INFANTRY,,Shock maul,Melee,2,4,4,-1,1,1,,
Subductor Squad,Imperium - Agents of the Imperium,,6db9-cede-3810-f1f0,85,11,3,1,3,4,,1,6.0,INFANTRY,,Arbites shotpistol,Ranged,1,4,4,0,1,9,,
Subductor Squad,Imperium - Agents of the Imperium,,6db9-cede-3810-f1f0,85,11,3,1,3,4,,1,6.0,INFANTRY,,Shock maul,Melee,2,4,4,-1,1,9,,
Subductor Squad,Imperium - Agents of the Imperium,,6db9-cede-3810-f1f0,85,11,3,1,3,4,,1,6.0,INFANTRY,,Mechanical bite,Melee,3,4,4,0,1,1,,
Vigilant Squad,Imperium - Agents of the Imperium,,d44c-5cde-cb79-3ec3,85,11,3,1,4,,,2,6.0,"BATTLELINE, INFANTRY",,Close combat weapon,Melee,2,4,3,0,1,1,,
Vigilant Squad,Imperium - Agents of the Imperium,,d44c-5cde-cb79-3ec3,85,11,3,1,4,,,2,6.0,"BATTLELINE, INFANTRY",,Arbites combat shotgun,Ranged,2,4,4,0,1,1,,
Vigilant Squad,Imperium - Agents of the Imperium,,d44c-5cde-cb79-3ec3,85,11,3,1,4,,,2,6.0,"BATTLELINE, INFANTRY",,Arbites shotpistol,Ranged,1,4,4,0,1,1,,
Vigilant Squad,Imperium - Agents of the Imperium,,d44c-5cde-cb79-3ec3,85,11,3,1,4,,,2,6.0,"BATTLELINE, INFANTRY",,Mechanical bite,Melee,3,4,4,0,1,1,,
Vigilant Squad,Imperium - Agents of the Imperium,,d44c-5cde-cb79-3ec3,85,11,3,1,4,,,2,6.0,"BATTLELINE, INFANTRY",,Arbites combat shotgun,Ranged,2,4,4,0,1,7,,
Vigilant Squad,Imperium - Agents of the Imperium,,d44c-5cde-cb79-3ec3,85,11,3,1,4,,,2,6.0,"BATTLELINE, INFANTRY",,Close combat weapon,Melee,2,4,3,0,1,7,,
Vigilant Squad,Imperium - Agents of the Imperium,,d44c-5cde-cb79-3ec3,85,11,3,1,4,,,2,6.0,"BATTLELINE, INFANTRY",,Arbites shotpistol,Ranged,1,4,4,0,1,7,,
Vigilant Squad,Imperium - Agents of the Imperium,,d44c-5cde-cb79-3ec3,85,11,3,1,4,,,2,6.0,"BATTLELINE, INFANTRY",,Arbites combat shotgun,Ranged,2,4,4,0,1,2,,
Vigilant Squad,Imperium - Agents of the Imperium,,d44c-5cde-cb79-3ec3,85,11,3,1,4,,,2,6.0,"BATTLELINE, INFANTRY",,Close combat weapon,Melee,2,4,3,0,1,2,,
Vigilant Squad,Imperium - Agents of the Imperium,,d44c-5cde-cb79-3ec3,85,11,3,1,4,,,2,6.0,"BATTLELINE, INFANTRY",,Arbites shotpistol,Ranged,1,4,4,0,1,2,,
Vindicare Assassin,Imperium - Agents of the Imperium,,efa3-2cf5-dcfb-b976,110,1,4,4,6,4,,1,7.0,"CHARACTER, EPIC HERO, INFANTRY",,Exitus pistol,Ranged,3,2,6,-2,3,1,"Devastating Wounds, Ignores Cover",
Vindicare Assassin,Imperium - Agents of the Imperium,,efa3-2cf5-dcfb-b976,110,1,4,4,6,4,,1,7.0,"CHARACTER, EPIC HERO, INFANTRY",,Exitus rifle,Ranged,1,2,8,-3,D3+3,1,"Devastating Wounds, Heavy, Ignores Cover",
Vindicare Assassin,Imperium - Agents of the Imperium,,efa3-2cf5-dcfb-b976,110,1,4,4,6,4,,1,7.0,"CHARACTER, EPIC HERO, INFANTRY",,Vindicare combat knife,Melee,4,2,4,-1,1,1,,
Voidsmen-at-Arms,Imperium - Agents of the Imperium,,3953-4e12-fe7b-97e9,50,6,3,1,4,,,2,6.0,INFANTRY,,Artificer shotgun,Ranged,2,4,4,0,2,1,,
Voidsmen-at-Arms,Imperium - Agents of the Imperium,,3953-4e12-fe7b-97e9,50,6,3,1,4,,,2,6.0,INFANTRY,,Laspistol,Ranged,1,4,3,0,1,1,,
Voidsmen-at-Arms,Imperium - Agents of the Imperium,,3953-4e12-fe7b-97e9,50,6,3,1,4,,,2,6.0,INFANTRY,,Close combat weapon,Melee,1,4,3,0,1,1,,
Voidsmen-at-Arms,Imperium - Agents of the Imperium,,3953-4e12-fe7b-97e9,50,6,3,1,4,,,2,6.0,INFANTRY,,Vicious bite,Melee,3,4,4,0,1,1,,
Voidsmen-at-Arms,Imperium - Agents of the Imperium,,3953-4e12-fe7b-97e9,50,6,3,1,4,,,2,6.0,INFANTRY,,Lasgun,Ranged,1,4,3,0,1,3,Rapid Fire 1,
Voidsmen-at-Arms,Imperium - Agents of the Imperium,,3953-4e12-fe7b-97e9,50,6,3,1,4,,,2,6.0,INFANTRY,,Laspistol,Ranged,1,4,3,0,1,3,,
Voidsmen-at-Arms,Imperium - Agents of the Imperium,,3953-4e12-fe7b-97e9,50,6,3,1,4,,,2,6.0,INFANTRY,,Close combat weapon,Melee,1,4,3,0,1,3,,
Voidsmen-at-Arms,Imperium - Agents of the Imperium,,3953-4e12-fe7b-97e9,50,6,3,1,4,,,2,6.0,INFANTRY,,Voidsman rotor cannon,Ranged,6,5,6,0,1,1,"Sustained Hits 1, Heavy",
Voidsmen-at-Arms,Imperium - Agents of the Imperium,,3953-4e12-fe7b-97e9,50,6,3,1,4,,,2,6.0,INFANTRY,,Close combat weapon,Melee,1,4,3,0,1,1,,
Voidsmen-at-Arms,Imperium - Agents of the Imperium,,3953-4e12-fe7b-97e9,50,6,3,1,4,,,2,6.0,INFANTRY,,Laspistol,Ranged,1,4,3,0,1,1,,
Watch Captain Artemis,Imperium - Agents of the Imperium,,f158-1e0b-585b-bf40,65,1,4,4,3,4,,1,6.0,"CHARACTER, EPIC HERO, INFANTRY",,Hellfire Extremis,Ranged,D6,2,4,-1,1,1,"Devastating Wounds, Torrent, Ignores Cover, Anti-Infantry 4+",
Watch Captain Artemis,Imperium - Agents of the Imperium,,f158-1e0b-585b-bf40,65,1,4,4,3,4,,1,6.0,"CHARACTER, EPIC HERO, INFANTRY",,Master-crafted power weapon,Melee,6,2,5,-2,2,1,,
Watch Master,Imperium - Agents of the Imperium,,cfa5-df26-a886-9975,95,1,4,5,2,4,,1,6.0,"CHARACTER, INFANTRY",,Vigil spear,Ranged,2,2,4,-1,2,1,,
Watch Master,Imperium - Agents of the Imperium,,cfa5-df26-a886-9975,95,1,4,5,2,4,,1,6.0,"CHARACTER, INFANTRY",,Vigil spear,Melee,6,2,6,-2,D3,1,Lance,
Avenger Strike Fighter,Imperium - Astra Militarum,,532c-2c97-357a-fa1e,130,1,9,14,3,,,0,0.0,"AIRCRAFT, FLY, VEHICLE",,Avenger bolt cannon,Ranged,10,4,6,-1,2,1,Sustained Hits 1,
Avenger Strike Fighter,Imperium - Astra Militarum,,532c-2c97-357a-fa1e,130,1,9,14,3,,,0,0.0,"AIRCRAFT, FLY, VEHICLE",,Armoured hull,Melee,6,4,8,0,1,1,,
Avenger Strike Fighter,Imperium - Astra Militarum,,532c-2c97-357a-fa1e,130,1,9,14,3,,,0,0.0,"AIRCRAFT, FLY, VEHICLE",,Heavy stubber,Ranged,3,4,4,0,1,1,Rapid Fire 3,
Avenger Strike Fighter,Imperium - Astra Militarum,,532c-2c97-357a-fa1e,130,1,9,14,3,,,0,0.0,"AIRCRAFT, FLY, VEHICLE",,Lascannon,Ranged,1,4,12,-3,D6+1,2,,
Bullgryn Squad,Imperium - Astra Militarum,,37ad-63e5-1786-87cf,90,3,6,3,3,,,1,6.0,INFANTRY,,Close combat weapon,Melee,4,3,6,0,1,2,,
Bullgryn Squad,Imperium - Astra Militarum,,37ad-63e5-1786-87cf,90,3,6,3,3,,,1,6.0,INFANTRY,,Bullgryn maul,Melee,4,3,7,-1,2,2,,
Bullgryn Squad,Imperium - Astra Militarum,,37ad-63e5-1786-87cf,90,3,6,3,3,,,1,6.0,INFANTRY,,Close combat weapon,Melee,4,3,6,0,1,1,,
Bullgryn Squad,Imperium - Astra Militarum,,37ad-63e5-1786-87cf,90,3,6,3,3,,,1,6.0,INFANTRY,,Bullgryn maul,Melee,4,3,7,-1,2,1,,
Commissar,Imperium - Astra Militarum,,a979-5b21-dc69-b949,30,1,3,3,5,5,,1,6.0,"CHARACTER, INFANTRY",,Bolt pistol,Ranged,1,3,4,0,1,1,,
Commissar,Imperium - Astra Militarum,,a979-5b21-dc69-b949,30,1,3,3,5,5,,1,6.0,"CHARACTER, INFANTRY",,Chainsword,Melee,4,3,3,0,1,1,,
Commissar Graves,Imperium - Astra Militarum,,50b8-1f13-9807-0069,125,1,8,12,3,4,,5,12.0,"CHARACTER, EPIC HERO, VEHICLE",,Prefectus heavy stubber,Ranged,3,3,5,0,1,2,Rapid Fire 3,
Commissar Graves,Imperium - Astra Militarum,,50b8-1f13-9807-0069,125,1,8,12,3,4,,5,12.0,"CHARACTER, EPIC HERO, VEHICLE",,Enforcer crew,Melee,10,4,3,0,1,1,,
Commissar Graves,Imperium - Astra Militarum,,50b8-1f13-9807-0069,125,1,8,12,3,4,,5,12.0,"CHARACTER, EPIC HERO, VEHICLE",,Armoured hull,Melee,3,4,6,0,1,1,,
Commissar Graves,Imperium - Astra Militarum,,50b8-1f13-9807-0069,125,1,8,12,3,4,,5,12.0,"CHARACTER, EPIC HERO, VEHICLE",,Chiron gatling cannon,Ranged,12,3,5,0,1,1,,
Commissar Graves,Imperium - Astra Militarum,,50b8-1f13-9807-0069,125,1,8,12,3,4,,5,12.0,"CHARACTER, EPIC HERO, VEHICLE",,Power sword and Manus Mortis,Melee,5,2,6,-2,2,1,Lance,
Commissar Graves on Foot,Imperium - Astra Militarum,,d624-2be1-87a3-41ca,65,1,3,4,4,5,,1,6.0,"CHARACTER, EPIC HERO, INFANTRY",,Bolt pistol,Ranged,1,2,4,0,1,1,,
Commissar Graves on Foot,Imperium - Astra Militarum,,d624-2be1-87a3-41ca,65,1,3,4,4,5,,1,6.0,"CHARACTER, EPIC HERO, INFANTRY",,Power sword and Manus Mortis,Melee,5,2,6,-2,2,1,,
Commissar Yarrick,Imperium - Astra Militarum,,3962-1fa9-7088-aedd,120,1,4,5,4,4,,1,6.0,"CHARACTER, EPIC HERO, INFANTRY",,Laspistol,Ranged,1,2,3,0,1,1,,
Commissar Yarrick,Imperium - Astra Militarum,,3962-1fa9-7088-aedd,120,1,4,5,4,4,,1,6.0,"CHARACTER, EPIC HERO, INFANTRY",,Power sword,Melee,6,2,4,-2,1,1,,
Commissar Yarrick,Imperium - Astra Militarum,,3962-1fa9-7088-aedd,120,1,4,5,4,4,,1,6.0,"CHARACTER, EPIC HERO, INFANTRY",,Power klaw,Melee,4,2,8,-2,2,1,,
Commissar Yarrick,Imperium - Astra Militarum,,3962-1fa9-7088-aedd,120,1,4,5,4,4,,1,6.0,"CHARACTER, EPIC HERO, INFANTRY",,Bale Eye,Ranged,2,2,6,-2,D3+1,1,,
Commissar Yarrick,Imperium - Astra Militarum,,3962-1fa9-7088-aedd,120,1,4,5,4,4,,1,6.0,"CHARACTER, EPIC HERO, INFANTRY",,Storm bolter,Ranged,2,2,4,0,1,1,Rapid Fire 2,
Gaunt’s Ghosts,Imperium - Astra Militarum,,653d-80-d715-7d55,95,6,3,3,4,5,,1,6.0,"EPIC HERO, INFANTRY",1x T3 W3 Sv4+ Inv5+ | 1x T3 W2 Sv5+ | 1x T3 W2 Sv5+ | 1x T3 W2 Sv5+ | 1x T3 W2 Sv5+ | 1x T3 W2 Sv5+,Gaunt's chainsword,Melee,5,2,3,-1,1,1,,
Gaunt’s Ghosts,Imperium - Astra Militarum,,653d-80-d715-7d55,95,6,3,3,4,5,,1,6.0,"EPIC HERO, INFANTRY",1x T3 W3 Sv4+ Inv5+ | 1x T3 W2 Sv5+ | 1x T3 W2 Sv5+ | 1x T3 W2 Sv5+ | 1x T3 W2 Sv5+ | 1x T3 W2 Sv5+,Bolt pistol,Ranged,1,2,4,0,1,1,,
Gaunt’s Ghosts,Imperium - Astra Militarum,,653d-80-d715-7d55,95,6,3,3,4,5,,1,6.0,"EPIC HERO, INFANTRY",1x T3 W3 Sv4+ Inv5+ | 1x T3 W2 Sv5+ | 1x T3 W2 Sv5+ | 1x T3 W2 Sv5+ | 1x T3 W2 Sv5+ | 1x T3 W2 Sv5+,Corbec's hot-shot lascarbine,Ranged,3,3,3,-1,1,1,,
Gaunt’s Ghosts,Imperium - Astra Militarum,,653d-80-d715-7d55,95,6,3,3,4,5,,1,6.0,"EPIC HERO, INFANTRY",1x T3 W3 Sv4+ Inv5+ | 1x T3 W2 Sv5+ | 1x T3 W2 Sv5+ | 1x T3 W2 Sv5+ | 1x T3 W2 Sv5+ | 1x T3 W2 Sv5+,Straight silver knife,Melee,3,3,3,0,1,1,,
Gaunt’s Ghosts,Imperium - Astra Militarum,,653d-80-d715-7d55,95,6,3,3,4,5,,1,6.0,"EPIC HERO, INFANTRY",1x T3 W3 Sv4+ Inv5+ | 1x T3 W2 Sv5+ | 1x T3 W2 Sv5+ | 1x T3 W2 Sv5+ | 1x T3 W2 Sv5+ | 1x T3 W2 Sv5+,Larkin's long-las,Ranged,1,2,5,-2,4,1,Heavy,
Gaunt’s Ghosts,Imperium - Astra Militarum,,653d-80-d715-7d55,95,6,3,3,4,5,,1,6.0,"EPIC HERO, INFANTRY",1x T3 W3 Sv4+ Inv5+ | 1x T3 W2 Sv5+ | 1x T3 W2 Sv5+ | 1x T3 W2 Sv5+ | 1x T3 W2 Sv5+ | 1x T3 W2 Sv5+,Straight silver knife,Melee,3,3,3,0,1,1,,
Gaunt’s Ghosts,Imperium - Astra Militarum,,653d-80-d715-7d55,95,6,3,3,4,5,,1,6.0,"EPIC HERO, INFANTRY",1x T3 W3 Sv4+ Inv5+ | 1x T3 W2 Sv5+ | 1x T3 W2 Sv5+ | 1x T3 W2 Sv5+ | 1x T3 W2 Sv5+ | 1x T3 W2 Sv5+,Lascarbine,Ranged,3,3,3,0,1,1,,
Gaunt’s Ghosts,Imperium - Astra Militarum,,653d-80-d715-7d55,95,6,3,3,4,5,,1,6.0,"EPIC HERO, INFANTRY",1x T3 W3 Sv4+ Inv5+ | 1x T3 W2 Sv5+ | 1x T3 W2 Sv5+ | 1x T3 W2 Sv5+ | 1x T3 W2 Sv5+ | 1x T3 W2 Sv5+,Mkoll's straight silver knife,Melee,5,2,3,-1,1,1,Devastating Wounds,
Gaunt’s Ghosts,Imperium - Astra Militarum,,653d-80-d715-7d55,95,6,3,3,4,5,,1,6.0,"EPIC HERO, INFANTRY",1x T3 W3 Sv4+ Inv5+ | 1x T3 W2 Sv5+ | 1x T3 W2 Sv5+ | 1x T3 W2 Sv5+ | 1x T3 W2 Sv5+ | 1x T3 W2 Sv5+,Rawne's lascarbine,Ranged,3,3,3,0,1,1,Sustained Hits 1,
Gaunt’s Ghosts,Imperium - Astra Militarum,,653d-80-d715-7d55,95,6,3,3,4,5,,1,6.0,"EPIC HERO, INFANTRY",1x T3 W3 Sv4+ Inv5+ | 1x T3 W2 Sv5+ | 1x T3 W2 Sv5+ | 1x T3 W2 Sv5+ | 1x T3 W2 Sv5+ | 1x T3 W2 Sv5+,Straight silver knife,Melee,3,3,3,0,1,1,,
Gaunt’s Ghosts,Imperium - Astra Militarum,,653d-80-d715-7d55,95,6,3,3,4,5,,1,6.0,"EPIC HERO, INFANTRY",1x T3 W3 Sv4+ Inv5+ | 1x T3 W2 Sv5+ | 1x T3 W2 Sv5+ | 1x T3 W2 Sv5+ | 1x T3 W2 Sv5+ | 1x T3 W2 Sv5+,Bragg's autocannon,Ranged,4,5,9,-1,3,1,Heavy,
Gaunt’s Ghosts,Imperium - Astra Militarum,,653d-80-d715-7d55,95,6,3,3,4,5,,1,6.0,"EPIC HERO, INFANTRY",1x T3 W3 Sv4+ Inv5+ | 1x T3 W2 Sv5+ | 1x T3 W2 Sv5+ | 1x T3 W2 Sv5+ | 1x T3 W2 Sv5+ | 1x T3 W2 Sv5+,Straight silver knife,Melee,3,3,3,0,1,1,,
Lord Marshal Dreir,Imperium - Astra Militarum,,9033-d07c-3e1c-f6f0,75,1,4,6,4,4,,2,10.0,"CHARACTER, EPIC HERO, MOUNTED",,Sabre of Sacrifice,Melee,6,2,6,-2,1,1,Anti-Infantry 4+,
Lord Marshal Dreir,Imperium - Astra Militarum,,9033-d07c-3e1c-f6f0,75,1,4,6,4,4,,2,10.0,"CHARACTER, EPIC HERO, MOUNTED",,Savage claws,Melee,2,4,4,-1,1,1,,
Lord Marshal Dreir,Imperium - Astra Militarum,,9033-d07c-3e1c-f6f0,75,1,4,6,4,4,,2,10.0,"CHARACTER, EPIC HERO, MOUNTED",,Laspistol,Ranged,1,3,3,0,1,1,,
Lord Solar Leontus,Imperium - Astra Militarum,,a9d-55c1-3d24-fa25,130,1,4,8,3,4,,2,12.0,"CHARACTER, EPIC HERO, MOUNTED",,Sol's Righteous Gaze,Ranged,2,2,8,-2,2,1,,
Lord Solar Leontus,Imperium - Astra Militarum,,a9d-55c1-3d24-fa25,130,1,4,8,3,4,,2,12.0,"CHARACTER, EPIC HERO, MOUNTED",,Conquest,Melee,6,2,6,-2,2,1,,
Lord Solar Leontus,Imperium - Astra Militarum,,a9d-55c1-3d24-fa25,130,1,4,8,3,4,,2,12.0,"CHARACTER, EPIC HERO, MOUNTED",,Konstantin's hooves,Melee,2,4,4,0,1,1,,
Militarum Tempestus Command Squad,Imperium - Astra Militarum,,497-36ad-8ecb-f7c7,85,5,3,1,4,,,1,6.0,"CHARACTER, INFANTRY",4x T3 W1 Sv4+ | 1x T3 W3 Sv4+ char,Close combat weapon,Melee,2,4,3,0,1,4,,
Militarum Tempestus Command Squad,Imperium - Astra Militarum,,497-36ad-8ecb-f7c7,85,5,3,1,4,,,1,6.0,"CHARACTER, INFANTRY",4x T3 W1 Sv4+ | 1x T3 W3 Sv4+ char,Flamer,Ranged,D6,2,4,0,1,4,"Torrent, Ignores Cover",
Militarum Tempestus Command Squad,Imperium - Astra Militarum,,497-36ad-8ecb-f7c7,85,5,3,1,4,,,1,6.0,"CHARACTER, INFANTRY",4x T3 W1 Sv4+ | 1x T3 W3 Sv4+ char,Tempestus dagger,Melee,4,3,3,0,1,1,,
Militarum Tempestus Command Squad,Imperium - Astra Militarum,,497-36ad-8ecb-f7c7,85,5,3,1,4,,,1,6.0,"CHARACTER, INFANTRY",4x T3 W1 Sv4+ | 1x T3 W3 Sv4+ char,Bolt pistol,Ranged,1,3,4,0,1,1,,
Ministorum Priest,Imperium - Astra Militarum,,ba72-7b05-33c9-a1c0,35,1,3,3,6,4,,1,6.0,"CHARACTER, INFANTRY",,Zealot's vindicator,Melee,3,4,5,-1,2,1,,
Ministorum Priest,Imperium - Astra Militarum,,ba72-7b05-33c9-a1c0,35,1,3,3,6,4,,1,6.0,"CHARACTER, INFANTRY",,Zealot's vindicator,Ranged,D6,2,5,0,1,1,"Torrent, Ignores Cover",
Nork Deddog,Imperium - Astra Militarum,,bcda-f4bb-e726-9bfe,60,1,6,6,4,,,1,6.0,"CHARACTER, EPIC HERO, INFANTRY",,Huge knife,Melee,6,2,8,-1,2,1,Devastating Wounds,
Nork Deddog,Imperium - Astra Militarum,,bcda-f4bb-e726-9bfe,60,1,6,6,4,,,1,6.0,"CHARACTER, EPIC HERO, INFANTRY",,Ripper gun,Ranged,3,3,5,-1,2,1,Rapid Fire 3,
Ogryn Bodyguard,Imperium - Astra Militarum,,a7c2-1534-93b0-c0eb,40,1,6,6,5,,,1,6.0,"CHARACTER, INFANTRY",,Close combat weapon,Melee,4,3,6,0,1,1,,
Ogryn Bodyguard,Imperium - Astra Militarum,,a7c2-1534-93b0-c0eb,40,1,6,6,5,,,1,6.0,"CHARACTER, INFANTRY",,Huge knife,Melee,6,3,8,-1,2,1,,
Ogryn Bodyguard,Imperium - Astra Militarum,,a7c2-1534-93b0-c0eb,40,1,6,6,5,,,1,6.0,"CHARACTER, INFANTRY",,Bullgryn maul,Melee,5,3,7,-1,2,1,,
Ogryn Squad,Imperium - Astra Militarum,,c9eb-2007-af01-a853,60,3,6,3,5,,,1,6.0,INFANTRY,,Ripper gun,Ranged,3,4,5,-1,2,2,Rapid Fire 3,
Ogryn Squad,Imperium - Astra Militarum,,c9eb-2007-af01-a853,60,3,6,3,5,,,1,6.0,INFANTRY,,Ripper gun,Melee,4,3,6,-1,1,2,,
Ogryn Squad,Imperium - Astra Militarum,,c9eb-2007-af01-a853,60,3,6,3,5,,,1,6.0,INFANTRY,,Ripper gun,Ranged,3,4,5,-1,2,1,Rapid Fire 3,
Ogryn Squad,Imperium - Astra Militarum,,c9eb-2007-af01-a853,60,3,6,3,5,,,1,6.0,INFANTRY,,Ripper gun,Melee,4,3,6,-1,1,1,,
Ratlings,Imperium - Astra Militarum,,8293-a070-2c87-de30,60,5,2,1,6,,,1,6.0,INFANTRY,,Close combat weapon,Melee,1,5,2,0,1,5,,
Ratlings,Imperium - Astra Militarum,,8293-a070-2c87-de30,60,5,2,1,6,,,1,6.0,INFANTRY,,Sniper rifle,Ranged,1,3,4,-2,2,5,Heavy,
Sly Marbo,Imperium - Astra Militarum,,4d50-e535-616a-259c,55,1,3,4,5,,,1,6.0,"CHARACTER, EPIC HERO, INFANTRY",,Ripper pistol,Ranged,3,2,5,-1,2,1,Anti-Infantry 2+,
Sly Marbo,Imperium - Astra Militarum,,4d50-e535-616a-259c,55,1,3,4,5,,,1,6.0,"CHARACTER, EPIC HERO, INFANTRY",,Envenomed blade,Melee,5,2,5,-1,2,1,Anti-Infantry 2+,
Tech-Priest Enginseer,Imperium - Astra Militarum,,f556-a33d-dc90-d6fc,45,1,4,3,3,5,,1,6.0,"CHARACTER, INFANTRY",,Enginseer Axe,Melee,3,4,6,-2,2,1,,
Tech-Priest Enginseer,Imperium - Astra Militarum,,f556-a33d-dc90-d6fc,45,1,4,3,3,5,,1,6.0,"CHARACTER, INFANTRY",,Mechanicus pistol,Ranged,1,3,6,0,1,1,Devastating Wounds,
Tech-Priest Enginseer,Imperium - Astra Militarum,,f556-a33d-dc90-d6fc,45,1,4,3,3,5,,1,6.0,"CHARACTER, INFANTRY",,Servo-arm,Melee,1,4,6,-2,2,1,,
Tempestus Aquilons,Imperium - Astra Militarum,,aa9f-f137-1638-0369,95,10,3,1,4,,,1,6.0,INFANTRY,,Hot-shot lascarbine,Ranged,2,3,3,-1,1,4,,
Tempestus Aquilons,Imperium - Astra Militarum,,aa9f-f137-1638-0369,95,10,3,1,4,,,1,6.0,INFANTRY,,Close combat weapon,Melee,2,4,3,0,1,4,,
Tempestus Aquilons,Imperium - Astra Militarum,,aa9f-f137-1638-0369,95,10,3,1,4,,,1,6.0,INFANTRY,,Hot-shot lascarbine,Ranged,2,3,3,-1,1,5,,
Tempestus Aquilons,Imperium - Astra Militarum,,aa9f-f137-1638-0369,95,10,3,1,4,,,1,6.0,INFANTRY,,Close combat weapon,Melee,2,4,3,0,1,5,,
Tempestus Aquilons,Imperium - Astra Militarum,,aa9f-f137-1638-0369,95,10,3,1,4,,,1,6.0,INFANTRY,,Close combat weapon,Melee,2,4,3,0,1,1,,
Tempestus Aquilons,Imperium - Astra Militarum,,aa9f-f137-1638-0369,95,10,3,1,4,,,1,6.0,INFANTRY,,Hot-shot lascarbine,Ranged,2,3,3,-1,1,1,,
Tempestus Aquilons,Imperium - Astra Militarum,,aa9f-f137-1638-0369,95,10,3,1,4,,,1,6.0,INFANTRY,,Sentry flamer,Ranged,D6+3,2,4,0,1,1,"Torrent, Ignores Cover",
Tempestus Scions,Imperium - Astra Militarum,,679b-f37f-2388-748,75,5,3,1,4,,,1,6.0,INFANTRY,,Hot-shot lasgun,Ranged,1,3,3,-1,1,4,Rapid Fire 1,
Tempestus Scions,Imperium - Astra Militarum,,679b-f37f-2388-748,75,5,3,1,4,,,1,6.0,INFANTRY,,Close combat weapon,Melee,2,4,3,0,1,4,,
Tempestus Scions,Imperium - Astra Militarum,,679b-f37f-2388-748,75,5,3,1,4,,,1,6.0,INFANTRY,,Hot-shot laspistol,Ranged,1,3,3,-1,1,1,,
Tempestus Scions,Imperium - Astra Militarum,,679b-f37f-2388-748,75,5,3,1,4,,,1,6.0,INFANTRY,,Chainsword,Melee,4,4,3,0,1,1,,
Ursula Creed,Imperium - Astra Militarum,,b6b2-9971-ec0c-349e,85,1,3,4,4,5,,1,6.0,"CHARACTER, EPIC HERO, INFANTRY",,Duty and Vengeance,Ranged,4,3,5,-2,1,1,,
Ursula Creed,Imperium - Astra Militarum,,b6b2-9971-ec0c-349e,85,1,3,4,4,5,,1,6.0,"CHARACTER, EPIC HERO, INFANTRY",,Power weapon,Melee,4,3,4,-2,1,1,,
Brother-Captain,Imperium - Grey Knights,,dce9-6eb4-fa33-e869,95,1,5,6,2,4,,1,5.0,"CHARACTER, INFANTRY, PSYKER",,Nemesis force weapon,Melee,4,2,6,-2,2,1,,
Brother-Captain,Imperium - Grey Knights,,dce9-6eb4-fa33-e869,95,1,5,6,2,4,,1,5.0,"CHARACTER, INFANTRY, PSYKER",,Storm bolter,Ranged,2,2,4,0,1,1,Rapid Fire 2,
Brotherhood Champion,Imperium - Grey Knights,,2c81-4e74-8707-3117,70,1,4,4,2,4,,1,6.0,"CHARACTER, INFANTRY, PSYKER",,Nemesis force weapon,Melee,5,2,6,-2,2,1,,
Brotherhood Champion,Imperium - Grey Knights,,2c81-4e74-8707-3117,70,1,4,4,2,4,,1,6.0,"CHARACTER, INFANTRY, PSYKER",,Storm bolter,Ranged,2,2,4,0,1,1,Rapid Fire 2,
Brotherhood Chaplain,Imperium - Grey Knights,,b9b1-d698-1e98-da45,65,1,5,5,2,4,,1,5.0,"CHARACTER, INFANTRY, PSYKER",,Crozius arcanum,Melee,5,2,6,-1,2,1,,
Brotherhood Chaplain,Imperium - Grey Knights,,b9b1-d698-1e98-da45,65,1,5,5,2,4,,1,5.0,"CHARACTER, INFANTRY, PSYKER",,Storm bolter,Ranged,2,3,4,0,1,1,Rapid Fire 2,
Brotherhood Librarian,Imperium - Grey Knights,,5412-1f01-b7cc-bf12,90,1,5,5,2,4,,1,5.0,"CHARACTER, INFANTRY, PSYKER",,Nemesis force weapon,Melee,4,2,6,-1,2,1,,
Brotherhood Librarian,Imperium - Grey Knights,,5412-1f01-b7cc-bf12,90,1,5,5,2,4,,1,5.0,"CHARACTER, INFANTRY, PSYKER",,Vortex of Doom,Ranged,D6+3,3,8,-2,2,1,Blast,
Brotherhood Techmarine,Imperium - Grey Knights,,f667-5267-f241-37,70,1,4,4,2,,,1,6.0,"CHARACTER, INFANTRY, PSYKER",,Servo-arm,Melee,1,3,8,-2,3,1,,
Brotherhood Techmarine,Imperium - Grey Knights,,f667-5267-f241-37,70,1,4,4,2,,,1,6.0,"CHARACTER, INFANTRY, PSYKER",,Omnissian power axe,Melee,4,3,6,-2,2,1,,
Brotherhood Techmarine,Imperium - Grey Knights,,f667-5267-f241-37,70,1,4,4,2,,,1,6.0,"CHARACTER, INFANTRY, PSYKER",,Grav-pistol,Ranged,1,2,4,-1,2,1,Anti-Vehicle 2+,
Brotherhood Techmarine,Imperium - Grey Knights,,f667-5267-f241-37,70,1,4,4,2,,,1,6.0,"CHARACTER, INFANTRY, PSYKER",,Forge bolter,Ranged,3,2,5,-1,2,1,,
Brotherhood Terminator Squad,Imperium - Grey Knights,,a037-a89c-f59f-8b1e,140,4,5,3,2,4,,2,5.0,"BATTLELINE, INFANTRY, PSYKER",,Nemesis force weapon,Melee,4,3,6,-2,2,3,,
Brotherhood Terminator Squad,Imperium - Grey Knights,,a037-a89c-f59f-8b1e,140,4,5,3,2,4,,2,5.0,"BATTLELINE, INFANTRY, PSYKER",,Storm bolter,Ranged,2,3,4,0,1,3,Rapid Fire 2,
Brotherhood Terminator Squad,Imperium - Grey Knights,,a037-a89c-f59f-8b1e,140,4,5,3,2,4,,2,5.0,"BATTLELINE, INFANTRY, PSYKER",,Nemesis force weapon,Melee,4,3,6,-2,2,1,,
Brotherhood Terminator Squad,Imperium - Grey Knights,,a037-a89c-f59f-8b1e,140,4,5,3,2,4,,2,5.0,"BATTLELINE, INFANTRY, PSYKER",,Storm bolter,Ranged,2,3,4,0,1,1,Rapid Fire 2,
Castellan Crowe,Imperium - Grey Knights,,9ddb-760d-8cf7-1c8a,100,1,4,5,2,4,,1,6.0,"CHARACTER, EPIC HERO, INFANTRY, PSYKER",,Purifying Flame,Ranged,3,2,4,-2,1,1,"Ignores Cover, Anti-Infantry 2+",
Castellan Crowe,Imperium - Grey Knights,,9ddb-760d-8cf7-1c8a,100,1,4,5,2,4,,1,6.0,"CHARACTER, EPIC HERO, INFANTRY, PSYKER",,Black Blade of Antwyr,Melee,5,2,6,-2,2,1,Devastating Wounds,
Castellan Crowe,Imperium - Grey Knights,,9ddb-760d-8cf7-1c8a,100,1,4,5,2,4,,1,6.0,"CHARACTER, EPIC HERO, INFANTRY, PSYKER",,Storm bolter,Ranged,2,2,4,0,1,1,Rapid Fire 2,
Grand Master,Imperium - Grey Knights,,1a56-706b-a8f1-631a,95,1,5,7,2,4,,1,5.0,"CHARACTER, INFANTRY, PSYKER",,Nemesis force weapon,Melee,5,2,6,-2,2,1,,
Grand Master,Imperium - Grey Knights,,1a56-706b-a8f1-631a,95,1,5,7,2,4,,1,5.0,"CHARACTER, INFANTRY, PSYKER",,Storm bolter,Ranged,2,2,4,0,1,1,Rapid Fire 2,
Grand Master Voldus,Imperium - Grey Knights,,7256-bb3a-3e79-31fe,125,1,5,7,2,4,,1,5.0,"CHARACTER, EPIC HERO, INFANTRY, PSYKER",,Malleus Argyrum,Melee,5,2,10,-2,3,1,,
Grand Master Voldus,Imperium - Grey Knights,,7256-bb3a-3e79-31fe,125,1,5,7,2,4,,1,5.0,"CHARACTER, EPIC HERO, INFANTRY, PSYKER",,Searing Purity,Ranged,D3+1,2,12,-2,2,1,Devastating Wounds,
Grand Master Voldus,Imperium - Grey Knights,,7256-bb3a-3e79-31fe,125,1,5,7,2,4,,1,5.0,"CHARACTER, EPIC HERO, INFANTRY, PSYKER",,Storm bolter,Ranged,2,2,4,0,1,1,Rapid Fire 2,
Grand Master in Nemesis Dreadknight,Imperium - Grey Knights,,3625-f9f1-122b-bf9d,200,1,8,13,2,4,,4,8.0,"CHARACTER, PSYKER, VEHICLE, WALKER",,Nemesis mace,Melee,5,2,6,-3,3,1,Anti-Character 2+,
Grey Knights Thunderhawk Gunship,Imperium - Grey Knights,,8989-2fd2-4d29-e795,805,1,12,30,2,,,0,20.0,"FLY, TITANIC, TRANSPORT, VEHICLE",,Lascannon,Ranged,1,3,12,-3,D6+1,2,,
Grey Knights Thunderhawk Gunship,Imperium - Grey Knights,,8989-2fd2-4d29-e795,805,1,12,30,2,,,0,20.0,"FLY, TITANIC, TRANSPORT, VEHICLE",,Armored Hull,Melee,6,4,8,0,1,1,,
Grey Knights Thunderhawk Gunship,Imperium - Grey Knights,,8989-2fd2-4d29-e795,805,1,12,30,2,,,0,20.0,"FLY, TITANIC, TRANSPORT, VEHICLE",,Twin heavy bolter,Ranged,3,3,5,-1,2,4,"Sustained Hits 1, Twin-linked",
Grey Knights Thunderhawk Gunship,Imperium - Grey Knights,,8989-2fd2-4d29-e795,805,1,12,30,2,,,0,20.0,"FLY, TITANIC, TRANSPORT, VEHICLE",,Thunderhawk heavy cannon,Ranged,D6+6,3,10,-2,3,1,Blast,
Grey Knights Thunderhawk Gunship,Imperium - Grey Knights,,8989-2fd2-4d29-e795,805,1,12,30,2,,,0,20.0,"FLY, TITANIC, TRANSPORT, VEHICLE",,Hellstrike missile battery,Ranged,4,3,8,-2,3,1,Anti-Fly 4+,
Interceptor Squad,Imperium - Grey Knights,,d9f7-71b7-8e67-7f44,125,5,4,2,2,,,1,12.0,"FLY, INFANTRY, PSYKER",,Nemesis force weapon,Melee,3,3,6,-2,2,3,,
Interceptor Squad,Imperium - Grey Knights,,d9f7-71b7-8e67-7f44,125,5,4,2,2,,,1,12.0,"FLY, INFANTRY, PSYKER",,Storm bolter,Ranged,2,3,4,0,1,3,Rapid Fire 2,
Interceptor Squad,Imperium - Grey Knights,,d9f7-71b7-8e67-7f44,125,5,4,2,2,,,1,12.0,"FLY, INFANTRY, PSYKER",,Nemesis force weapon,Melee,3,3,6,-2,2,1,,
Interceptor Squad,Imperium - Grey Knights,,d9f7-71b7-8e67-7f44,125,5,4,2,2,,,1,12.0,"FLY, INFANTRY, PSYKER",,Storm bolter,Ranged,2,3,4,0,1,1,Rapid Fire 2,
Interceptor Squad,Imperium - Grey Knights,,d9f7-71b7-8e67-7f44,125,5,4,2,2,,,1,12.0,"FLY, INFANTRY, PSYKER",,Nemesis force weapon,Melee,3,3,6,-2,2,1,,
Interceptor Squad,Imperium - Grey Knights,,d9f7-71b7-8e67-7f44,125,5,4,2,2,,,1,12.0,"FLY, INFANTRY, PSYKER",,Storm bolter,Ranged,2,3,4,0,1,1,Rapid Fire 2,
Land Raider,Imperium - Grey Knights,,512d-b972-911e-4cac,220,1,12,16,2,,,5,10.0,"TRANSPORT, VEHICLE",,Godhammer lascannon,Ranged,2,3,12,-3,D6+1,2,,
Land Raider,Imperium - Grey Knights,,512d-b972-911e-4cac,220,1,12,16,2,,,5,10.0,"TRANSPORT, VEHICLE",,Twin heavy bolter,Ranged,3,3,5,-1,2,1,"Sustained Hits 1, Twin-linked",
Land Raider,Imperium - Grey Knights,,512d-b972-911e-4cac,220,1,12,16,2,,,5,10.0,"TRANSPORT, VEHICLE",,Armoured tracks,Melee,6,4,8,0,1,1,,
Land Raider Crusader,Imperium - Grey Knights,,4c63-cca-8d26-6330,220,1,12,16,2,,,5,12.0,"TRANSPORT, VEHICLE",,Twin assault cannon,Ranged,6,3,6,0,1,1,"Devastating Wounds, Twin-linked",
Land Raider Crusader,Imperium - Grey Knights,,4c63-cca-8d26-6330,220,1,12,16,2,,,5,12.0,"TRANSPORT, VEHICLE",,Armoured tracks,Melee,6,4,8,0,1,1,,
Land Raider Crusader,Imperium - Grey Knights,,4c63-cca-8d26-6330,220,1,12,16,2,,,5,12.0,"TRANSPORT, VEHICLE",,Hurricane bolter,Ranged,6,3,4,0,1,2,"Twin-linked, Rapid Fire 6",
Land Raider Redeemer,Imperium - Grey Knights,,ada7-eb0b-c920-d77f,260,1,12,16,2,,,5,12.0,"TRANSPORT, VEHICLE",,Flamestorm cannon,Ranged,D6+3,2,6,-2,2,2,"Torrent, Ignores Cover",
Land Raider Redeemer,Imperium - Grey Knights,,ada7-eb0b-c920-d77f,260,1,12,16,2,,,5,12.0,"TRANSPORT, VEHICLE",,Twin assault cannon,Ranged,6,3,6,0,1,1,"Devastating Wounds, Twin-linked",
Land Raider Redeemer,Imperium - Grey Knights,,ada7-eb0b-c920-d77f,260,1,12,16,2,,,5,12.0,"TRANSPORT, VEHICLE",,Armoured tracks,Melee,6,4,8,0,1,1,,
Nemesis Dreadknight,Imperium - Grey Knights,,5458-a458-c51d-c4e9,195,1,8,13,2,4,,4,8.0,"PSYKER, VEHICLE, WALKER",,➤ Nemesis greatsword - strike,Melee,5,2,10,-2,D6,1,,
Paladin Squad,Imperium - Grey Knights,,6528-4634-c2cf-2840,170,4,5,3,2,4,,1,5.0,"INFANTRY, PSYKER",,Nemesis force weapon,Melee,4,2,6,-2,2,3,,
Paladin Squad,Imperium - Grey Knights,,6528-4634-c2cf-2840,170,4,5,3,2,4,,1,5.0,"INFANTRY, PSYKER",,Storm bolter,Ranged,2,2,4,0,1,3,Rapid Fire 2,
Paladin Squad,Imperium - Grey Knights,,6528-4634-c2cf-2840,170,4,5,3,2,4,,1,5.0,"INFANTRY, PSYKER",,Nemesis force weapon,Melee,4,2,6,-2,2,1,,
Paladin Squad,Imperium - Grey Knights,,6528-4634-c2cf-2840,170,4,5,3,2,4,,1,5.0,"INFANTRY, PSYKER",,Storm bolter,Ranged,2,2,4,0,1,1,Rapid Fire 2,
Purgation Squad,Imperium - Grey Knights,,e8ad-bd40-5952-6859,105,5,4,2,2,,,1,6.0,"INFANTRY, PSYKER",,Nemesis force weapon,Melee,3,3,6,-2,2,4,,
Purgation Squad,Imperium - Grey Knights,,e8ad-bd40-5952-6859,105,5,4,2,2,,,1,6.0,"INFANTRY, PSYKER",,Storm bolter,Ranged,2,3,4,0,1,4,Rapid Fire 2,
Purgation Squad,Imperium - Grey Knights,,e8ad-bd40-5952-6859,105,5,4,2,2,,,1,6.0,"INFANTRY, PSYKER",,Nemesis force weapon,Melee,3,3,6,-2,2,1,,
Purgation Squad,Imperium - Grey Knights,,e8ad-bd40-5952-6859,105,5,4,2,2,,,1,6.0,"INFANTRY, PSYKER",,Storm bolter,Ranged,2,3,4,0,1,1,Rapid Fire 2,
Purifier Squad,Imperium - Grey Knights,,8865-df22-1629-bf02,130,5,4,2,2,,,1,6.0,"INFANTRY, PSYKER",,Nemesis force weapon,Melee,3,3,6,-2,2,2,,
Purifier Squad,Imperium - Grey Knights,,8865-df22-1629-bf02,130,5,4,2,2,,,1,6.0,"INFANTRY, PSYKER",,Storm bolter,Ranged,2,3,4,0,1,2,Rapid Fire 2,
Purifier Squad,Imperium - Grey Knights,,8865-df22-1629-bf02,130,5,4,2,2,,,1,6.0,"INFANTRY, PSYKER",,Purifying Flame,Ranged,1,3,4,-2,1,2,"Ignores Cover, Anti-Infantry 2+",
Purifier Squad,Imperium - Grey Knights,,8865-df22-1629-bf02,130,5,4,2,2,,,1,6.0,"INFANTRY, PSYKER",,Nemesis force weapon,Melee,3,3,6,-2,2,2,,
Purifier Squad,Imperium - Grey Knights,,8865-df22-1629-bf02,130,5,4,2,2,,,1,6.0,"INFANTRY, PSYKER",,Storm bolter,Ranged,2,3,4,0,1,2,Rapid Fire 2,
Purifier Squad,Imperium - Grey Knights,,8865-df22-1629-bf02,130,5,4,2,2,,,1,6.0,"INFANTRY, PSYKER",,Purifying Flame,Ranged,1,3,4,-2,1,2,"Ignores Cover, Anti-Infantry 2+",
Purifier Squad,Imperium - Grey Knights,,8865-df22-1629-bf02,130,5,4,2,2,,,1,6.0,"INFANTRY, PSYKER",,Nemesis force weapon,Melee,3,3,6,-2,2,1,,
Purifier Squad,Imperium - Grey Knights,,8865-df22-1629-bf02,130,5,4,2,2,,,1,6.0,"INFANTRY, PSYKER",,Storm bolter,Ranged,2,3,4,0,1,1,Rapid Fire 2,
Purifier Squad,Imperium - Grey Knights,,8865-df22-1629-bf02,130,5,4,2,2,,,1,6.0,"INFANTRY, PSYKER",,Purifying Flame,Ranged,1,3,4,-2,1,1,"Ignores Cover, Anti-Infantry 2+",
Razorback,Imperium - Grey Knights,,841f-98b-fbf3-c8ee,75,1,9,10,3,,,2,12.0,"TRANSPORT, VEHICLE",,Armoured tracks,Melee,3,4,6,0,1,1,,
Razorback,Imperium - Grey Knights,,841f-98b-fbf3-c8ee,75,1,9,10,3,,,2,12.0,"TRANSPORT, VEHICLE",,Twin lascannon,Ranged,1,3,12,-3,D6+1,1,Twin-linked,
Rhino,Imperium - Grey Knights,,5ffd-f698-a1bb-fba7,70,1,9,10,3,,,2,12.0,"TRANSPORT, VEHICLE",,Storm bolter,Ranged,2,3,4,0,1,1,Rapid Fire 2,
Rhino,Imperium - Grey Knights,,5ffd-f698-a1bb-fba7,70,1,9,10,3,,,2,12.0,"TRANSPORT, VEHICLE",,Armoured tracks,Melee,3,4,6,0,1,1,,
Stormhawk Interceptor,Imperium - Grey Knights,,fa-e288-2107-d22e,160,1,9,10,3,,,0,0.0,"AIRCRAFT, FLY, VEHICLE",,Twin assault cannon,Ranged,6,3,6,0,1,1,"Devastating Wounds, Twin-linked",
Stormhawk Interceptor,Imperium - Grey Knights,,fa-e288-2107-d22e,160,1,9,10,3,,,0,0.0,"AIRCRAFT, FLY, VEHICLE",,Armoured hull,Melee,3,4,6,0,1,1,,
Stormhawk Interceptor,Imperium - Grey Knights,,fa-e288-2107-d22e,160,1,9,10,3,,,0,0.0,"AIRCRAFT, FLY, VEHICLE",,Twin heavy bolter,Ranged,3,3,5,-1,2,1,"Sustained Hits 1, Twin-linked",
Stormhawk Interceptor,Imperium - Grey Knights,,fa-e288-2107-d22e,160,1,9,10,3,,,0,0.0,"AIRCRAFT, FLY, VEHICLE",,Las-talon,Ranged,2,3,10,-3,D6+1,1,,
Stormraven Gunship,Imperium - Grey Knights,,2efe-459b-9562-e7a9,280,1,10,14,3,,,0,14.0,"FLY, TRANSPORT, VEHICLE",,Armoured hull,Melee,6,4,8,0,1,1,,
Stormraven Gunship,Imperium - Grey Knights,,2efe-459b-9562-e7a9,280,1,10,14,3,,,0,14.0,"FLY, TRANSPORT, VEHICLE",,Stormstrike missile launcher,Ranged,1,3,10,-3,D6+2,2,,
Stormraven Gunship,Imperium - Grey Knights,,2efe-459b-9562-e7a9,280,1,10,14,3,,,0,14.0,"FLY, TRANSPORT, VEHICLE",,➤ Twin heavy plasma cannon - standard,Ranged,3,3,7,-2,2,1,"Twin-linked, Blast",
Stormraven Gunship,Imperium - Grey Knights,,2efe-459b-9562-e7a9,280,1,10,14,3,,,0,14.0,"FLY, TRANSPORT, VEHICLE",,Twin multi-melta,Ranged,2,3,9,-4,D6,1,"Twin-linked, Melta 2",
Stormtalon Gunship,Imperium - Grey Knights,,84ac-b9ea-921f-9082,170,1,9,10,3,,,0,0.0,"AIRCRAFT, FLY, VEHICLE",,Twin assault cannon,Ranged,6,3,6,0,1,1,"Devastating Wounds, Twin-linked",
Stormtalon Gunship,Imperium - Grey Knights,,84ac-b9ea-921f-9082,170,1,9,10,3,,,0,0.0,"AIRCRAFT, FLY, VEHICLE",,Armoured hull,Melee,3,4,6,0,1,1,,
Stormtalon Gunship,Imperium - Grey Knights,,84ac-b9ea-921f-9082,170,1,9,10,3,,,0,0.0,"AIRCRAFT, FLY, VEHICLE",,Twin lascannon,Ranged,1,3,12,-3,D6+1,1,Twin-linked,
Strike Squad,Imperium - Grey Knights,,d81f-c9ac-e338-ba37,115,5,4,2,2,,,2,6.0,"BATTLELINE, INFANTRY, PSYKER",,Nemesis force weapon,Melee,3,3,6,-2,2,4,,
Strike Squad,Imperium - Grey Knights,,d81f-c9ac-e338-ba37,115,5,4,2,2,,,2,6.0,"BATTLELINE, INFANTRY, PSYKER",,Storm bolter,Ranged,2,3,4,0,1,4,Rapid Fire 2,
Strike Squad,Imperium - Grey Knights,,d81f-c9ac-e338-ba37,115,5,4,2,2,,,2,6.0,"BATTLELINE, INFANTRY, PSYKER",,Nemesis force weapon,Melee,3,3,6,-2,2,1,,
Strike Squad,Imperium - Grey Knights,,d81f-c9ac-e338-ba37,115,5,4,2,2,,,2,6.0,"BATTLELINE, INFANTRY, PSYKER",,Storm bolter,Ranged,2,3,4,0,1,1,Rapid Fire 2,
Venerable Dreadnought,Imperium - Grey Knights,,bd43-b303-66e0-4c10,130,1,9,8,2,,,3,8.0,"CHARACTER, PSYKER, VEHICLE, WALKER",,Assault cannon,Ranged,6,3,6,0,1,1,Devastating Wounds,
Venerable Dreadnought,Imperium - Grey Knights,,bd43-b303-66e0-4c10,130,1,9,8,2,,,3,8.0,"CHARACTER, PSYKER, VEHICLE, WALKER",,Storm bolter,Ranged,2,3,4,0,1,1,Rapid Fire 2,
Venerable Dreadnought,Imperium - Grey Knights,,bd43-b303-66e0-4c10,130,1,9,8,2,,,3,8.0,"CHARACTER, PSYKER, VEHICLE, WALKER",,Dreadnought combat weapon,Melee,5,3,12,-2,3,1,,
Acastus Knight Asterius,Imperium - Imperial Knights,,f8d0-fdf2-2e5e-3b74,785,1,13,30,2,5,,10,8.0,"TITANIC, VEHICLE, WALKER",,Twin conversion beam cannon,Ranged,3,3,16,-2,6,2,"Sustained Hits 2, Twin-linked",sustained D3 -> 2 (mean)
Acastus Knight Asterius,Imperium - Imperial Knights,,f8d0-fdf2-2e5e-3b74,785,1,13,30,2,5,,10,8.0,"TITANIC, VEHICLE, WALKER",,Asterius volkite culverin,Ranged,6,3,6,0,2,2,Devastating Wounds,
Acastus Knight Asterius,Imperium - Imperial Knights,,f8d0-fdf2-2e5e-3b74,785,1,13,30,2,5,,10,8.0,"TITANIC, VEHICLE, WALKER",,Karacnos mortar battery,Ranged,D6+3,3,6,-1,1,1,"Blast, Ignores Cover, Anti-Infantry 2+",
Acastus Knight Asterius,Imperium - Imperial Knights,,f8d0-fdf2-2e5e-3b74,785,1,13,30,2,5,,10,8.0,"TITANIC, VEHICLE, WALKER",,Titanic feet,Melee,6,4,10,-1,2,1,,
Acastus Knight Porphyrion,Imperium - Imperial Knights,,61c9-8baf-22b4-5d84,725,1,13,30,2,5,,10,8.0,"TITANIC, VEHICLE, WALKER",,Twin magna lascannon,Ranged,D6,3,18,-4,D6+6,2,"Twin-linked, Blast",
Acastus Knight Porphyrion,Imperium - Imperial Knights,,61c9-8baf-22b4-5d84,725,1,13,30,2,5,,10,8.0,"TITANIC, VEHICLE, WALKER",,Titanic feet,Melee,6,4,10,-1,2,1,,
Acastus Knight Porphyrion,Imperium - Imperial Knights,,61c9-8baf-22b4-5d84,725,1,13,30,2,5,,10,8.0,"TITANIC, VEHICLE, WALKER",,Acastus autocannon,Ranged,2,3,9,-1,3,2,,
Acastus Knight Porphyrion,Imperium - Imperial Knights,,61c9-8baf-22b4-5d84,725,1,13,30,2,5,,10,8.0,"TITANIC, VEHICLE, WALKER",,Acastus ironstorm missile pod,Ranged,D6+6,3,5,0,1,1,"Blast, Heavy",
Armiger Helverin,Imperium - Imperial Knights,,7314-3c4a-36ab-a594,140,1,9,14,3,5,,6,12.0,"VEHICLE, WALKER",,Armiger autocannon,Ranged,4,3,9,-1,3,2,,
Armiger Helverin,Imperium - Imperial Knights,,7314-3c4a-36ab-a594,140,1,9,14,3,5,,6,12.0,"VEHICLE, WALKER",,Armoured feet,Melee,4,3,6,0,1,1,,
Armiger Moirax,Imperium - Imperial Knights,,e3dd-7e90-140a-b3ab,150,1,9,14,3,5,,6,12.0,"VEHICLE, WALKER",,Armoured feet,Melee,4,3,6,0,1,1,,
Armiger Moirax,Imperium - Imperial Knights,,e3dd-7e90-140a-b3ab,150,1,9,14,3,5,,6,12.0,"VEHICLE, WALKER",,Volkite veuglaire,Ranged,4,3,8,0,2,2,Devastating Wounds,
Armiger Warglaive,Imperium - Imperial Knights,,5bbd-c5d3-58d7-e391,140,1,9,14,3,5,,6,12.0,"VEHICLE, WALKER",,➤ Reaper chain-cleaver - strike,Melee,4,3,10,-3,3,1,,
Armiger Warglaive,Imperium - Imperial Knights,,5bbd-c5d3-58d7-e391,140,1,9,14,3,5,,6,12.0,"VEHICLE, WALKER",,Thermal spear,Ranged,2,3,12,-4,D6,1,Melta 4,
Canis Rex,Imperium - Imperial Knights,,55fb-9c91-1a4f-3037,415,2,11,26,3,5,,10,10.0,"CHARACTER, EPIC HERO",1x T11 W26 Sv3+ Inv5+ char | 1x T3 W3 Sv4+,➤ Las-impulsor - high intensity,Ranged,D6,2,14,-3,4,1,"Sustained Hits 1, Blast",
Canis Rex,Imperium - Imperial Knights,,55fb-9c91-1a4f-3037,415,2,11,26,3,5,,10,10.0,"CHARACTER, EPIC HERO",1x T11 W26 Sv3+ Inv5+ char | 1x T3 W3 Sv4+,➤ Freedom's Hand - strike,Melee,5,2,20,-3,9,1,Sustained Hits 1,
Canis Rex,Imperium - Imperial Knights,,55fb-9c91-1a4f-3037,415,2,11,26,3,5,,10,10.0,"CHARACTER, EPIC HERO",1x T11 W26 Sv3+ Inv5+ char | 1x T3 W3 Sv4+,Questoris multi-laser,Ranged,4,2,6,0,1,1,Sustained Hits 1,
Canis Rex,Imperium - Imperial Knights,,55fb-9c91-1a4f-3037,415,2,11,26,3,5,,10,10.0,"CHARACTER, EPIC HERO",1x T11 W26 Sv3+ Inv5+ char | 1x T3 W3 Sv4+,Close combat weapon,Melee,2,2,3,0,1,1,,
Canis Rex,Imperium - Imperial Knights,,55fb-9c91-1a4f-3037,415,2,11,26,3,5,,10,10.0,"CHARACTER, EPIC HERO",1x T11 W26 Sv3+ Inv5+ char | 1x T3 W3 Sv4+,Hekhtur's pistol,Ranged,1,2,5,-1,2,1,,
Cerastus Knight Acheron,Imperium - Imperial Knights,,11d3-167b-6dff-a4c2,380,1,11,28,3,5,,10,12.0,"CHARACTER, TITANIC, VEHICLE, WALKER",,Twin heavy bolter,Ranged,3,3,5,-1,2,1,"Sustained Hits 1, Twin-linked",
Cerastus Knight Acheron,Imperium - Imperial Knights,,11d3-167b-6dff-a4c2,380,1,11,28,3,5,,10,12.0,"CHARACTER, TITANIC, VEHICLE, WALKER",,Acheron flame cannon,Ranged,2D6,2,8,-1,2,1,"Torrent, Ignores Cover",
Cerastus Knight Acheron,Imperium - Imperial Knights,,11d3-167b-6dff-a4c2,380,1,11,28,3,5,,10,12.0,"CHARACTER, TITANIC, VEHICLE, WALKER",,➤ Reaper chainfist - strike,Melee,4,3,14,-4,6,1,,
Cerastus Knight Atrapos,Imperium - Imperial Knights,,37a7-d156-1e4c-8fe1,405,1,11,28,3,5,,10,12.0,"CHARACTER, TITANIC, VEHICLE, WALKER",,➤ Atrapos lascutter - high intensity (melee),Melee,6,3,14,-3,4,1,Sustained Hits 1,
Cerastus Knight Atrapos,Imperium - Imperial Knights,,37a7-d156-1e4c-8fe1,405,1,11,28,3,5,,10,12.0,"CHARACTER, TITANIC, VEHICLE, WALKER",,➤ Graviton singularity cannon - singularity,Ranged,D3,3,16,-4,D6+1,1,"Devastating Wounds, Blast",
Cerastus Knight Castigator,Imperium - Imperial Knights,,1654-5c17-474e-2d84,380,1,11,28,3,5,,10,12.0,"CHARACTER, TITANIC, VEHICLE, WALKER",,Castigator bolt cannon,Ranged,18,3,6,-2,2,1,Twin-linked,
Cerastus Knight Castigator,Imperium - Imperial Knights,,1654-5c17-474e-2d84,380,1,11,28,3,5,,10,12.0,"CHARACTER, TITANIC, VEHICLE, WALKER",,➤ Tempest warblade - strike,Melee,4,3,14,-4,6,1,,
Cerastus Knight Lancer,Imperium - Imperial Knights,,9ee-e289-bc6c-d943,415,1,11,28,3,4,,10,14.0,"CHARACTER, TITANIC, VEHICLE, WALKER",,Cerastus shock lance,Ranged,6,3,6,0,2,1,Sustained Hits 2,
Cerastus Knight Lancer,Imperium - Imperial Knights,,9ee-e289-bc6c-d943,415,1,11,28,3,4,,10,14.0,"CHARACTER, TITANIC, VEHICLE, WALKER",,➤ Cerastus shock lance - strike,Melee,5,2,20,-3,8,1,Lance,
Knight Castellan,Imperium - Imperial Knights,,6e36-f85-1c3b-8bf3,425,1,12,28,3,5,,10,8.0,"CHARACTER, TITANIC, VEHICLE, WALKER",,➤ Plasma decimator - standard,Ranged,D6+3,3,8,-3,2,1,Blast,
Knight Castellan,Imperium - Imperial Knights,,6e36-f85-1c3b-8bf3,425,1,12,28,3,5,,10,8.0,"CHARACTER, TITANIC, VEHICLE, WALKER",,Volcano lance,Ranged,D3,3,18,-5,D6+8,1,Blast,
Knight Castellan,Imperium - Imperial Knights,,6e36-f85-1c3b-8bf3,425,1,12,28,3,5,,10,8.0,"CHARACTER, TITANIC, VEHICLE, WALKER",,Titanic feet,Melee,4,4,8,-1,2,1,,
Knight Castellan,Imperium - Imperial Knights,,6e36-f85-1c3b-8bf3,425,1,12,28,3,5,,10,8.0,"CHARACTER, TITANIC, VEHICLE, WALKER",,Twin meltagun,Ranged,1,3,9,-4,D6,2,"Twin-linked, Melta 2",
Knight Crusader,Imperium - Imperial Knights,,1e27-a6de-3840-a050,395,1,11,26,3,5,,10,10.0,"CHARACTER, TITANIC, VEHICLE, WALKER",,Avenger gatling cannon,Ranged,18,3,6,-2,2,1,,
Knight Crusader,Imperium - Imperial Knights,,1e27-a6de-3840-a050,395,1,11,26,3,5,,10,10.0,"CHARACTER, TITANIC, VEHICLE, WALKER",,Heavy flamer,Ranged,D6,2,5,-1,1,1,"Torrent, Ignores Cover",
Knight Crusader,Imperium - Imperial Knights,,1e27-a6de-3840-a050,395,1,11,26,3,5,,10,10.0,"CHARACTER, TITANIC, VEHICLE, WALKER",,Titanic feet,Melee,4,4,8,-1,2,1,,
Knight Crusader,Imperium - Imperial Knights,,1e27-a6de-3840-a050,395,1,11,26,3,5,,10,10.0,"CHARACTER, TITANIC, VEHICLE, WALKER",,Questoris heavy stubber,Ranged,3,3,4,-1,1,1,Rapid Fire 3,
Knight Crusader,Imperium - Imperial Knights,,1e27-a6de-3840-a050,395,1,11,26,3,5,,10,10.0,"CHARACTER, TITANIC, VEHICLE, WALKER",,Rapid-fire battle cannon,Ranged,D6+3,3,10,-1,3,1,Blast,
Knight Defender,Imperium - Imperial Knights,,f12b-ca2a-9c87-79bb,400,1,11,26,3,4,,10,10.0,"CHARACTER, TITANIC, VEHICLE, WALKER",,Twin incendine combustor,Ranged,D6,2,6,-1,1,1,"Twin-linked, Torrent, Ignores Cover",
Knight Defender,Imperium - Imperial Knights,,f12b-ca2a-9c87-79bb,400,1,11,26,3,4,,10,10.0,"CHARACTER, TITANIC, VEHICLE, WALKER",,Conversion beam obliterator,Ranged,3,3,12,-2,4,1,Sustained Hits 2,sustained D3 -> 2 (mean)
Knight Defender,Imperium - Imperial Knights,,f12b-ca2a-9c87-79bb,400,1,11,26,3,4,,10,10.0,"CHARACTER, TITANIC, VEHICLE, WALKER",,➤ Plasma executor - standard,Ranged,D6+3,3,8,-2,2,1,Blast,
Knight Defender,Imperium - Imperial Knights,,f12b-ca2a-9c87-79bb,400,1,11,26,3,4,,10,10.0,"CHARACTER, TITANIC, VEHICLE, WALKER",,Phosphor blaster,Ranged,1,3,5,0,1,1,"Rapid Fire 1, Ignores Cover",
Knight Defender,Imperium - Imperial Knights,,f12b-ca2a-9c87-79bb,400,1,11,26,3,4,,10,10.0,"CHARACTER, TITANIC, VEHICLE, WALKER",,Titanic feet,Melee,4,4,8,-1,2,1,,
Knight Destrier,Imperium - Imperial Knights,,10d8-d702-f556-5d3c,265,1,10,18,3,5,,8,12.0,"CHARACTER, TITANIC, VEHICLE, WALKER",,Questoris heavy stubber,Ranged,6,3,4,-1,1,1,Rapid Fire 3,
Knight Destrier,Imperium - Imperial Knights,,10d8-d702-f556-5d3c,265,1,10,18,3,5,,8,12.0,"CHARACTER, TITANIC, VEHICLE, WALKER",,Titanic feet,Melee,4,4,7,-1,2,1,,
Knight Destrier,Imperium - Imperial Knights,,10d8-d702-f556-5d3c,265,1,10,18,3,5,,8,12.0,"CHARACTER, TITANIC, VEHICLE, WALKER",,Chastiser gatling cannon,Ranged,12,3,6,-1,2,1,,
Knight Destrier,Imperium - Imperial Knights,,10d8-d702-f556-5d3c,265,1,10,18,3,5,,8,12.0,"CHARACTER, TITANIC, VEHICLE, WALKER",,Frag bombard,Ranged,D6+3,3,7,-1,2,1,Blast,
Knight Errant,Imperium - Imperial Knights,,9efd-ec72-353f-4b23,355,1,11,26,3,5,,10,10.0,"CHARACTER, TITANIC, VEHICLE, WALKER",,Thermal cannon,Ranged,2D3,3,12,-4,D6,1,"Blast, Melta 6",
Knight Gallant,Imperium - Imperial Knights,,eb4-4a67-11e9-3cb8,355,1,11,26,3,5,,10,12.0,"CHARACTER, TITANIC, VEHICLE, WALKER",,➤ Reaper chainsword - sweep,Melee,18,2,9,-3,2,1,Lethal Hits,
Knight Gallant,Imperium - Imperial Knights,,eb4-4a67-11e9-3cb8,355,1,11,26,3,5,,10,12.0,"CHARACTER, TITANIC, VEHICLE, WALKER",,➤ Thunderstrike gauntlet - strike,Melee,6,2,20,-3,8,1,Devastating Wounds,
Knight Paladin,Imperium - Imperial Knights,,8441-8356-5e7c-69ee,375,1,11,26,3,5,,10,10.0,"CHARACTER, TITANIC, VEHICLE, WALKER",,Questoris heavy stubber,Ranged,3,3,4,-1,1,1,Rapid Fire 3,
Knight Paladin,Imperium - Imperial Knights,,8441-8356-5e7c-69ee,375,1,11,26,3,5,,10,10.0,"CHARACTER, TITANIC, VEHICLE, WALKER",,Rapid-fire battle cannon,Ranged,D6+3,3,10,-1,3,1,Blast,
Knight Preceptor,Imperium - Imperial Knights,,ebd9-7175-3f0c-72a9,365,1,11,26,3,5,,10,10.0,"CHARACTER, TITANIC, VEHICLE, WALKER",,➤ Las-impulsor - high intensity,Ranged,D6,3,14,-3,4,1,Blast,
Knight Preceptor,Imperium - Imperial Knights,,ebd9-7175-3f0c-72a9,365,1,11,26,3,5,,10,10.0,"CHARACTER, TITANIC, VEHICLE, WALKER",,Preceptor multi-laser,Ranged,4,3,6,0,1,1,,
Knight Valiant,Imperium - Imperial Knights,,8fb9-50b2-adc6-161a,400,1,12,28,3,5,,10,8.0,"CHARACTER, TITANIC, VEHICLE, WALKER",,Conflagration cannon,Ranged,3D6,2,8,-1,2,1,"Torrent, Ignores Cover",
Knight Valiant,Imperium - Imperial Knights,,8fb9-50b2-adc6-161a,400,1,12,28,3,5,,10,8.0,"CHARACTER, TITANIC, VEHICLE, WALKER",,Thundercoil harpoon,Ranged,D3,3,24,-6,10,1,"Devastating Wounds, Blast",
Knight Valiant,Imperium - Imperial Knights,,8fb9-50b2-adc6-161a,400,1,12,28,3,5,,10,8.0,"CHARACTER, TITANIC, VEHICLE, WALKER",,Titanic feet,Melee,4,4,8,-1,2,1,,
Knight Valiant,Imperium - Imperial Knights,,8fb9-50b2-adc6-161a,400,1,12,28,3,5,,10,8.0,"CHARACTER, TITANIC, VEHICLE, WALKER",,Twin meltagun,Ranged,1,3,9,-4,D6,2,"Twin-linked, Melta 2",
Knight Warden,Imperium - Imperial Knights,,c609-c87e-f9dd-5006,375,1,11,26,3,5,,10,10.0,"CHARACTER, TITANIC, VEHICLE, WALKER",,Avenger gatling cannon,Ranged,18,3,6,-2,2,1,,
Knight Warden,Imperium - Imperial Knights,,c609-c87e-f9dd-5006,375,1,11,26,3,5,,10,10.0,"CHARACTER, TITANIC, VEHICLE, WALKER",,Heavy flamer,Ranged,D6,2,5,-1,1,1,"Torrent, Ignores Cover",
Questoris Knight Magaera,Imperium - Imperial Knights,,adfa-19fc-7337-7350,385,1,11,26,3,5,,10,10.0,"CHARACTER, TITANIC, VEHICLE, WALKER",,Phased plasma-fusil,Ranged,2,3,8,-3,2,1,Rapid Fire 2,
Questoris Knight Magaera,Imperium - Imperial Knights,,adfa-19fc-7337-7350,385,1,11,26,3,5,,10,10.0,"CHARACTER, TITANIC, VEHICLE, WALKER",,Lightning cannon,Ranged,12,3,9,0,2,1,Sustained Hits 2,
Questoris Knight Magaera,Imperium - Imperial Knights,,adfa-19fc-7337-7350,385,1,11,26,3,5,,10,10.0,"CHARACTER, TITANIC, VEHICLE, WALKER",,➤ Hekaton siege claw - strike,Melee,4,3,20,-3,8,1,,
Questoris Knight Magaera,Imperium - Imperial Knights,,adfa-19fc-7337-7350,385,1,11,26,3,5,,10,10.0,"CHARACTER, TITANIC, VEHICLE, WALKER",,Twin rad cleanser,Ranged,D6,2,2,0,1,1,"Twin-linked, Torrent, Ignores Cover, Anti-Infantry 2+",
Questoris Knight Styrix,Imperium - Imperial Knights,,f8f3-a438-1212-93e8,375,1,11,26,3,5,,10,10.0,"CHARACTER, TITANIC, VEHICLE, WALKER",,Graviton crusher,Ranged,3,3,6,-1,2,1,"Blast, Anti-Vehicle 2+",
Questoris Knight Styrix,Imperium - Imperial Knights,,f8f3-a438-1212-93e8,375,1,11,26,3,5,,10,10.0,"CHARACTER, TITANIC, VEHICLE, WALKER",,Volkite chierovile,Ranged,12,3,12,0,3,1,Devastating Wounds,
Questoris Knight Styrix,Imperium - Imperial Knights,,f8f3-a438-1212-93e8,375,1,11,26,3,5,,10,10.0,"CHARACTER, TITANIC, VEHICLE, WALKER",,➤ Hekaton siege claw - strike,Melee,4,3,20,-3,8,1,,
Questoris Knight Styrix,Imperium - Imperial Knights,,f8f3-a438-1212-93e8,375,1,11,26,3,5,,10,10.0,"CHARACTER, TITANIC, VEHICLE, WALKER",,Twin rad cleanser,Ranged,D6,2,2,0,1,1,"Twin-linked, Torrent, Ignores Cover, Anti-Infantry 2+",
Asurmen,Xenos - Aeldari,,828d-840a-9a67-9074,135,1,3,5,2,4,,1,7.0,"CHARACTER, EPIC HERO, INFANTRY",,The Bloody Twins,Ranged,6,2,5,-1,2,1,,
Asurmen,Xenos - Aeldari,,828d-840a-9a67-9074,135,1,3,5,2,4,,1,7.0,"CHARACTER, EPIC HERO, INFANTRY",,The Sword of Asur,Melee,6,2,6,-3,3,1,Devastating Wounds,
Autarch,Xenos - Aeldari,,df57-7a59-75eb-ce63,75,1,3,4,3,4,,1,7.0,"CHARACTER, INFANTRY",,Star Glaive,Melee,4,2,6,-3,3,1,,
Autarch,Xenos - Aeldari,,df57-7a59-75eb-ce63,75,1,3,4,3,4,,1,7.0,"CHARACTER, INFANTRY",,Shuriken Pistol,Ranged,1,2,4,-1,1,1,,
Autarch Wayleaper,Xenos - Aeldari,,497a-263e-966a-5a15,70,1,3,4,3,4,,1,14.0,"CHARACTER, FLY, INFANTRY",,Star Glaive,Melee,4,2,6,-3,3,1,,
Autarch Wayleaper,Xenos - Aeldari,,497a-263e-966a-5a15,70,1,3,4,3,4,,1,14.0,"CHARACTER, FLY, INFANTRY",,Shuriken Pistol,Ranged,1,2,4,-1,1,1,,
Avatar of Khaine,Xenos - Aeldari,,554c-8b4f-1059-28a7,250,1,11,14,2,4,,5,10.0,"CHARACTER, DAEMON, EPIC HERO, MONSTER",,The Wailing Doom,Ranged,1,2,16,-4,D6+2,1,Sustained Hits 2,sustained D3 -> 2 (mean)
Avatar of Khaine,Xenos - Aeldari,,554c-8b4f-1059-28a7,250,1,11,14,2,4,,5,10.0,"CHARACTER, DAEMON, EPIC HERO, MONSTER",,➤ The Wailing Doom - Strike,Melee,6,2,16,-4,D6+2,1,,
Baharroth,Xenos - Aeldari,,8732-df2f-a542-805f,125,1,3,5,2,4,,1,14.0,"CHARACTER, EPIC HERO, FLY, INFANTRY",,Fury of the Tempest,Ranged,4,2,6,-1,2,1,Lethal Hits,
Baharroth,Xenos - Aeldari,,8732-df2f-a542-805f,125,1,3,5,2,4,,1,14.0,"CHARACTER, EPIC HERO, FLY, INFANTRY",,The Shining Blade,Melee,6,2,5,-2,2,1,Sustained Hits 1,
Clanblade,Xenos - Aeldari,,cd29-5c1d-1a53-0537,70,1,5,4,4,,,2,10.0,"CHARACTER, MOUNTED",,Moonblades,Melee,5,2,4,-2,2,1,"Lethal Hits, Twin-linked",
Clanblade,Xenos - Aeldari,,cd29-5c1d-1a53-0537,70,1,5,4,4,,,2,10.0,"CHARACTER, MOUNTED",,Drakesteed Fangs and Talons,Melee,3,3,5,-1,1,1,,
Clanblade,Xenos - Aeldari,,cd29-5c1d-1a53-0537,70,1,5,4,4,,,2,10.0,"CHARACTER, MOUNTED",,Solar Carbine,Ranged,2,3,4,0,1,1,Rapid Fire 2,
Corsair Skyreavers,Xenos - Aeldari,Xenos - Drukhari,662e-14c3-c894-e830,75,5,3,1,5,,,1,12.0,"FLY, INFANTRY",,Corsair Blade,Melee,3,3,4,-2,1,1,,
Corsair Skyreavers,Xenos - Aeldari,Xenos - Drukhari,662e-14c3-c894-e830,75,5,3,1,5,,,1,12.0,"FLY, INFANTRY",,Shuriken pistol,Ranged,1,3,4,-1,1,1,,
Corsair Skyreavers,Xenos - Aeldari,Xenos - Drukhari,662e-14c3-c894-e830,75,5,3,1,5,,,1,12.0,"FLY, INFANTRY",,Corsair Blade,Melee,3,3,4,-2,1,4,,
Corsair Skyreavers,Xenos - Aeldari,Xenos - Drukhari,662e-14c3-c894-e830,75,5,3,1,5,,,1,12.0,"FLY, INFANTRY",,Shuriken Pistol,Ranged,1,3,4,-1,1,4,,
Corsair Voidreavers,Xenos - Aeldari,Xenos - Drukhari,cc68-ad19-7285-7a11,65,5,3,1,4,,,2,7.0,"BATTLELINE, INFANTRY",,Shuriken rifle,Ranged,1,3,4,-1,1,4,Rapid Fire 1,
Corsair Voidreavers,Xenos - Aeldari,Xenos - Drukhari,cc68-ad19-7285-7a11,65,5,3,1,4,,,2,7.0,"BATTLELINE, INFANTRY",,Close Combat Weapon,Melee,2,3,3,0,1,4,,
Corsair Voidreavers,Xenos - Aeldari,Xenos - Drukhari,cc68-ad19-7285-7a11,65,5,3,1,4,,,2,7.0,"BATTLELINE, INFANTRY",,Power sword,Melee,2,3,4,-2,1,1,,
Corsair Voidreavers,Xenos - Aeldari,Xenos - Drukhari,cc68-ad19-7285-7a11,65,5,3,1,4,,,2,7.0,"BATTLELINE, INFANTRY",,Close Combat Weapon,Melee,2,3,3,0,1,1,,
Corsair Voidreavers,Xenos - Aeldari,Xenos - Drukhari,cc68-ad19-7285-7a11,65,5,3,1,4,,,2,7.0,"BATTLELINE, INFANTRY",,Shuriken pistol,Ranged,1,3,4,-1,1,1,,
Corsair Voidscarred,Xenos - Aeldari,Xenos - Drukhari,cbb7-6669-a014-36fe,70,5,3,1,4,,,1,7.0,INFANTRY,,Power sword,Melee,3,3,4,-2,1,4,,
Corsair Voidscarred,Xenos - Aeldari,Xenos - Drukhari,cbb7-6669-a014-36fe,70,5,3,1,4,,,1,7.0,INFANTRY,,Close combat weapon,Melee,3,3,3,0,1,4,,
Corsair Voidscarred,Xenos - Aeldari,Xenos - Drukhari,cbb7-6669-a014-36fe,70,5,3,1,4,,,1,7.0,INFANTRY,,Shuriken Pistol,Ranged,1,3,4,-1,1,4,,
Corsair Voidscarred,Xenos - Aeldari,Xenos - Drukhari,cbb7-6669-a014-36fe,70,5,3,1,4,,,1,7.0,INFANTRY,,Power sword,Melee,3,3,4,-2,1,1,,
Corsair Voidscarred,Xenos - Aeldari,Xenos - Drukhari,cbb7-6669-a014-36fe,70,5,3,1,4,,,1,7.0,INFANTRY,,Close combat weapon,Melee,3,3,3,0,1,1,,
Corsair Voidscarred,Xenos - Aeldari,Xenos - Drukhari,cbb7-6669-a014-36fe,70,5,3,1,4,,,1,7.0,INFANTRY,,Shuriken pistol,Ranged,1,3,4,-1,1,1,,
Crimson Hunter,Xenos - Aeldari,,90c9-aaac-5ef8-f043,160,1,8,12,3,5,,0,0.0,"AIRCRAFT, FLY, VEHICLE",,Pulse Laser,Ranged,3,3,9,-2,D6,1,,
Crimson Hunter,Xenos - Aeldari,,90c9-aaac-5ef8-f043,160,1,8,12,3,5,,0,0.0,"AIRCRAFT, FLY, VEHICLE",,Wraithbone Hull,Melee,3,4,6,0,1,1,,
Crimson Hunter,Xenos - Aeldari,,90c9-aaac-5ef8-f043,160,1,8,12,3,5,,0,0.0,"AIRCRAFT, FLY, VEHICLE",,Starcannon,Ranged,2,3,8,-3,2,2,,
D-Cannon Platform,Xenos - Aeldari,,82ac-7d93-df55-5504,110,1,6,5,4,,,1,7.0,INFANTRY,,D-cannon,Ranged,D3,3,16,-4,D6+2,1,"Devastating Wounds, Blast",
D-Cannon Platform,Xenos - Aeldari,,82ac-7d93-df55-5504,110,1,6,5,4,,,1,7.0,INFANTRY,,Close Combat Weapon,Melee,2,3,3,0,1,1,,
D-Cannon Platform,Xenos - Aeldari,,82ac-7d93-df55-5504,110,1,6,5,4,,,1,7.0,INFANTRY,,Shuriken Catapult,Ranged,2,3,4,-1,1,1,,
Dark Reapers,Xenos - Aeldari,,6863-bf42-238a-fd0b,95,5,3,1,3,5,,1,6.0,INFANTRY,4x T3 W1 Sv3+ Inv5+ | 1x T3 W2 Sv3+ Inv5+,➤ Reaper Launcher - Starshot,Ranged,1,3,10,-2,3,4,Ignores Cover,
Dark Reapers,Xenos - Aeldari,,6863-bf42-238a-fd0b,95,5,3,1,3,5,,1,6.0,INFANTRY,4x T3 W1 Sv3+ Inv5+ | 1x T3 W2 Sv3+ Inv5+,Close combat weapon,Melee,2,3,3,0,1,4,,
Dark Reapers,Xenos - Aeldari,,6863-bf42-238a-fd0b,95,5,3,1,3,5,,1,6.0,INFANTRY,4x T3 W1 Sv3+ Inv5+ | 1x T3 W2 Sv3+ Inv5+,Close combat weapon,Melee,2,3,3,0,1,1,,
Dark Reapers,Xenos - Aeldari,,6863-bf42-238a-fd0b,95,5,3,1,3,5,,1,6.0,INFANTRY,4x T3 W1 Sv3+ Inv5+ | 1x T3 W2 Sv3+ Inv5+,➤ Reaper Launcher - Starshot,Ranged,1,3,10,-2,3,1,Ignores Cover,
Death Jester,Xenos - Aeldari,Xenos - Drukhari,5768-1f87-3a16-d901,70,1,3,4,6,4,,1,8.0,"CHARACTER, INFANTRY",,Jester's Blade,Melee,4,2,4,0,1,1,,
Death Jester,Xenos - Aeldari,Xenos - Drukhari,5768-1f87-3a16-d901,70,1,3,4,6,4,,1,8.0,"CHARACTER, INFANTRY",,Shrieker Cannon,Ranged,3,2,6,-2,2,1,,
Dire Avengers,Xenos - Aeldari,,e6c2-f3b2-6d3e-c3d3,70,5,3,1,4,5,,1,7.0,INFANTRY,4x T3 W1 Sv4+ Inv5+ | 1x T3 W2 Sv4+ Inv5+,Close Combat Weapon,Melee,2,3,3,0,1,4,,
Dire Avengers,Xenos - Aeldari,,e6c2-f3b2-6d3e-c3d3,70,5,3,1,4,5,,1,7.0,INFANTRY,4x T3 W1 Sv4+ Inv5+ | 1x T3 W2 Sv4+ Inv5+,Avenger shuriken catapult,Ranged,4,3,4,-1,1,4,,
Dire Avengers,Xenos - Aeldari,,e6c2-f3b2-6d3e-c3d3,70,5,3,1,4,5,,1,7.0,INFANTRY,4x T3 W1 Sv4+ Inv5+ | 1x T3 W2 Sv4+ Inv5+,Close Combat Weapon,Melee,2,3,3,0,1,1,,
Dire Avengers,Xenos - Aeldari,,e6c2-f3b2-6d3e-c3d3,70,5,3,1,4,5,,1,7.0,INFANTRY,4x T3 W1 Sv4+ Inv5+ | 1x T3 W2 Sv4+ Inv5+,Avenger shuriken catapult,Ranged,4,3,4,-1,1,1,,
Dragon Knights,Xenos - Aeldari,,4d0c-e3fd-ee80-ddbf,90,3,5,4,4,,,2,10.0,MOUNTED,,Drakesteed Fangs and Talons,Melee,3,3,5,-1,1,2,,
Dragon Knights,Xenos - Aeldari,,4d0c-e3fd-ee80-ddbf,90,3,5,4,4,,,2,10.0,MOUNTED,,Laser Lance,Melee,3,3,6,-2,3,2,Lance,
Dragon Knights,Xenos - Aeldari,,4d0c-e3fd-ee80-ddbf,90,3,5,4,4,,,2,10.0,MOUNTED,,Laser Lance,Ranged,1,3,6,-2,3,2,,
Dragon Knights,Xenos - Aeldari,,4d0c-e3fd-ee80-ddbf,90,3,5,4,4,,,2,10.0,MOUNTED,,Solar Carbine,Ranged,2,3,4,0,1,2,Rapid Fire 2,
Dragon Knights,Xenos - Aeldari,,4d0c-e3fd-ee80-ddbf,90,3,5,4,4,,,2,10.0,MOUNTED,,Drakesteed Fangs and Talons,Melee,3,3,5,-1,1,1,,
Dragon Knights,Xenos - Aeldari,,4d0c-e3fd-ee80-ddbf,90,3,5,4,4,,,2,10.0,MOUNTED,,Solar Carbine,Ranged,2,3,4,0,1,1,Rapid Fire 2,
Dragon Knights,Xenos - Aeldari,,4d0c-e3fd-ee80-ddbf,90,3,5,4,4,,,2,10.0,MOUNTED,,Laser Lance,Melee,3,3,6,-2,3,1,Lance,
Dragon Knights,Xenos - Aeldari,,4d0c-e3fd-ee80-ddbf,90,3,5,4,4,,,2,10.0,MOUNTED,,Laser Lance,Ranged,1,3,6,-2,3,1,,
Eldrad Ulthran,Xenos - Aeldari,,f48e-276e-a997-c90e,120,1,4,5,6,4,,1,7.0,"CHARACTER, EPIC HERO, INFANTRY, PSYKER",,Shuriken Pistol,Ranged,1,2,4,-1,1,1,,
Eldrad Ulthran,Xenos - Aeldari,,f48e-276e-a997-c90e,120,1,4,5,6,4,,1,7.0,"CHARACTER, EPIC HERO, INFANTRY, PSYKER",,Staff of Ulthamar and witchblade,Melee,3,2,5,-1,2,1,Anti-Infantry 2+,
Eldrad Ulthran,Xenos - Aeldari,,f48e-276e-a997-c90e,120,1,4,5,6,4,,1,7.0,"CHARACTER, EPIC HERO, INFANTRY, PSYKER",,Mind War,Ranged,1,2,5,-2,D6,1,Anti-Character 4+,
Falcon,Xenos - Aeldari,,1d83-167-486c-bac4,130,1,9,12,3,,,3,14.0,"FLY, TRANSPORT, VEHICLE",,Pulse Laser,Ranged,3,3,9,-2,D6,1,,
Falcon,Xenos - Aeldari,,1d83-167-486c-bac4,130,1,9,12,3,,,3,14.0,"FLY, TRANSPORT, VEHICLE",,Wraithbone hull,Melee,3,4,6,0,1,1,,
Falcon,Xenos - Aeldari,,1d83-167-486c-bac4,130,1,9,12,3,,,3,14.0,"FLY, TRANSPORT, VEHICLE",,Twin Shuriken Catapult,Ranged,2,3,4,-1,1,1,Twin-linked,
Farseer,Xenos - Aeldari,,b2f5-8219-f875-917e,65,1,3,4,6,4,,1,7.0,"CHARACTER, INFANTRY, PSYKER",,Eldritch Storm,Ranged,D6,3,6,-2,D3,1,Blast,
Farseer,Xenos - Aeldari,,b2f5-8219-f875-917e,65,1,3,4,6,4,,1,7.0,"CHARACTER, INFANTRY, PSYKER",,Shuriken Pistol,Ranged,1,3,4,-1,1,1,,
Farseer,Xenos - Aeldari,,b2f5-8219-f875-917e,65,1,3,4,6,4,,1,7.0,"CHARACTER, INFANTRY, PSYKER",,Witchblade,Melee,2,2,3,0,2,1,Anti-Infantry 2+,
Farseer Skyrunner,Xenos - Aeldari,,833b-55bc-73be-8862,60,1,4,5,6,4,,2,14.0,"CHARACTER, FLY, MOUNTED, PSYKER",,Eldritch Storm,Ranged,D6,3,6,-2,D3,1,Blast,
Farseer Skyrunner,Xenos - Aeldari,,833b-55bc-73be-8862,60,1,4,5,6,4,,2,14.0,"CHARACTER, FLY, MOUNTED, PSYKER",,Shuriken Pistol,Ranged,1,3,4,-1,1,1,,
Farseer Skyrunner,Xenos - Aeldari,,833b-55bc-73be-8862,60,1,4,5,6,4,,2,14.0,"CHARACTER, FLY, MOUNTED, PSYKER",,Twin Shuriken Catapult,Ranged,2,3,4,-1,1,1,Twin-linked,
Farseer Skyrunner,Xenos - Aeldari,,833b-55bc-73be-8862,60,1,4,5,6,4,,2,14.0,"CHARACTER, FLY, MOUNTED, PSYKER",,Witchblade,Melee,2,2,3,0,2,1,Anti-Infantry 2+,
Fire Dragons,Xenos - Aeldari,,5374-9e93-8af2-819e,120,5,3,1,3,5,,1,7.0,INFANTRY,4x T3 W1 Sv3+ Inv5+ | 1x T3 W2 Sv3+ Inv5+,Dragon Fusion Gun,Ranged,1,3,9,-4,D6,4,Melta 3,
Fire Dragons,Xenos - Aeldari,,5374-9e93-8af2-819e,120,5,3,1,3,5,,1,7.0,INFANTRY,4x T3 W1 Sv3+ Inv5+ | 1x T3 W2 Sv3+ Inv5+,Close combat weapon,Melee,2,3,3,0,1,4,,
Fire Dragons,Xenos - Aeldari,,5374-9e93-8af2-819e,120,5,3,1,3,5,,1,7.0,INFANTRY,4x T3 W1 Sv3+ Inv5+ | 1x T3 W2 Sv3+ Inv5+,Close combat weapon,Melee,2,3,3,0,1,1,,
Fire Dragons,Xenos - Aeldari,,5374-9e93-8af2-819e,120,5,3,1,3,5,,1,7.0,INFANTRY,4x T3 W1 Sv3+ Inv5+ | 1x T3 W2 Sv3+ Inv5+,Exarch's Dragon Fusion Gun,Ranged,1,3,9,-4,D6,1,Melta 6,
Fire Prism,Xenos - Aeldari,,9940-a69b-682e-ccf4,150,1,9,12,3,,,3,14.0,"FLY, VEHICLE",,➤ Prism Cannon - dispersed pulse,Ranged,2D6,3,6,-2,2,1,Blast,
Fire Prism,Xenos - Aeldari,,9940-a69b-682e-ccf4,150,1,9,12,3,,,3,14.0,"FLY, VEHICLE",,Wraithbone Hull,Melee,3,4,6,0,1,1,,
Fire Prism,Xenos - Aeldari,,9940-a69b-682e-ccf4,150,1,9,12,3,,,3,14.0,"FLY, VEHICLE",,Twin Shuriken Catapult,Ranged,2,3,4,-1,1,1,Twin-linked,
Fuegan,Xenos - Aeldari,,9262-3993-1368-be5a,130,1,3,5,2,4,,1,7.0,"CHARACTER, EPIC HERO, INFANTRY",,➤ Searsong - Beam,Ranged,3,2,8,-3,2,1,"Sustained Hits 2, Melta 1",
Fuegan,Xenos - Aeldari,,9262-3993-1368-be5a,130,1,3,5,2,4,,1,7.0,"CHARACTER, EPIC HERO, INFANTRY",,The Fire Axe,Melee,6,2,5,-4,3,1,,
Guardian Defenders,Xenos - Aeldari,,e78a-4442-4ed2-66bf,90,11,3,1,4,,,2,7.0,"BATTLELINE, INFANTRY",10x T3 W1 Sv4+ | 1x T3 W2 Sv4+,Close Combat Weapon,Melee,1,3,3,0,1,10,,
Guardian Defenders,Xenos - Aeldari,,e78a-4442-4ed2-66bf,90,11,3,1,4,,,2,7.0,"BATTLELINE, INFANTRY",10x T3 W1 Sv4+ | 1x T3 W2 Sv4+,Shuriken Catapult,Ranged,2,3,4,-1,1,10,,
Guardian Defenders,Xenos - Aeldari,,e78a-4442-4ed2-66bf,90,11,3,1,4,,,2,7.0,"BATTLELINE, INFANTRY",10x T3 W1 Sv4+ | 1x T3 W2 Sv4+,Close Combat Weapon,Melee,1,3,3,0,1,1,,
Hemlock Wraithfighter,Xenos - Aeldari,,551b-900c-3681-8f11,155,1,8,12,3,,,0,0.0,"AIRCRAFT, FLY, PSYKER, VEHICLE",,Wraithbone Hull,Melee,3,4,6,0,1,1,,
Hemlock Wraithfighter,Xenos - Aeldari,,551b-900c-3681-8f11,155,1,8,12,3,,,0,0.0,"AIRCRAFT, FLY, PSYKER, VEHICLE",,Heavy D-Scythe,Ranged,D6,4,12,-4,2,2,Blast,
Howling Banshees,Xenos - Aeldari,,7fcb-9262-474a-7cec,85,5,3,1,4,4,,1,8.0,INFANTRY,4x T3 W1 Sv4+ Inv4+ | 1x T3 W2 Sv4+ Inv4+,Banshee Blade,Melee,2,2,4,-2,2,4,Anti-Infantry 3+,
Howling Banshees,Xenos - Aeldari,,7fcb-9262-474a-7cec,85,5,3,1,4,4,,1,8.0,INFANTRY,4x T3 W1 Sv4+ Inv4+ | 1x T3 W2 Sv4+ Inv4+,Shuriken Pistol,Ranged,1,3,4,-1,1,4,,
Howling Banshees,Xenos - Aeldari,,7fcb-9262-474a-7cec,85,5,3,1,4,4,,1,8.0,INFANTRY,4x T3 W1 Sv4+ Inv4+ | 1x T3 W2 Sv4+ Inv4+,Banshee Blade,Melee,2,2,4,-2,2,1,Anti-Infantry 3+,
Howling Banshees,Xenos - Aeldari,,7fcb-9262-474a-7cec,85,5,3,1,4,4,,1,8.0,INFANTRY,4x T3 W1 Sv4+ Inv4+ | 1x T3 W2 Sv4+ Inv4+,Shuriken Pistol,Ranged,1,3,4,-1,1,1,,
Jain Zar,Xenos - Aeldari,,77f9-e8de-225f-9e68,105,1,3,5,2,4,,1,8.0,"CHARACTER, EPIC HERO, INFANTRY",,Silent Death,Ranged,6,2,6,-2,1,1,,
Jain Zar,Xenos - Aeldari,,77f9-e8de-225f-9e68,105,1,3,5,2,4,,1,8.0,"CHARACTER, EPIC HERO, INFANTRY",,Blade of Destruction,Melee,8,2,6,-3,2,1,Anti-Infantry 3+,
Kharseth,Xenos - Aeldari,Xenos - Drukhari,4273-173c-e850-4071,85,1,3,4,6,4,,1,7.0,"CHARACTER, EPIC HERO, INFANTRY, PSYKER",,Dread of the Deep Void,Ranged,D6+2,3,3,-2,1,1,"Blast, Ignores Cover, Anti-Infantry 2+",
Kharseth,Xenos - Aeldari,Xenos - Drukhari,4273-173c-e850-4071,85,1,3,4,6,4,,1,7.0,"CHARACTER, EPIC HERO, INFANTRY, PSYKER",,Waystave,Melee,3,2,3,0,3,1,Anti-Infantry 2+,
Leystalker,Xenos - Aeldari,,f66d-451d-f4ae-c2e9,80,1,5,4,4,,,2,10.0,"CHARACTER, MOUNTED",,Hunting Blades,Melee,2,3,3,-1,1,1,,
Leystalker,Xenos - Aeldari,,f66d-451d-f4ae-c2e9,80,1,5,4,4,,,2,10.0,"CHARACTER, MOUNTED",,Long Rifle,Ranged,2,2,6,-2,3,1,,devastating wounds: non-monster/vehicle
Leystalker,Xenos - Aeldari,,f66d-451d-f4ae-c2e9,80,1,5,4,4,,,2,10.0,"CHARACTER, MOUNTED",,Drakesteed Fangs and Talons,Melee,3,3,5,-1,1,1,,
Lhykhis,Xenos - Aeldari,,8bbc-7ae0-5d5c-a105,135,1,3,5,2,4,,1,12.0,"CHARACTER, EPIC HERO, FLY, INFANTRY",,Brood Twain,Ranged,D6+3,2,6,-2,1,1,"Twin-linked, Torrent, Ignores Cover",
Lhykhis,Xenos - Aeldari,,8bbc-7ae0-5d5c-a105,135,1,3,5,2,4,,1,12.0,"CHARACTER, EPIC HERO, FLY, INFANTRY",,Spider's Fangs,Melee,5,2,4,-2,1,1,Lethal Hits,
Lhykhis,Xenos - Aeldari,,8bbc-7ae0-5d5c-a105,135,1,3,5,2,4,,1,12.0,"CHARACTER, EPIC HERO, FLY, INFANTRY",,Weaverender,Melee,5,2,6,-2,2,1,Lethal Hits,
Maugan Ra,Xenos - Aeldari,,6f18-95b7-2662-8925,100,1,3,5,2,4,,1,7.0,"CHARACTER, EPIC HERO, INFANTRY",,Maugetar,Ranged,6,2,7,-2,2,1,"Devastating Wounds, Ignores Cover",
Maugan Ra,Xenos - Aeldari,,6f18-95b7-2662-8925,100,1,3,5,2,4,,1,7.0,"CHARACTER, EPIC HERO, INFANTRY",,Maugetar,Melee,5,2,6,-2,2,1,,
Night Spinner,Xenos - Aeldari,,908a-fc2b-5a53-599f,170,1,9,12,3,,,3,14.0,"FLY, VEHICLE",,Doomweaver,Ranged,D6+3,3,7,-1,2,1,"Twin-linked, Blast",
Night Spinner,Xenos - Aeldari,,908a-fc2b-5a53-599f,170,1,9,12,3,,,3,14.0,"FLY, VEHICLE",,Wraithbone Hull,Melee,3,4,6,0,1,1,,
Night Spinner,Xenos - Aeldari,,908a-fc2b-5a53-599f,170,1,9,12,3,,,3,14.0,"FLY, VEHICLE",,Twin Shuriken Catapult,Ranged,2,3,4,-1,1,1,Twin-linked,
Prince Yriel,Xenos - Aeldari,Xenos - Drukhari,54dc-aa1f-817a-a5c5,95,1,3,5,3,4,,1,7.0,"CHARACTER, EPIC HERO, INFANTRY",,The Eye of Wrath,Ranged,3,2,6,-2,2,1,,
Prince Yriel,Xenos - Aeldari,Xenos - Drukhari,54dc-aa1f-817a-a5c5,95,1,3,5,3,4,,1,7.0,"CHARACTER, EPIC HERO, INFANTRY",,The Spear of Twilight,Melee,5,2,7,-3,3,1,Lance,
Prince Yriel,Xenos - Aeldari,Xenos - Drukhari,54dc-aa1f-817a-a5c5,95,1,3,5,3,4,,1,7.0,"CHARACTER, EPIC HERO, INFANTRY",,Shuriken Pistol,Ranged,1,2,4,-1,1,1,,
Rangers,Xenos - Aeldari,,b98b-701f-9c0c-5437,60,5,3,1,5,5,,1,7.0,INFANTRY,,Long rifle,Ranged,1,3,4,-1,2,5,Heavy,
Rangers,Xenos - Aeldari,,b98b-701f-9c0c-5437,60,5,3,1,5,5,,1,7.0,INFANTRY,,Close Combat Weapon,Melee,1,3,3,0,1,5,,
Rangers,Xenos - Aeldari,,b98b-701f-9c0c-5437,60,5,3,1,5,5,,1,7.0,INFANTRY,,Shuriken Pistol,Ranged,1,2,4,-1,1,5,,
Shadow Weaver Platform,Xenos - Aeldari,,2c93-f32d-64ea-b829,60,1,6,5,4,,,1,7.0,INFANTRY,,Shadow weaver,Ranged,D6+2,3,6,-1,1,1,Blast,
Shadow Weaver Platform,Xenos - Aeldari,,2c93-f32d-64ea-b829,60,1,6,5,4,,,1,7.0,INFANTRY,,Close Combat Weapon,Melee,2,3,3,0,1,1,,
Shadow Weaver Platform,Xenos - Aeldari,,2c93-f32d-64ea-b829,60,1,6,5,4,,,1,7.0,INFANTRY,,Shuriken Catapult,Ranged,2,3,4,-1,1,1,,
Shadowseer,Xenos - Aeldari,Xenos - Drukhari,8c34-52ba-cbd0-9ca4,50,1,3,4,6,4,,1,8.0,"CHARACTER, INFANTRY, PSYKER",,Miststave,Melee,4,2,5,-1,D3,1,,
Shadowseer,Xenos - Aeldari,Xenos - Drukhari,8c34-52ba-cbd0-9ca4,50,1,3,4,6,4,,1,8.0,"CHARACTER, INFANTRY, PSYKER",,Shuriken Pistol,Ranged,1,2,4,-1,1,1,,
Shining Spears,Xenos - Aeldari,,433-faed-ea62-c531,100,3,4,2,3,5,,2,14.0,"FLY, MOUNTED",2x T4 W2 Sv3+ Inv5+ | 1x T4 W3 Sv3+ Inv5+,Twin Shuriken Catapult,Ranged,2,3,4,-1,1,2,Twin-linked,
Shining Spears,Xenos - Aeldari,,433-faed-ea62-c531,100,3,4,2,3,5,,2,14.0,"FLY, MOUNTED",2x T4 W2 Sv3+ Inv5+ | 1x T4 W3 Sv3+ Inv5+,Laser Lance,Ranged,1,3,6,-2,3,2,,
Shining Spears,Xenos - Aeldari,,433-faed-ea62-c531,100,3,4,2,3,5,,2,14.0,"FLY, MOUNTED",2x T4 W2 Sv3+ Inv5+ | 1x T4 W3 Sv3+ Inv5+,Laser Lance,Melee,3,3,5,-2,3,2,"Lance, Anti-Monster 3+, Anti-Vehicle 3+",
Shining Spears,Xenos - Aeldari,,433-faed-ea62-c531,100,3,4,2,3,5,,2,14.0,"FLY, MOUNTED",2x T4 W2 Sv3+ Inv5+ | 1x T4 W3 Sv3+ Inv5+,Laser Lance,Ranged,1,3,6,-2,3,1,,
Shining Spears,Xenos - Aeldari,,433-faed-ea62-c531,100,3,4,2,3,5,,2,14.0,"FLY, MOUNTED",2x T4 W2 Sv3+ Inv5+ | 1x T4 W3 Sv3+ Inv5+,Laser Lance,Melee,3,3,5,-2,3,1,"Lance, Anti-Monster 3+, Anti-Vehicle 3+",
Shining Spears,Xenos - Aeldari,,433-faed-ea62-c531,100,3,4,2,3,5,,2,14.0,"FLY, MOUNTED",2x T4 W2 Sv3+ Inv5+ | 1x T4 W3 Sv3+ Inv5+,Twin Shuriken Catapult,Ranged,2,3,4,-1,1,1,Twin-linked,
Shroud Runners,Xenos - Aeldari,,c1ff-dc11-9853-e3e3,90,3,4,3,5,5,,2,14.0,"FLY, MOUNTED",,Long rifle,Ranged,1,2,4,-1,2,3,,
Shroud Runners,Xenos - Aeldari,,c1ff-dc11-9853-e3e3,90,3,4,3,5,5,,2,14.0,"FLY, MOUNTED",,Scatter Laser,Ranged,6,3,5,0,1,3,Sustained Hits 1,
Shroud Runners,Xenos - Aeldari,,c1ff-dc11-9853-e3e3,90,3,4,3,5,5,,2,14.0,"FLY, MOUNTED",,Close Combat Weapon,Melee,1,3,3,0,1,3,,
Shroud Runners,Xenos - Aeldari,,c1ff-dc11-9853-e3e3,90,3,4,3,5,5,,2,14.0,"FLY, MOUNTED",,Shuriken Pistol,Ranged,1,2,4,-1,1,3,,
Skyweavers,Xenos - Aeldari,Xenos - Drukhari,9270-4b93-ca59-f3ed,95,2,4,3,4,4,,2,14.0,"FLY, MOUNTED",,Close Combat Weapon,Melee,4,3,3,0,1,2,,
Skyweavers,Xenos - Aeldari,Xenos - Drukhari,9270-4b93-ca59-f3ed,95,2,4,3,4,4,,2,14.0,"FLY, MOUNTED",,Skyweaver Haywire Cannon,Ranged,2,3,3,-1,3,2,"Devastating Wounds, Anti-Vehicle 4+",
Skyweavers,Xenos - Aeldari,Xenos - Drukhari,9270-4b93-ca59-f3ed,95,2,4,3,4,4,,2,14.0,"FLY, MOUNTED",,Star Bolas,Ranged,D3,3,7,-2,2,2,,
Solitaire,Xenos - Aeldari,Xenos - Drukhari,f88f-60c5-3daf-3d2f,115,1,3,4,6,4,,1,12.0,"CHARACTER, EPIC HERO, INFANTRY",,Solitaire Weapons,Melee,9,2,6,-2,2,1,,
Spiritseer,Xenos - Aeldari,,e53b-7d09-eb7c-c6c7,50,1,3,3,6,4,,1,7.0,"CHARACTER, INFANTRY, PSYKER",,Witch Staff,Melee,2,2,3,0,D3,1,Anti-Infantry 2+,
Spiritseer,Xenos - Aeldari,,e53b-7d09-eb7c-c6c7,50,1,3,3,6,4,,1,7.0,"CHARACTER, INFANTRY, PSYKER",,Shuriken Pistol,Ranged,1,2,4,-1,1,1,,
Starweaver,Xenos - Aeldari,Xenos - Drukhari,854b-f8e-28fa-8c24,70,1,6,6,4,4,,2,14.0,"FLY, TRANSPORT, VEHICLE",,Close Combat Weapon,Melee,4,3,3,0,1,1,,
Starweaver,Xenos - Aeldari,Xenos - Drukhari,854b-f8e-28fa-8c24,70,1,6,6,4,4,,2,14.0,"FLY, TRANSPORT, VEHICLE",,Shuriken Cannon,Ranged,3,3,6,-1,2,2,Lethal Hits,
Stonesinger,Xenos - Aeldari,,09eb-a43e-0524-28f5,60,1,5,4,4,,,2,10.0,"CHARACTER, MOUNTED, PSYKER",,Song of Waning,Ranged,3,3,4,-2,3,1,,
Stonesinger,Xenos - Aeldari,,09eb-a43e-0524-28f5,60,1,5,4,4,,,2,10.0,"CHARACTER, MOUNTED, PSYKER",,Stone Stave,Melee,3,3,3,-1,2,1,,
Stonesinger,Xenos - Aeldari,,09eb-a43e-0524-28f5,60,1,5,4,4,,,2,10.0,"CHARACTER, MOUNTED, PSYKER",,Venomcrest Spit,Ranged,3,2,3,-2,2,1,Torrent,
Stonesinger,Xenos - Aeldari,,09eb-a43e-0524-28f5,60,1,5,4,4,,,2,10.0,"CHARACTER, MOUNTED, PSYKER",,Drakesteed Fangs and Talons,Melee,3,3,5,-1,1,1,,
Stonesinger,Xenos - Aeldari,,09eb-a43e-0524-28f5,60,1,5,4,4,,,2,10.0,"CHARACTER, MOUNTED, PSYKER",,Solar Carbine,Ranged,2,3,4,0,1,1,Rapid Fire 2,
Storm Guardians,Xenos - Aeldari,,5452-c4a7-59fb-f05c,100,11,3,1,4,,,2,7.0,"BATTLELINE, INFANTRY",1x T3 W2 Sv4+ | 4x T3 W1 Sv4+ | 6x T3 W1 Sv4+,Close Combat Weapon,Melee,2,3,3,0,1,1,,
Storm Guardians,Xenos - Aeldari,,5452-c4a7-59fb-f05c,100,11,3,1,4,,,2,7.0,"BATTLELINE, INFANTRY",1x T3 W2 Sv4+ | 4x T3 W1 Sv4+ | 6x T3 W1 Sv4+,Close Combat Weapon,Melee,2,3,3,0,1,4,,
Storm Guardians,Xenos - Aeldari,,5452-c4a7-59fb-f05c,100,11,3,1,4,,,2,7.0,"BATTLELINE, INFANTRY",1x T3 W2 Sv4+ | 4x T3 W1 Sv4+ | 6x T3 W1 Sv4+,Shuriken Pistol,Ranged,1,3,4,-1,1,4,,
Storm Guardians,Xenos - Aeldari,,5452-c4a7-59fb-f05c,100,11,3,1,4,,,2,7.0,"BATTLELINE, INFANTRY",1x T3 W2 Sv4+ | 4x T3 W1 Sv4+ | 6x T3 W1 Sv4+,Close Combat Weapon,Melee,2,3,3,0,1,6,,
Storm Guardians,Xenos - Aeldari,,5452-c4a7-59fb-f05c,100,11,3,1,4,,,2,7.0,"BATTLELINE, INFANTRY",1x T3 W2 Sv4+ | 4x T3 W1 Sv4+ | 6x T3 W1 Sv4+,Shuriken Pistol,Ranged,1,3,4,-1,1,6,,
Striking Scorpions,Xenos - Aeldari,,c90f-a8e5-6afa-eb91,75,5,3,1,3,5,,1,7.0,INFANTRY,4x T3 W1 Sv3+ Inv5+ | 1x T3 W2 Sv3+ Inv5+,Scorpion chainsword,Melee,4,3,4,-1,1,4,Sustained Hits 1,
Striking Scorpions,Xenos - Aeldari,,c90f-a8e5-6afa-eb91,75,5,3,1,3,5,,1,7.0,INFANTRY,4x T3 W1 Sv3+ Inv5+ | 1x T3 W2 Sv3+ Inv5+,Shuriken pistol,Ranged,1,3,4,-1,1,4,,
Striking Scorpions,Xenos - Aeldari,,c90f-a8e5-6afa-eb91,75,5,3,1,3,5,,1,7.0,INFANTRY,4x T3 W1 Sv3+ Inv5+ | 1x T3 W2 Sv3+ Inv5+,Scorpion chainsword,Melee,4,3,4,-1,1,1,Sustained Hits 1,
Striking Scorpions,Xenos - Aeldari,,c90f-a8e5-6afa-eb91,75,5,3,1,3,5,,1,7.0,INFANTRY,4x T3 W1 Sv3+ Inv5+ | 1x T3 W2 Sv3+ Inv5+,Scorpion's claw,Melee,3,3,8,-2,2,1,,
Striking Scorpions,Xenos - Aeldari,,c90f-a8e5-6afa-eb91,75,5,3,1,3,5,,1,7.0,INFANTRY,4x T3 W1 Sv3+ Inv5+ | 1x T3 W2 Sv3+ Inv5+,Shuriken pistol,Ranged,1,3,4,-1,1,1,,
Swooping Hawks,Xenos - Aeldari,,240f-70a4-7ba7-a538,95,5,3,1,4,5,,1,14.0,"FLY, INFANTRY",4x T3 W1 Sv4+ Inv5+ | 1x T3 W2 Sv4+ Inv5+,Lasblaster,Ranged,4,3,4,0,1,4,Lethal Hits,
Swooping Hawks,Xenos - Aeldari,,240f-70a4-7ba7-a538,95,5,3,1,4,5,,1,14.0,"FLY, INFANTRY",4x T3 W1 Sv4+ Inv5+ | 1x T3 W2 Sv4+ Inv5+,Close Combat Weapon,Melee,2,3,3,0,1,4,,
Swooping Hawks,Xenos - Aeldari,,240f-70a4-7ba7-a538,95,5,3,1,4,5,,1,14.0,"FLY, INFANTRY",4x T3 W1 Sv4+ Inv5+ | 1x T3 W2 Sv4+ Inv5+,Close Combat Weapon,Melee,2,3,3,0,1,1,,
Swooping Hawks,Xenos - Aeldari,,240f-70a4-7ba7-a538,95,5,3,1,4,5,,1,14.0,"FLY, INFANTRY",4x T3 W1 Sv4+ Inv5+ | 1x T3 W2 Sv4+ Inv5+,Hawk's Talon,Ranged,2,3,6,-2,2,1,Lethal Hits,
The Visarch,Xenos - Aeldari,,dd79-c2fe-59d6-d2,80,1,3,5,2,4,,1,8.0,"CHARACTER, EPIC HERO, INFANTRY",,➤ Asu-var - quicksilver stance,Melee,8,2,4,-1,1,1,Sustained Hits 2,
The Yncarne,Xenos - Aeldari,,68fb-4b6f-2bf8-7105,245,1,10,12,2,4,,3,10.0,"CHARACTER, DAEMON, EPIC HERO, FLY, MONSTER, PSYKER",,➤ Vilith-zhar - Strike,Melee,5,2,12,-4,D6+1,1,,
The Yncarne,Xenos - Aeldari,,68fb-4b6f-2bf8-7105,245,1,10,12,2,4,,3,10.0,"CHARACTER, DAEMON, EPIC HERO, FLY, MONSTER, PSYKER",,Swirling soul energy,Ranged,D6+3,2,7,-1,D3,1,"Torrent, Ignores Cover",
Troupe,Xenos - Aeldari,Xenos - Drukhari,dac1-6a7f-a06a-82cf,85,5,3,1,6,4,,1,8.0,INFANTRY,,Shuriken Pistol,Ranged,1,3,4,-1,1,4,,
Troupe,Xenos - Aeldari,Xenos - Drukhari,dac1-6a7f-a06a-82cf,85,5,3,1,6,4,,1,8.0,INFANTRY,,Harlequin's Blade,Melee,5,3,3,-1,1,4,Devastating Wounds,
Troupe,Xenos - Aeldari,Xenos - Drukhari,dac1-6a7f-a06a-82cf,85,5,3,1,6,4,,1,8.0,INFANTRY,,Harlequin's Blade,Melee,5,3,3,-1,1,1,Devastating Wounds,
Troupe,Xenos - Aeldari,Xenos - Drukhari,dac1-6a7f-a06a-82cf,85,5,3,1,6,4,,1,8.0,INFANTRY,,Shuriken Pistol,Ranged,1,3,4,-1,1,1,,
Troupe Master,Xenos - Aeldari,Xenos - Drukhari,dada-b81b-37bd-1f3b,75,1,3,4,6,4,,1,8.0,"CHARACTER, INFANTRY",,Harlequin's Special Weapon,Melee,6,2,4,-1,2,1,Devastating Wounds,
Troupe Master,Xenos - Aeldari,Xenos - Drukhari,dada-b81b-37bd-1f3b,75,1,3,4,6,4,,1,8.0,"CHARACTER, INFANTRY",,Shuriken Pistol,Ranged,1,2,4,-1,1,1,,
Vibro Cannon Platform,Xenos - Aeldari,,5df4-e13a-f6f4-b672,60,1,6,5,4,,,1,7.0,INFANTRY,,Vibro Cannon,Ranged,D6,3,9,-1,2,1,,
Vibro Cannon Platform,Xenos - Aeldari,,5df4-e13a-f6f4-b672,60,1,6,5,4,,,1,7.0,INFANTRY,,Close Combat Weapon,Melee,2,3,3,0,1,1,,
Vibro Cannon Platform,Xenos - Aeldari,,5df4-e13a-f6f4-b672,60,1,6,5,4,,,1,7.0,INFANTRY,,Shuriken Catapult,Ranged,2,3,4,-1,1,1,,
Voidweaver,Xenos - Aeldari,Xenos - Drukhari,e011-d99d-f0de-5289,115,1,6,6,4,4,,2,14.0,"FLY, VEHICLE",,Close Combat Weapon,Melee,4,3,3,0,1,1,,
Voidweaver,Xenos - Aeldari,Xenos - Drukhari,e011-d99d-f0de-5289,115,1,6,6,4,4,,2,14.0,"FLY, VEHICLE",,Shuriken Cannon,Ranged,3,3,6,-1,2,2,Lethal Hits,
Voidweaver,Xenos - Aeldari,Xenos - Drukhari,e011-d99d-f0de-5289,115,1,6,6,4,4,,2,14.0,"FLY, VEHICLE",,Voidweaver Haywire Cannon,Ranged,3,3,4,-1,3,1,"Devastating Wounds, Anti-Vehicle 4+",
Vypers,Xenos - Aeldari,,814d-56c9-78fe-2123,75,1,6,6,3,,,2,14.0,"FLY, VEHICLE",,Wraithbone Hull,Melee,3,4,6,0,1,1,,
Vypers,Xenos - Aeldari,,814d-56c9-78fe-2123,75,1,6,6,3,,,2,14.0,"FLY, VEHICLE",,Bright Lance,Ranged,1,3,12,-3,D6+2,1,,
Vypers,Xenos - Aeldari,,814d-56c9-78fe-2123,75,1,6,6,3,,,2,14.0,"FLY, VEHICLE",,Shuriken Cannon,Ranged,3,3,6,-1,2,1,Lethal Hits,
War Walkers,Xenos - Aeldari,,bcec-dc54-9242-4e13,80,1,7,6,3,5,,2,10.0,"VEHICLE, WALKER",,War Walker feet,Melee,3,3,5,0,1,1,,
Warlock,Xenos - Aeldari,,291f-2885-4512-f0cd,40,1,3,2,6,4,,1,7.0,"CHARACTER, INFANTRY, PSYKER",,Destructor,Ranged,D6,2,5,-1,1,1,Torrent,
Warlock,Xenos - Aeldari,,291f-2885-4512-f0cd,40,1,3,2,6,4,,1,7.0,"CHARACTER, INFANTRY, PSYKER",,Shuriken Pistol,Ranged,1,3,4,-1,1,1,,
Warlock,Xenos - Aeldari,,291f-2885-4512-f0cd,40,1,3,2,6,4,,1,7.0,"CHARACTER, INFANTRY, PSYKER",,Witchblade,Melee,2,3,3,0,2,1,Anti-Infantry 2+,
Warlock Conclave,Xenos - Aeldari,,d61-c058-6bd1-112f,55,2,3,2,6,4,,1,7.0,"INFANTRY, PSYKER",,Witchblade,Melee,2,3,3,0,2,2,Anti-Infantry 2+,
Warlock Conclave,Xenos - Aeldari,,d61-c058-6bd1-112f,55,2,3,2,6,4,,1,7.0,"INFANTRY, PSYKER",,Shuriken Pistol,Ranged,1,3,4,-1,1,2,,
Warlock Conclave,Xenos - Aeldari,,d61-c058-6bd1-112f,55,2,3,2,6,4,,1,7.0,"INFANTRY, PSYKER",,Destructor,Ranged,D6,2,5,-1,1,2,Torrent,
Warlock Skyrunners,Xenos - Aeldari,,f52d-1814-7d66-1f7b,45,1,4,3,6,4,,2,14.0,"FLY, MOUNTED, PSYKER",,Twin Shuriken Catapult,Ranged,2,3,4,-1,1,1,Twin-linked,
Warlock Skyrunners,Xenos - Aeldari,,f52d-1814-7d66-1f7b,45,1,4,3,6,4,,2,14.0,"FLY, MOUNTED, PSYKER",,Witchblade,Melee,2,3,3,0,2,1,Anti-Infantry 2+,
Warlock Skyrunners,Xenos - Aeldari,,f52d-1814-7d66-1f7b,45,1,4,3,6,4,,2,14.0,"FLY, MOUNTED, PSYKER",,Shuriken Pistol,Ranged,1,3,4,-1,1,1,,
Warlock Skyrunners,Xenos - Aeldari,,f52d-1814-7d66-1f7b,45,1,4,3,6,4,,2,14.0,"FLY, MOUNTED, PSYKER",,Destructor,Ranged,D6,2,5,-1,1,1,Torrent,
Warp Spiders,Xenos - Aeldari,,57ec-47a8-a59a-6a46,105,5,3,1,3,5,,1,12.0,"FLY, INFANTRY",4x T3 W1 Sv3+ Inv5+ | 1x T3 W2 Sv3+ Inv5+,Death spinner,Ranged,D6,2,4,-1,1,4,"Torrent, Ignores Cover",
Warp Spiders,Xenos - Aeldari,,57ec-47a8-a59a-6a46,105,5,3,1,3,5,,1,12.0,"FLY, INFANTRY",4x T3 W1 Sv3+ Inv5+ | 1x T3 W2 Sv3+ Inv5+,Close Combat Weapon,Melee,2,3,3,0,1,4,,
Warp Spiders,Xenos - Aeldari,,57ec-47a8-a59a-6a46,105,5,3,1,3,5,,1,12.0,"FLY, INFANTRY",4x T3 W1 Sv3+ Inv5+ | 1x T3 W2 Sv3+ Inv5+,Close Combat Weapon,Melee,2,3,3,0,1,1,,
Warp Spiders,Xenos - Aeldari,,57ec-47a8-a59a-6a46,105,5,3,1,3,5,,1,12.0,"FLY, INFANTRY",4x T3 W1 Sv3+ Inv5+ | 1x T3 W2 Sv3+ Inv5+,Exarch's Deathspinner,Ranged,D6,2,6,-2,1,1,"Torrent, Ignores Cover",
Wave Serpent,Xenos - Aeldari,,ad88-f706-318c-e70e,115,1,9,13,3,5,,2,14.0,"FLY, TRANSPORT, VEHICLE",,Wraithbone Hull,Melee,3,4,6,0,1,1,,
Wave Serpent,Xenos - Aeldari,,ad88-f706-318c-e70e,115,1,9,13,3,5,,2,14.0,"FLY, TRANSPORT, VEHICLE",,Twin Shuriken Catapult,Ranged,2,3,4,-1,1,1,Twin-linked,
Wave Serpent,Xenos - Aeldari,,ad88-f706-318c-e70e,115,1,9,13,3,5,,2,14.0,"FLY, TRANSPORT, VEHICLE",,Twin Shuriken Cannon,Ranged,3,3,6,-1,2,1,"Lethal Hits, Twin-linked",
Windriders,Xenos - Aeldari,,592a-b255-6c58-19ec,80,3,4,2,4,6,,2,14.0,"FLY, MOUNTED",,Twin shuriken catapult,Ranged,2,3,4,-1,1,3,Twin-linked,
Windriders,Xenos - Aeldari,,592a-b255-6c58-19ec,80,3,4,2,4,6,,2,14.0,"FLY, MOUNTED",,Close combat weapon,Melee,3,3,3,0,1,3,,
Wraithblades,Xenos - Aeldari,,bb4f-4359-cc16-e6d5,140,5,6,3,2,,,1,6.0,INFANTRY,,Ghostswords,Melee,5,4,5,-2,2,5,,
Wraithguard,Xenos - Aeldari,,5aa4-107-d7ee-f0f3,145,5,6,3,2,,,1,6.0,INFANTRY,,Close Combat Weapon,Melee,3,4,5,0,1,5,,
Wraithguard,Xenos - Aeldari,,5aa4-107-d7ee-f0f3,145,5,6,3,2,,,1,6.0,INFANTRY,,Wraithcannon,Ranged,1,4,14,-4,D6+1,5,,
Wraithknight,Xenos - Aeldari,,bfd-df5a-b358-4cf9,385,1,12,18,2,,,10,12.0,"MONSTER, TITANIC, WALKER",,Titanic Feet,Melee,5,3,8,-1,2,1,,
Wraithknight,Xenos - Aeldari,,bfd-df5a-b358-4cf9,385,1,12,18,2,,,10,12.0,"MONSTER, TITANIC, WALKER",,Heavy Wraithcannon,Ranged,D3,3,20,-4,2D6,1,Devastating Wounds,
Wraithknight,Xenos - Aeldari,,bfd-df5a-b358-4cf9,385,1,12,18,2,,,10,12.0,"MONSTER, TITANIC, WALKER",,Suncannon,Ranged,D6+4,3,10,-3,3,1,Blast,
Wraithknight with Ghostglaive,Xenos - Aeldari,,d756-653a-872b-5c1b,380,1,12,18,2,,,10,12.0,"MONSTER, TITANIC, WALKER",,➤ Titanic Ghostglaive - Strike,Melee,5,3,16,-3,6,1,,
Wraithknight with Ghostglaive,Xenos - Aeldari,,d756-653a-872b-5c1b,380,1,12,18,2,,,10,12.0,"MONSTER, TITANIC, WALKER",,Heavy Wraithcannon,Ranged,D3,3,20,-4,2D6,1,Devastating Wounds,
Wraithlord,Xenos - Aeldari,,b9e9-397e-d83a-f77a,125,1,10,10,2,,,3,8.0,"MONSTER, WALKER",,Wraithbone Fists,Melee,4,4,7,-2,2,1,,
Wraithlord,Xenos - Aeldari,,b9e9-397e-d83a-f77a,125,1,10,10,2,,,3,8.0,"MONSTER, WALKER",,Shuriken Catapult,Ranged,2,4,4,-1,1,2,,
Ynnari Archon,Xenos - Aeldari,,5f10-27fc-f1e4-af90,85,1,3,4,4,2,,1,8.0,"CHARACTER, INFANTRY",,Huskblade,Melee,5,2,3,-2,2,1,Anti-Infantry 3+,
Ynnari Archon,Xenos - Aeldari,,5f10-27fc-f1e4-af90,85,1,3,4,4,2,,1,8.0,"CHARACTER, INFANTRY",,Splinter Pistol,Ranged,1,2,2,0,1,1,Anti-Infantry 3+,
Ynnari Incubi,Xenos - Aeldari,,5bf7-f905-8fab-43b4,80,5,3,1,3,5,,1,7.0,INFANTRY,4x T3 W1 Sv3+ Inv5+ | 1x T3 W2 Sv3+ Inv5+,Klaive,Melee,3,3,4,-2,2,4,,
Ynnari Incubi,Xenos - Aeldari,,5bf7-f905-8fab-43b4,80,5,3,1,3,5,,1,7.0,INFANTRY,4x T3 W1 Sv3+ Inv5+ | 1x T3 W2 Sv3+ Inv5+,Klaive,Melee,3,3,4,-2,2,1,,
Ynnari Kabalite Warriors,Xenos - Aeldari,,807b-0b72-5908-a3d4,110,10,3,1,4,6,,2,8.0,"BATTLELINE, INFANTRY",,Shredder,Ranged,D6,2,6,0,1,9,Torrent,
Ynnari Kabalite Warriors,Xenos - Aeldari,,807b-0b72-5908-a3d4,110,10,3,1,4,6,,2,8.0,"BATTLELINE, INFANTRY",,Close Combat Weapon,Melee,2,3,3,0,1,9,,
Ynnari Kabalite Warriors,Xenos - Aeldari,,807b-0b72-5908-a3d4,110,10,3,1,4,6,,2,8.0,"BATTLELINE, INFANTRY",,Splinter Rifle,Ranged,2,3,2,0,1,1,Anti-Infantry 3+,
Ynnari Kabalite Warriors,Xenos - Aeldari,,807b-0b72-5908-a3d4,110,10,3,1,4,6,,2,8.0,"BATTLELINE, INFANTRY",,Close Combat Weapon,Melee,2,3,3,0,1,1,,
Ynnari Raider,Xenos - Aeldari,,8e15-3c74-d36f-7669,70,1,8,10,4,6,,2,14.0,"FLY, TRANSPORT, VEHICLE",,Bladevanes,Melee,3,4,6,0,1,1,,
Ynnari Raider,Xenos - Aeldari,,8e15-3c74-d36f-7669,70,1,8,10,4,6,,2,14.0,"FLY, TRANSPORT, VEHICLE",,Dark Lance,Ranged,1,3,12,-3,D6+2,1,,
Ynnari Reavers,Xenos - Aeldari,,915d-ad53-9518-7a85,65,3,4,2,4,6,,2,16.0,"FLY, MOUNTED",,Splinter Rifle,Ranged,2,3,2,0,1,2,Anti-Infantry 3+,
Ynnari Reavers,Xenos - Aeldari,,915d-ad53-9518-7a85,65,3,4,2,4,6,,2,16.0,"FLY, MOUNTED",,Splinter Pistol,Ranged,1,3,2,0,1,2,Anti-Infantry 3+,
Ynnari Reavers,Xenos - Aeldari,,915d-ad53-9518-7a85,65,3,4,2,4,6,,2,16.0,"FLY, MOUNTED",,Bladevanes,Melee,3,3,4,0,1,2,,
Ynnari Reavers,Xenos - Aeldari,,915d-ad53-9518-7a85,65,3,4,2,4,6,,2,16.0,"FLY, MOUNTED",,Splinter Pistol,Ranged,1,3,2,0,1,1,Anti-Infantry 3+,
Ynnari Reavers,Xenos - Aeldari,,915d-ad53-9518-7a85,65,3,4,2,4,6,,2,16.0,"FLY, MOUNTED",,Bladevanes,Melee,3,3,4,0,1,1,,
Ynnari Reavers,Xenos - Aeldari,,915d-ad53-9518-7a85,65,3,4,2,4,6,,2,16.0,"FLY, MOUNTED",,Splinter Rifle,Ranged,2,3,2,0,1,1,Anti-Infantry 3+,
Ynnari Succubus,Xenos - Aeldari,,c2e0-ca3e-e8c1-e019,45,1,3,4,6,4,,1,8.0,"CHARACTER, INFANTRY",,Succubus Weapons,Melee,6,2,3,-2,1,1,Anti-Infantry 3+,
Ynnari Venom,Xenos - Aeldari,,5443-6671-baeb-77a3,65,1,6,6,4,6,,1,14.0,"FLY, TRANSPORT, VEHICLE",,Bladevanes,Melee,3,4,5,0,1,1,,
Ynnari Venom,Xenos - Aeldari,,5443-6671-baeb-77a3,65,1,6,6,4,6,,1,14.0,"FLY, TRANSPORT, VEHICLE",,Splinter Cannon,Ranged,3,3,3,-1,2,1,"Sustained Hits 1, Anti-Infantry 3+",
Ynnari Venom,Xenos - Aeldari,,5443-6671-baeb-77a3,65,1,6,6,4,6,,1,14.0,"FLY, TRANSPORT, VEHICLE",,Twin Splinter Rifle,Ranged,2,3,2,0,1,1,"Twin-linked, Rapid Fire 1, Anti-Infantry 3+",
Ynnari Wyches,Xenos - Aeldari,,36fd-7c3f-b728-c5d4,90,10,3,1,6,4,,2,8.0,"BATTLELINE, INFANTRY",,Splinter Pistol,Ranged,1,3,2,0,1,9,Anti-Infantry 3+,
Ynnari Wyches,Xenos - Aeldari,,36fd-7c3f-b728-c5d4,90,10,3,1,6,4,,2,8.0,"BATTLELINE, INFANTRY",,Hekatarii Blade,Melee,3,3,3,-1,1,9,,
Ynnari Wyches,Xenos - Aeldari,,36fd-7c3f-b728-c5d4,90,10,3,1,6,4,,2,8.0,"BATTLELINE, INFANTRY",,Hekatarii Blade,Melee,3,3,3,-1,1,1,,
Yvraine,Xenos - Aeldari,,ada5-25ce-d5d5-4ccb,100,1,3,4,6,4,,1,8.0,"CHARACTER, EPIC HERO, INFANTRY, PSYKER",,Kha-vir,Melee,5,2,4,-3,2,1,Devastating Wounds,
Yvraine,Xenos - Aeldari,,ada5-25ce-d5d5-4ccb,100,1,3,4,6,4,,1,8.0,"CHARACTER, EPIC HERO, INFANTRY, PSYKER",,Storm of Whispers,Ranged,D6+3,2,2,-2,1,1,"Devastating Wounds, Anti-Infantry 2+",
Archon,Xenos - Drukhari,,5c1c-fa4a-3234-c711,80,1,3,4,4,2,,1,7.0,"CHARACTER, INFANTRY",,Splinter pistol,Ranged,1,2,2,0,1,1,Anti-Infantry 3+,
Archon,Xenos - Drukhari,,5c1c-fa4a-3234-c711,80,1,3,4,4,2,,1,7.0,"CHARACTER, INFANTRY",,Huskblade,Melee,4,2,3,-2,3,1,Devastating Wounds,
Cronos,Xenos - Drukhari,,a5d3-e21b-bf13-a952,55,1,7,7,3,6,,2,7.0,"FLY, MONSTER",,Spirit Syphon,Ranged,D6,2,5,-1,1,1,"Torrent, Ignores Cover",
Cronos,Xenos - Drukhari,,a5d3-e21b-bf13-a952,55,1,7,7,3,6,,2,7.0,"FLY, MONSTER",,Spirit-leech Tentacles,Melee,6,3,5,-1,1,1,Anti-Infantry 2+,
Drazhar,Xenos - Drukhari,,a30b-b966-d264-e935,85,1,3,5,2,4,,1,7.0,"CHARACTER, EPIC HERO, INFANTRY",,➤ The Executioner's demiklaives - Dual Blades,Melee,8,2,5,-2,2,1,Devastating Wounds,
Haemonculus,Xenos - Drukhari,,32ff-aec4-9669-c8a2,50,1,4,5,5,6,,1,7.0,"CHARACTER, INFANTRY",,Haemonculus tools and scissorhands,Melee,5,2,3,-1,D3,1,Anti-Infantry 2+,
Haemonculus,Xenos - Drukhari,,32ff-aec4-9669-c8a2,50,1,4,5,5,6,,1,7.0,"CHARACTER, INFANTRY",,Stinger Pistol,Ranged,1,2,2,-1,D3,1,Anti-Infantry 2+,
Hand of the Archon,Xenos - Drukhari,,76ab-197c-bd41-181b,115,10,3,1,4,6,,1,7.0,INFANTRY,,Splinter Rifle,Ranged,2,3,2,0,1,1,Anti-Infantry 3+,
Hand of the Archon,Xenos - Drukhari,,76ab-197c-bd41-181b,115,10,3,1,4,6,,1,7.0,INFANTRY,,Close Combat Weapon,Melee,2,3,3,0,1,1,,
Hand of the Archon,Xenos - Drukhari,,76ab-197c-bd41-181b,115,10,3,1,4,6,,1,7.0,INFANTRY,,Splinter Rifle,Ranged,2,3,2,0,1,9,Anti-Infantry 3+,
Hand of the Archon,Xenos - Drukhari,,76ab-197c-bd41-181b,115,10,3,1,4,6,,1,7.0,INFANTRY,,Close Combat Weapon,Melee,2,3,3,0,1,9,,
Hellions,Xenos - Drukhari,,2311-9feb-9d0a-8154,90,5,4,2,4,6,,1,14.0,"FLY, MOUNTED",,Hellglaive,Melee,3,3,4,-1,2,4,"Sustained Hits 1, Lance",
Hellions,Xenos - Drukhari,,2311-9feb-9d0a-8154,90,5,4,2,4,6,,1,14.0,"FLY, MOUNTED",,Splinter Pods,Ranged,2,3,2,0,1,4,"Twin-linked, Anti-Infantry 3+",
Hellions,Xenos - Drukhari,,2311-9feb-9d0a-8154,90,5,4,2,4,6,,1,14.0,"FLY, MOUNTED",,Splinter Pods,Ranged,2,3,2,0,1,1,"Twin-linked, Anti-Infantry 3+",
Hellions,Xenos - Drukhari,,2311-9feb-9d0a-8154,90,5,4,2,4,6,,1,14.0,"FLY, MOUNTED",,Hellglaive,Melee,3,3,4,-1,2,1,"Sustained Hits 1, Lance",
Incubi,Xenos - Drukhari,,1529-793d-481b-82bf,90,5,3,1,3,5,,1,7.0,INFANTRY,4x T3 W1 Sv3+ Inv5+ | 1x T3 W2 Sv3+ Inv5+,Klaive,Melee,3,3,5,-2,2,4,,
Incubi,Xenos - Drukhari,,1529-793d-481b-82bf,90,5,3,1,3,5,,1,7.0,INFANTRY,4x T3 W1 Sv3+ Inv5+ | 1x T3 W2 Sv3+ Inv5+,➤ Demiklaives - Dual Blades,Melee,6,3,4,-2,1,1,,
Kabalite Warriors,Xenos - Drukhari,,d20b-783-ccf6-b29d,110,10,3,1,4,6,,2,7.0,"BATTLELINE, INFANTRY",,Splinter Rifle,Ranged,2,3,2,0,1,9,Anti-Infantry 3+,
Kabalite Warriors,Xenos - Drukhari,,d20b-783-ccf6-b29d,110,10,3,1,4,6,,2,7.0,"BATTLELINE, INFANTRY",,Close Combat Weapon,Melee,2,3,3,0,1,9,,
Kabalite Warriors,Xenos - Drukhari,,d20b-783-ccf6-b29d,110,10,3,1,4,6,,2,7.0,"BATTLELINE, INFANTRY",,Splinter Rifle,Ranged,2,3,2,0,1,1,Anti-Infantry 3+,
Kabalite Warriors,Xenos - Drukhari,,d20b-783-ccf6-b29d,110,10,3,1,4,6,,2,7.0,"BATTLELINE, INFANTRY",,Close Combat Weapon,Melee,2,3,3,0,1,1,,
Lady Malys,Xenos - Drukhari,,a223-234b-7886-fccc,100,1,3,5,4,4,,2,7.0,"CHARACTER, EPIC HERO, INFANTRY",,Lady's Blade,Melee,6,2,5,-3,3,1,Devastating Wounds,
Lady Malys,Xenos - Drukhari,,a223-234b-7886-fccc,100,1,3,5,4,4,,2,7.0,"CHARACTER, EPIC HERO, INFANTRY",,Razor fan,Melee,6,2,3,0,1,1,,
Lelith Hesperax,Xenos - Drukhari,,ae1b-1a96-5b4c-cecc,80,1,3,4,6,4,,1,8.0,"CHARACTER, EPIC HERO, INFANTRY",,Lelith's blades,Melee,8,2,3,-2,1,1,"Sustained Hits 2, Anti-Infantry 2+",
Mandrakes,Xenos - Drukhari,,6a3a-7973-b509-532e,80,5,3,1,7,5,,1,8.0,INFANTRY,,Baleblast,Ranged,2,3,5,-1,1,4,"Devastating Wounds, Ignores Cover",
Mandrakes,Xenos - Drukhari,,6a3a-7973-b509-532e,80,5,3,1,7,5,,1,8.0,INFANTRY,,Glimmersteel Blade,Melee,3,3,5,-1,1,4,Devastating Wounds,
Mandrakes,Xenos - Drukhari,,6a3a-7973-b509-532e,80,5,3,1,7,5,,1,8.0,INFANTRY,,Baleblast,Ranged,2,3,5,-1,1,1,"Devastating Wounds, Ignores Cover",
Mandrakes,Xenos - Drukhari,,6a3a-7973-b509-532e,80,5,3,1,7,5,,1,8.0,INFANTRY,,Glimmersteel Blade,Melee,3,3,5,-1,1,1,Devastating Wounds,
Raider,Xenos - Drukhari,,635b-21f4-f801-453,75,1,8,10,4,6,,2,14.0,"FLY, TRANSPORT, VEHICLE",,Bladevanes and chainsnares,Melee,D3+3,4,6,-1,1,1,,
Raider,Xenos - Drukhari,,635b-21f4-f801-453,75,1,8,10,4,6,,2,14.0,"FLY, TRANSPORT, VEHICLE",,Dark Lance,Ranged,1,3,12,-3,D6+2,1,,
Ravager,Xenos - Drukhari,,3376-d337-6a33-4bca,110,1,9,11,4,6,,3,14.0,"FLY, VEHICLE",,Bladevanes,Melee,3,4,6,-1,1,1,,
Ravager,Xenos - Drukhari,,3376-d337-6a33-4bca,110,1,9,11,4,6,,3,14.0,"FLY, VEHICLE",,Dark Lance,Ranged,1,3,12,-3,D6+2,3,,
Razorwing Jetfighter,Xenos - Drukhari,,fbc4-c7d0-db5b-91c,170,1,8,10,4,6,,0,0.0,"AIRCRAFT, FLY, VEHICLE",,Bladed Wings,Melee,3,4,6,-1,1,1,,
Razorwing Jetfighter,Xenos - Drukhari,,fbc4-c7d0-db5b-91c,170,1,8,10,4,6,,0,0.0,"AIRCRAFT, FLY, VEHICLE",,➤ Razorwing Missiles - Monoscythe Missiles,Ranged,D6,3,6,-1,2,1,Blast,
Razorwing Jetfighter,Xenos - Drukhari,,fbc4-c7d0-db5b-91c,170,1,8,10,4,6,,0,0.0,"AIRCRAFT, FLY, VEHICLE",,Dark Lance,Ranged,1,3,12,-3,D6+2,2,,
Razorwing Jetfighter,Xenos - Drukhari,,fbc4-c7d0-db5b-91c,170,1,8,10,4,6,,0,0.0,"AIRCRAFT, FLY, VEHICLE",,Twin Splinter Rifle,Ranged,2,3,2,0,1,1,"Twin-linked, Rapid Fire 2, Anti-Infantry 3+",
Reavers,Xenos - Drukhari,,2c3a-9752-2516-69ab,75,3,4,2,4,6,,2,16.0,"FLY, MOUNTED",,Splinter Rifle,Ranged,2,3,2,0,1,2,Anti-Infantry 3+,
Reavers,Xenos - Drukhari,,2c3a-9752-2516-69ab,75,3,4,2,4,6,,2,16.0,"FLY, MOUNTED",,Splinter Pistol,Ranged,1,3,2,0,1,2,Anti-Infantry 3+,
Reavers,Xenos - Drukhari,,2c3a-9752-2516-69ab,75,3,4,2,4,6,,2,16.0,"FLY, MOUNTED",,Bladevanes,Melee,4,3,4,-1,1,2,Lance,
Reavers,Xenos - Drukhari,,2c3a-9752-2516-69ab,75,3,4,2,4,6,,2,16.0,"FLY, MOUNTED",,Splinter Pistol,Ranged,1,3,2,0,1,1,Anti-Infantry 3+,
Reavers,Xenos - Drukhari,,2c3a-9752-2516-69ab,75,3,4,2,4,6,,2,16.0,"FLY, MOUNTED",,Bladevanes,Melee,4,3,4,-1,1,1,Lance,
Reavers,Xenos - Drukhari,,2c3a-9752-2516-69ab,75,3,4,2,4,6,,2,16.0,"FLY, MOUNTED",,Splinter Rifle,Ranged,2,3,2,0,1,1,Anti-Infantry 3+,
Scourges with Heavy Weapons,Xenos - Drukhari,,7c93-baac-e65f-58bd,110,5,3,1,4,5,,1,14.0,"FLY, INFANTRY",,Close combat weapon,Melee,2,3,3,0,1,4,,
Scourges with Heavy Weapons,Xenos - Drukhari,,7c93-baac-e65f-58bd,110,5,3,1,4,5,,1,14.0,"FLY, INFANTRY",,Splinter Cannon,Ranged,3,4,3,-1,2,4,"Sustained Hits 1, Heavy, Anti-Infantry 3+",
Scourges with Heavy Weapons,Xenos - Drukhari,,7c93-baac-e65f-58bd,110,5,3,1,4,5,,1,14.0,"FLY, INFANTRY",,Close combat weapon,Melee,2,3,3,0,1,1,,
Scourges with Heavy Weapons,Xenos - Drukhari,,7c93-baac-e65f-58bd,110,5,3,1,4,5,,1,14.0,"FLY, INFANTRY",,Shardcarbine,Ranged,3,3,2,0,1,1,Anti-Infantry 3+,
Scourges with Shardcarbines,Xenos - Drukhari,,f2d1-4574-223f-998f,75,5,3,1,4,5,,1,14.0,"FLY, INFANTRY",,Shardcarbine,Ranged,3,3,2,0,1,4,Anti-Infantry 3+,
Scourges with Shardcarbines,Xenos - Drukhari,,f2d1-4574-223f-998f,75,5,3,1,4,5,,1,14.0,"FLY, INFANTRY",,Close combat weapon,Melee,2,3,3,0,1,4,,
Scourges with Shardcarbines,Xenos - Drukhari,,f2d1-4574-223f-998f,75,5,3,1,4,5,,1,14.0,"FLY, INFANTRY",,Close combat weapon,Melee,2,3,3,0,1,1,,
Scourges with Shardcarbines,Xenos - Drukhari,,f2d1-4574-223f-998f,75,5,3,1,4,5,,1,14.0,"FLY, INFANTRY",,Shardcarbine,Ranged,3,3,2,0,1,1,Anti-Infantry 3+,
Succubus,Xenos - Drukhari,,b5a9-c802-10f0-6768,50,1,3,4,6,4,,1,8.0,"CHARACTER, INFANTRY",,Archite glaive and agoniser,Melee,7,2,3,-2,1,1,Anti-Infantry 3+,
Talos,Xenos - Drukhari,,5c5f-b70b-f6ee-a81e,75,1,7,7,3,6,,2,7.0,"FLY, MONSTER",,Macro-Scalpel,Melee,5,3,7,-2,2,1,,
Talos,Xenos - Drukhari,,5c5f-b70b-f6ee-a81e,75,1,7,7,3,6,,2,7.0,"FLY, MONSTER",,Macro-Scalpel,Melee,5,3,7,-2,2,1,,
Talos,Xenos - Drukhari,,5c5f-b70b-f6ee-a81e,75,1,7,7,3,6,,2,7.0,"FLY, MONSTER",,Twin Splinter Cannon,Ranged,3,3,3,-1,2,1,"Sustained Hits 1, Twin-linked, Anti-Infantry 3+",
Venom,Xenos - Drukhari,,ee2c-6ca0-5e29-37a6,65,1,6,6,4,6,,1,14.0,"FLY, TRANSPORT, VEHICLE",,Bladevanes,Melee,3,4,5,-1,1,1,,
Venom,Xenos - Drukhari,,ee2c-6ca0-5e29-37a6,65,1,6,6,4,6,,1,14.0,"FLY, TRANSPORT, VEHICLE",,Splinter Cannon,Ranged,3,3,3,-1,2,1,"Sustained Hits 1, Anti-Infantry 3+",
Venom,Xenos - Drukhari,,ee2c-6ca0-5e29-37a6,65,1,6,6,4,6,,1,14.0,"FLY, TRANSPORT, VEHICLE",,Twin Splinter Rifle,Ranged,2,3,2,0,1,1,"Twin-linked, Rapid Fire 2, Anti-Infantry 3+",
Voidraven Bomber,Xenos - Drukhari,,71e1-7d54-4856-4ce1,245,1,9,12,4,6,,0,0.0,"AIRCRAFT, FLY, VEHICLE",,Bladed Wings,Melee,3,4,6,-1,1,1,,
Voidraven Bomber,Xenos - Drukhari,,71e1-7d54-4856-4ce1,245,1,9,12,4,6,,0,0.0,"AIRCRAFT, FLY, VEHICLE",,Void Lance,Ranged,2,3,14,-4,D6+2,2,,
Wracks,Xenos - Drukhari,,2659-7a1b-3ce6-8e4b,60,5,4,2,5,6,,2,7.0,"BATTLELINE, INFANTRY",,Twin Torturer's Tools,Melee,2,3,4,-1,1,4,"Twin-linked, Anti-Infantry 4+",
Wracks,Xenos - Drukhari,,2659-7a1b-3ce6-8e4b,60,5,4,2,5,6,,2,7.0,"BATTLELINE, INFANTRY",,Twin Torturer's Tools,Melee,2,3,4,-1,1,1,"Twin-linked, Anti-Infantry 4+",
Wyches,Xenos - Drukhari,,edca-1a1b-902d-421a,90,10,3,1,6,4,,2,8.0,"BATTLELINE, INFANTRY",,Splinter Pistol,Ranged,1,3,2,0,1,6,Anti-Infantry 3+,
Wyches,Xenos - Drukhari,,edca-1a1b-902d-421a,90,10,3,1,6,4,,2,8.0,"BATTLELINE, INFANTRY",,Hekatarii Blade,Melee,4,3,3,-1,1,6,,
Wyches,Xenos - Drukhari,,edca-1a1b-902d-421a,90,10,3,1,6,4,,2,8.0,"BATTLELINE, INFANTRY",,Splinter Pistol,Ranged,1,3,2,0,1,3,Anti-Infantry 3+,
Wyches,Xenos - Drukhari,,edca-1a1b-902d-421a,90,10,3,1,6,4,,2,8.0,"BATTLELINE, INFANTRY",,Hekatarii Blade,Melee,4,3,3,-1,1,3,,
Wyches,Xenos - Drukhari,,edca-1a1b-902d-421a,90,10,3,1,6,4,,2,8.0,"BATTLELINE, INFANTRY",,Splinter Pistol,Ranged,1,3,2,0,1,1,Anti-Infantry 3+,
Wyches,Xenos - Drukhari,,edca-1a1b-902d-421a,90,10,3,1,6,4,,2,8.0,"BATTLELINE, INFANTRY",,Hekatarii Blade,Melee,4,3,3,-1,1,1,,
Aberrants,Xenos - Genestealer Cults,,f51d-bc51-f301-9dee,140,5,6,3,5,,5,1,6.0,INFANTRY,,Aberrant weapons,Melee,3,3,7,-2,2,1,,
Aberrants,Xenos - Genestealer Cults,,f51d-bc51-f301-9dee,140,5,6,3,5,,5,1,6.0,INFANTRY,,Aberrant weapons,Melee,3,3,7,-2,2,4,,
Abominant,Xenos - Genestealer Cults,,97b1-4873-9fcb-5cb8,85,1,6,5,5,,5,1,6.0,"CHARACTER, INFANTRY",,Power sledgehammer,Melee,4,3,12,-2,D6+1,1,,
Achilles Ridgerunners,Xenos - Genestealer Cults,,cf71-a12a-2730-c40b,95,1,7,8,3,,,3,12.0,VEHICLE,,Armoured hull,Melee,3,4,5,0,1,1,,
Achilles Ridgerunners,Xenos - Genestealer Cults,,cf71-a12a-2730-c40b,95,1,7,8,3,,,3,12.0,VEHICLE,,Twin heavy stubber,Ranged,3,4,4,0,1,1,"Twin-linked, Rapid Fire 3",
Achilles Ridgerunners,Xenos - Genestealer Cults,,cf71-a12a-2730-c40b,95,1,7,8,3,,,3,12.0,VEHICLE,,Achilles missile launcher,Ranged,3,4,9,-2,3,1,,
Acolyte Hybrids with Autopistols,Xenos - Genestealer Cults,,04cc-6196-1755-ad58,70,5,4,1,5,,,2,6.0,"BATTLELINE, INFANTRY",,Autopistol,Ranged,1,4,3,0,1,4,,
Acolyte Hybrids with Autopistols,Xenos - Genestealer Cults,,04cc-6196-1755-ad58,70,5,4,1,5,,,2,6.0,"BATTLELINE, INFANTRY",,Cult claws and knife,Melee,3,3,4,-1,1,4,,
Acolyte Hybrids with Autopistols,Xenos - Genestealer Cults,,04cc-6196-1755-ad58,70,5,4,1,5,,,2,6.0,"BATTLELINE, INFANTRY",,Autopistol,Ranged,1,4,3,0,1,1,,
Acolyte Hybrids with Autopistols,Xenos - Genestealer Cults,,04cc-6196-1755-ad58,70,5,4,1,5,,,2,6.0,"BATTLELINE, INFANTRY",,Leader's Bio-weapons,Melee,5,3,5,-2,1,1,,
Acolyte Hybrids with Hand Flamers,Xenos - Genestealer Cults,,a197-f6c3-5d4a-5326,75,5,4,1,5,,,2,6.0,"BATTLELINE, INFANTRY",,Hand flamer,Ranged,D6,2,3,0,1,4,"Torrent, Ignores Cover",
Acolyte Hybrids with Hand Flamers,Xenos - Genestealer Cults,,a197-f6c3-5d4a-5326,75,5,4,1,5,,,2,6.0,"BATTLELINE, INFANTRY",,Cult claws and knife,Melee,3,3,4,-1,1,4,,
Acolyte Hybrids with Hand Flamers,Xenos - Genestealer Cults,,a197-f6c3-5d4a-5326,75,5,4,1,5,,,2,6.0,"BATTLELINE, INFANTRY",,Hand flamer,Ranged,D6,2,3,0,1,1,"Torrent, Ignores Cover",
Acolyte Hybrids with Hand Flamers,Xenos - Genestealer Cults,,a197-f6c3-5d4a-5326,75,5,4,1,5,,,2,6.0,"BATTLELINE, INFANTRY",,Leader's bio-weapons,Melee,5,3,5,-2,1,1,,
Acolyte Iconward,Xenos - Genestealer Cults,,e367-b2cb-d22a-b17c,50,1,4,3,5,,,1,6.0,"CHARACTER, INFANTRY",,Cult claws,Melee,4,3,4,-1,1,1,,
Acolyte Iconward,Xenos - Genestealer Cults,,e367-b2cb-d22a-b17c,50,1,4,3,5,,,1,6.0,"CHARACTER, INFANTRY",,Autopistol,Ranged,1,3,3,0,1,1,,
Armoured Sentinels,Imperium - Astra Militarum,Xenos - Genestealer Cults,7e34-20cf-1149-74a1,65,1,8,7,2,,,2,8.0,"VEHICLE, WALKER",,Close combat weapon,Melee,2,4,6,0,1,1,,
Armoured Sentinels,Imperium - Astra Militarum,Xenos - Genestealer Cults,7e34-20cf-1149-74a1,65,1,8,7,2,,,2,8.0,"VEHICLE, WALKER",,Multi-laser,Ranged,4,4,6,0,1,1,,
Artillery Team,Imperium - Astra Militarum,Xenos - Genestealer Cults,0595-6d6c-a783-12ab,95,1,7,10,3,,,3,3.0,INFANTRY,,Crew close combat weapons,Melee,3,4,3,0,1,1,,
Artillery Team,Imperium - Astra Militarum,Xenos - Genestealer Cults,0595-6d6c-a783-12ab,95,1,7,10,3,,,3,3.0,INFANTRY,,Lasgun,Ranged,1,4,3,0,1,1,Rapid Fire 1,
Artillery Team,Imperium - Astra Militarum,Xenos - Genestealer Cults,0595-6d6c-a783-12ab,95,1,7,10,3,,,3,3.0,INFANTRY,,Heavy mortar,Ranged,D6+3,5,8,-1,2,1,"Blast, Heavy",
Atalan Jackals,Xenos - Genestealer Cults,,3a81-2b84-bf4c-4f85,85,5,4,2,5,,,1,12.0,MOUNTED,1x T4 W2 Sv5+ | 3x T4 W2 Sv5+ | 1x T4 W4 Sv5+,Close combat weapon,Melee,2,4,3,0,1,1,,
Atalan Jackals,Xenos - Genestealer Cults,,3a81-2b84-bf4c-4f85,85,5,4,2,5,,,1,12.0,MOUNTED,1x T4 W2 Sv5+ | 3x T4 W2 Sv5+ | 1x T4 W4 Sv5+,Atalan small arms,Ranged,2,4,4,0,1,1,,
Atalan Jackals,Xenos - Genestealer Cults,,3a81-2b84-bf4c-4f85,85,5,4,2,5,,,1,12.0,MOUNTED,1x T4 W2 Sv5+ | 3x T4 W2 Sv5+ | 1x T4 W4 Sv5+,Close combat weapon,Melee,2,4,3,0,1,3,,
Atalan Jackals,Xenos - Genestealer Cults,,3a81-2b84-bf4c-4f85,85,5,4,2,5,,,1,12.0,MOUNTED,1x T4 W2 Sv5+ | 3x T4 W2 Sv5+ | 1x T4 W4 Sv5+,Atalan small arms,Ranged,2,4,4,0,1,3,,
Atalan Jackals,Xenos - Genestealer Cults,,3a81-2b84-bf4c-4f85,85,5,4,2,5,,,1,12.0,MOUNTED,1x T4 W2 Sv5+ | 3x T4 W2 Sv5+ | 1x T4 W4 Sv5+,Close combat weapon,Melee,2,4,3,0,1,1,,
Atalan Jackals,Xenos - Genestealer Cults,,3a81-2b84-bf4c-4f85,85,5,4,2,5,,,1,12.0,MOUNTED,1x T4 W2 Sv5+ | 3x T4 W2 Sv5+ | 1x T4 W4 Sv5+,Atalan small arms,Ranged,2,4,4,0,1,1,,
Atalan Jackals,Xenos - Genestealer Cults,,3a81-2b84-bf4c-4f85,85,5,4,2,5,,,1,12.0,MOUNTED,1x T4 W2 Sv5+ | 3x T4 W2 Sv5+ | 1x T4 W4 Sv5+,Heavy stubber,Ranged,3,4,4,0,1,1,Rapid Fire 3,
Attilan Rough Riders,Imperium - Astra Militarum,Xenos - Genestealer Cults,2299-bed9-3e-2b60,60,5,4,2,4,,,1,12.0,MOUNTED,,Laspistol,Ranged,1,4,3,0,1,3,,
Attilan Rough Riders,Imperium - Astra Militarum,Xenos - Genestealer Cults,2299-bed9-3e-2b60,60,5,4,2,4,,,1,12.0,MOUNTED,,Lasgun,Ranged,1,4,3,0,1,3,Rapid Fire 1,
Attilan Rough Riders,Imperium - Astra Militarum,Xenos - Genestealer Cults,2299-bed9-3e-2b60,60,5,4,2,4,,,1,12.0,MOUNTED,,➤ Hunting lance - frag tip,Melee,D6,3,4,0,1,3,Lance,
Attilan Rough Riders,Imperium - Astra Militarum,Xenos - Genestealer Cults,2299-bed9-3e-2b60,60,5,4,2,4,,,1,12.0,MOUNTED,,Steed's hooves,Melee,2,4,4,0,1,3,,
Attilan Rough Riders,Imperium - Astra Militarum,Xenos - Genestealer Cults,2299-bed9-3e-2b60,60,5,4,2,4,,,1,12.0,MOUNTED,,Laspistol,Ranged,1,4,3,0,1,1,,
Attilan Rough Riders,Imperium - Astra Militarum,Xenos - Genestealer Cults,2299-bed9-3e-2b60,60,5,4,2,4,,,1,12.0,MOUNTED,,Lasgun,Ranged,1,4,3,0,1,1,Rapid Fire 1,
Attilan Rough Riders,Imperium - Astra Militarum,Xenos - Genestealer Cults,2299-bed9-3e-2b60,60,5,4,2,4,,,1,12.0,MOUNTED,,➤ Hunting lance - frag tip,Melee,D6,3,4,0,1,1,Lance,
Attilan Rough Riders,Imperium - Astra Militarum,Xenos - Genestealer Cults,2299-bed9-3e-2b60,60,5,4,2,4,,,1,12.0,MOUNTED,,Steed's hooves,Melee,2,4,4,0,1,1,,
Attilan Rough Riders,Imperium - Astra Militarum,Xenos - Genestealer Cults,2299-bed9-3e-2b60,60,5,4,2,4,,,1,12.0,MOUNTED,,Lasgun,Ranged,1,4,3,0,1,1,Rapid Fire 1,
Attilan Rough Riders,Imperium - Astra Militarum,Xenos - Genestealer Cults,2299-bed9-3e-2b60,60,5,4,2,4,,,1,12.0,MOUNTED,,Laspistol,Ranged,1,4,3,0,1,1,,
Attilan Rough Riders,Imperium - Astra Militarum,Xenos - Genestealer Cults,2299-bed9-3e-2b60,60,5,4,2,4,,,1,12.0,MOUNTED,,Steed's hooves,Melee,2,4,4,0,1,1,,
Attilan Rough Riders,Imperium - Astra Militarum,Xenos - Genestealer Cults,2299-bed9-3e-2b60,60,5,4,2,4,,,1,12.0,MOUNTED,,Goad lance,Melee,2,3,6,-2,2,1,Lance,
Baneblade,Imperium - Astra Militarum,Xenos - Genestealer Cults,a6a1-1612-f982-31,415,1,13,24,2,,,8,12.0,"TITANIC, VEHICLE",,Baneblade cannon,Ranged,3D6,4,12,-2,3,1,Blast,
Baneblade,Imperium - Astra Militarum,Xenos - Genestealer Cults,a6a1-1612-f982-31,415,1,13,24,2,,,8,12.0,"TITANIC, VEHICLE",,Armoured tracks,Melee,6,4,8,0,1,1,,
Baneblade,Imperium - Astra Militarum,Xenos - Genestealer Cults,a6a1-1612-f982-31,415,1,13,24,2,,,8,12.0,"TITANIC, VEHICLE",,Coaxial autocannon,Ranged,2,4,9,-1,3,1,,
Baneblade,Imperium - Astra Militarum,Xenos - Genestealer Cults,a6a1-1612-f982-31,415,1,13,24,2,,,8,12.0,"TITANIC, VEHICLE",,Demolisher cannon,Ranged,D6+3,4,14,-3,D6,1,Blast,
Baneblade,Imperium - Astra Militarum,Xenos - Genestealer Cults,a6a1-1612-f982-31,415,1,13,24,2,,,8,12.0,"TITANIC, VEHICLE",,Heavy stubber,Ranged,3,4,4,0,1,1,Rapid Fire 3,
Baneblade,Imperium - Astra Militarum,Xenos - Genestealer Cults,a6a1-1612-f982-31,415,1,13,24,2,,,8,12.0,"TITANIC, VEHICLE",,Lascannon,Ranged,1,4,12,-3,D6+1,2,,
Baneblade,Imperium - Astra Militarum,Xenos - Genestealer Cults,a6a1-1612-f982-31,415,1,13,24,2,,,8,12.0,"TITANIC, VEHICLE",,Twin heavy bolter,Ranged,3,4,5,-1,2,1,"Sustained Hits 1, Twin-linked",
Banehammer,Imperium - Astra Militarum,Xenos - Genestealer Cults,d10-48db-3241-ec72,385,1,13,24,2,,,8,12.0,"TITANIC, TRANSPORT, VEHICLE",,Tremor cannon,Ranged,2D6+3,4,12,-2,3,1,Blast,
Banehammer,Imperium - Astra Militarum,Xenos - Genestealer Cults,d10-48db-3241-ec72,385,1,13,24,2,,,8,12.0,"TITANIC, TRANSPORT, VEHICLE",,Armoured tracks,Melee,6,4,8,0,1,1,,
Banehammer,Imperium - Astra Militarum,Xenos - Genestealer Cults,d10-48db-3241-ec72,385,1,13,24,2,,,8,12.0,"TITANIC, TRANSPORT, VEHICLE",,Lascannon,Ranged,1,4,12,-3,D6+1,2,,
Banehammer,Imperium - Astra Militarum,Xenos - Genestealer Cults,d10-48db-3241-ec72,385,1,13,24,2,,,8,12.0,"TITANIC, TRANSPORT, VEHICLE",,Twin heavy bolter,Ranged,3,4,5,-1,2,1,"Sustained Hits 1, Twin-linked",
Banesword,Imperium - Astra Militarum,Xenos - Genestealer Cults,30f5-d90a-9811-d763,415,1,13,24,2,,,8,12.0,"TITANIC, VEHICLE",,Quake cannon,Ranged,D6+6,4,16,-4,4,1,"Blast, Ignores Cover",
Banesword,Imperium - Astra Militarum,Xenos - Genestealer Cults,30f5-d90a-9811-d763,415,1,13,24,2,,,8,12.0,"TITANIC, VEHICLE",,Armoured tracks,Melee,6,4,8,0,1,1,,
Banesword,Imperium - Astra Militarum,Xenos - Genestealer Cults,30f5-d90a-9811-d763,415,1,13,24,2,,,8,12.0,"TITANIC, VEHICLE",,Lascannon,Ranged,1,4,12,-3,D6+1,2,,
Banesword,Imperium - Astra Militarum,Xenos - Genestealer Cults,30f5-d90a-9811-d763,415,1,13,24,2,,,8,12.0,"TITANIC, VEHICLE",,Twin heavy bolter,Ranged,3,4,5,-1,2,1,"Sustained Hits 1, Twin-linked",
Basilisk,Imperium - Astra Militarum,Xenos - Genestealer Cults,bf53-4ab3-ff75-9aa0,115,1,9,11,3,,,3,10.0,VEHICLE,,Earthshaker cannon,Ranged,D6+3,4,8,-2,2,1,Blast,
Basilisk,Imperium - Astra Militarum,Xenos - Genestealer Cults,bf53-4ab3-ff75-9aa0,115,1,9,11,3,,,3,10.0,VEHICLE,,Armoured tracks,Melee,3,4,6,0,1,1,,
Benefictus,Xenos - Genestealer Cults,,908a-9fd8-2270-8dbd,75,1,3,3,5,5,,1,6.0,"CHARACTER, INFANTRY, PSYKER",,➤ Psionic cascade - witchfire,Ranged,1,3,12,-3,D6+1,1,Ignores Cover,
Benefictus,Xenos - Genestealer Cults,,908a-9fd8-2270-8dbd,75,1,3,3,5,5,,1,6.0,"CHARACTER, INFANTRY, PSYKER",,Close combat weapon,Melee,2,3,3,0,1,1,,
Biophagus,Xenos - Genestealer Cults,,725f-8a41-dc78-52f5,50,1,3,3,5,,,1,6.0,"CHARACTER, INFANTRY",,Injector goad,Melee,1,3,2,0,D3,1,Anti-Infantry 2+,
Biophagus,Xenos - Genestealer Cults,,725f-8a41-dc78-52f5,50,1,3,3,5,,,1,6.0,"CHARACTER, INFANTRY",,Autopistol,Ranged,1,3,3,0,1,1,,
Biophagus,Xenos - Genestealer Cults,,725f-8a41-dc78-52f5,50,1,3,3,5,,,1,6.0,"CHARACTER, INFANTRY",,Chemical vials,Ranged,1,3,1,-1,2,1,Anti-Infantry 2+,
Cadian Castellan,Imperium - Astra Militarum,Xenos - Genestealer Cults,2b49-4d03-aaf5-3532,55,1,3,4,5,5,,1,6.0,"CHARACTER, INFANTRY",,Bolt pistol,Ranged,1,3,4,0,1,1,,
Cadian Castellan,Imperium - Astra Militarum,Xenos - Genestealer Cults,2b49-4d03-aaf5-3532,55,1,3,4,5,5,,1,6.0,"CHARACTER, INFANTRY",,Chainsword,Melee,5,3,3,0,1,1,,
Cadian Command Squad,Imperium - Astra Militarum,Xenos - Genestealer Cults,4d28-f2a7-67c1-eb2e,60,5,3,3,5,,,1,6.0,"CHARACTER, INFANTRY",1x T3 W3 Sv5+ char | 1x T3 W1 Sv5+ | 1x T3 W1 Sv5+ | 1x T3 W1 Sv5+ | 1x T3 W1 Sv5+,Power fist,Melee,3,4,6,-2,2,1,,
Cadian Command Squad,Imperium - Astra Militarum,Xenos - Genestealer Cults,4d28-f2a7-67c1-eb2e,60,5,3,3,5,,,1,6.0,"CHARACTER, INFANTRY",1x T3 W3 Sv5+ char | 1x T3 W1 Sv5+ | 1x T3 W1 Sv5+ | 1x T3 W1 Sv5+ | 1x T3 W1 Sv5+,Laspistol,Ranged,1,4,3,0,1,1,,
Cadian Command Squad,Imperium - Astra Militarum,Xenos - Genestealer Cults,4d28-f2a7-67c1-eb2e,60,5,3,3,5,,,1,6.0,"CHARACTER, INFANTRY",1x T3 W3 Sv5+ char | 1x T3 W1 Sv5+ | 1x T3 W1 Sv5+ | 1x T3 W1 Sv5+ | 1x T3 W1 Sv5+,Close combat weapon,Melee,2,4,3,0,1,1,,
Cadian Command Squad,Imperium - Astra Militarum,Xenos - Genestealer Cults,4d28-f2a7-67c1-eb2e,60,5,3,3,5,,,1,6.0,"CHARACTER, INFANTRY",1x T3 W3 Sv5+ char | 1x T3 W1 Sv5+ | 1x T3 W1 Sv5+ | 1x T3 W1 Sv5+ | 1x T3 W1 Sv5+,Lasgun,Ranged,1,4,3,0,1,1,Rapid Fire 1,
Cadian Command Squad,Imperium - Astra Militarum,Xenos - Genestealer Cults,4d28-f2a7-67c1-eb2e,60,5,3,3,5,,,1,6.0,"CHARACTER, INFANTRY",1x T3 W3 Sv5+ char | 1x T3 W1 Sv5+ | 1x T3 W1 Sv5+ | 1x T3 W1 Sv5+ | 1x T3 W1 Sv5+,Flamer,Ranged,D6,2,4,0,1,1,"Torrent, Ignores Cover",
Cadian Command Squad,Imperium - Astra Militarum,Xenos - Genestealer Cults,4d28-f2a7-67c1-eb2e,60,5,3,3,5,,,1,6.0,"CHARACTER, INFANTRY",1x T3 W3 Sv5+ char | 1x T3 W1 Sv5+ | 1x T3 W1 Sv5+ | 1x T3 W1 Sv5+ | 1x T3 W1 Sv5+,Close combat weapon,Melee,2,4,3,0,1,1,,
Cadian Command Squad,Imperium - Astra Militarum,Xenos - Genestealer Cults,4d28-f2a7-67c1-eb2e,60,5,3,3,5,,,1,6.0,"CHARACTER, INFANTRY",1x T3 W3 Sv5+ char | 1x T3 W1 Sv5+ | 1x T3 W1 Sv5+ | 1x T3 W1 Sv5+ | 1x T3 W1 Sv5+,Bolt pistol,Ranged,1,4,4,0,1,1,,
Cadian Command Squad,Imperium - Astra Militarum,Xenos - Genestealer Cults,4d28-f2a7-67c1-eb2e,60,5,3,3,5,,,1,6.0,"CHARACTER, INFANTRY",1x T3 W3 Sv5+ char | 1x T3 W1 Sv5+ | 1x T3 W1 Sv5+ | 1x T3 W1 Sv5+ | 1x T3 W1 Sv5+,Close combat weapon,Melee,2,4,3,0,1,1,,
Cadian Command Squad,Imperium - Astra Militarum,Xenos - Genestealer Cults,4d28-f2a7-67c1-eb2e,60,5,3,3,5,,,1,6.0,"CHARACTER, INFANTRY",1x T3 W3 Sv5+ char | 1x T3 W1 Sv5+ | 1x T3 W1 Sv5+ | 1x T3 W1 Sv5+ | 1x T3 W1 Sv5+,Lasgun,Ranged,1,4,3,0,1,1,Rapid Fire 1,
Cadian Command Squad,Imperium - Astra Militarum,Xenos - Genestealer Cults,4d28-f2a7-67c1-eb2e,60,5,3,3,5,,,1,6.0,"CHARACTER, INFANTRY",1x T3 W3 Sv5+ char | 1x T3 W1 Sv5+ | 1x T3 W1 Sv5+ | 1x T3 W1 Sv5+ | 1x T3 W1 Sv5+,Close combat weapon,Melee,2,4,3,0,1,1,,
Cadian Command Squad,Imperium - Astra Militarum,Xenos - Genestealer Cults,4d28-f2a7-67c1-eb2e,60,5,3,3,5,,,1,6.0,"CHARACTER, INFANTRY",1x T3 W3 Sv5+ char | 1x T3 W1 Sv5+ | 1x T3 W1 Sv5+ | 1x T3 W1 Sv5+ | 1x T3 W1 Sv5+,Lasgun,Ranged,1,4,3,0,1,1,Rapid Fire 1,
Cadian Heavy Weapons Squad,Imperium - Astra Militarum,Xenos - Genestealer Cults,91a9-15e-b5f0-700f,65,3,3,2,5,,,2,6.0,INFANTRY,,Laspistol,Ranged,2,4,3,0,1,3,,
Cadian Heavy Weapons Squad,Imperium - Astra Militarum,Xenos - Genestealer Cults,91a9-15e-b5f0-700f,65,3,3,2,5,,,2,6.0,INFANTRY,,Close combat weapon,Melee,2,4,3,0,1,3,,
Cadian Heavy Weapons Squad,Imperium - Astra Militarum,Xenos - Genestealer Cults,91a9-15e-b5f0-700f,65,3,3,2,5,,,2,6.0,INFANTRY,,Heavy bolter,Ranged,3,5,5,-1,2,3,"Sustained Hits 1, Heavy",
Cadian Recon Squad,Imperium - Astra Militarum,Xenos - Genestealer Cults,05de-5701-33a0-b23d,80,10,3,1,5,,,1,6.0,INFANTRY,,Lasgun,Ranged,1,4,3,0,1,1,Rapid Fire 1,
Cadian Recon Squad,Imperium - Astra Militarum,Xenos - Genestealer Cults,05de-5701-33a0-b23d,80,10,3,1,5,,,1,6.0,INFANTRY,,Close combat weapon,Melee,1,4,3,0,1,1,,
Cadian Recon Squad,Imperium - Astra Militarum,Xenos - Genestealer Cults,05de-5701-33a0-b23d,80,10,3,1,5,,,1,6.0,INFANTRY,,Lasgun,Ranged,1,4,3,0,1,3,Rapid Fire 1,
Cadian Recon Squad,Imperium - Astra Militarum,Xenos - Genestealer Cults,05de-5701-33a0-b23d,80,10,3,1,5,,,1,6.0,INFANTRY,,Close combat weapon,Melee,1,4,3,0,1,3,,
Cadian Recon Squad,Imperium - Astra Militarum,Xenos - Genestealer Cults,05de-5701-33a0-b23d,80,10,3,1,5,,,1,6.0,INFANTRY,,Lasgun,Ranged,1,4,3,0,1,6,Rapid Fire 1,
Cadian Recon Squad,Imperium - Astra Militarum,Xenos - Genestealer Cults,05de-5701-33a0-b23d,80,10,3,1,5,,,1,6.0,INFANTRY,,Close combat weapon,Melee,1,4,3,0,1,6,,
Catachan Command Squad,Imperium - Astra Militarum,Xenos - Genestealer Cults,7d22-9fb6-a7e0-c21b,60,5,3,1,5,,,1,6.0,"CHARACTER, INFANTRY",4x T3 W1 Sv5+ | 1x T3 W3 Sv5+ char,Close combat weapon,Melee,2,4,3,0,1,4,,
Catachan Command Squad,Imperium - Astra Militarum,Xenos - Genestealer Cults,7d22-9fb6-a7e0-c21b,60,5,3,1,5,,,1,6.0,"CHARACTER, INFANTRY",4x T3 W1 Sv5+ | 1x T3 W3 Sv5+ char,Laspistol,Ranged,1,4,3,0,1,4,,
Catachan Command Squad,Imperium - Astra Militarum,Xenos - Genestealer Cults,7d22-9fb6-a7e0-c21b,60,5,3,1,5,,,1,6.0,"CHARACTER, INFANTRY",4x T3 W1 Sv5+ | 1x T3 W3 Sv5+ char,Lasgun,Ranged,1,4,3,0,1,4,Rapid Fire 1,
Catachan Command Squad,Imperium - Astra Militarum,Xenos - Genestealer Cults,7d22-9fb6-a7e0-c21b,60,5,3,1,5,,,1,6.0,"CHARACTER, INFANTRY",4x T3 W1 Sv5+ | 1x T3 W3 Sv5+ char,Close combat weapon,Melee,2,4,3,0,1,1,,
Catachan Command Squad,Imperium - Astra Militarum,Xenos - Genestealer Cults,7d22-9fb6-a7e0-c21b,60,5,3,1,5,,,1,6.0,"CHARACTER, INFANTRY",4x T3 W1 Sv5+ | 1x T3 W3 Sv5+ char,Laspistol,Ranged,1,4,3,0,1,1,,
Catachan Heavy Weapons Squad,Imperium - Astra Militarum,Xenos - Genestealer Cults,dfcb-7854-1d6d-cd02,70,3,3,2,5,,,2,6.0,INFANTRY,,Close combat weapon,Melee,2,4,3,0,1,3,,
Catachan Heavy Weapons Squad,Imperium - Astra Militarum,Xenos - Genestealer Cults,dfcb-7854-1d6d-cd02,70,3,3,2,5,,,2,6.0,INFANTRY,,Heavy bolter,Ranged,3,5,5,-1,2,3,"Sustained Hits 1, Heavy",
Catachan Heavy Weapons Squad,Imperium - Astra Militarum,Xenos - Genestealer Cults,dfcb-7854-1d6d-cd02,70,3,3,2,5,,,2,6.0,INFANTRY,,Lasgun,Ranged,1,4,3,0,1,3,Rapid Fire 1,
Centaur RSV,Imperium - Astra Militarum,Xenos - Genestealer Cults,c871-4769-71ed-c4b3,65,1,7,10,3,,,2,12.0,"TRANSPORT, VEHICLE",,Pintle-mounted heavy stubber,Ranged,3,4,4,0,1,1,Rapid Fire 3,
Centaur RSV,Imperium - Astra Militarum,Xenos - Genestealer Cults,c871-4769-71ed-c4b3,65,1,7,10,3,,,2,12.0,"TRANSPORT, VEHICLE",,Armoured hull,Melee,3,4,6,0,1,1,,
Chimera,Imperium - Astra Militarum,Xenos - Genestealer Cults,cf23-58db-8ba4-9ec8,75,1,9,11,3,,,2,10.0,"TRANSPORT, VEHICLE",,Lasgun array,Ranged,6,4,3,0,1,1,Rapid Fire 6,
Chimera,Imperium - Astra Militarum,Xenos - Genestealer Cults,cf23-58db-8ba4-9ec8,75,1,9,11,3,,,2,10.0,"TRANSPORT, VEHICLE",,Armoured tracks,Melee,3,4,6,0,1,1,,
Chimera,Imperium - Astra Militarum,Xenos - Genestealer Cults,cf23-58db-8ba4-9ec8,75,1,9,11,3,,,2,10.0,"TRANSPORT, VEHICLE",,Heavy bolter,Ranged,3,4,5,-1,2,1,Sustained Hits 1,
Chimera,Imperium - Astra Militarum,Xenos - Genestealer Cults,cf23-58db-8ba4-9ec8,75,1,9,11,3,,,2,10.0,"TRANSPORT, VEHICLE",,Heavy bolter,Ranged,3,4,5,-1,2,1,Sustained Hits 1,
Clamavus,Xenos - Genestealer Cults,,5543-973a-cd2e-c941,50,1,3,3,5,,,1,6.0,"CHARACTER, INFANTRY",,Autopistol,Ranged,1,3,3,0,1,1,,
Clamavus,Xenos - Genestealer Cults,,5543-973a-cd2e-c941,50,1,3,3,5,,,1,6.0,"CHARACTER, INFANTRY",,Close combat weapon,Melee,2,3,3,0,1,1,,
Death Riders,Imperium - Astra Militarum,Xenos - Genestealer Cults,f1a-7c78-ffdc-bf5b,60,5,4,2,4,,,1,10.0,MOUNTED,,Steed's savage claws,Melee,2,4,4,-1,1,1,,
Death Riders,Imperium - Astra Militarum,Xenos - Genestealer Cults,f1a-7c78-ffdc-bf5b,60,5,4,2,4,,,1,10.0,MOUNTED,,Power sabre,Melee,3,3,4,-2,1,1,,
Death Riders,Imperium - Astra Militarum,Xenos - Genestealer Cults,f1a-7c78-ffdc-bf5b,60,5,4,2,4,,,1,10.0,MOUNTED,,Death Rider lascarbine,Ranged,2,4,3,0,1,1,,
Death Riders,Imperium - Astra Militarum,Xenos - Genestealer Cults,f1a-7c78-ffdc-bf5b,60,5,4,2,4,,,1,10.0,MOUNTED,,Frag lance,Melee,D6,3,4,0,1,1,Lance,
Death Riders,Imperium - Astra Militarum,Xenos - Genestealer Cults,f1a-7c78-ffdc-bf5b,60,5,4,2,4,,,1,10.0,MOUNTED,,Steed's savage claws,Melee,2,4,4,-1,1,4,,
Death Riders,Imperium - Astra Militarum,Xenos - Genestealer Cults,f1a-7c78-ffdc-bf5b,60,5,4,2,4,,,1,10.0,MOUNTED,,Frag lance,Melee,D6,3,4,0,1,4,Lance,
Death Riders,Imperium - Astra Militarum,Xenos - Genestealer Cults,f1a-7c78-ffdc-bf5b,60,5,4,2,4,,,1,10.0,MOUNTED,,Power sabre,Melee,3,3,4,-2,1,4,,
Death Riders,Imperium - Astra Militarum,Xenos - Genestealer Cults,f1a-7c78-ffdc-bf5b,60,5,4,2,4,,,1,10.0,MOUNTED,,Death Rider lascarbine,Ranged,2,4,3,0,1,4,,
Deathleaper,Xenos - Tyranids,Xenos - Genestealer Cults,bc36-92fe-ecc6-58b3,80,1,6,7,3,4,,1,8.0,"CHARACTER, EPIC HERO, INFANTRY",,Lictor claws and talons,Melee,6,2,7,-2,2,1,,
Deathstrike,Imperium - Astra Militarum,Xenos - Genestealer Cults,e19f-b9b8-75d5-8520,125,1,10,11,3,,,3,10.0,VEHICLE,,Deathstrike Missile,Ranged,2D6,2,16,-4,1,1,Blast,
Deathstrike,Imperium - Astra Militarum,Xenos - Genestealer Cults,e19f-b9b8-75d5-8520,125,1,10,11,3,,,3,10.0,VEHICLE,,Armoured tracks,Melee,3,4,6,0,1,1,,
Doomhammer,Imperium - Astra Militarum,Xenos - Genestealer Cults,8342-57dd-69d3-e698,380,1,13,24,2,,,8,12.0,"TITANIC, TRANSPORT, VEHICLE",,Magma cannon,Ranged,D6+3,4,12,-4,D6,1,"Blast, Melta 6",
Doomhammer,Imperium - Astra Militarum,Xenos - Genestealer Cults,8342-57dd-69d3-e698,380,1,13,24,2,,,8,12.0,"TITANIC, TRANSPORT, VEHICLE",,Armoured tracks,Melee,6,4,8,0,1,1,,
Doomhammer,Imperium - Astra Militarum,Xenos - Genestealer Cults,8342-57dd-69d3-e698,380,1,13,24,2,,,8,12.0,"TITANIC, TRANSPORT, VEHICLE",,Lascannon,Ranged,1,4,12,-3,D6+1,2,,
Doomhammer,Imperium - Astra Militarum,Xenos - Genestealer Cults,8342-57dd-69d3-e698,380,1,13,24,2,,,8,12.0,"TITANIC, TRANSPORT, VEHICLE",,Twin heavy bolter,Ranged,3,4,5,-1,2,1,"Sustained Hits 1, Twin-linked",
Field Ordnance Battery,Imperium - Astra Militarum,Xenos - Genestealer Cults,64a9-4cb2-400e-efd1,90,2,5,6,4,,,2,3.0,INFANTRY,,Malleus rocket launcher,Ranged,D6+6,5,6,-1,1,2,"Blast, Heavy",
Field Ordnance Battery,Imperium - Astra Militarum,Xenos - Genestealer Cults,64a9-4cb2-400e-efd1,90,2,5,6,4,,,2,3.0,INFANTRY,,Lasgun,Ranged,1,4,3,0,1,2,Rapid Fire 1,
Field Ordnance Battery,Imperium - Astra Militarum,Xenos - Genestealer Cults,64a9-4cb2-400e-efd1,90,2,5,6,4,,,2,3.0,INFANTRY,,Laspistol,Ranged,1,4,3,0,1,2,,
Field Ordnance Battery,Imperium - Astra Militarum,Xenos - Genestealer Cults,64a9-4cb2-400e-efd1,90,2,5,6,4,,,2,3.0,INFANTRY,,Battery close combat weapons,Melee,3,4,3,0,1,2,,
Gargoyles,Xenos - Tyranids,Xenos - Genestealer Cults,9ce8-7a63-15c3-0347,80,10,3,1,6,,,2,12.0,"BATTLELINE, FLY, INFANTRY",,Blinding venom,Melee,1,4,3,0,1,10,,
Gargoyles,Xenos - Tyranids,Xenos - Genestealer Cults,9ce8-7a63-15c3-0347,80,10,3,1,6,,,2,12.0,"BATTLELINE, FLY, INFANTRY",,Fleshborer,Ranged,1,4,5,0,1,10,,
Goliath Rockgrinder,Xenos - Genestealer Cults,,5ac1-3adb-212a-5e02,120,1,10,10,3,,,3,12.0,"TRANSPORT, VEHICLE",,Drilldozer blade,Melee,8,3,10,-2,2,1,,
Goliath Rockgrinder,Xenos - Genestealer Cults,,5ac1-3adb-212a-5e02,120,1,10,10,3,,,3,12.0,"TRANSPORT, VEHICLE",,Heavy stubber,Ranged,3,4,4,0,1,1,Rapid Fire 3,
Goliath Rockgrinder,Xenos - Genestealer Cults,,5ac1-3adb-212a-5e02,120,1,10,10,3,,,3,12.0,"TRANSPORT, VEHICLE",,Demolition charge cache,Ranged,D6,5,9,-2,2,1,Blast,
Goliath Rockgrinder,Xenos - Genestealer Cults,,5ac1-3adb-212a-5e02,120,1,10,10,3,,,3,12.0,"TRANSPORT, VEHICLE",,Clearance incinerator,Ranged,2D6,2,6,-1,1,1,"Torrent, Ignores Cover",
Goliath Truck,Xenos - Genestealer Cults,,1d1-f0d2-b810-12fe,75,1,9,10,3,,,2,12.0,"TRANSPORT, VEHICLE",,Twin autocannon,Ranged,2,4,9,-1,3,1,Twin-linked,
Goliath Truck,Xenos - Genestealer Cults,,1d1-f0d2-b810-12fe,75,1,9,10,3,,,2,12.0,"TRANSPORT, VEHICLE",,Goliath wheels,Melee,3,4,6,0,1,1,,
Goliath Truck,Xenos - Genestealer Cults,,1d1-f0d2-b810-12fe,75,1,9,10,3,,,2,12.0,"TRANSPORT, VEHICLE",,Demolition charge cache,Ranged,D6,5,9,-2,2,1,Blast,
Goliath Truck,Xenos - Genestealer Cults,,1d1-f0d2-b810-12fe,75,1,9,10,3,,,2,12.0,"TRANSPORT, VEHICLE",,Heavy stubber,Ranged,3,4,4,0,1,1,Rapid Fire 3,
Hellhammer,Imperium - Astra Militarum,Xenos - Genestealer Cults,8277-6399-5d74-760d,385,1,13,24,2,,,8,12.0,"TITANIC, VEHICLE",,Hellhammer cannon,Ranged,4D6,4,7,-1,2,1,"Blast, Ignores Cover",
Hellhammer,Imperium - Astra Militarum,Xenos - Genestealer Cults,8277-6399-5d74-760d,385,1,13,24,2,,,8,12.0,"TITANIC, VEHICLE",,Armoured tracks,Melee,6,4,8,0,1,1,,
Hellhammer,Imperium - Astra Militarum,Xenos - Genestealer Cults,8277-6399-5d74-760d,385,1,13,24,2,,,8,12.0,"TITANIC, VEHICLE",,Coaxial autocannon,Ranged,2,4,9,-1,3,1,,
Hellhammer,Imperium - Astra Militarum,Xenos - Genestealer Cults,8277-6399-5d74-760d,385,1,13,24,2,,,8,12.0,"TITANIC, VEHICLE",,Demolisher cannon,Ranged,D6+3,4,14,-3,D6,1,Blast,
Hellhammer,Imperium - Astra Militarum,Xenos - Genestealer Cults,8277-6399-5d74-760d,385,1,13,24,2,,,8,12.0,"TITANIC, VEHICLE",,Heavy stubber,Ranged,3,4,4,0,1,1,Rapid Fire 3,
Hellhammer,Imperium - Astra Militarum,Xenos - Genestealer Cults,8277-6399-5d74-760d,385,1,13,24,2,,,8,12.0,"TITANIC, VEHICLE",,Lascannon,Ranged,1,4,12,-3,D6+1,2,,
Hellhammer,Imperium - Astra Militarum,Xenos - Genestealer Cults,8277-6399-5d74-760d,385,1,13,24,2,,,8,12.0,"TITANIC, VEHICLE",,Twin heavy bolter,Ranged,3,4,5,-1,2,1,"Sustained Hits 1, Twin-linked",
Hellhound,Imperium - Astra Militarum,Xenos - Genestealer Cults,c28b-c3af-38b2-8865,125,1,10,11,2,,,3,10.0,VEHICLE,,Armoured tracks,Melee,3,4,6,0,1,1,,
Hellhound,Imperium - Astra Militarum,Xenos - Genestealer Cults,c28b-c3af-38b2-8865,125,1,10,11,2,,,3,10.0,VEHICLE,,Heavy flamer,Ranged,D6,2,5,-1,1,1,"Torrent, Ignores Cover",
Hellhound,Imperium - Astra Militarum,Xenos - Genestealer Cults,c28b-c3af-38b2-8865,125,1,10,11,2,,,3,10.0,VEHICLE,,Inferno cannon,Ranged,2D6,2,6,-2,1,1,"Torrent, Ignores Cover",
Hybrid Metamorphs,Xenos - Genestealer Cults,,8a84-a8fd-977e-9118,75,5,4,1,5,,,1,6.0,INFANTRY,,➤ Metamorph mutations - strike,Melee,3,3,5,-1,2,4,,
Hybrid Metamorphs,Xenos - Genestealer Cults,,8a84-a8fd-977e-9118,75,5,4,1,5,,,1,6.0,INFANTRY,,Autopistol,Ranged,1,4,3,0,1,4,,
Hybrid Metamorphs,Xenos - Genestealer Cults,,8a84-a8fd-977e-9118,75,5,4,1,5,,,1,6.0,INFANTRY,,Leader's Bio-weapons,Melee,5,3,5,-1,2,1,,
Hybrid Metamorphs,Xenos - Genestealer Cults,,8a84-a8fd-977e-9118,75,5,4,1,5,,,1,6.0,INFANTRY,,Autopistol,Ranged,1,4,3,0,1,1,,
Hydra,Imperium - Astra Militarum,Xenos - Genestealer Cults,4967-19b6-1e2a-a300,90,1,9,11,3,,,3,10.0,VEHICLE,,Hydra autocannon,Ranged,4,4,9,-1,3,1,"Twin-linked, Anti-Fly 2+",
Hydra,Imperium - Astra Militarum,Xenos - Genestealer Cults,4967-19b6-1e2a-a300,90,1,9,11,3,,,3,10.0,VEHICLE,,Armoured tracks,Melee,3,4,6,0,1,1,,
Hyperadapted Raveners,Xenos - Tyranids,Xenos - Genestealer Cults,c10d-772e-a54f-a2b9,165,5,5,3,4,,,1,10.0,"CHARACTER, INFANTRY",1x T5 W6 Sv4+ char | 3x T5 W3 Sv4+ | 1x T5 W3 Sv4+,Prime claws and talons,Melee,6,3,5,-2,2,1,"Twin-linked, Anti-Monster 5+, Anti-Vehicle 5+",
Hyperadapted Raveners,Xenos - Tyranids,Xenos - Genestealer Cults,c10d-772e-a54f-a2b9,165,5,5,3,4,,,1,10.0,"CHARACTER, INFANTRY",1x T5 W6 Sv4+ char | 3x T5 W3 Sv4+ | 1x T5 W3 Sv4+,Ravener heavy claws and talons,Melee,3,3,5,-2,2,3,"Twin-linked, Anti-Monster 5+, Anti-Vehicle 5+",
Hyperadapted Raveners,Xenos - Tyranids,Xenos - Genestealer Cults,c10d-772e-a54f-a2b9,165,5,5,3,4,,,1,10.0,"CHARACTER, INFANTRY",1x T5 W6 Sv4+ char | 3x T5 W3 Sv4+ | 1x T5 W3 Sv4+,Venom bolt,Ranged,D6+3,2,6,-1,1,1,"Torrent, Ignores Cover",
Hyperadapted Raveners,Xenos - Tyranids,Xenos - Genestealer Cults,c10d-772e-a54f-a2b9,165,5,5,3,4,,,1,10.0,"CHARACTER, INFANTRY",1x T5 W6 Sv4+ char | 3x T5 W3 Sv4+ | 1x T5 W3 Sv4+,Ravener heavy claws and talons,Melee,3,3,5,-2,2,1,"Twin-linked, Anti-Monster 5+, Anti-Vehicle 5+",
Jackal Alphus,Xenos - Genestealer Cults,,6426-ca59-402a-d399,55,1,4,4,5,,,1,12.0,"CHARACTER, MOUNTED",,Cult sniper rifle,Ranged,1,3,5,-2,3,1,Heavy,
Jackal Alphus,Xenos - Genestealer Cults,,6426-ca59-402a-d399,55,1,4,4,5,,,1,12.0,"CHARACTER, MOUNTED",,Autopistol,Ranged,1,3,3,0,1,1,,
Jackal Alphus,Xenos - Genestealer Cults,,6426-ca59-402a-d399,55,1,4,4,5,,,1,12.0,"CHARACTER, MOUNTED",,Close combat weapon,Melee,3,3,3,0,1,1,,
Kasrkin,Imperium - Astra Militarum,Xenos - Genestealer Cults,abe4-ca71-d5a7-3883,105,10,3,1,4,,,1,6.0,INFANTRY,,Hot-shot lasgun,Ranged,1,3,3,-1,1,2,Rapid Fire 1,
Kasrkin,Imperium - Astra Militarum,Xenos - Genestealer Cults,abe4-ca71-d5a7-3883,105,10,3,1,4,,,1,6.0,INFANTRY,,Close combat weapon,Melee,2,4,3,0,1,2,,
Kasrkin,Imperium - Astra Militarum,Xenos - Genestealer Cults,abe4-ca71-d5a7-3883,105,10,3,1,4,,,1,6.0,INFANTRY,,Hot-shot lasgun,Ranged,1,3,3,-1,1,7,Rapid Fire 1,
Kasrkin,Imperium - Astra Militarum,Xenos - Genestealer Cults,abe4-ca71-d5a7-3883,105,10,3,1,4,,,1,6.0,INFANTRY,,Close combat weapon,Melee,2,4,3,0,1,7,,
Kasrkin,Imperium - Astra Militarum,Xenos - Genestealer Cults,abe4-ca71-d5a7-3883,105,10,3,1,4,,,1,6.0,INFANTRY,,Hot-shot laspistol,Ranged,1,3,3,-1,1,1,,
Kasrkin,Imperium - Astra Militarum,Xenos - Genestealer Cults,abe4-ca71-d5a7-3883,105,10,3,1,4,,,1,6.0,INFANTRY,,Chainsword,Melee,4,4,3,0,1,1,,
Kelermorph,Xenos - Genestealer Cults,,5e0e-11d9-181d-3481,60,1,3,3,5,5,,1,6.0,"CHARACTER, INFANTRY",,Liberator autostubs,Ranged,6,2,6,-2,1,1,Devastating Wounds,
Kelermorph,Xenos - Genestealer Cults,,5e0e-11d9-181d-3481,60,1,3,3,5,5,,1,6.0,"CHARACTER, INFANTRY",,Close combat weapon,Melee,3,3,3,0,1,1,,
Krieg Combat Engineers,Imperium - Astra Militarum,Xenos - Genestealer Cults,3e90-9359-2aaa-205e,65,5,3,1,4,,,1,6.0,INFANTRY,,Autopistol,Ranged,1,4,3,0,1,4,,
Krieg Combat Engineers,Imperium - Astra Militarum,Xenos - Genestealer Cults,3e90-9359-2aaa-205e,65,5,3,1,4,,,1,6.0,INFANTRY,,Trench club,Melee,2,4,4,0,1,4,,
Krieg Combat Engineers,Imperium - Astra Militarum,Xenos - Genestealer Cults,3e90-9359-2aaa-205e,65,5,3,1,4,,,1,6.0,INFANTRY,,Hand flamer,Ranged,D6,2,3,0,1,1,"Torrent, Ignores Cover",
Krieg Combat Engineers,Imperium - Astra Militarum,Xenos - Genestealer Cults,3e90-9359-2aaa-205e,65,5,3,1,4,,,1,6.0,INFANTRY,,Chainsword,Melee,4,4,3,0,1,1,,
Krieg Command Squad,Imperium - Astra Militarum,Xenos - Genestealer Cults,fbcd-274b-0196-b4f6,60,6,3,3,5,,,1,6.0,"CHARACTER, INFANTRY",1x T3 W3 Sv5+ char | 1x T3 W1 Sv5+ | 1x T3 W1 Sv5+ | 1x T3 W1 Sv5+ | 1x T3 W1 Sv5+ | 1x T3 W1 Sv5+,Laspistol,Ranged,1,4,3,0,1,1,,
Krieg Command Squad,Imperium - Astra Militarum,Xenos - Genestealer Cults,fbcd-274b-0196-b4f6,60,6,3,3,5,,,1,6.0,"CHARACTER, INFANTRY",1x T3 W3 Sv5+ char | 1x T3 W1 Sv5+ | 1x T3 W1 Sv5+ | 1x T3 W1 Sv5+ | 1x T3 W1 Sv5+ | 1x T3 W1 Sv5+,Power fist,Melee,3,4,6,-2,2,1,,
Krieg Command Squad,Imperium - Astra Militarum,Xenos - Genestealer Cults,fbcd-274b-0196-b4f6,60,6,3,3,5,,,1,6.0,"CHARACTER, INFANTRY",1x T3 W3 Sv5+ char | 1x T3 W1 Sv5+ | 1x T3 W1 Sv5+ | 1x T3 W1 Sv5+ | 1x T3 W1 Sv5+ | 1x T3 W1 Sv5+,Close combat weapon,Melee,2,4,3,0,1,1,,
Krieg Command Squad,Imperium - Astra Militarum,Xenos - Genestealer Cults,fbcd-274b-0196-b4f6,60,6,3,3,5,,,1,6.0,"CHARACTER, INFANTRY",1x T3 W3 Sv5+ char | 1x T3 W1 Sv5+ | 1x T3 W1 Sv5+ | 1x T3 W1 Sv5+ | 1x T3 W1 Sv5+ | 1x T3 W1 Sv5+,Laspistol,Ranged,1,4,3,0,1,1,,
Krieg Command Squad,Imperium - Astra Militarum,Xenos - Genestealer Cults,fbcd-274b-0196-b4f6,60,6,3,3,5,,,1,6.0,"CHARACTER, INFANTRY",1x T3 W3 Sv5+ char | 1x T3 W1 Sv5+ | 1x T3 W1 Sv5+ | 1x T3 W1 Sv5+ | 1x T3 W1 Sv5+ | 1x T3 W1 Sv5+,Close combat weapon,Melee,2,4,3,0,1,1,,
Krieg Command Squad,Imperium - Astra Militarum,Xenos - Genestealer Cults,fbcd-274b-0196-b4f6,60,6,3,3,5,,,1,6.0,"CHARACTER, INFANTRY",1x T3 W3 Sv5+ char | 1x T3 W1 Sv5+ | 1x T3 W1 Sv5+ | 1x T3 W1 Sv5+ | 1x T3 W1 Sv5+ | 1x T3 W1 Sv5+,Boltgun,Ranged,1,4,4,0,1,1,Rapid Fire 1,
Krieg Command Squad,Imperium - Astra Militarum,Xenos - Genestealer Cults,fbcd-274b-0196-b4f6,60,6,3,3,5,,,1,6.0,"CHARACTER, INFANTRY",1x T3 W3 Sv5+ char | 1x T3 W1 Sv5+ | 1x T3 W1 Sv5+ | 1x T3 W1 Sv5+ | 1x T3 W1 Sv5+ | 1x T3 W1 Sv5+,Trench club,Melee,3,4,4,0,1,1,,
Krieg Command Squad,Imperium - Astra Militarum,Xenos - Genestealer Cults,fbcd-274b-0196-b4f6,60,6,3,3,5,,,1,6.0,"CHARACTER, INFANTRY",1x T3 W3 Sv5+ char | 1x T3 W1 Sv5+ | 1x T3 W1 Sv5+ | 1x T3 W1 Sv5+ | 1x T3 W1 Sv5+ | 1x T3 W1 Sv5+,Bolt pistol,Ranged,1,4,4,0,1,1,,
Krieg Command Squad,Imperium - Astra Militarum,Xenos - Genestealer Cults,fbcd-274b-0196-b4f6,60,6,3,3,5,,,1,6.0,"CHARACTER, INFANTRY",1x T3 W3 Sv5+ char | 1x T3 W1 Sv5+ | 1x T3 W1 Sv5+ | 1x T3 W1 Sv5+ | 1x T3 W1 Sv5+ | 1x T3 W1 Sv5+,Close combat weapon,Melee,2,4,3,0,1,1,,
Krieg Command Squad,Imperium - Astra Militarum,Xenos - Genestealer Cults,fbcd-274b-0196-b4f6,60,6,3,3,5,,,1,6.0,"CHARACTER, INFANTRY",1x T3 W3 Sv5+ char | 1x T3 W1 Sv5+ | 1x T3 W1 Sv5+ | 1x T3 W1 Sv5+ | 1x T3 W1 Sv5+ | 1x T3 W1 Sv5+,Lasgun,Ranged,1,4,3,0,1,1,Rapid Fire 1,
Krieg Command Squad,Imperium - Astra Militarum,Xenos - Genestealer Cults,fbcd-274b-0196-b4f6,60,6,3,3,5,,,1,6.0,"CHARACTER, INFANTRY",1x T3 W3 Sv5+ char | 1x T3 W1 Sv5+ | 1x T3 W1 Sv5+ | 1x T3 W1 Sv5+ | 1x T3 W1 Sv5+ | 1x T3 W1 Sv5+,Close combat weapon,Melee,2,4,3,0,1,1,,
Krieg Command Squad,Imperium - Astra Militarum,Xenos - Genestealer Cults,fbcd-274b-0196-b4f6,60,6,3,3,5,,,1,6.0,"CHARACTER, INFANTRY",1x T3 W3 Sv5+ char | 1x T3 W1 Sv5+ | 1x T3 W1 Sv5+ | 1x T3 W1 Sv5+ | 1x T3 W1 Sv5+ | 1x T3 W1 Sv5+,Lasgun,Ranged,1,4,3,0,1,1,Rapid Fire 1,
Krieg Heavy Weapons Squad,Imperium - Astra Militarum,Xenos - Genestealer Cults,1669-d311-eff9-243b,70,4,3,2,4,,,1,4.0,INFANTRY,3x T3 W2 Sv4+ | 1x T3 W1 Sv5+,Close combat weapon,Melee,1,4,3,0,1,3,,
Krieg Heavy Weapons Squad,Imperium - Astra Militarum,Xenos - Genestealer Cults,1669-d311-eff9-243b,70,4,3,2,4,,,1,4.0,INFANTRY,3x T3 W2 Sv4+ | 1x T3 W1 Sv5+,Lascannon,Ranged,1,5,12,-3,D6+1,3,Heavy,
Krieg Heavy Weapons Squad,Imperium - Astra Militarum,Xenos - Genestealer Cults,1669-d311-eff9-243b,70,4,3,2,4,,,1,4.0,INFANTRY,3x T3 W2 Sv4+ | 1x T3 W1 Sv5+,Laspistol,Ranged,1,4,3,0,1,3,,
Krieg Heavy Weapons Squad,Imperium - Astra Militarum,Xenos - Genestealer Cults,1669-d311-eff9-243b,70,4,3,2,4,,,1,4.0,INFANTRY,3x T3 W2 Sv4+ | 1x T3 W1 Sv5+,Close combat weapon,Melee,1,4,3,0,1,1,,
Krieg Heavy Weapons Squad,Imperium - Astra Militarum,Xenos - Genestealer Cults,1669-d311-eff9-243b,70,4,3,2,4,,,1,4.0,INFANTRY,3x T3 W2 Sv4+ | 1x T3 W1 Sv5+,Laspistol,Ranged,1,4,3,0,1,1,,
Leman Russ Battle Tank,Imperium - Astra Militarum,Xenos - Genestealer Cults,c581-3ab5-49a0-9ec0,160,1,11,13,2,,,3,10.0,VEHICLE,,Leman Russ battle cannon,Ranged,D6+3,4,10,-1,3,1,Blast,
Leman Russ Battle Tank,Imperium - Astra Militarum,Xenos - Genestealer Cults,c581-3ab5-49a0-9ec0,160,1,11,13,2,,,3,10.0,VEHICLE,,Armoured tracks,Melee,6,4,7,0,1,1,,
Leman Russ Commander,Imperium - Astra Militarum,Xenos - Genestealer Cults,5430-18e-d7b0-1d54,195,1,11,13,2,,,3,10.0,"CHARACTER, VEHICLE",,Armoured tracks,Melee,6,4,7,0,1,1,,
Leman Russ Commander,Imperium - Astra Militarum,Xenos - Genestealer Cults,5430-18e-d7b0-1d54,195,1,11,13,2,,,3,10.0,"CHARACTER, VEHICLE",,Leman Russ battle cannon,Ranged,D6+3,4,10,-1,3,1,Blast,
Leman Russ Commander,Imperium - Astra Militarum,Xenos - Genestealer Cults,5430-18e-d7b0-1d54,195,1,11,13,2,,,3,10.0,"CHARACTER, VEHICLE",,Heavy bolter,Ranged,3,4,5,-1,2,1,Sustained Hits 1,
Leman Russ Demolisher,Imperium - Astra Militarum,Xenos - Genestealer Cults,cbcc-e0ad-4b9-2c76,160,1,11,13,2,,,3,10.0,VEHICLE,,Demolisher battle cannon,Ranged,D6+1,4,14,-3,D6,1,Blast,
Leman Russ Demolisher,Imperium - Astra Militarum,Xenos - Genestealer Cults,cbcc-e0ad-4b9-2c76,160,1,11,13,2,,,3,10.0,VEHICLE,,Armoured tracks,Melee,6,4,7,0,1,1,,
Leman Russ Eradicator,Imperium - Astra Militarum,Xenos - Genestealer Cults,286e-8e39-b807-5981,145,1,11,13,2,,,3,10.0,VEHICLE,,Eradicator nova cannon,Ranged,D3+6,4,7,-1,2,1,"Blast, Ignores Cover",
Leman Russ Eradicator,Imperium - Astra Militarum,Xenos - Genestealer Cults,286e-8e39-b807-5981,145,1,11,13,2,,,3,10.0,VEHICLE,,Armoured tracks,Melee,6,4,7,0,1,1,,
Leman Russ Executioner,Imperium - Astra Militarum,Xenos - Genestealer Cults,c8fc-b9fa-d126-a296,145,1,11,13,2,,,3,10.0,VEHICLE,,Armoured tracks,Melee,6,4,7,0,1,1,,
Leman Russ Executioner,Imperium - Astra Militarum,Xenos - Genestealer Cults,c8fc-b9fa-d126-a296,145,1,11,13,2,,,3,10.0,VEHICLE,,➤ Executioner plasma cannon - standard,Ranged,D6+3,4,7,-2,2,1,Blast,
Leman Russ Exterminator,Imperium - Astra Militarum,Xenos - Genestealer Cults,d8c8-ea02-21bf-de0b,160,1,11,13,2,,,3,10.0,VEHICLE,,Exterminator autocannon,Ranged,4,4,9,-1,3,1,"Twin-linked, Rapid Fire 4",
Leman Russ Exterminator,Imperium - Astra Militarum,Xenos - Genestealer Cults,d8c8-ea02-21bf-de0b,160,1,11,13,2,,,3,10.0,VEHICLE,,Armoured tracks,Melee,6,4,7,0,1,1,,
Leman Russ Punisher,Imperium - Astra Militarum,Xenos - Genestealer Cults,e529-5853-d7e2-17ad,130,1,11,13,2,,,3,10.0,VEHICLE,,Punisher gatling cannon,Ranged,20,4,6,0,1,1,,
Leman Russ Punisher,Imperium - Astra Militarum,Xenos - Genestealer Cults,e529-5853-d7e2-17ad,130,1,11,13,2,,,3,10.0,VEHICLE,,Armoured tracks,Melee,6,4,7,0,1,1,,
Leman Russ Vanquisher,Imperium - Astra Militarum,Xenos - Genestealer Cults,ddf2-228b-edd9-7e83,130,1,11,13,2,,,3,10.0,VEHICLE,,Armoured tracks,Melee,6,4,7,0,1,1,,
Leman Russ Vanquisher,Imperium - Astra Militarum,Xenos - Genestealer Cults,ddf2-228b-edd9-7e83,130,1,11,13,2,,,3,10.0,VEHICLE,,Vanquisher battle cannon,Ranged,1,4,18,-4,D6+6,1,Heavy,
Lictor,Xenos - Tyranids,Xenos - Genestealer Cults,da44-72c9-7a27-48aa,60,1,6,6,4,,,1,8.0,INFANTRY,,Lictor claws and talons,Melee,6,2,7,-2,2,1,,
Locus,Xenos - Genestealer Cults,,51e8-dac1-561a-aaa9,35,1,4,3,5,4,,1,6.0,"CHARACTER, INFANTRY",,Locus blades,Melee,5,2,5,-2,2,1,,
Magus,Xenos - Genestealer Cults,,4f4-2157-2cb5-8bb,50,1,3,4,5,5,,1,6.0,"CHARACTER, INFANTRY, PSYKER",,Force stave,Melee,3,3,5,-1,D3,1,,
Magus,Xenos - Genestealer Cults,,4f4-2157-2cb5-8bb,50,1,3,4,5,5,,1,6.0,"CHARACTER, INFANTRY, PSYKER",,Autopistol,Ranged,1,3,3,0,1,1,,
Manticore,Imperium - Astra Militarum,Xenos - Genestealer Cults,41be-48c9-5476-f47a,150,1,10,11,3,,,3,10.0,VEHICLE,,Storm eagle rockets,Ranged,D6,4,7,-2,3,1,"Blast, Anti-Infantry 2+",
Manticore,Imperium - Astra Militarum,Xenos - Genestealer Cults,41be-48c9-5476-f47a,150,1,10,11,3,,,3,10.0,VEHICLE,,Armoured tracks,Melee,3,4,6,0,1,1,,
Mawloc,Xenos - Tyranids,Xenos - Genestealer Cults,2bbb-d811-15f7-1a81,135,1,10,14,3,,,4,10.0,MONSTER,,Distendible jaw,Melee,1,3,5,0,3,1,"Devastating Wounds, Anti-Infantry 4+",
Mawloc,Xenos - Tyranids,Xenos - Genestealer Cults,2bbb-d811-15f7-1a81,135,1,10,14,3,,,4,10.0,MONSTER,,Mawloc scything talons,Melee,16,3,8,-2,1,1,,
Neophyte Hybrids,Xenos - Genestealer Cults,,b5d2-8681-6bba-f05b,70,10,3,1,5,,,2,6.0,"BATTLELINE, INFANTRY",,Hybrid firearm,Ranged,1,4,3,0,1,4,Rapid Fire 1,
Neophyte Hybrids,Xenos - Genestealer Cults,,b5d2-8681-6bba-f05b,70,10,3,1,5,,,2,6.0,"BATTLELINE, INFANTRY",,Autopistol,Ranged,1,4,3,0,1,4,,
Neophyte Hybrids,Xenos - Genestealer Cults,,b5d2-8681-6bba-f05b,70,10,3,1,5,,,2,6.0,"BATTLELINE, INFANTRY",,Close combat weapon,Melee,1,4,3,0,1,4,,
Neophyte Hybrids,Xenos - Genestealer Cults,,b5d2-8681-6bba-f05b,70,10,3,1,5,,,2,6.0,"BATTLELINE, INFANTRY",,Hybrid firearm,Ranged,1,4,3,0,1,5,Rapid Fire 1,
Neophyte Hybrids,Xenos - Genestealer Cults,,b5d2-8681-6bba-f05b,70,10,3,1,5,,,2,6.0,"BATTLELINE, INFANTRY",,Autopistol,Ranged,1,4,3,0,1,5,,
Neophyte Hybrids,Xenos - Genestealer Cults,,b5d2-8681-6bba-f05b,70,10,3,1,5,,,2,6.0,"BATTLELINE, INFANTRY",,Close combat weapon,Melee,1,4,3,0,1,5,,
Neophyte Hybrids,Xenos - Genestealer Cults,,b5d2-8681-6bba-f05b,70,10,3,1,5,,,2,6.0,"BATTLELINE, INFANTRY",,Hybrid firearm,Ranged,1,4,3,0,1,1,Rapid Fire 1,
Neophyte Hybrids,Xenos - Genestealer Cults,,b5d2-8681-6bba-f05b,70,10,3,1,5,,,2,6.0,"BATTLELINE, INFANTRY",,Close combat weapon,Melee,1,4,3,0,1,1,,
Neophyte Hybrids,Xenos - Genestealer Cults,,b5d2-8681-6bba-f05b,70,10,3,1,5,,,2,6.0,"BATTLELINE, INFANTRY",,Autopistol,Ranged,1,4,3,0,1,1,,
Neurolictor,Xenos - Tyranids,Xenos - Genestealer Cults,642f-9302-4fdc-ab68,80,1,5,7,4,4,,1,8.0,INFANTRY,,Piercing claws and talons,Melee,6,2,6,-2,1,1,,
Nexos,Xenos - Genestealer Cults,,55c7-90e0-419-44f9,60,1,3,3,5,,,1,6.0,"CHARACTER, INFANTRY",,Autopistol,Ranged,1,3,3,0,1,1,,
Nexos,Xenos - Genestealer Cults,,55c7-90e0-419-44f9,60,1,3,3,5,,,1,6.0,"CHARACTER, INFANTRY",,Close combat weapon,Melee,2,3,3,0,1,1,,
Parasite of Mortrex,Xenos - Tyranids,Xenos - Genestealer Cults,d213-efd8-a2b4-42d2,70,1,5,5,4,,,1,12.0,"CHARACTER, FLY, INFANTRY",,Barbed ovipositor,Melee,1,2,3,-2,3,1,Anti-Infantry 3+,
Parasite of Mortrex,Xenos - Tyranids,Xenos - Genestealer Cults,d213-efd8-a2b4-42d2,70,1,5,5,4,,,1,12.0,"CHARACTER, FLY, INFANTRY",,Clawed limbs,Melee,6,2,5,-1,1,1,,
Patriarch,Xenos - Genestealer Cults,,2a91-a18e-bd08-fa66,80,1,5,6,4,4,,1,8.0,"CHARACTER, INFANTRY, PSYKER",,Patriarch's claws,Melee,5,2,6,-2,2,1,"Devastating Wounds, Twin-linked",
Primaris Psyker,Imperium - Astra Militarum,Xenos - Genestealer Cults,4ad0-e988-a513-9530,60,1,3,3,5,,,1,6.0,"CHARACTER, INFANTRY, PSYKER",,➤ Psychic maelstrom - witchfire,Ranged,D6,3,5,-2,1,1,"Devastating Wounds, Blast",
Primaris Psyker,Imperium - Astra Militarum,Xenos - Genestealer Cults,4ad0-e988-a513-9530,60,1,3,3,5,,,1,6.0,"CHARACTER, INFANTRY, PSYKER",,Force weapon,Melee,3,4,6,-1,D3,1,,
Primaris Psyker,Imperium - Astra Militarum,Xenos - Genestealer Cults,4ad0-e988-a513-9530,60,1,3,3,5,,,1,6.0,"CHARACTER, INFANTRY, PSYKER",,Laspistol,Ranged,1,3,3,0,1,1,,
Primus,Xenos - Genestealer Cults,,30e9-42fa-3a6e-e8ef,70,1,3,4,5,5,,1,6.0,"CHARACTER, INFANTRY",,Toxin injector claw,Melee,2,2,2,0,D3,1,Anti-Infantry 2+,
Primus,Xenos - Genestealer Cults,,30e9-42fa-3a6e-e8ef,70,1,3,4,5,5,,1,6.0,"CHARACTER, INFANTRY",,Scoped needle pistol,Ranged,1,2,1,0,D3,1,"Ignores Cover, Anti-Infantry 2+",
Primus,Xenos - Genestealer Cults,,30e9-42fa-3a6e-e8ef,70,1,3,4,5,5,,1,6.0,"CHARACTER, INFANTRY",,Cult bonesword,Melee,5,2,5,-2,1,1,,
Purestrain Genestealers,Xenos - Genestealer Cults,,965b-496a-3a1b-22a8,75,5,4,2,5,5,,1,8.0,INFANTRY,,Cult claws and talons,Melee,4,2,4,-2,1,5,,
Raveners,Xenos - Tyranids,Xenos - Genestealer Cults,3f5-f7d6-1ce8-e6b9,125,5,5,3,4,,,1,10.0,INFANTRY,,Ravener claws and talons,Melee,3,3,5,-2,2,5,Twin-linked,
Reductus Saboteur,Xenos - Genestealer Cults,,4565-bd65-9e8b-284d,70,1,3,3,5,5,,1,6.0,"CHARACTER, INFANTRY",,Demolition charges,Ranged,D6,3,9,-2,2,1,Blast,
Reductus Saboteur,Xenos - Genestealer Cults,,4565-bd65-9e8b-284d,70,1,3,3,5,5,,1,6.0,"CHARACTER, INFANTRY",,Autopistol,Ranged,1,3,3,0,1,1,,
Reductus Saboteur,Xenos - Genestealer Cults,,4565-bd65-9e8b-284d,70,1,3,3,5,5,,1,6.0,"CHARACTER, INFANTRY",,Remote explosives,Ranged,D6+3,3,5,0,1,1,Blast,
Reductus Saboteur,Xenos - Genestealer Cults,,4565-bd65-9e8b-284d,70,1,3,3,5,5,,1,6.0,"CHARACTER, INFANTRY",,Close combat weapon,Melee,2,3,3,0,1,1,,
Rogal Dorn Battle Tank,Imperium - Astra Militarum,Xenos - Genestealer Cults,2127-efcc-1f62-7fab,260,1,12,18,2,,,5,10.0,VEHICLE,,Armoured tracks,Melee,6,4,7,0,1,1,,
Rogal Dorn Battle Tank,Imperium - Astra Militarum,Xenos - Genestealer Cults,2127-efcc-1f62-7fab,260,1,12,18,2,,,5,10.0,VEHICLE,,Heavy stubber,Ranged,3,4,4,0,1,1,Rapid Fire 3,
Rogal Dorn Battle Tank,Imperium - Astra Militarum,Xenos - Genestealer Cults,2127-efcc-1f62-7fab,260,1,12,18,2,,,5,10.0,VEHICLE,,Coaxial autocannon,Ranged,2,4,9,-1,3,1,,
Rogal Dorn Battle Tank,Imperium - Astra Militarum,Xenos - Genestealer Cults,2127-efcc-1f62-7fab,260,1,12,18,2,,,5,10.0,VEHICLE,,Oppressor cannon,Ranged,D6+3,4,12,-2,3,1,Blast,
Rogal Dorn Battle Tank,Imperium - Astra Militarum,Xenos - Genestealer Cults,2127-efcc-1f62-7fab,260,1,12,18,2,,,5,10.0,VEHICLE,,Castigator gatling cannon,Ranged,12,4,5,0,1,1,,
Rogal Dorn Commander,Imperium - Astra Militarum,Xenos - Genestealer Cults,78b6-f280-bba9-0594,290,1,12,18,2,,,5,10.0,"CHARACTER, VEHICLE",,Armoured tracks,Melee,6,4,7,0,1,1,,
Rogal Dorn Commander,Imperium - Astra Militarum,Xenos - Genestealer Cults,78b6-f280-bba9-0594,290,1,12,18,2,,,5,10.0,"CHARACTER, VEHICLE",,Heavy stubber,Ranged,3,4,4,0,1,1,Rapid Fire 3,
Rogal Dorn Commander,Imperium - Astra Militarum,Xenos - Genestealer Cults,78b6-f280-bba9-0594,290,1,12,18,2,,,5,10.0,"CHARACTER, VEHICLE",,Castigator gatling cannon,Ranged,12,4,5,0,1,1,,
Rogal Dorn Commander,Imperium - Astra Militarum,Xenos - Genestealer Cults,78b6-f280-bba9-0594,290,1,12,18,2,,,5,10.0,"CHARACTER, VEHICLE",,Coaxial autocannon,Ranged,2,4,9,-1,3,1,,
Rogal Dorn Commander,Imperium - Astra Militarum,Xenos - Genestealer Cults,78b6-f280-bba9-0594,290,1,12,18,2,,,5,10.0,"CHARACTER, VEHICLE",,Oppressor cannon,Ranged,D6+3,4,12,-2,3,1,Blast,
Sanctus,Xenos - Genestealer Cults,,3d6c-357e-3c09-813c,65,1,3,3,5,5,,1,6.0,"CHARACTER, INFANTRY",,Sanctus bio-dagger,Melee,6,2,3,-2,2,1,Anti-Infantry 3+,
Scout Sentinels,Imperium - Astra Militarum,Xenos - Genestealer Cults,4424-a6ec-6d9e-a936,55,1,7,7,3,,,2,10.0,"VEHICLE, WALKER",,Close combat weapon,Melee,3,4,6,0,1,1,,
Scout Sentinels,Imperium - Astra Militarum,Xenos - Genestealer Cults,4424-a6ec-6d9e-a936,55,1,7,7,3,,,2,10.0,"VEHICLE, WALKER",,Autocannon,Ranged,2,4,9,-1,3,1,,
Shadowsword,Imperium - Astra Militarum,Xenos - Genestealer Cults,1b48-2f2-8e9c-1308,375,1,13,24,2,,,8,12.0,"TITANIC, VEHICLE",,Volcano cannon,Ranged,D3+1,4,24,-5,12,1,"Blast, Heavy",
Shadowsword,Imperium - Astra Militarum,Xenos - Genestealer Cults,1b48-2f2-8e9c-1308,375,1,13,24,2,,,8,12.0,"TITANIC, VEHICLE",,Armoured tracks,Melee,6,4,8,0,1,1,,
Shadowsword,Imperium - Astra Militarum,Xenos - Genestealer Cults,1b48-2f2-8e9c-1308,375,1,13,24,2,,,8,12.0,"TITANIC, VEHICLE",,Lascannon,Ranged,1,4,12,-3,D6+1,2,,
Shadowsword,Imperium - Astra Militarum,Xenos - Genestealer Cults,1b48-2f2-8e9c-1308,375,1,13,24,2,,,8,12.0,"TITANIC, VEHICLE",,Twin heavy bolter,Ranged,3,4,5,-1,2,1,"Sustained Hits 1, Twin-linked",
Stormlord,Imperium - Astra Militarum,Xenos - Genestealer Cults,892b-678c-72e6-ee58,395,1,13,24,2,,,8,12.0,"TITANIC, TRANSPORT, VEHICLE",,Vulcan mega-bolter,Ranged,20,4,6,-1,2,1,Sustained Hits 1,
Stormlord,Imperium - Astra Militarum,Xenos - Genestealer Cults,892b-678c-72e6-ee58,395,1,13,24,2,,,8,12.0,"TITANIC, TRANSPORT, VEHICLE",,Twin heavy bolter,Ranged,3,4,5,-1,2,1,"Sustained Hits 1, Twin-linked",
Stormlord,Imperium - Astra Militarum,Xenos - Genestealer Cults,892b-678c-72e6-ee58,395,1,13,24,2,,,8,12.0,"TITANIC, TRANSPORT, VEHICLE",,Lascannon,Ranged,1,4,12,-3,D6+1,2,,
Stormlord,Imperium - Astra Militarum,Xenos - Genestealer Cults,892b-678c-72e6-ee58,395,1,13,24,2,,,8,12.0,"TITANIC, TRANSPORT, VEHICLE",,Heavy stubber,Ranged,3,4,4,0,1,2,Rapid Fire 3,
Stormlord,Imperium - Astra Militarum,Xenos - Genestealer Cults,892b-678c-72e6-ee58,395,1,13,24,2,,,8,12.0,"TITANIC, TRANSPORT, VEHICLE",,Armoured tracks,Melee,6,4,8,0,1,1,,
Stormsword,Imperium - Astra Militarum,Xenos - Genestealer Cults,67bc-a760-7ed5-9952,430,1,13,24,2,,,8,12.0,"TITANIC, VEHICLE",,Stormsword siege cannon,Ranged,D6+6,4,16,-4,D6+2,1,"Blast, Ignores Cover",
Stormsword,Imperium - Astra Militarum,Xenos - Genestealer Cults,67bc-a760-7ed5-9952,430,1,13,24,2,,,8,12.0,"TITANIC, VEHICLE",,Twin heavy bolter,Ranged,3,4,5,-1,2,1,"Sustained Hits 1, Twin-linked",
Stormsword,Imperium - Astra Militarum,Xenos - Genestealer Cults,67bc-a760-7ed5-9952,430,1,13,24,2,,,8,12.0,"TITANIC, VEHICLE",,Lascannon,Ranged,1,4,12,-3,D6+1,2,,
Stormsword,Imperium - Astra Militarum,Xenos - Genestealer Cults,67bc-a760-7ed5-9952,430,1,13,24,2,,,8,12.0,"TITANIC, VEHICLE",,Armoured tracks,Melee,6,4,8,0,1,1,,
Stormsword,Imperium - Astra Militarum,Xenos - Genestealer Cults,67bc-a760-7ed5-9952,430,1,13,24,2,,,8,12.0,"TITANIC, VEHICLE",,Twin heavy flamer,Ranged,D6,2,6,-1,1,2,"Twin-linked, Torrent, Ignores Cover",
Taurox,Imperium - Astra Militarum,Xenos - Genestealer Cults,11e5-d4ab-d140-ac38,65,1,8,10,3,,,2,12.0,"TRANSPORT, VEHICLE",,Twin autocannon,Ranged,2,4,9,-1,3,1,Twin-linked,
Taurox,Imperium - Astra Militarum,Xenos - Genestealer Cults,11e5-d4ab-d140-ac38,65,1,8,10,3,,,2,12.0,"TRANSPORT, VEHICLE",,Armoured tracks,Melee,3,4,6,0,1,1,,
Taurox Prime,Imperium - Astra Militarum,Xenos - Genestealer Cults,4b67-f814-358e-f776,75,1,8,10,3,,,2,12.0,"TRANSPORT, VEHICLE",,Armoured tracks,Melee,3,4,6,0,1,1,,
Taurox Prime,Imperium - Astra Militarum,Xenos - Genestealer Cults,4b67-f814-358e-f776,75,1,8,10,3,,,2,12.0,"TRANSPORT, VEHICLE",,Taurox battle cannon,Ranged,D6,3,8,-1,2,1,Blast,
Taurox Prime,Imperium - Astra Militarum,Xenos - Genestealer Cults,4b67-f814-358e-f776,75,1,8,10,3,,,2,12.0,"TRANSPORT, VEHICLE",,Twin Taurox hot-shot volley gun,Ranged,3,3,4,-1,1,1,"Twin-linked, Rapid Fire 3",
The Red Terror,Xenos - Tyranids,Xenos - Genestealer Cults,7173-1bd9-b60b-6555,130,1,8,9,3,,,3,10.0,"CHARACTER, EPIC HERO, MONSTER",,Scything talons,Melee,12,2,7,-2,2,1,,
Trygon,Xenos - Tyranids,Xenos - Genestealer Cults,56db-d7c-b349-677f,140,1,10,14,3,,,4,10.0,MONSTER,,Trygon scything talons,Melee,12,3,9,-2,3,1,,
Trygon,Xenos - Tyranids,Xenos - Genestealer Cults,56db-d7c-b349-677f,140,1,10,14,3,,,4,10.0,MONSTER,,Bio-electric pulse,Ranged,6,3,5,0,1,1,Sustained Hits 2,
Tyrannocyte,Xenos - Tyranids,Xenos - Genestealer Cults,fada-677a-f6a4-cd12,80,1,9,10,3,,,2,8.0,"FLY, MONSTER, TRANSPORT",,Flensing Whips,Melee,6,4,7,-1,2,1,,
Tyrannocyte,Xenos - Tyranids,Xenos - Genestealer Cults,fada-677a-f6a4-cd12,80,1,9,10,3,,,2,8.0,"FLY, MONSTER, TRANSPORT",,Tyrannocyte Bio-weapons,Ranged,5,4,5,-1,2,1,,
Valkyrie,Imperium - Astra Militarum,Xenos - Genestealer Cults,9665-3160-8a04-d2bc,170,1,10,14,2,,,0,14.0,"FLY, TRANSPORT, VEHICLE",,Armoured hull,Melee,3,4,6,0,1,1,,
Valkyrie,Imperium - Astra Militarum,Xenos - Genestealer Cults,9665-3160-8a04-d2bc,170,1,10,14,2,,,0,14.0,"FLY, TRANSPORT, VEHICLE",,Multiple rocket pod,Ranged,D6,4,6,0,1,2,Blast,
Valkyrie,Imperium - Astra Militarum,Xenos - Genestealer Cults,9665-3160-8a04-d2bc,170,1,10,14,2,,,0,14.0,"FLY, TRANSPORT, VEHICLE",,Multi-laser,Ranged,4,4,6,0,1,1,,
Von Ryan's Leapers,Xenos - Tyranids,Xenos - Genestealer Cults,9bd8-ac8c-2d3b-79f6,55,3,5,3,4,6,,1,10.0,INFANTRY,,Leaper's talons,Melee,6,3,5,-1,1,3,,
Winged Hive Tyrant,Xenos - Tyranids,Xenos - Genestealer Cults,fa68-fcb9-38c-cd0f,185,1,9,10,2,4,,3,12.0,"CHARACTER, FLY, MONSTER, PSYKER",,Tyrant talons,Melee,5,2,7,-2,2,1,,
Winged Hive Tyrant,Xenos - Tyranids,Xenos - Genestealer Cults,fa68-fcb9-38c-cd0f,185,1,9,10,2,4,,3,12.0,"CHARACTER, FLY, MONSTER, PSYKER",,Monstrous scything talons,Melee,4,2,7,-2,2,1,,
Winged Tyranid Prime,Xenos - Tyranids,Xenos - Genestealer Cults,507d-5ea4-6ef1-bf66,65,1,5,6,4,,,1,12.0,"CHARACTER, FLY, INFANTRY",,Prime talons,Melee,6,2,6,-1,2,1,,
Wyvern,Imperium - Astra Militarum,Xenos - Genestealer Cults,d11b-c49d-41bf-1f36,95,1,9,11,3,,,3,10.0,VEHICLE,,Wyvern quad stormshard mortar,Ranged,2D6,4,5,0,1,1,"Twin-linked, Blast",
Wyvern,Imperium - Astra Militarum,Xenos - Genestealer Cults,d11b-c49d-41bf-1f36,95,1,9,11,3,,,3,10.0,VEHICLE,,Armoured tracks,Melee,3,4,6,0,1,1,,
Arkanyst Evaluator,Xenos - Leagues of Votann,,e5c2-d1a0-b54d-65df,70,1,5,4,3,,,1,5.0,"CHARACTER, INFANTRY",,➤ Transmatter inverter - half charge,Ranged,3,2,8,-1,1,1,Rapid Fire 1,
Arkanyst Evaluator,Xenos - Leagues of Votann,,e5c2-d1a0-b54d-65df,70,1,5,4,3,,,1,5.0,"CHARACTER, INFANTRY",,Close combat weapon,Melee,1,4,3,0,1,1,,
Berehk Stornbröw,Xenos - Leagues of Votann,,c7ea-1b76-c8c1-4786,85,1,6,5,5,5,,1,6.0,"CHARACTER, EPIC HERO, INFANTRY",,➤ Kromlôk's Revenge - graviton strikes,Melee,4,2,10,-2,4,1,"Sustained Hits 1, Anti-Monster 3+, Anti-Vehicle 3+",
Berehk Stornbröw,Xenos - Leagues of Votann,,c7ea-1b76-c8c1-4786,85,1,6,5,5,5,,1,6.0,"CHARACTER, EPIC HERO, INFANTRY",,Warforge gauntlets,Melee,2,2,6,-2,1,1,Sustained Hits 1,
Brôkhyr Iron-master,Xenos - Leagues of Votann,,8f33-5601-3707-78f4,70,5,5,4,4,,,1,5.0,"CHARACTER, INFANTRY",1x T5 W4 Sv4+ char | 1x T5 W1 Sv4+ | 1x T5 W4 Sv4+ char | 1x T5 W4 Sv4+ char | 1x T5 W1 Sv4+,Graviton hammer,Melee,3,4,9,-1,3,1,"Anti-Monster 3+, Anti-Vehicle 3+",
Brôkhyr Iron-master,Xenos - Leagues of Votann,,8f33-5601-3707-78f4,70,5,5,4,4,,,1,5.0,"CHARACTER, INFANTRY",1x T5 W4 Sv4+ char | 1x T5 W1 Sv4+ | 1x T5 W4 Sv4+ char | 1x T5 W4 Sv4+ char | 1x T5 W1 Sv4+,Graviton rifle,Ranged,3,3,5,-1,3,1,"Anti-Monster 3+, Anti-Vehicle 3+",
Brôkhyr Iron-master,Xenos - Leagues of Votann,,8f33-5601-3707-78f4,70,5,5,4,4,,,1,5.0,"CHARACTER, INFANTRY",1x T5 W4 Sv4+ char | 1x T5 W1 Sv4+ | 1x T5 W4 Sv4+ char | 1x T5 W4 Sv4+ char | 1x T5 W1 Sv4+,Autoch-pattern bolt pistol,Ranged,1,3,4,0,1,1,,
Brôkhyr Iron-master,Xenos - Leagues of Votann,,8f33-5601-3707-78f4,70,5,5,4,4,,,1,5.0,"CHARACTER, INFANTRY",1x T5 W4 Sv4+ char | 1x T5 W1 Sv4+ | 1x T5 W4 Sv4+ char | 1x T5 W4 Sv4+ char | 1x T5 W1 Sv4+,Close combat weapon,Melee,1,4,3,0,1,1,,
Brôkhyr Iron-master,Xenos - Leagues of Votann,,8f33-5601-3707-78f4,70,5,5,4,4,,,1,5.0,"CHARACTER, INFANTRY",1x T5 W4 Sv4+ char | 1x T5 W1 Sv4+ | 1x T5 W4 Sv4+ char | 1x T5 W4 Sv4+ char | 1x T5 W1 Sv4+,Plasma torch,Melee,1,4,6,-3,2,1,,
Brôkhyr Iron-master,Xenos - Leagues of Votann,,8f33-5601-3707-78f4,70,5,5,4,4,,,1,5.0,"CHARACTER, INFANTRY",1x T5 W4 Sv4+ char | 1x T5 W1 Sv4+ | 1x T5 W4 Sv4+ char | 1x T5 W4 Sv4+ char | 1x T5 W1 Sv4+,Manipulator arms,Melee,3,4,3,0,1,1,,
Brôkhyr Iron-master,Xenos - Leagues of Votann,,8f33-5601-3707-78f4,70,5,5,4,4,,,1,5.0,"CHARACTER, INFANTRY",1x T5 W4 Sv4+ char | 1x T5 W1 Sv4+ | 1x T5 W4 Sv4+ char | 1x T5 W4 Sv4+ char | 1x T5 W1 Sv4+,Las-beam cutter,Ranged,1,4,6,-3,1,1,,
Brôkhyr Iron-master,Xenos - Leagues of Votann,,8f33-5601-3707-78f4,70,5,5,4,4,,,1,5.0,"CHARACTER, INFANTRY",1x T5 W4 Sv4+ char | 1x T5 W1 Sv4+ | 1x T5 W4 Sv4+ char | 1x T5 W4 Sv4+ char | 1x T5 W1 Sv4+,Close combat weapon,Melee,1,4,3,0,1,1,,
Brôkhyr Thunderkyn,Xenos - Leagues of Votann,,ea1b-99f6-c398-06b1,80,3,6,2,3,,,1,5.0,INFANTRY,,Close combat weapon,Melee,2,4,4,0,1,3,,
Brôkhyr Thunderkyn,Xenos - Leagues of Votann,,ea1b-99f6-c398-06b1,80,3,6,2,3,,,1,5.0,INFANTRY,,Bolt cannon,Ranged,3,4,6,-1,2,3,Sustained Hits 2,
Buri Aegnirssen,Xenos - Leagues of Votann,,b7e1-55fd-9aae-b690,85,1,6,5,3,4,,1,5.0,"CHARACTER, EPIC HERO, INFANTRY",,Autoch-pattern bolt pistol,Ranged,1,2,4,0,1,1,,
Buri Aegnirssen,Xenos - Leagues of Votann,,b7e1-55fd-9aae-b690,85,1,6,5,3,4,,1,5.0,"CHARACTER, EPIC HERO, INFANTRY",,➤ Bane - strike,Melee,5,2,12,-3,3,1,,
Cthonian Beserks,Xenos - Leagues of Votann,,415a-e6f6-d17f-d700,95,5,6,1,5,,,1,6.0,INFANTRY,,Heavy plasma axe,Melee,3,4,7,-2,3,3,,
Cthonian Beserks,Xenos - Leagues of Votann,,415a-e6f6-d17f-d700,95,5,6,1,5,,,1,6.0,INFANTRY,,Heavy plasma axe,Melee,3,4,7,-2,3,2,,
Cthonian Earthshakers,Xenos - Leagues of Votann,,595a-cfac-3b40-710d,100,2,6,6,4,,,2,4.0,INFANTRY,,Plasma picks,Melee,4,3,5,-2,1,2,,
Cthonian Earthshakers,Xenos - Leagues of Votann,,595a-cfac-3b40-710d,100,2,6,6,4,,,2,4.0,INFANTRY,,Autoch-pattern bolt pistol,Ranged,1,4,4,0,1,4,,
Cthonian Earthshakers,Xenos - Leagues of Votann,,595a-cfac-3b40-710d,100,2,6,6,4,,,2,4.0,INFANTRY,,Breacher ordnance,Ranged,D6+1,5,10,-1,2,2,"Blast, Heavy",
Einhyr Champion,Xenos - Leagues of Votann,,2cc6-e2bf-635f-1260,65,1,5,5,2,,,1,5.0,"CHARACTER, INFANTRY",,Autoch-pattern combi-bolter,Ranged,4,2,4,0,1,1,,
Einhyr Champion,Xenos - Leagues of Votann,,2cc6-e2bf-635f-1260,65,1,5,5,2,,,1,5.0,"CHARACTER, INFANTRY",,Mass hammer,Melee,3,3,12,-3,D6+1,1,,
Einhyr Hearthguard,Xenos - Leagues of Votann,,09d3-6357-7888-00d9,130,5,5,2,2,,,1,5.0,INFANTRY,,Exo-armour grenade launcher,Ranged,D3,3,3,0,1,1,Blast,
Einhyr Hearthguard,Xenos - Leagues of Votann,,09d3-6357-7888-00d9,130,5,5,2,2,,,1,5.0,INFANTRY,,EtaCarn plasma gun,Ranged,1,3,7,-3,2,1,Rapid Fire 1,
Einhyr Hearthguard,Xenos - Leagues of Votann,,09d3-6357-7888-00d9,130,5,5,2,2,,,1,5.0,INFANTRY,,Exo-armour grenade launcher,Ranged,D3,3,3,0,1,4,Blast,
Einhyr Hearthguard,Xenos - Leagues of Votann,,09d3-6357-7888-00d9,130,5,5,2,2,,,1,5.0,INFANTRY,,EtaCarn plasma gun,Ranged,1,3,7,-3,2,4,Rapid Fire 1,
Einhyr Hearthguard,Xenos - Leagues of Votann,,09d3-6357-7888-00d9,130,5,5,2,2,,,1,5.0,INFANTRY,,Concussion gauntlet,Melee,2,3,8,-2,2,4,,
Grimnyr,Xenos - Leagues of Votann,,d3a3-2d20-bd7e-6778,65,3,5,1,4,4,,1,5.0,"CHARACTER, INFANTRY",1x T5 W4 Sv4+ Inv4+ char | 2x T5 W1 Sv4+ Inv4+,Ancestral ward stave,Melee,2,3,7,-1,D3,1,,
Grimnyr,Xenos - Leagues of Votann,,d3a3-2d20-bd7e-6778,65,3,5,1,4,4,,1,5.0,"CHARACTER, INFANTRY",1x T5 W4 Sv4+ Inv4+ char | 2x T5 W1 Sv4+ Inv4+,➤ Ancestral Wrath - witchfire,Ranged,3,3,6,-2,D3,1,,
Grimnyr,Xenos - Leagues of Votann,,d3a3-2d20-bd7e-6778,65,3,5,1,4,4,,1,5.0,"CHARACTER, INFANTRY",1x T5 W4 Sv4+ Inv4+ char | 2x T5 W1 Sv4+ Inv4+,Autoch-pattern bolter,Ranged,2,4,4,0,1,2,,
Grimnyr,Xenos - Leagues of Votann,,d3a3-2d20-bd7e-6778,65,3,5,1,4,4,,1,5.0,"CHARACTER, INFANTRY",1x T5 W4 Sv4+ Inv4+ char | 2x T5 W1 Sv4+ Inv4+,Close combat weapon,Melee,1,4,3,0,1,2,,
Hearthkyn Warriors,Xenos - Leagues of Votann,,ba4f-c3f9-6925-af0c,90,10,5,1,4,5,,2,5.0,"BATTLELINE, INFANTRY",,Close combat weapon,Melee,1,4,4,0,1,1,,
Hearthkyn Warriors,Xenos - Leagues of Votann,,ba4f-c3f9-6925-af0c,90,10,5,1,4,5,,2,5.0,"BATTLELINE, INFANTRY",,Autoch-pattern bolt pistol,Ranged,1,4,4,0,1,1,,
Hearthkyn Warriors,Xenos - Leagues of Votann,,ba4f-c3f9-6925-af0c,90,10,5,1,4,5,,2,5.0,"BATTLELINE, INFANTRY",,Autoch-pattern bolter,Ranged,2,4,4,0,1,1,,
Hearthkyn Warriors,Xenos - Leagues of Votann,,ba4f-c3f9-6925-af0c,90,10,5,1,4,5,,2,5.0,"BATTLELINE, INFANTRY",,Autoch-pattern bolt pistol,Ranged,1,4,4,0,1,9,,
Hearthkyn Warriors,Xenos - Leagues of Votann,,ba4f-c3f9-6925-af0c,90,10,5,1,4,5,,2,5.0,"BATTLELINE, INFANTRY",,Close combat weapon,Melee,1,4,4,0,1,9,,
Hearthkyn Warriors,Xenos - Leagues of Votann,,ba4f-c3f9-6925-af0c,90,10,5,1,4,5,,2,5.0,"BATTLELINE, INFANTRY",,Autoch-pattern bolter,Ranged,2,4,4,0,1,9,,
Hekaton Land Fortress,Xenos - Leagues of Votann,,a110-e538-4e85-159b,250,1,12,16,2,,,5,10.0,"TRANSPORT, VEHICLE",,Armoured wheels,Melee,6,4,8,0,1,1,,
Hekaton Land Fortress,Xenos - Leagues of Votann,,a110-e538-4e85-159b,250,1,12,16,2,,,5,10.0,"TRANSPORT, VEHICLE",,MATR autocannon,Ranged,6,4,7,-1,2,1,Sustained Hits 1,
Hekaton Land Fortress,Xenos - Leagues of Votann,,a110-e538-4e85-159b,250,1,12,16,2,,,5,10.0,"TRANSPORT, VEHICLE",,Cyclic ion cannon,Ranged,D6+2,4,7,-2,2,1,Blast,
Hekaton Land Fortress,Xenos - Leagues of Votann,,a110-e538-4e85-159b,250,1,12,16,2,,,5,10.0,"TRANSPORT, VEHICLE",,Twin ion beamer,Ranged,D3+1,4,8,-2,1,2,"Twin-linked, Blast",
Hekaton Land Fortress,Xenos - Leagues of Votann,,a110-e538-4e85-159b,250,1,12,16,2,,,5,10.0,"TRANSPORT, VEHICLE",,Hekaton warhead,Ranged,D6+3,4,7,-2,2,1,Blast,
Hernkyn Pioneers,Xenos - Leagues of Votann,,9086-5272-398b-bbce,80,3,6,3,4,,,2,12.0,"FLY, MOUNTED",,Bolt revolver,Ranged,1,4,5,0,1,3,,
Hernkyn Pioneers,Xenos - Leagues of Votann,,9086-5272-398b-bbce,80,3,6,3,4,,,2,12.0,"FLY, MOUNTED",,Bolt shotgun,Ranged,2,4,5,0,1,3,,
Hernkyn Pioneers,Xenos - Leagues of Votann,,9086-5272-398b-bbce,80,3,6,3,4,,,2,12.0,"FLY, MOUNTED",,Magna-coil autocannon,Ranged,3,4,7,-1,2,3,,
Hernkyn Pioneers,Xenos - Leagues of Votann,,9086-5272-398b-bbce,80,3,6,3,4,,,2,12.0,"FLY, MOUNTED",,Plasma knife,Melee,2,4,4,-2,1,3,,
Hernkyn Yaegirs,Xenos - Leagues of Votann,,5b0b-c18d-1470-44bb,90,10,5,1,5,,,1,6.0,INFANTRY,,Bolt shotgun,Ranged,2,4,5,0,1,9,,
Hernkyn Yaegirs,Xenos - Leagues of Votann,,5b0b-c18d-1470-44bb,90,10,5,1,5,,,1,6.0,INFANTRY,,Close combat weapon,Melee,1,4,4,0,1,9,,
Hernkyn Yaegirs,Xenos - Leagues of Votann,,5b0b-c18d-1470-44bb,90,10,5,1,5,,,1,6.0,INFANTRY,,Close combat weapon,Melee,1,4,4,0,1,1,,
Hernkyn Yaegirs,Xenos - Leagues of Votann,,5b0b-c18d-1470-44bb,90,10,5,1,5,,,1,6.0,INFANTRY,,Bolt shotgun,Ranged,2,4,5,0,1,1,,
Ironkin Steeljacks with Heavy Volkanite Disintegrators,Xenos - Leagues of Votann,,1e3f-209d-798f-3a42,80,3,6,3,2,,,1,5.0,INFANTRY,,Heavy volkanite disintegrator,Ranged,6,4,6,-1,1,1,Devastating Wounds,
Ironkin Steeljacks with Heavy Volkanite Disintegrators,Xenos - Leagues of Votann,,1e3f-209d-798f-3a42,80,3,6,3,2,,,1,5.0,INFANTRY,,Plasma knife,Melee,2,3,6,-2,1,1,,
Ironkin Steeljacks with Heavy Volkanite Disintegrators,Xenos - Leagues of Votann,,1e3f-209d-798f-3a42,80,3,6,3,2,,,1,5.0,INFANTRY,,Heavy volkanite disintegrator,Ranged,6,4,6,-1,1,2,Devastating Wounds,
Ironkin Steeljacks with Heavy Volkanite Disintegrators,Xenos - Leagues of Votann,,1e3f-209d-798f-3a42,80,3,6,3,2,,,1,5.0,INFANTRY,,Plasma knife,Melee,2,3,6,-2,1,2,,
Ironkin Steeljacks with Melee Weapons,Xenos - Leagues of Votann,,2add-0a08-fbef-8f5e,75,3,6,3,2,,,1,5.0,INFANTRY,,Autoch-pattern bolter,Ranged,2,4,4,0,1,1,,
Ironkin Steeljacks with Melee Weapons,Xenos - Leagues of Votann,,2add-0a08-fbef-8f5e,75,3,6,3,2,,,1,5.0,INFANTRY,,Plasma sword,Melee,6,3,6,-2,1,1,Sustained Hits 1,
Ironkin Steeljacks with Melee Weapons,Xenos - Leagues of Votann,,2add-0a08-fbef-8f5e,75,3,6,3,2,,,1,5.0,INFANTRY,,Autoch-pattern bolter,Ranged,2,4,4,0,1,2,,
Ironkin Steeljacks with Melee Weapons,Xenos - Leagues of Votann,,2add-0a08-fbef-8f5e,75,3,6,3,2,,,1,5.0,INFANTRY,,Plasma sword,Melee,6,3,6,-2,1,2,Sustained Hits 1,
Kapricus Carrier,Xenos - Leagues of Votann,,cfbc-9eeb-badb-b28c,70,1,7,7,4,,,2,12.0,"FLY, TRANSPORT, VEHICLE",,Magna-coil autocannon,Ranged,3,4,7,-1,2,1,,
Kapricus Carrier,Xenos - Leagues of Votann,,cfbc-9eeb-badb-b28c,70,1,7,7,4,,,2,12.0,"FLY, TRANSPORT, VEHICLE",,Armoured hull,Melee,3,4,6,0,1,1,,
Kapricus Carrier,Xenos - Leagues of Votann,,cfbc-9eeb-badb-b28c,70,1,7,7,4,,,2,12.0,"FLY, TRANSPORT, VEHICLE",,Twin magna-coil autocannon,Ranged,3,4,7,-1,2,1,Twin-linked,
Kapricus Defenders,Xenos - Leagues of Votann,,f788-ecf2-9b2e-bc23,70,1,7,7,4,,,2,12.0,"FLY, VEHICLE",,Armoured hull,Melee,3,4,6,0,1,1,,
Kapricus Defenders,Xenos - Leagues of Votann,,f788-ecf2-9b2e-bc23,70,1,7,7,4,,,2,12.0,"FLY, VEHICLE",,Twin magna-coil autocannon,Ranged,3,4,7,-1,2,1,Twin-linked,
Kapricus Defenders,Xenos - Leagues of Votann,,f788-ecf2-9b2e-bc23,70,1,7,7,4,,,2,12.0,"FLY, VEHICLE",,Magna-rail cannon ,Ranged,1,4,14,-4,D3+3,1,"Devastating Wounds, Heavy",
Kâhl,Xenos - Leagues of Votann,,1b00-2abb-718f-def6,65,1,5,4,3,4,,1,5.0,"CHARACTER, INFANTRY",,Forgewrought plasma axe,Melee,4,2,5,-2,2,1,,
Kâhl,Xenos - Leagues of Votann,,1b00-2abb-718f-def6,65,1,5,4,3,4,,1,5.0,"CHARACTER, INFANTRY",,Autoch-pattern combi-bolter,Ranged,4,2,4,0,1,1,,
Memnyr Strategist,Xenos - Leagues of Votann,,7932-6aac-cd01-3181,45,1,5,4,4,,,1,5.0,"CHARACTER, INFANTRY",,Autoch-pattern bolt pistol,Ranged,1,4,4,0,1,1,,
Memnyr Strategist,Xenos - Leagues of Votann,,7932-6aac-cd01-3181,45,1,5,4,4,,,1,5.0,"CHARACTER, INFANTRY",,Close combat weapon,Melee,1,4,3,0,1,1,,
Sagitaur,Xenos - Leagues of Votann,,9655-8367-7467-9e6e,85,1,9,9,3,,,2,12.0,"TRANSPORT, VEHICLE",,Armoured wheels,Melee,3,4,6,0,1,1,,
Sagitaur,Xenos - Leagues of Votann,,9655-8367-7467-9e6e,85,1,9,9,3,,,2,12.0,"TRANSPORT, VEHICLE",,Twin bolt cannon,Ranged,3,4,6,-1,2,1,"Sustained Hits 2, Twin-linked",
Sagitaur,Xenos - Leagues of Votann,,9655-8367-7467-9e6e,85,1,9,9,3,,,2,12.0,"TRANSPORT, VEHICLE",,HYLas beam cannon,Ranged,2,4,12,-3,D6+1,1,,
Ûthar the Destined,Xenos - Leagues of Votann,,2e6e-95a1-60ad-7b1c,90,1,5,5,3,4,,1,5.0,"CHARACTER, EPIC HERO, INFANTRY",,Blade of the Ancestors,Melee,5,2,6,-3,2,1,Devastating Wounds,
Ûthar the Destined,Xenos - Leagues of Votann,,2e6e-95a1-60ad-7b1c,90,1,5,5,3,4,,1,5.0,"CHARACTER, EPIC HERO, INFANTRY",,Volkanite disintegrator,Ranged,3,2,5,0,1,1,Devastating Wounds,
Annihilation Barge,Xenos - Necrons,,1ff-6384-ef1a-8297,95,1,8,9,3,4,,3,10.0,"FLY, VEHICLE",,Twin tesla destructor,Ranged,6,3,8,0,2,1,"Sustained Hits 2, Twin-linked",
Annihilation Barge,Xenos - Necrons,,1ff-6384-ef1a-8297,95,1,8,9,3,4,,3,10.0,"FLY, VEHICLE",,Armoured bulk,Melee,3,4,6,0,1,1,,
Annihilation Barge,Xenos - Necrons,,1ff-6384-ef1a-8297,95,1,8,9,3,4,,3,10.0,"FLY, VEHICLE",,Gauss cannon,Ranged,3,3,5,-2,2,1,Lethal Hits,
C'tan Shard of the Deceiver,Xenos - Necrons,,e09-d7d6-e4e3-42c1,330,1,11,16,3,4,,4,8.0,"CHARACTER, EPIC HERO, FLY, MONSTER",,Cosmic insanity,Ranged,6,2,6,-2,2,1,"Devastating Wounds, Anti-Character 4+",
C'tan Shard of the Deceiver,Xenos - Necrons,,e09-d7d6-e4e3-42c1,330,1,11,16,3,4,,4,8.0,"CHARACTER, EPIC HERO, FLY, MONSTER",,Golden fists,Melee,8,2,10,-3,3,1,,
C'tan Shard of the Nightbringer,Xenos - Necrons,,f926-a2fe-3494-24b7,360,1,11,16,3,4,,4,10.0,"CHARACTER, EPIC HERO, FLY, MONSTER",,Gaze of death,Ranged,D3,2,12,-3,D6+3,1,,
C'tan Shard of the Nightbringer,Xenos - Necrons,,f926-a2fe-3494-24b7,360,1,11,16,3,4,,4,10.0,"CHARACTER, EPIC HERO, FLY, MONSTER",,➤ Scythe of the Nightbringer - strike,Melee,6,2,14,-4,D6+2,1,Devastating Wounds,
C'tan Shard of the Void Dragon,Xenos - Necrons,,8065-e9c0-dcb5-be1d,345,1,11,16,3,4,,4,10.0,"CHARACTER, EPIC HERO, FLY, MONSTER",,Spear of the Void Dragon,Ranged,D3,2,8,-3,D6+2,1,Anti-Vehicle 2+,
C'tan Shard of the Void Dragon,Xenos - Necrons,,8065-e9c0-dcb5-be1d,345,1,11,16,3,4,,4,10.0,"CHARACTER, EPIC HERO, FLY, MONSTER",,➤ Spear of the Void Dragon - strike,Melee,5,2,12,-4,D6+2,1,Anti-Vehicle 2+,
C'tan Shard of the Void Dragon,Xenos - Necrons,,8065-e9c0-dcb5-be1d,345,1,11,16,3,4,,4,10.0,"CHARACTER, EPIC HERO, FLY, MONSTER",,Voltaic storm,Ranged,D6+3,2,7,-1,2,1,"Sustained Hits 2, Blast",
C'tan Shard of the Void Dragon,Xenos - Necrons,,8065-e9c0-dcb5-be1d,345,1,11,16,3,4,,4,10.0,"CHARACTER, EPIC HERO, FLY, MONSTER",,Canoptek tail blades,Melee,6,2,6,-1,1,1,,
Canoptek Doomstalker,Xenos - Necrons,,ff8f-2e43-8af1-3470,140,1,8,12,3,4,,4,8.0,"VEHICLE, WALKER",,Doomsday blaster,Ranged,D6+1,4,14,-3,3,1,"Blast, Heavy",
Canoptek Doomstalker,Xenos - Necrons,,ff8f-2e43-8af1-3470,140,1,8,12,3,4,,4,8.0,"VEHICLE, WALKER",,Doomstalker limbs,Melee,3,4,6,0,1,1,,
Canoptek Doomstalker,Xenos - Necrons,,ff8f-2e43-8af1-3470,140,1,8,12,3,4,,4,8.0,"VEHICLE, WALKER",,Twin gauss flayer,Ranged,1,4,4,0,1,1,"Lethal Hits, Twin-linked, Rapid Fire 1",
Canoptek Macrocytes,Xenos - Necrons,,97d7-4b22-46b7-dae0,70,5,3,1,4,,,1,8.0,"BEAST, FLY",,Gauss scalpel,Ranged,1,4,4,-1,1,5,Lethal Hits,
Canoptek Macrocytes,Xenos - Necrons,,97d7-4b22-46b7-dae0,70,5,3,1,4,,,1,8.0,"BEAST, FLY",,Claws,Melee,2,4,4,-1,1,5,,
Canoptek Reanimator,Xenos - Necrons,,7c45-2aab-7526-febe,75,1,6,6,3,,,3,8.0,"VEHICLE, WALKER",,Atomiser beam,Ranged,3,4,6,-2,1,2,,
Canoptek Reanimator,Xenos - Necrons,,7c45-2aab-7526-febe,75,1,6,6,3,,,3,8.0,"VEHICLE, WALKER",,Reanimator's claws,Melee,4,4,5,0,1,1,,
Canoptek Scarab Swarms,Xenos - Necrons,,259b-a8e3-928f-1d0c,40,3,2,4,6,,,0,10.0,"FLY, SWARM",,Feeder mandibles,Melee,6,5,2,0,1,3,Lethal Hits,
Canoptek Spyders,Xenos - Necrons,,cae9-5277-87f4-54b8,65,1,7,6,3,,,2,5.0,"FLY, VEHICLE",,Automaton claws,Melee,5,4,8,-2,2,1,,
Canoptek Tomb Crawlers,Xenos - Necrons,,b7ee-a0fa-5736-b58f,50,2,4,3,3,,,1,5.0,BEAST,,Twin gauss reaper,Ranged,2,4,4,-1,1,1,"Lethal Hits, Twin-linked",
Canoptek Tomb Crawlers,Xenos - Necrons,,b7ee-a0fa-5736-b58f,50,2,4,3,3,,,1,5.0,BEAST,,Claws,Melee,4,4,6,-1,1,1,,
Canoptek Tomb Crawlers,Xenos - Necrons,,b7ee-a0fa-5736-b58f,50,2,4,3,3,,,1,5.0,BEAST,,Claws,Melee,4,4,6,-1,1,1,,
Canoptek Tomb Crawlers,Xenos - Necrons,,b7ee-a0fa-5736-b58f,50,2,4,3,3,,,1,5.0,BEAST,,Twin gauss reaper,Ranged,2,4,4,-1,1,1,"Lethal Hits, Twin-linked",
Canoptek Wraiths,Xenos - Necrons,,a022-9bf6-f08b-c416,95,3,6,4,3,4,,2,10.0,"BEAST, FLY",,Vicious claws,Melee,4,4,6,-1,2,3,,
Catacomb Command Barge,Xenos - Necrons,,e667-b37c-61c-4893,120,1,8,9,3,4,,3,10.0,"CHARACTER, FLY, VEHICLE",,Gauss cannon,Ranged,3,3,5,-2,2,1,Lethal Hits,
Catacomb Command Barge,Xenos - Necrons,,e667-b37c-61c-4893,120,1,8,9,3,4,,3,10.0,"CHARACTER, FLY, VEHICLE",,Staff of light,Ranged,3,2,5,-2,1,1,,
Catacomb Command Barge,Xenos - Necrons,,e667-b37c-61c-4893,120,1,8,9,3,4,,3,10.0,"CHARACTER, FLY, VEHICLE",,Staff of light,Melee,4,3,5,-2,1,1,,
Chronomancer,Xenos - Necrons,,5b7d-54ea-f7a8-9688,70,1,4,4,4,4,,1,5.0,"CHARACTER, INFANTRY",,Chronomancer's stave,Melee,3,4,5,-1,1,1,,
Chronomancer,Xenos - Necrons,,5b7d-54ea-f7a8-9688,70,1,4,4,4,4,,1,5.0,"CHARACTER, INFANTRY",,Chronomancer's stave,Ranged,D6,4,5,-1,1,1,Blast,
Cryptothralls,Xenos - Necrons,,ef7a-c413-c779-2d18,60,2,4,3,3,,,1,5.0,INFANTRY,,Scouring eye,Ranged,2,4,5,-1,1,2,,
Cryptothralls,Xenos - Necrons,,ef7a-c413-c779-2d18,60,2,4,3,3,,,1,5.0,INFANTRY,,Scythed limbs,Melee,4,4,5,-1,1,2,,
Deathmarks,Xenos - Necrons,,b7d7-14c9-63c1-ded5,60,5,5,1,3,,,1,5.0,INFANTRY,,Synaptic disintegrator,Ranged,1,3,5,-2,2,5,Heavy,
Deathmarks,Xenos - Necrons,,b7d7-14c9-63c1-ded5,60,5,5,1,3,,,1,5.0,INFANTRY,,Close combat weapon,Melee,2,3,4,0,1,5,,
Doom Scythe,Xenos - Necrons,,52fb-edb1-c747-415a,200,1,9,12,3,,,0,0.0,"AIRCRAFT, FLY, VEHICLE",,Heavy death ray,Ranged,3,3,16,-4,D6+1,1,Sustained Hits 2,sustained D3 -> 2 (mean)
Doom Scythe,Xenos - Necrons,,52fb-edb1-c747-415a,200,1,9,12,3,,,0,0.0,"AIRCRAFT, FLY, VEHICLE",,Twin tesla destructor,Ranged,6,3,8,0,2,1,"Sustained Hits 2, Twin-linked",
Doom Scythe,Xenos - Necrons,,52fb-edb1-c747-415a,200,1,9,12,3,,,0,0.0,"AIRCRAFT, FLY, VEHICLE",,Armoured bulk,Melee,3,4,6,0,1,1,,
Doomsday Ark,Xenos - Necrons,,e046-8220-d8a2-1d19,210,1,9,14,3,4,,5,10.0,"FLY, VEHICLE",,Doomsday cannon,Ranged,D6+1,3,18,-4,4,1,"Blast, Heavy",
Doomsday Ark,Xenos - Necrons,,e046-8220-d8a2-1d19,210,1,9,14,3,4,,5,10.0,"FLY, VEHICLE",,Gauss flayer array,Ranged,5,3,4,0,1,2,"Lethal Hits, Rapid Fire 5",
Doomsday Ark,Xenos - Necrons,,e046-8220-d8a2-1d19,210,1,9,14,3,4,,5,10.0,"FLY, VEHICLE",,Armoured bulk,Melee,3,4,6,0,1,1,,
Flayed Ones,Xenos - Necrons,,c219-a708-f5b0-f0e7,55,5,4,1,4,,,1,5.0,INFANTRY,,Flayer claws,Melee,4,3,4,-1,1,5,"Sustained Hits 1, Twin-linked",
Geomancer,Xenos - Necrons,,92cc-9d54-5d0c-6663,75,1,4,4,4,,,1,8.0,"CHARACTER, INFANTRY",,Tremorglaive,Melee,2,4,8,-2,2,1,,
Geomancer,Xenos - Necrons,,92cc-9d54-5d0c-6663,75,1,4,4,4,,,1,8.0,"CHARACTER, INFANTRY",,➤ Tremorglaive - reverberating beam,Ranged,2,4,8,-2,2,1,Melta 2,
Ghost Ark,Xenos - Necrons,,9928-da6-4e86-ec9f,100,1,9,14,3,4,,3,10.0,"FLY, TRANSPORT, VEHICLE",,Gauss flayer array,Ranged,5,3,4,0,1,2,"Lethal Hits, Rapid Fire 5",
Ghost Ark,Xenos - Necrons,,9928-da6-4e86-ec9f,100,1,9,14,3,4,,3,10.0,"FLY, TRANSPORT, VEHICLE",,Armoured bulk,Melee,3,4,6,0,1,1,,
Hexmark Destroyer,Xenos - Necrons,,d504-e79e-f4d9-90aa,75,1,5,5,3,,,1,8.0,"CHARACTER, INFANTRY",,Close combat weapon,Melee,4,3,5,0,1,1,,
Hexmark Destroyer,Xenos - Necrons,,d504-e79e-f4d9-90aa,75,1,5,5,3,,,1,8.0,"CHARACTER, INFANTRY",,Enmitic disintegrator pistols,Ranged,6,2,6,-2,1,1,Ignores Cover,
Illuminor Szeras,Xenos - Necrons,,d977-6a26-bc03-4722,175,1,8,9,2,4,,3,8.0,"CHARACTER, EPIC HERO, INFANTRY",,Eldritch lance,Ranged,3,3,9,-3,3,1,,
Illuminor Szeras,Xenos - Necrons,,d977-6a26-bc03-4722,175,1,8,9,2,4,,3,8.0,"CHARACTER, EPIC HERO, INFANTRY",,Eldritch lance,Melee,4,3,9,-3,3,1,,
Illuminor Szeras,Xenos - Necrons,,d977-6a26-bc03-4722,175,1,8,9,2,4,,3,8.0,"CHARACTER, EPIC HERO, INFANTRY",,Impaling legs,Melee,4,3,6,-1,1,1,,
Immortals,Xenos - Necrons,,f81-b23c-e183-39d7,70,5,5,1,3,,,2,5.0,"BATTLELINE, INFANTRY",,Close combat weapon,Melee,2,3,4,0,1,5,,
Immortals,Xenos - Necrons,,f81-b23c-e183-39d7,70,5,5,1,3,,,2,5.0,"BATTLELINE, INFANTRY",,Gauss blaster,Ranged,2,3,5,-1,1,5,Lethal Hits,
Imotekh the Stormlord,Xenos - Necrons,,49fd-a80d-8cc0-c76b,100,1,5,6,2,4,,1,5.0,"CHARACTER, EPIC HERO, INFANTRY",,Gauntlet of Fire,Ranged,D6,2,5,-1,1,1,"Torrent, Ignores Cover",
Imotekh the Stormlord,Xenos - Necrons,,49fd-a80d-8cc0-c76b,100,1,5,6,2,4,,1,5.0,"CHARACTER, EPIC HERO, INFANTRY",,Staff of the Destroyer,Ranged,3,2,6,-3,2,1,,
Imotekh the Stormlord,Xenos - Necrons,,49fd-a80d-8cc0-c76b,100,1,5,6,2,4,,1,5.0,"CHARACTER, EPIC HERO, INFANTRY",,Staff of the Destroyer,Melee,4,2,6,-3,2,1,Devastating Wounds,
Lokhust Destroyers,Xenos - Necrons,,6f72-b8f7-fd8d-5c2c,40,1,6,3,3,,,2,8.0,"FLY, MOUNTED",,Gauss cannon,Ranged,3,3,5,-2,2,1,Lethal Hits,
Lokhust Destroyers,Xenos - Necrons,,6f72-b8f7-fd8d-5c2c,40,1,6,3,3,,,2,8.0,"FLY, MOUNTED",,Close combat weapon,Melee,2,3,4,0,1,1,,
Lokhust Heavy Destroyers,Xenos - Necrons,,d9ea-2965-24-d3a3,50,1,6,4,3,,,2,8.0,"FLY, MOUNTED",,Enmitic exterminator,Ranged,6,3,6,-1,1,1,"Sustained Hits 1, Rapid Fire 6, Heavy",
Lokhust Heavy Destroyers,Xenos - Necrons,,d9ea-2965-24-d3a3,50,1,6,4,3,,,2,8.0,"FLY, MOUNTED",,Close combat weapon,Melee,2,3,4,0,1,1,,
Lokhust Lord,Xenos - Necrons,,8725-de36-7ef7-45f6,80,1,6,6,3,4,,2,8.0,"CHARACTER, FLY, MOUNTED",,Staff of light,Ranged,3,2,5,-2,1,1,,
Lokhust Lord,Xenos - Necrons,,8725-de36-7ef7-45f6,80,1,6,6,3,4,,2,8.0,"CHARACTER, FLY, MOUNTED",,Staff of light,Melee,4,2,5,-2,1,1,,
Lychguard,Xenos - Necrons,,c4e3-f6b0-f3aa-9d90,80,5,5,2,3,,,1,5.0,INFANTRY,,Warscythe,Melee,2,3,8,-3,2,5,Devastating Wounds,
Monolith,Xenos - Necrons,,db10-2662-da6a-516e,420,1,13,22,2,,,8,8.0,"FLY, TITANIC, VEHICLE",,Particle whip,Ranged,3D6,3,8,-1,2,1,"Devastating Wounds, Blast",
Monolith,Xenos - Necrons,,db10-2662-da6a-516e,420,1,13,22,2,,,8,8.0,"FLY, TITANIC, VEHICLE",,Portal of exile,Melee,6,2,8,-2,3,1,,
Monolith,Xenos - Necrons,,db10-2662-da6a-516e,420,1,13,22,2,,,8,8.0,"FLY, TITANIC, VEHICLE",,Gauss flux arc,Ranged,3,3,6,-1,1,4,"Lethal Hits, Rapid Fire 3",
Necron Warriors,Xenos - Necrons,,58e9-5212-f5a6-c12d,85,10,4,1,4,,,2,5.0,"BATTLELINE, INFANTRY",,Gauss flayer,Ranged,1,4,4,0,1,10,"Lethal Hits, Rapid Fire 1",
Necron Warriors,Xenos - Necrons,,58e9-5212-f5a6-c12d,85,10,4,1,4,,,2,5.0,"BATTLELINE, INFANTRY",,Close combat weapon,Melee,1,4,4,0,1,10,,
Nekrosor Ammentar,Xenos - Necrons,,1d4b-a179-ae99-3283,185,1,8,9,3,4,,3,10.0,"CHARACTER, EPIC HERO, INFANTRY",,Blade tail and whip coils,Melee,6,2,6,-1,1,1,,
Nekrosor Ammentar,Xenos - Necrons,,1d4b-a179-ae99-3283,185,1,8,9,3,4,,3,10.0,"CHARACTER, EPIC HERO, INFANTRY",,Enmitic disintegrators,Ranged,4,2,6,-2,1,1,"Sustained Hits 2, Ignores Cover",
Nekrosor Ammentar,Xenos - Necrons,,1d4b-a179-ae99-3283,185,1,8,9,3,4,,3,10.0,"CHARACTER, EPIC HERO, INFANTRY",,Unmaker gauntlet,Melee,6,2,10,-3,3,1,,
Night Scythe,Xenos - Necrons,,2a86-2d6-6446-7f1,125,1,9,12,3,,,0,14.0,"FLY, TRANSPORT, VEHICLE",,Twin tesla destructor,Ranged,6,3,8,0,2,1,"Sustained Hits 2, Twin-linked",
Night Scythe,Xenos - Necrons,,2a86-2d6-6446-7f1,125,1,9,12,3,,,0,14.0,"FLY, TRANSPORT, VEHICLE",,Armoured bulk,Melee,3,4,6,0,1,1,,
Obelisk,Xenos - Necrons,,256d-92cd-5d14-bbab,280,1,13,24,2,,,8,8.0,"FLY, TITANIC, VEHICLE",,Armoured bulk,Melee,6,4,8,0,1,1,,
Obelisk,Xenos - Necrons,,256d-92cd-5d14-bbab,280,1,13,24,2,,,8,8.0,"FLY, TITANIC, VEHICLE",,Tesla sphere,Ranged,6,3,7,0,1,4,"Sustained Hits 2, Anti-Fly 4+",
Ophydian Destroyers,Xenos - Necrons,,c6db-9736-4d53-3ef6,80,3,5,3,4,,,2,10.0,INFANTRY,,Ophydian hyperphase weapons,Melee,5,3,4,-2,2,3,,
Orikan the Diviner,Xenos - Necrons,,ba86-eaad-5396-fc07,90,1,4,4,4,4,,1,5.0,"CHARACTER, EPIC HERO, INFANTRY",,Staff of Tomorrow,Melee,2,3,4,-3,D3,1,Devastating Wounds,
Overlord,Xenos - Necrons,,dbe5-257e-e2bd-1b40,90,1,5,6,2,4,,1,5.0,"CHARACTER, INFANTRY",,Overlord's blade,Melee,4,2,8,-3,2,1,Devastating Wounds,
Overlord,Xenos - Necrons,,dbe5-257e-e2bd-1b40,90,1,5,6,2,4,,1,5.0,"CHARACTER, INFANTRY",,Tachyon arrow,Ranged,1,2,16,-5,D6+2,1,,
Overlord with Translocation Shroud,Xenos - Necrons,,2e4-afdd-efdd-c5c8,90,1,5,6,2,4,,1,5.0,"CHARACTER, INFANTRY",,Overlord's blade,Melee,4,2,8,-3,2,1,Devastating Wounds,
Plasmancer,Xenos - Necrons,,84bc-87b1-1eec-f574,60,1,4,4,4,,,1,5.0,"CHARACTER, INFANTRY",,Plasmic lance,Ranged,3,4,7,-3,2,1,,
Plasmancer,Xenos - Necrons,,84bc-87b1-1eec-f574,60,1,4,4,4,,,1,5.0,"CHARACTER, INFANTRY",,Plasmic lance,Melee,2,4,7,-3,2,1,,
Psychomancer,Xenos - Necrons,,aea6-b6a1-a924-d31,55,1,4,4,4,,,1,5.0,"CHARACTER, INFANTRY",,Abyssal lance,Ranged,1,4,6,-3,3,1,,
Psychomancer,Xenos - Necrons,,aea6-b6a1-a924-d31,55,1,4,4,4,,,1,5.0,"CHARACTER, INFANTRY",,Abyssal lance,Melee,1,4,6,-3,3,1,,
Royal Warden,Xenos - Necrons,,379b-d6a0-cd05-ef89,50,1,5,4,3,,,1,5.0,"CHARACTER, INFANTRY",,Close combat weapon,Melee,4,3,5,0,1,1,,
Royal Warden,Xenos - Necrons,,379b-d6a0-cd05-ef89,50,1,5,4,3,,,1,5.0,"CHARACTER, INFANTRY",,Relic gauss blaster,Ranged,2,3,5,-1,2,1,"Lethal Hits, Rapid Fire 2",
Seraptek Heavy Construct,Xenos - Necrons,,fa11-cd65-fcf6-427c,540,1,12,24,3,5,,10,10.0,"TITANIC, VEHICLE, WALKER",,➤ Titanic forelimbs - strike,Melee,6,3,14,-3,5,1,,
Seraptek Heavy Construct,Xenos - Necrons,,fa11-cd65-fcf6-427c,540,1,12,24,3,5,,10,10.0,"TITANIC, VEHICLE, WALKER",,Singularity generator,Ranged,2D6,3,10,-3,4,2,"Devastating Wounds, Blast",
Skorpekh Destroyers,Xenos - Necrons,,66e-26f2-7c38-e4d8,85,3,6,3,3,,,2,8.0,INFANTRY,,Skorpekh hyperphase weapons,Melee,4,3,7,-2,2,3,,
Skorpekh Lord,Xenos - Necrons,,c401-d95f-c5ce-7738,95,1,7,7,3,4,,2,8.0,"CHARACTER, INFANTRY",,Enmitic annihilator,Ranged,2,2,6,-1,1,1,Rapid Fire 2,
Skorpekh Lord,Xenos - Necrons,,c401-d95f-c5ce-7738,95,1,7,7,3,4,,2,8.0,"CHARACTER, INFANTRY",,Flensing claw,Melee,8,2,6,-1,1,1,,
Skorpekh Lord,Xenos - Necrons,,c401-d95f-c5ce-7738,95,1,7,7,3,4,,2,8.0,"CHARACTER, INFANTRY",,Hyperphase harvester,Melee,4,2,10,-3,3,1,,
Technomancer,Xenos - Necrons,,852a-ba39-e93f-6b62,80,1,4,4,4,,,1,10.0,"CHARACTER, FLY, INFANTRY",,Staff of light,Ranged,3,4,5,-2,1,1,,
Technomancer,Xenos - Necrons,,852a-ba39-e93f-6b62,80,1,4,4,4,,,1,10.0,"CHARACTER, FLY, INFANTRY",,Staff of light,Melee,2,4,5,-2,1,1,,
Tesseract Vault,Xenos - Necrons,,5451-67b5-a66c-71d2,465,1,12,24,2,4,,8,8.0,"FLY, TITANIC, VEHICLE",,Armoured bulk,Melee,6,4,8,0,1,1,,
Tesseract Vault,Xenos - Necrons,,5451-67b5-a66c-71d2,465,1,12,24,2,4,,8,8.0,"FLY, TITANIC, VEHICLE",,Tesla sphere,Ranged,6,3,7,0,1,4,Sustained Hits 2,
The Silent King,Xenos - Necrons,,7422-7fbf-8694-364c,420,3,10,5,2,4,,1,8.0,"EPIC HERO, VEHICLE",1x T10 W16 Sv2+ Inv4+ | 2x T10 W5 Sv2+ Inv4+,Sceptre of Eternal Glory,Ranged,2,2,10,-3,3,1,Devastating Wounds,
The Silent King,Xenos - Necrons,,7422-7fbf-8694-364c,420,3,10,5,2,4,,1,8.0,"EPIC HERO, VEHICLE",1x T10 W16 Sv2+ Inv4+ | 2x T10 W5 Sv2+ Inv4+,Staff of Stars,Ranged,12,2,6,-1,1,1,,
The Silent King,Xenos - Necrons,,7422-7fbf-8694-364c,420,3,10,5,2,4,,1,8.0,"EPIC HERO, VEHICLE",1x T10 W16 Sv2+ Inv4+ | 2x T10 W5 Sv2+ Inv4+,Weapons of the Final Triarch,Melee,12,2,8,-3,2,1,Lethal Hits,
The Silent King,Xenos - Necrons,,7422-7fbf-8694-364c,420,3,10,5,2,4,,1,8.0,"EPIC HERO, VEHICLE",1x T10 W16 Sv2+ Inv4+ | 2x T10 W5 Sv2+ Inv4+,Annihilator beam,Ranged,1,2,14,-4,6,2,,
The Silent King,Xenos - Necrons,,7422-7fbf-8694-364c,420,3,10,5,2,4,,1,8.0,"EPIC HERO, VEHICLE",1x T10 W16 Sv2+ Inv4+ | 2x T10 W5 Sv2+ Inv4+,Armoured bulk,Melee,1,4,4,0,1,2,,
Tomb Blades,Xenos - Necrons,,77d-d442-a3-422c,70,3,5,2,4,,,2,12.0,"FLY, MOUNTED",,Close combat weapon,Melee,1,4,4,0,1,3,,
Tomb Blades,Xenos - Necrons,,77d-d442-a3-422c,70,3,5,2,4,,,2,12.0,"FLY, MOUNTED",,Twin gauss blaster,Ranged,2,3,5,-1,1,3,"Lethal Hits, Twin-linked",
Transcendent C'tan,Xenos - Necrons,,276e-bc21-e1d0-3c41,340,1,11,16,3,4,,4,8.0,"CHARACTER, FLY, MONSTER",,Crackling tendrils,Melee,8,2,10,-3,D6,1,Sustained Hits 1,
Transcendent C'tan,Xenos - Necrons,,276e-bc21-e1d0-3c41,340,1,11,16,3,4,,4,8.0,"CHARACTER, FLY, MONSTER",,Seismic assault,Ranged,6,2,8,-2,2,1,Sustained Hits 1,
Trazyn the Infinite,Xenos - Necrons,,c1e6-b88a-2003-174d,65,1,5,6,2,4,,1,5.0,"CHARACTER, EPIC HERO, INFANTRY",,Empathic Obliterator,Melee,4,2,7,0,D3,1,Sustained Hits 2,sustained D3 -> 2 (mean)
Triarch Praetorians,Xenos - Necrons,,6829-6dcb-b342-afe4,80,5,5,2,3,,,1,10.0,"FLY, INFANTRY",,Rod of covenant,Melee,3,3,5,-2,2,5,,
Triarch Praetorians,Xenos - Necrons,,6829-6dcb-b342-afe4,80,5,5,2,3,,,1,10.0,"FLY, INFANTRY",,Rod of covenant,Ranged,1,3,5,-2,2,5,,
Triarch Stalker,Xenos - Necrons,,14fa-6813-e51b-7942,110,1,8,12,3,4,,4,8.0,"VEHICLE, WALKER",,Stalker's forelimbs,Melee,4,3,7,-1,3,1,,
Triarch Stalker,Xenos - Necrons,,14fa-6813-e51b-7942,110,1,8,12,3,4,,4,8.0,"VEHICLE, WALKER",,➤ Heat ray - dispersed,Ranged,2D6,2,5,-1,1,1,"Torrent, Ignores Cover",
Bannernob,Xenos - Orks,,3b35-92f5-bd1a-af8d,35,1,5,4,4,,,3,6.0,"CHARACTER, INFANTRY",,Kustom Choppa,Melee,4,3,5,-2,2,1,,
Bannernob,Xenos - Orks,,3b35-92f5-bd1a-af8d,35,1,5,4,4,,,3,6.0,"CHARACTER, INFANTRY",,Shoota,Ranged,2,5,4,0,1,1,Rapid Fire 1,lethal hits: non-monster/vehicle
Battlewagon,Xenos - Orks,,306a-b2ac-aaf1-9a7c,150,1,11,16,3,6,,5,10.0,"TRANSPORT, VEHICLE",,Crushin' Bulk,Melee,6,3,8,-2,2,1,,
Beast Snagga Boyz,Xenos - Orks,,b7c3-d00e-daf2-76fb,85,10,5,1,5,6,,2,6.0,"BATTLELINE, INFANTRY",8x T5 W1 Sv5+ Inv6+ | 1x T5 W1 Sv5+ Inv6+ | 1x T5 W3 Sv5+ Inv6+,Slugga,Ranged,1,5,4,0,1,8,,lethal hits: non-monster/vehicle
Beast Snagga Boyz,Xenos - Orks,,b7c3-d00e-daf2-76fb,85,10,5,1,5,6,,2,6.0,"BATTLELINE, INFANTRY",8x T5 W1 Sv5+ Inv6+ | 1x T5 W1 Sv5+ Inv6+ | 1x T5 W3 Sv5+ Inv6+,➤ Choppa - Standard,Melee,3,3,5,-1,1,8,,
Beast Snagga Boyz,Xenos - Orks,,b7c3-d00e-daf2-76fb,85,10,5,1,5,6,,2,6.0,"BATTLELINE, INFANTRY",8x T5 W1 Sv5+ Inv6+ | 1x T5 W1 Sv5+ Inv6+ | 1x T5 W3 Sv5+ Inv6+,Slugga,Ranged,1,5,4,0,1,1,,lethal hits: non-monster/vehicle
Beast Snagga Boyz,Xenos - Orks,,b7c3-d00e-daf2-76fb,85,10,5,1,5,6,,2,6.0,"BATTLELINE, INFANTRY",8x T5 W1 Sv5+ Inv6+ | 1x T5 W1 Sv5+ Inv6+ | 1x T5 W3 Sv5+ Inv6+,➤ Choppa - Standard,Melee,3,3,5,-1,1,1,,
Beast Snagga Boyz,Xenos - Orks,,b7c3-d00e-daf2-76fb,85,10,5,1,5,6,,2,6.0,"BATTLELINE, INFANTRY",8x T5 W1 Sv5+ Inv6+ | 1x T5 W1 Sv5+ Inv6+ | 1x T5 W3 Sv5+ Inv6+,Power Snappa,Melee,3,3,8,-2,2,1,,
Beast Snagga Boyz,Xenos - Orks,,b7c3-d00e-daf2-76fb,85,10,5,1,5,6,,2,6.0,"BATTLELINE, INFANTRY",8x T5 W1 Sv5+ Inv6+ | 1x T5 W1 Sv5+ Inv6+ | 1x T5 W3 Sv5+ Inv6+,Slugga,Ranged,1,5,4,0,1,1,,lethal hits: non-monster/vehicle
Beastboss,Xenos - Orks,,5a5d-c5a4-39b8-4a3f,85,1,6,6,4,5,,1,6.0,"CHARACTER, INFANTRY",,Beast Snagga Klaw and Beastchoppa,Melee,6,2,12,-2,2,1,,sustained hits 2: monster/vehicle
Beastboss,Xenos - Orks,,5a5d-c5a4-39b8-4a3f,85,1,6,6,4,5,,1,6.0,"CHARACTER, INFANTRY",,Shoota,Ranged,2,4,4,0,1,1,Rapid Fire 1,lethal hits: non-monster/vehicle
Beastboss on Squigosaur,Xenos - Orks,,a8b7-351-d911-a4d6,140,1,9,10,3,5,,3,10.0,"CHARACTER, MONSTER",,Squigosaur’s jaws,Melee,3,3,7,-2,3,1,,
Beastboss on Squigosaur,Xenos - Orks,,a8b7-351-d911-a4d6,140,1,9,10,3,5,,3,10.0,"CHARACTER, MONSTER",,➤ Beastchoppa - Hunter (Hunter: MONSTER/VEHICLE),Melee,6,2,12,-2,D6,1,,
Beastboss on Squigosaur,Xenos - Orks,,a8b7-351-d911-a4d6,140,1,9,10,3,5,,3,10.0,"CHARACTER, MONSTER",,Slugga,Ranged,1,5,4,0,1,1,,lethal hits: non-monster/vehicle
Big Mek,Xenos - Orks,,fbee-427a-1c46-f621,85,1,5,6,3,,,1,6.0,"CHARACTER, INFANTRY",,Drilla,Melee,3,3,12,-3,3,1,,
Big Mek,Xenos - Orks,,fbee-427a-1c46-f621,85,1,5,6,3,,,1,6.0,"CHARACTER, INFANTRY",,Kustom mega-blasta,Ranged,3,4,9,-2,3,1,,
Big Mek Dakkarig,Xenos - Orks,,78a7-cf35-aa8d-c420,135,1,8,11,3,5,,3,8.0,"CHARACTER, VEHICLE, WALKER",,Stompy Feet,Melee,4,3,6,-1,1,1,,
Big Mek Dakkarig,Xenos - Orks,,78a7-cf35-aa8d-c420,135,1,8,11,3,5,,3,8.0,"CHARACTER, VEHICLE, WALKER",,Blitzkannon,Ranged,8,4,7,-2,2,1,Ignores Cover,lethal hits: non-monster/vehicle
Big Mek Dakkarig,Xenos - Orks,,78a7-cf35-aa8d-c420,135,1,8,11,3,5,,3,8.0,"CHARACTER, VEHICLE, WALKER",,Multi-busta Launcha,Ranged,6,5,10,-2,3,1,"Lethal Hits, Ignores Cover",
Big Mek in Mega Armour,Xenos - Orks,,95e9-6da3-5e75-2566,90,1,6,5,2,,,1,5.0,"CHARACTER, INFANTRY",,Power Klaw,Melee,3,3,10,-2,2,1,,
Big Mek in Mega Armour,Xenos - Orks,,95e9-6da3-5e75-2566,90,1,6,5,2,,,1,5.0,"CHARACTER, INFANTRY",,➤ Kustom Shoota - Aimed,Ranged,4,4,4,0,1,1,Rapid Fire 2,lethal hits: non-monster/vehicle
Big Mek with Shokk Attack Gun,Xenos - Orks,,dde2-ca42-e3bc-2ef6,95,1,5,5,4,,,1,6.0,"CHARACTER, INFANTRY",,Shokk Attack Gun,Ranged,D3+3,5,12,-4,D6+1,1,Heavy,
Big Mek with Shokk Attack Gun,Xenos - Orks,,dde2-ca42-e3bc-2ef6,95,1,5,5,4,,,1,6.0,"CHARACTER, INFANTRY",,Big Mek's Toolz,Melee,4,3,5,0,1,1,,
Big'ed Bossbunka,Xenos - Orks,,b82a-6b65-7050-ac48,135,1,10,12,3,,,0,0.0,"TRANSPORT, VEHICLE",,➤ Gaze of Gork - Glare,Ranged,3,5,5,0,1,1,,
Big'ed Bossbunka,Xenos - Orks,,b82a-6b65-7050-ac48,135,1,10,12,3,,,0,0.0,"TRANSPORT, VEHICLE",,Big Shoota,Ranged,3,5,5,0,1,1,Rapid Fire 2,lethal hits: non-monster/vehicle
Bigboss,Xenos - Orks,,181e-be55-d9c6-2b69,50,1,5,5,4,,,1,6.0,"CHARACTER, INFANTRY",,Big Choppa,Melee,5,3,7,-2,2,1,,
Bigboss,Xenos - Orks,,181e-be55-d9c6-2b69,50,1,5,5,4,,,1,6.0,"CHARACTER, INFANTRY",,Slugga,Ranged,1,5,4,0,1,1,,lethal hits: non-monster/vehicle
Blitza-bommer,Xenos - Orks,,a20-d3af-2c3e-3267,115,1,9,12,3,6,,0,0.0,"AIRCRAFT, FLY, VEHICLE",,Armoured Impact,Melee,3,4,6,0,1,1,,
Blitza-bommer,Xenos - Orks,,a20-d3af-2c3e-3267,115,1,9,12,3,6,,0,0.0,"AIRCRAFT, FLY, VEHICLE",,Big Shoota,Ranged,3,5,5,0,1,1,Rapid Fire 2,lethal hits: non-monster/vehicle
Blitza-bommer,Xenos - Orks,,a20-d3af-2c3e-3267,115,1,9,12,3,6,,0,0.0,"AIRCRAFT, FLY, VEHICLE",,Dual Supa-shoota,Ranged,8,5,6,-1,1,1,Rapid Fire 4,lethal hits: non-monster/vehicle
Boss Snikrot,Xenos - Orks,,e651-5901-35e5-dc35,80,1,5,6,5,5,,1,6.0,"CHARACTER, EPIC HERO, INFANTRY",,Mork’s Teef,Melee,6,2,6,-2,2,1,Anti-Infantry 2+,
Boss Snikrot,Xenos - Orks,,e651-5901-35e5-dc35,80,1,5,6,5,5,,1,6.0,"CHARACTER, EPIC HERO, INFANTRY",,Slugga,Ranged,1,5,4,0,1,1,,lethal hits: non-monster/vehicle
Boyz,Xenos - Orks,,e3b1-1240-2476-cd86,90,10,5,1,5,,,2,6.0,"BATTLELINE, INFANTRY",6x T5 W1 Sv5+ | 3x T5 W1 Sv5+ | 1x T5 W3 Sv5+,Choppa,Melee,3,3,5,-1,1,6,,
Boyz,Xenos - Orks,,e3b1-1240-2476-cd86,90,10,5,1,5,,,2,6.0,"BATTLELINE, INFANTRY",6x T5 W1 Sv5+ | 3x T5 W1 Sv5+ | 1x T5 W3 Sv5+,Slugga,Ranged,1,5,4,0,1,6,,lethal hits: non-monster/vehicle
Boyz,Xenos - Orks,,e3b1-1240-2476-cd86,90,10,5,1,5,,,2,6.0,"BATTLELINE, INFANTRY",6x T5 W1 Sv5+ | 3x T5 W1 Sv5+ | 1x T5 W3 Sv5+,Shoota,Ranged,2,5,4,0,1,6,Rapid Fire 1,lethal hits: non-monster/vehicle
Boyz,Xenos - Orks,,e3b1-1240-2476-cd86,90,10,5,1,5,,,2,6.0,"BATTLELINE, INFANTRY",6x T5 W1 Sv5+ | 3x T5 W1 Sv5+ | 1x T5 W3 Sv5+,Choppa,Melee,3,3,5,-1,1,3,,
Boyz,Xenos - Orks,,e3b1-1240-2476-cd86,90,10,5,1,5,,,2,6.0,"BATTLELINE, INFANTRY",6x T5 W1 Sv5+ | 3x T5 W1 Sv5+ | 1x T5 W3 Sv5+,Slugga,Ranged,1,5,4,0,1,3,,lethal hits: non-monster/vehicle
Boyz,Xenos - Orks,,e3b1-1240-2476-cd86,90,10,5,1,5,,,2,6.0,"BATTLELINE, INFANTRY",6x T5 W1 Sv5+ | 3x T5 W1 Sv5+ | 1x T5 W3 Sv5+,Shoota,Ranged,2,5,4,0,1,3,Rapid Fire 1,lethal hits: non-monster/vehicle
Boyz,Xenos - Orks,,e3b1-1240-2476-cd86,90,10,5,1,5,,,2,6.0,"BATTLELINE, INFANTRY",6x T5 W1 Sv5+ | 3x T5 W1 Sv5+ | 1x T5 W3 Sv5+,Kustom Choppa,Melee,4,3,5,-2,2,1,,
Boyz,Xenos - Orks,,e3b1-1240-2476-cd86,90,10,5,1,5,,,2,6.0,"BATTLELINE, INFANTRY",6x T5 W1 Sv5+ | 3x T5 W1 Sv5+ | 1x T5 W3 Sv5+,Kustom Shoota,Ranged,4,5,4,0,1,1,Rapid Fire 2,lethal hits: non-monster/vehicle
Breaka Boyz,Xenos - Orks,,a596-3d99-257e-0ea1,135,6,5,2,4,,,1,6.0,INFANTRY,3x T5 W2 Sv4+ | 2x T5 W2 Sv4+ | 1x T5 W3 Sv4+,➤ Smash Hammer - Hunter (Hunter: MONSTER/VEHICLE),Melee,3,3,12,-2,3,3,,
Breaka Boyz,Xenos - Orks,,a596-3d99-257e-0ea1,135,6,5,2,4,,,1,6.0,INFANTRY,3x T5 W2 Sv4+ | 2x T5 W2 Sv4+ | 1x T5 W3 Sv4+,➤ Smash Hammer - Hunter (Hunter: MONSTER/VEHICLE),Melee,3,3,12,-2,3,2,,
Breaka Boyz,Xenos - Orks,,a596-3d99-257e-0ea1,135,6,5,2,4,,,1,6.0,INFANTRY,3x T5 W2 Sv4+ | 2x T5 W2 Sv4+ | 1x T5 W3 Sv4+,Choppa,Melee,4,3,5,-1,1,1,,
Breaka Boyz,Xenos - Orks,,a596-3d99-257e-0ea1,135,6,5,2,4,,,1,6.0,INFANTRY,3x T5 W2 Sv4+ | 2x T5 W2 Sv4+ | 1x T5 W3 Sv4+,Rokkit pistol,Ranged,1,5,10,-2,3,2,,
Burna-bommer,Xenos - Orks,,93a1-386a-e40f-472f,125,1,9,12,3,6,,0,0.0,"AIRCRAFT, FLY, VEHICLE",,Dual Supa-shoota,Ranged,8,5,6,-1,1,1,"Sustained Hits 1, Rapid Fire 4",lethal hits: non-monster/vehicle
Burna-bommer,Xenos - Orks,,93a1-386a-e40f-472f,125,1,9,12,3,6,,0,0.0,"AIRCRAFT, FLY, VEHICLE",,Dual Big Shoota,Ranged,6,5,5,0,1,1,Rapid Fire 4,lethal hits: non-monster/vehicle
Burna-bommer,Xenos - Orks,,93a1-386a-e40f-472f,125,1,9,12,3,6,,0,0.0,"AIRCRAFT, FLY, VEHICLE",,Armoured Impact,Melee,3,4,6,0,1,1,,
Dakkajet,Xenos - Orks,,3b42-b41f-d11e-bdca,125,1,9,12,3,6,,0,0.0,"AIRCRAFT, FLY, VEHICLE",,Armoured Impact,Melee,3,4,6,0,1,1,,
Dakkajet,Xenos - Orks,,3b42-b41f-d11e-bdca,125,1,9,12,3,6,,0,0.0,"AIRCRAFT, FLY, VEHICLE",,Dual Supa-shoota,Ranged,8,5,6,-1,1,2,Rapid Fire 4,lethal hits: non-monster/vehicle
Deff Dread,Xenos - Orks,,1594-b986-e77e-d89d,130,1,9,8,2,6,,3,8.0,"VEHICLE, WALKER",,Dread Klaws,Melee,5,3,12,-2,3,1,,
Deff Dread,Xenos - Orks,,1594-b986-e77e-d89d,130,1,9,8,2,6,,3,8.0,"VEHICLE, WALKER",,Extra Klaw,Melee,1,3,12,-2,3,1,,
Deff Dread,Xenos - Orks,,1594-b986-e77e-d89d,130,1,9,8,2,6,,3,8.0,"VEHICLE, WALKER",,Skorcha,Ranged,3,2,5,0,1,1,Torrent,
Deffkilla Wartrike,Xenos - Orks,,ca85-1d18-dc30-d64e,80,1,6,9,4,5,,3,12.0,"CHARACTER, MOUNTED",,Boomstikks,Ranged,6,5,5,0,1,1,,lethal hits: non-monster/vehicle
Deffkilla Wartrike,Xenos - Orks,,ca85-1d18-dc30-d64e,80,1,6,9,4,5,,3,12.0,"CHARACTER, MOUNTED",,➤ Killa Jet - Burna,Melee,3,3,5,-1,1,1,,
Deffkilla Wartrike,Xenos - Orks,,ca85-1d18-dc30-d64e,80,1,6,9,4,5,,3,12.0,"CHARACTER, MOUNTED",,Snagga Klaw,Ranged,1,5,7,-2,2,1,,
Deffkilla Wartrike,Xenos - Orks,,ca85-1d18-dc30-d64e,80,1,6,9,4,5,,3,12.0,"CHARACTER, MOUNTED",,Snagga Klaw,Melee,5,2,7,-2,2,1,,
Deffkoptas,Xenos - Orks,,2d6e-aa3b-c28c-5ef0,80,3,6,4,4,6,,2,12.0,"FLY, MOUNTED",,➤ Rokkit Launcha- Busta,Ranged,2,5,10,-2,3,2,Lethal Hits,
Deffkoptas,Xenos - Orks,,2d6e-aa3b-c28c-5ef0,80,3,6,4,4,6,,2,12.0,"FLY, MOUNTED",,Slugga,Ranged,1,5,4,0,1,2,,lethal hits: non-monster/vehicle
Deffkoptas,Xenos - Orks,,2d6e-aa3b-c28c-5ef0,80,3,6,4,4,6,,2,12.0,"FLY, MOUNTED",,Spinnin’ Blades,Melee,4,3,5,-1,1,2,,
Deffkoptas,Xenos - Orks,,2d6e-aa3b-c28c-5ef0,80,3,6,4,4,6,,2,12.0,"FLY, MOUNTED",,Choppa,Melee,3,4,5,-1,1,2,,
Deffkoptas,Xenos - Orks,,2d6e-aa3b-c28c-5ef0,80,3,6,4,4,6,,2,12.0,"FLY, MOUNTED",,➤ Rokkit Launcha- Busta,Ranged,2,5,10,-2,3,1,Lethal Hits,
Deffkoptas,Xenos - Orks,,2d6e-aa3b-c28c-5ef0,80,3,6,4,4,6,,2,12.0,"FLY, MOUNTED",,Slugga,Ranged,1,5,4,0,1,1,,lethal hits: non-monster/vehicle
Deffkoptas,Xenos - Orks,,2d6e-aa3b-c28c-5ef0,80,3,6,4,4,6,,2,12.0,"FLY, MOUNTED",,Spinnin’ Blades,Melee,4,3,5,-1,1,1,,
Deffkoptas,Xenos - Orks,,2d6e-aa3b-c28c-5ef0,80,3,6,4,4,6,,2,12.0,"FLY, MOUNTED",,Choppa,Melee,3,4,5,-1,1,1,,
Flash Gitz,Xenos - Orks,,1de9-b138-28a1-9c4b,105,5,5,3,4,,,1,6.0,INFANTRY,,Choppa,Melee,4,3,5,-1,1,4,,
Flash Gitz,Xenos - Orks,,1de9-b138-28a1-9c4b,105,5,5,3,4,,,1,6.0,INFANTRY,,➤ Snazzgun - Cutta,Ranged,1,4,9,-3,D3+2,4,Melta 2,
Flash Gitz,Xenos - Orks,,1de9-b138-28a1-9c4b,105,5,5,3,4,,,1,6.0,INFANTRY,,Choppa,Melee,4,3,5,-1,1,1,,
Flash Gitz,Xenos - Orks,,1de9-b138-28a1-9c4b,105,5,5,3,4,,,1,6.0,INFANTRY,,➤ Snazzgun - Cutta,Ranged,1,4,9,-3,D3+2,1,Melta 2,
Gargantuan Squiggoth,Xenos - Orks,,aeed-c6d9-4b90-376a,500,1,13,30,3,,,12,10.0,"MONSTER, TITANIC, TRANSPORT",,➤ Huge tusks - strike,Melee,6,3,14,-3,12,1,Lance,
Ghazghkull Thraka,Xenos - Orks,,4ea0-6b70-c17c-bc00,300,1,10,16,2,4,,4,8.0,"CHARACTER, EPIC HERO, INFANTRY",,Adamantine 'Eadbutt,Melee,1,2,14,-2,D3+3,1,Devastating Wounds,
Ghazghkull Thraka,Xenos - Orks,,4ea0-6b70-c17c-bc00,300,1,10,16,2,4,,4,8.0,"CHARACTER, EPIC HERO, INFANTRY",,➤ Mork’s Roar - Point Blank,Ranged,2D6+2,2,6,-1,1,1,Torrent,
Ghazghkull Thraka,Xenos - Orks,,4ea0-6b70-c17c-bc00,300,1,10,16,2,4,,4,8.0,"CHARACTER, EPIC HERO, INFANTRY",,Gork’s Klaw,Melee,7,2,14,-3,4,1,Devastating Wounds,
Gorkanaut,Xenos - Orks,,56d6-a7fc-fa08-4345,325,1,12,20,2,6,,8,9.0,"TITANIC, TRANSPORT, VEHICLE, WALKER",,➤ Deffstorm Mega-shoota - Point Blank,Ranged,3D6,2,6,-1,1,1,Torrent,
Gorkanaut,Xenos - Orks,,56d6-a7fc-fa08-4345,325,1,12,20,2,6,,8,9.0,"TITANIC, TRANSPORT, VEHICLE, WALKER",,Klaw of Gork,Melee,6,3,18,-3,6,1,,
Gorkanaut,Xenos - Orks,,56d6-a7fc-fa08-4345,325,1,12,20,2,6,,8,9.0,"TITANIC, TRANSPORT, VEHICLE, WALKER",,➤ Rokkit Launcha - Busta,Ranged,2,5,10,-2,3,2,,
Gorkanaut,Xenos - Orks,,56d6-a7fc-fa08-4345,325,1,12,20,2,6,,8,9.0,"TITANIC, TRANSPORT, VEHICLE, WALKER",,Skorcha,Ranged,3,2,5,0,1,1,Torrent,
Gorkanaut,Xenos - Orks,,56d6-a7fc-fa08-4345,325,1,12,20,2,6,,8,9.0,"TITANIC, TRANSPORT, VEHICLE, WALKER",,Dual Big Shoota,Ranged,6,5,5,0,1,2,Rapid Fire 4,lethal hits: non-monster/vehicle
Gretchin,Xenos - Orks,,de8f-24f9-c543-92b7,45,10,2,1,6,,,1,6.0,INFANTRY,,Scavenged Shivs,Melee,1,5,2,0,1,10,,
Gretchin,Xenos - Orks,,de8f-24f9-c543-92b7,45,10,2,1,6,,,1,6.0,INFANTRY,,Grot Blasta,Ranged,1,4,3,0,1,10,,
Gunwagon,Xenos - Orks,,8bfa-c22a-ae4e-52e8,150,1,12,16,3,6,,5,10.0,"TRANSPORT, VEHICLE",,Crushin' Bulk,Melee,6,3,8,-2,2,1,,
Gunwagon,Xenos - Orks,,8bfa-c22a-ae4e-52e8,150,1,12,16,3,6,,5,10.0,"TRANSPORT, VEHICLE",,➤ Kannon - Shell,Ranged,2,4,10,-2,D6+1,1,Rapid Fire 2,
Hunta Rig,Xenos - Orks,,70de-d621-8465-f7b8,165,1,10,16,3,6,,5,10.0,"MONSTER, TRANSPORT",,’Eavy Lobba,Ranged,3,5,6,0,2,1,,
Hunta Rig,Xenos - Orks,,70de-d621-8465-f7b8,165,1,10,16,3,6,,5,10.0,"MONSTER, TRANSPORT",,Butcha Boyz,Melee,4,3,5,-1,1,1,,
Hunta Rig,Xenos - Orks,,70de-d621-8465-f7b8,165,1,10,16,3,6,,5,10.0,"MONSTER, TRANSPORT",,Savage Horns and Hooves,Melee,4,4,8,-1,3,1,Lance,
Hunta Rig,Xenos - Orks,,70de-d621-8465-f7b8,165,1,10,16,3,6,,5,10.0,"MONSTER, TRANSPORT",,Saw Blades,Melee,6,3,10,-2,2,1,,
Hunta Rig,Xenos - Orks,,70de-d621-8465-f7b8,165,1,10,16,3,6,,5,10.0,"MONSTER, TRANSPORT",,Stikka Kannon,Ranged,1,5,12,-2,3,1,,
Kill Rig,Xenos - Orks,,eb21-c97f-2d9a-b363,175,1,10,16,3,6,,5,10.0,"MONSTER, PSYKER, TRANSPORT",,Wurrtower,Ranged,1,2,12,-3,6,1,Torrent,
Kill Rig,Xenos - Orks,,eb21-c97f-2d9a-b363,175,1,10,16,3,6,,5,10.0,"MONSTER, PSYKER, TRANSPORT",,’Eavy Lobba,Ranged,3,5,6,0,2,1,,
Kill Rig,Xenos - Orks,,eb21-c97f-2d9a-b363,175,1,10,16,3,6,,5,10.0,"MONSTER, PSYKER, TRANSPORT",,Butcha Boyz,Melee,4,3,5,-1,1,1,,
Kill Rig,Xenos - Orks,,eb21-c97f-2d9a-b363,175,1,10,16,3,6,,5,10.0,"MONSTER, PSYKER, TRANSPORT",,Savage Horns and Hooves,Melee,4,4,8,-1,3,1,Lance,
Kill Rig,Xenos - Orks,,eb21-c97f-2d9a-b363,175,1,10,16,3,6,,5,10.0,"MONSTER, PSYKER, TRANSPORT",,Saw Blades,Melee,6,3,10,-2,2,1,,
Kill Rig,Xenos - Orks,,eb21-c97f-2d9a-b363,175,1,10,16,3,6,,5,10.0,"MONSTER, PSYKER, TRANSPORT",,Stikka Kannon,Ranged,1,5,12,-2,3,1,,
Killa Kans,Xenos - Orks,,8c36-c946-2e0f-f648,130,3,7,5,3,6,,2,8.0,"VEHICLE, WALKER",,Kan Klaw,Melee,3,4,8,-2,3,3,,
Killa Kans,Xenos - Orks,,8c36-c946-2e0f-f648,130,3,7,5,3,6,,2,8.0,"VEHICLE, WALKER",,➤ Kan Blasta - Kill Shot,Ranged,2,4,10,-2,3,3,,
Kommandos,Xenos - Orks,,303-267f-e45c-6aa9,125,10,5,1,5,,,1,6.0,INFANTRY,9x T5 W1 Sv5+ | 1x T5 W3 Sv5+,Slugga,Ranged,1,5,4,0,1,9,,lethal hits: non-monster/vehicle
Kommandos,Xenos - Orks,,303-267f-e45c-6aa9,125,10,5,1,5,,,1,6.0,INFANTRY,9x T5 W1 Sv5+ | 1x T5 W3 Sv5+,Choppa,Melee,3,3,5,-1,1,9,,
Kommandos,Xenos - Orks,,303-267f-e45c-6aa9,125,10,5,1,5,,,1,6.0,INFANTRY,9x T5 W1 Sv5+ | 1x T5 W3 Sv5+,Slugga,Ranged,1,5,4,0,1,1,,lethal hits: non-monster/vehicle
Kommandos,Xenos - Orks,,303-267f-e45c-6aa9,125,10,5,1,5,,,1,6.0,INFANTRY,9x T5 W1 Sv5+ | 1x T5 W3 Sv5+,Choppa,Melee,3,3,5,-1,1,1,,
Meganobz,Xenos - Orks,,7067-34f4-5272-e05f,75,2,6,3,2,,,1,5.0,INFANTRY,,➤ Kustom Shoota - Aimed,Ranged,4,5,4,0,1,2,Rapid Fire 2,lethal hits: non-monster/vehicle
Meganobz,Xenos - Orks,,7067-34f4-5272-e05f,75,2,6,3,2,,,1,5.0,INFANTRY,,Power Klaw,Melee,3,3,10,-2,2,2,,
Mek,Xenos - Orks,,3b2-8c11-616a-1005,45,1,5,4,5,,,1,6.0,"CHARACTER, INFANTRY",,Kustom Mega-slugga,Ranged,3,4,8,-2,3,1,,
Mek,Xenos - Orks,,3b2-8c11-616a-1005,45,1,5,4,5,,,1,6.0,"CHARACTER, INFANTRY",,Mek's Toolz,Melee,3,3,5,0,1,1,,
Mek Gunz,Xenos - Orks,,b37a-8686-db2c-8cbd,55,1,6,6,4,6,,2,5.0,VEHICLE,,Smasha Gun,Ranged,4,4,7,-3,3,1,,
Mek Gunz,Xenos - Orks,,b37a-8686-db2c-8cbd,55,1,6,6,4,6,,2,5.0,VEHICLE,,Scavenged Shivs,Melee,5,5,2,0,1,1,,
Morkanaut,Xenos - Orks,,9ee5-2b39-de06-dda6,345,1,12,20,2,5,,8,9.0,"TITANIC, TRANSPORT, VEHICLE, WALKER",,Klaw of Mork,Melee,5,3,18,-3,6,1,,
Morkanaut,Xenos - Orks,,9ee5-2b39-de06-dda6,345,1,12,20,2,5,,8,9.0,"TITANIC, TRANSPORT, VEHICLE, WALKER",,Kustom Mega-zappa,Ranged,3,4,12,-2,4,1,,
Morkanaut,Xenos - Orks,,9ee5-2b39-de06-dda6,345,1,12,20,2,5,,8,9.0,"TITANIC, TRANSPORT, VEHICLE, WALKER",,Dual Big Shoota,Ranged,6,4,5,0,1,2,Rapid Fire 4,lethal hits: non-monster/vehicle
Morkanaut,Xenos - Orks,,9ee5-2b39-de06-dda6,345,1,12,20,2,5,,8,9.0,"TITANIC, TRANSPORT, VEHICLE, WALKER",,Kustom Mega-blasta,Ranged,3,4,9,-2,3,1,,
Morkanaut,Xenos - Orks,,9ee5-2b39-de06-dda6,345,1,12,20,2,5,,8,9.0,"TITANIC, TRANSPORT, VEHICLE, WALKER",,➤ Rokkit Launcha - Busta,Ranged,2,4,10,-2,3,2,,
Mozrog Skragbad,Xenos - Orks,,b42b-ea0-38f1-6300,170,1,9,10,3,4,,3,10.0,"CHARACTER, EPIC HERO, MONSTER",,Big Chompa’s Jaws,Melee,3,3,7,-2,4,1,,
Mozrog Skragbad,Xenos - Orks,,b42b-ea0-38f1-6300,170,1,9,10,3,4,,3,10.0,"CHARACTER, EPIC HERO, MONSTER",,➤ Gutrippa - Hunter (Hunter: MONSTER/VEHICLE),Melee,6,2,12,-2,D6+1,1,Lethal Hits,
Mozrog Skragbad,Xenos - Orks,,b42b-ea0-38f1-6300,170,1,9,10,3,4,,3,10.0,"CHARACTER, EPIC HERO, MONSTER",,Thump Gun,Ranged,3,5,6,0,2,1,,
Nazdreg,Xenos - Orks,,80c4-14b2-d02d-d289,175,1,7,8,2,5,,1,5.0,"CHARACTER, EPIC HERO, INFANTRY",,Moonchewa,Melee,5,2,12,-2,3,1,Twin-linked,
Nazdreg,Xenos - Orks,,80c4-14b2-d02d-d289,175,1,7,8,2,5,,1,5.0,"CHARACTER, EPIC HERO, INFANTRY",,Kustom Blasta X,Melee,6,2,5,-1,1,1,,
Nazdreg,Xenos - Orks,,80c4-14b2-d02d-d289,175,1,7,8,2,5,,1,5.0,"CHARACTER, EPIC HERO, INFANTRY",,Kustom Blasta X - Skorcha,Ranged,3,2,5,-1,1,1,Torrent,
Nazdreg,Xenos - Orks,,80c4-14b2-d02d-d289,175,1,7,8,2,5,,1,5.0,"CHARACTER, EPIC HERO, INFANTRY",,Kustom Blasta X - Gatler,Ranged,6,4,9,-2,3,1,,
Nazdreg,Xenos - Orks,,80c4-14b2-d02d-d289,175,1,7,8,2,5,,1,5.0,"CHARACTER, EPIC HERO, INFANTRY",,Kustom Blasta X - Shoota,Ranged,4,4,5,-1,1,1,Rapid Fire 2,lethal hits: non-monster/vehicle
Nobz,Xenos - Orks,,b16a-7132-3f8a-abe5,125,5,5,3,4,,,1,6.0,INFANTRY,,Kustom Krumpa,Melee,3,3,10,-2,2,5,,
Nobz,Xenos - Orks,,b16a-7132-3f8a-abe5,125,5,5,3,4,,,1,6.0,INFANTRY,,Kustom Shoota,Ranged,4,5,4,0,1,5,Rapid Fire 2,lethal hits: non-monster/vehicle
Painboss,Xenos - Orks,,a74a-107a-e2ac-7e4c,60,1,5,4,4,6,,1,6.0,"CHARACTER, INFANTRY",,Beast Snagga Klaw,Melee,3,3,10,-2,2,1,,
Painboy,Xenos - Orks,,7669-1442-2c0b-e0c9,45,1,5,3,5,,,1,6.0,"CHARACTER, INFANTRY",,Dok's Toolz,Melee,3,3,10,-2,2,1,,
Painboy,Xenos - Orks,,7669-1442-2c0b-e0c9,45,1,5,3,5,,,1,6.0,"CHARACTER, INFANTRY",,’Urty syringe,Melee,1,3,2,0,D6,1,Anti-Infantry 4+,devastating wounds: infantry
Rukkatrukk Squigbuggies,Xenos - Orks,,a856-30b7-e56d-57db,85,1,7,9,4,6,,3,12.0,VEHICLE,,Sawn-off Shotgun,Ranged,2,5,4,0,1,1,,lethal hits: non-monster/vehicle
Rukkatrukk Squigbuggies,Xenos - Orks,,a856-30b7-e56d-57db,85,1,7,9,4,6,,3,12.0,VEHICLE,,Squig Launchas,Ranged,D6+6,4,5,-1,2,1,Ignores Cover,
Rukkatrukk Squigbuggies,Xenos - Orks,,a856-30b7-e56d-57db,85,1,7,9,4,6,,3,12.0,VEHICLE,,Saw Blades,Melee,4,3,7,-1,2,1,,
Runtherd,Xenos - Orks,,f401-c74a-cca8-5de3,10,1,5,3,5,,,1,6.0,"CHARACTER, INFANTRY",,Runtherd's Toolz,Melee,3,3,5,0,1,1,,
Runtherd,Xenos - Orks,,f401-c74a-cca8-5de3,10,1,5,3,5,,,1,6.0,"CHARACTER, INFANTRY",,Slugga,Ranged,1,5,4,0,1,1,,lethal hits: non-monster/vehicle
Squighog Boyz,Xenos - Orks,,6a83-8e1f-63ef-50c3,140,4,6,3,4,6,,2,10.0,MOUNTED,1x T6 W4 Sv4+ Inv6+ | 3x T6 W3 Sv4+ Inv6+,Big Choppa,Melee,4,3,7,-1,2,1,,
Squighog Boyz,Xenos - Orks,,6a83-8e1f-63ef-50c3,140,4,6,3,4,6,,2,10.0,MOUNTED,1x T6 W4 Sv4+ Inv6+ | 3x T6 W3 Sv4+ Inv6+,Squig Jaws,Melee,3,4,6,-1,2,1,,
Squighog Boyz,Xenos - Orks,,6a83-8e1f-63ef-50c3,140,4,6,3,4,6,,2,10.0,MOUNTED,1x T6 W4 Sv4+ Inv6+ | 3x T6 W3 Sv4+ Inv6+,Slugga,Ranged,1,5,4,0,1,1,,lethal hits: non-monster/vehicle
Squighog Boyz,Xenos - Orks,,6a83-8e1f-63ef-50c3,140,4,6,3,4,6,,2,10.0,MOUNTED,1x T6 W4 Sv4+ Inv6+ | 3x T6 W3 Sv4+ Inv6+,Stikka (melee),Melee,3,3,5,-1,2,3,,
Squighog Boyz,Xenos - Orks,,6a83-8e1f-63ef-50c3,140,4,6,3,4,6,,2,10.0,MOUNTED,1x T6 W4 Sv4+ Inv6+ | 3x T6 W3 Sv4+ Inv6+,Stikka (ranged),Ranged,1,5,5,-1,2,3,,
Squighog Boyz,Xenos - Orks,,6a83-8e1f-63ef-50c3,140,4,6,3,4,6,,2,10.0,MOUNTED,1x T6 W4 Sv4+ Inv6+ | 3x T6 W3 Sv4+ Inv6+,Saddlegit's Shiv,Ranged,1,4,3,0,1,3,,
Squighog Boyz,Xenos - Orks,,6a83-8e1f-63ef-50c3,140,4,6,3,4,6,,2,10.0,MOUNTED,1x T6 W4 Sv4+ Inv6+ | 3x T6 W3 Sv4+ Inv6+,Squig Jaws,Melee,3,4,6,-1,2,3,,
Stompa,Xenos - Orks,,6c08-9131-14a3-a3b4,700,1,14,30,2,5,,12,10.0,"TITANIC, TRANSPORT, VEHICLE, WALKER",,Deffkannon and Supa-rokkits,Ranged,12,5,14,-3,D6+2,1,,
Stompa,Xenos - Orks,,6c08-9131-14a3-a3b4,700,1,14,30,2,5,,12,10.0,"TITANIC, TRANSPORT, VEHICLE, WALKER",,Mega-choppa,Melee,6,3,24,-4,10,1,,
Stompa,Xenos - Orks,,6c08-9131-14a3-a3b4,700,1,14,30,2,5,,12,10.0,"TITANIC, TRANSPORT, VEHICLE, WALKER",,➤ Supa-gatler - Point Blank,Ranged,3D6+3,2,7,-2,2,1,Torrent,
Stompa,Xenos - Orks,,6c08-9131-14a3-a3b4,700,1,14,30,2,5,,12,10.0,"TITANIC, TRANSPORT, VEHICLE, WALKER",,Skorcha,Ranged,3,2,5,-1,1,1,Torrent,
Stompa,Xenos - Orks,,6c08-9131-14a3-a3b4,700,1,14,30,2,5,,12,10.0,"TITANIC, TRANSPORT, VEHICLE, WALKER",,Big Shoota,Ranged,3,5,5,0,1,5,Rapid Fire 2,lethal hits: non-monster/vehicle
Stompa,Xenos - Orks,,6c08-9131-14a3-a3b4,700,1,14,30,2,5,,12,10.0,"TITANIC, TRANSPORT, VEHICLE, WALKER",,Twin big shoota,Ranged,3,5,5,0,1,1,"Twin-linked, Rapid Fire 2",
Stormboyz,Xenos - Orks,,4adf-8249-c6b2-dd4f,70,5,5,1,5,,,1,12.0,"FLY, INFANTRY",4x T5 W1 Sv5+ | 1x T5 W3 Sv5+,Slugga,Ranged,1,5,4,0,1,4,,lethal hits: non-monster/vehicle
Stormboyz,Xenos - Orks,,4adf-8249-c6b2-dd4f,70,5,5,1,5,,,1,12.0,"FLY, INFANTRY",4x T5 W1 Sv5+ | 1x T5 W3 Sv5+,Choppa,Melee,3,3,5,-1,1,4,,
Stormboyz,Xenos - Orks,,4adf-8249-c6b2-dd4f,70,5,5,1,5,,,1,12.0,"FLY, INFANTRY",4x T5 W1 Sv5+ | 1x T5 W3 Sv5+,Slugga,Ranged,1,5,4,0,1,1,,
Stormboyz,Xenos - Orks,,4adf-8249-c6b2-dd4f,70,5,5,1,5,,,1,12.0,"FLY, INFANTRY",4x T5 W1 Sv5+ | 1x T5 W3 Sv5+,Kustom Choppa,Melee,4,3,5,-2,2,1,,
Tankbustas,Xenos - Orks,,dadc-d370-ef10-853c,145,6,5,2,4,,,1,6.0,INFANTRY,1x T5 W3 Sv4+ | 4x T5 W2 Sv4+ | 1x T5 W2 Sv4+,Choppa,Melee,4,3,5,-1,1,1,,
Tankbustas,Xenos - Orks,,dadc-d370-ef10-853c,145,6,5,2,4,,,1,6.0,INFANTRY,1x T5 W3 Sv4+ | 4x T5 W2 Sv4+ | 1x T5 W2 Sv4+,Rokkit pistol,Ranged,1,4,10,-2,3,2,,
Tankbustas,Xenos - Orks,,dadc-d370-ef10-853c,145,6,5,2,4,,,1,6.0,INFANTRY,1x T5 W3 Sv4+ | 4x T5 W2 Sv4+ | 1x T5 W2 Sv4+,➤ Busta Rokkit Launcha - Hunter (Hunter: MONSTER/VEHICLE),Ranged,3,4,12,-2,3,4,,
Tankbustas,Xenos - Orks,,dadc-d370-ef10-853c,145,6,5,2,4,,,1,6.0,INFANTRY,1x T5 W3 Sv4+ | 4x T5 W2 Sv4+ | 1x T5 W2 Sv4+,Gitstikka,Melee,3,3,5,0,1,4,,
Tankbustas,Xenos - Orks,,dadc-d370-ef10-853c,145,6,5,2,4,,,1,6.0,INFANTRY,1x T5 W3 Sv4+ | 4x T5 W2 Sv4+ | 1x T5 W2 Sv4+,➤ Busta Rokkit Launcha - Hunter (Hunter: MONSTER/VEHICLE),Ranged,3,4,12,-2,3,1,,
Tankbustas,Xenos - Orks,,dadc-d370-ef10-853c,145,6,5,2,4,,,1,6.0,INFANTRY,1x T5 W3 Sv4+ | 4x T5 W2 Sv4+ | 1x T5 W2 Sv4+,Gitstikka,Melee,3,3,5,0,1,1,,
Trukk,Xenos - Orks,,1291-7ba8-2c5a-4a92,60,1,8,10,4,6,,2,12.0,"TRANSPORT, VEHICLE",,Spiked Ram,Melee,3,3,6,0,1,1,,
Trukk,Xenos - Orks,,1291-7ba8-2c5a-4a92,60,1,8,10,4,6,,2,12.0,"TRANSPORT, VEHICLE",,Dual Big Shoota,Ranged,6,5,5,0,1,1,Rapid Fire 4,lethal hits: non-monster/vehicle
Warbikers,Xenos - Orks,,83a7-ea20-ed9-d14a,75,3,6,3,4,6,,2,12.0,MOUNTED,2x T6 W3 Sv4+ Inv6+ | 1x T6 W4 Sv4+ Inv6+,Dual Dakkagun,Ranged,6,5,5,0,1,2,,lethal hits: non-monster/vehicle
Warbikers,Xenos - Orks,,83a7-ea20-ed9-d14a,75,3,6,3,4,6,,2,12.0,MOUNTED,2x T6 W3 Sv4+ Inv6+ | 1x T6 W4 Sv4+ Inv6+,Choppa,Melee,3,3,5,-1,1,2,,
Warbikers,Xenos - Orks,,83a7-ea20-ed9-d14a,75,3,6,3,4,6,,2,12.0,MOUNTED,2x T6 W3 Sv4+ Inv6+ | 1x T6 W4 Sv4+ Inv6+,➤ Dual Kombi-rokkit - Busta Rokkit,Ranged,2,5,10,-2,3,1,,
Warbikers,Xenos - Orks,,83a7-ea20-ed9-d14a,75,3,6,3,4,6,,2,12.0,MOUNTED,2x T6 W3 Sv4+ Inv6+ | 1x T6 W4 Sv4+ Inv6+,Kustom Choppa,Melee,4,3,5,-2,2,1,,
Warboss,Xenos - Orks,,2efc-c4b3-2ecc-5a37,100,1,6,6,4,5,,1,6.0,"CHARACTER, INFANTRY",,Kustom Choppa,Melee,6,2,7,-2,2,1,,
Warboss,Xenos - Orks,,2efc-c4b3-2ecc-5a37,100,1,6,6,4,5,,1,6.0,"CHARACTER, INFANTRY",,Kustom Shoota,Ranged,4,5,4,0,1,1,Rapid Fire 2,lethal hits: non-monster/vehicle
Warboss in Mega Armour,Xenos - Orks,,494b-11ce-5af-5b50,125,1,7,7,2,5,,1,5.0,"CHARACTER, INFANTRY",,Big Shoota,Ranged,3,4,5,0,1,1,Rapid Fire 2,lethal hits: non-monster/vehicle
Warboss in Mega Armour,Xenos - Orks,,494b-11ce-5af-5b50,125,1,7,7,2,5,,1,5.0,"CHARACTER, INFANTRY",,’Uge Choppa,Melee,5,2,12,-2,3,1,,
Warbuggies,Xenos - Orks,,e969-cbc8-60a6-affb,70,1,7,9,4,6,,3,12.0,VEHICLE,,➤ Mek Speshul - Point Blank,Ranged,2D6+2,2,5,-1,1,1,Torrent,
Warbuggies,Xenos - Orks,,e969-cbc8-60a6-affb,70,1,7,9,4,6,,3,12.0,VEHICLE,,Spiked Ram,Melee,4,3,7,-1,2,1,,
Warbuggies,Xenos - Orks,,e969-cbc8-60a6-affb,70,1,7,9,4,6,,3,12.0,VEHICLE,,Extra Dakka,Ranged,4,5,5,-1,1,1,Sustained Hits 1,lethal hits: non-monster/vehicle
Wartrakks,Xenos - Orks,,9e51-a749-18ba-2ea4,70,1,6,7,4,6,,3,12.0,MOUNTED,,Multi-busta Launcha,Ranged,D3+3,5,10,-2,3,1,,
Wartrakks,Xenos - Orks,,9e51-a749-18ba-2ea4,70,1,6,7,4,6,,3,12.0,MOUNTED,,Kustom Choppa,Melee,4,3,5,-2,2,1,,
Wartrakks,Xenos - Orks,,9e51-a749-18ba-2ea4,70,1,6,7,4,6,,3,12.0,MOUNTED,,Kustom Shoota,Ranged,4,5,4,0,1,1,Rapid Fire 2,lethal hits: non-monster/vehicle
Wazbom Blastajet,Xenos - Orks,,3832-ad97-2b3b-8775,215,1,9,12,3,6,,0,0.0,"AIRCRAFT, FLY, VEHICLE",,Smasha Gun,Ranged,4,4,6,-3,3,1,Ignores Cover,
Wazbom Blastajet,Xenos - Orks,,3832-ad97-2b3b-8775,215,1,9,12,3,6,,0,0.0,"AIRCRAFT, FLY, VEHICLE",,Armoured Impact,Melee,3,4,6,0,1,1,,
Wazbom Blastajet,Xenos - Orks,,3832-ad97-2b3b-8775,215,1,9,12,3,6,,0,0.0,"AIRCRAFT, FLY, VEHICLE",,Dual Wazbom Mega-kannon,Ranged,4,4,12,-2,4,1,Ignores Cover,
Wazdakka Gutsmek,Xenos - Orks,,2ab7-ab71-0af4-5d39,200,1,8,10,3,4,,3,14.0,"CHARACTER, EPIC HERO, MOUNTED, VEHICLE",,Fixit's Wrench,Melee,1,4,3,0,1,1,,
Wazdakka Gutsmek,Xenos - Orks,,2ab7-ab71-0af4-5d39,200,1,8,10,3,4,,3,14.0,"CHARACTER, EPIC HERO, MOUNTED, VEHICLE",,Psyko-gatler,Ranged,12,4,6,-2,2,1,Sustained Hits 1,lethal hits: non-monster/vehicle
Wazdakka Gutsmek,Xenos - Orks,,2ab7-ab71-0af4-5d39,200,1,8,10,3,4,,3,14.0,"CHARACTER, EPIC HERO, MOUNTED, VEHICLE",,Grabba Dragga,Melee,6,2,10,-2,3,1,Lance,
Wazdakka Gutsmek,Xenos - Orks,,2ab7-ab71-0af4-5d39,200,1,8,10,3,4,,3,14.0,"CHARACTER, EPIC HERO, MOUNTED, VEHICLE",,Grabba Dragga,Ranged,1,2,10,-2,3,1,,
Wazdakka Gutsmek,Xenos - Orks,,2ab7-ab71-0af4-5d39,200,1,8,10,3,4,,3,14.0,"CHARACTER, EPIC HERO, MOUNTED, VEHICLE",,Speeding Bulk and Flaming Exhaust,Melee,3,2,5,-1,1,1,,
Weirdboy,Xenos - Orks,,260d-9ce4-ea1f-a957,65,1,5,4,5,,,1,6.0,"CHARACTER, INFANTRY, PSYKER",,Copper Staff,Melee,3,3,8,-1,2,1,,
Weirdboy,Xenos - Orks,,260d-9ce4-ea1f-a957,65,1,5,4,5,,,1,6.0,"CHARACTER, INFANTRY, PSYKER",,Power Vomit,Ranged,3,2,5,-3,2,1,Torrent,
Zodgrod Wortsnagga,Xenos - Orks,,ce45-db08-3795-18a9,50,1,5,5,5,6,,1,6.0,"CHARACTER, EPIC HERO, INFANTRY",,Da Grabzappa,Melee,5,2,7,-2,2,1,,
Zodgrod Wortsnagga,Xenos - Orks,,ce45-db08-3795-18a9,50,1,5,5,5,6,,1,6.0,"CHARACTER, EPIC HERO, INFANTRY",,Squigstoppa,Ranged,1,5,4,-1,1,1,,devastating wounds: monster/vehicle
AX-1-0 Tiger Shark,Xenos - T'au Empire,,6a78-555-46c7-999b,315,1,11,18,3,5,,0,0.0,"AIRCRAFT, FLY, VEHICLE",,Twin heavy rail cannon,Ranged,1,4,26,-5,12,1,"Devastating Wounds, Twin-linked",
AX-1-0 Tiger Shark,Xenos - T'au Empire,,6a78-555-46c7-999b,315,1,11,18,3,5,,0,0.0,"AIRCRAFT, FLY, VEHICLE",,Missile pod,Ranged,2,4,7,-1,2,2,,
AX-1-0 Tiger Shark,Xenos - T'au Empire,,6a78-555-46c7-999b,315,1,11,18,3,5,,0,0.0,"AIRCRAFT, FLY, VEHICLE",,Armoured hull,Melee,3,5,6,0,1,1,,
AX-1-0 Tiger Shark,Xenos - T'au Empire,,6a78-555-46c7-999b,315,1,11,18,3,5,,0,0.0,"AIRCRAFT, FLY, VEHICLE",,Burst cannon,Ranged,4,4,5,0,1,2,,
Breacher Team,Xenos - T'au Empire,,afc0-2b21-8ddc-3b2a,90,10,3,1,4,,,2,6.0,"BATTLELINE, INFANTRY",,Pulse pistol,Ranged,1,4,5,0,1,9,,
Breacher Team,Xenos - T'au Empire,,afc0-2b21-8ddc-3b2a,90,10,3,1,4,,,2,6.0,"BATTLELINE, INFANTRY",,Close combat weapon,Melee,1,5,3,0,1,9,,
Breacher Team,Xenos - T'au Empire,,afc0-2b21-8ddc-3b2a,90,10,3,1,4,,,2,6.0,"BATTLELINE, INFANTRY",,Pulse blaster,Ranged,2,3,6,-1,1,9,,
Breacher Team,Xenos - T'au Empire,,afc0-2b21-8ddc-3b2a,90,10,3,1,4,,,2,6.0,"BATTLELINE, INFANTRY",,Close combat weapon,Melee,1,5,3,0,1,1,,
Breacher Team,Xenos - T'au Empire,,afc0-2b21-8ddc-3b2a,90,10,3,1,4,,,2,6.0,"BATTLELINE, INFANTRY",,Pulse pistol,Ranged,1,4,5,0,1,1,,
Breacher Team,Xenos - T'au Empire,,afc0-2b21-8ddc-3b2a,90,10,3,1,4,,,2,6.0,"BATTLELINE, INFANTRY",,Pulse blaster,Ranged,2,3,6,-1,1,1,,
Breacher Team,Xenos - T'au Empire,,afc0-2b21-8ddc-3b2a,90,10,3,1,4,,,2,6.0,"BATTLELINE, INFANTRY",,Support turret,Ranged,2,5,5,0,1,1,Twin-linked,
Broadside Battlesuits,Xenos - T'au Empire,,a594-317-b90a-a226,75,1,6,8,2,,,2,5.0,"VEHICLE, WALKER",,Crushing bulk,Melee,3,5,6,0,1,1,,
Broadside Battlesuits,Xenos - T'au Empire,,a594-317-b90a-a226,75,1,6,8,2,,,2,5.0,"VEHICLE, WALKER",,Heavy rail rifle,Ranged,2,4,12,-4,D6+1,1,"Devastating Wounds, Heavy",
Cadre Fireblade,Xenos - T'au Empire,,8f32-9697-ed41-6e3,50,1,3,3,4,,,1,6.0,"CHARACTER, INFANTRY",,Fireblade pulse rifle,Ranged,1,3,5,0,2,1,Rapid Fire 1,
Cadre Fireblade,Xenos - T'au Empire,,8f32-9697-ed41-6e3,50,1,3,3,4,,,1,6.0,"CHARACTER, INFANTRY",,Close combat weapon,Melee,3,4,3,0,1,1,,
Commander Farsight,Xenos - T'au Empire,,a67c-e2aa-41d7-e91e,70,1,5,8,2,4,,2,10.0,"CHARACTER, EPIC HERO, FLY, VEHICLE, WALKER",,High-intensity plasma rifle,Ranged,2,2,8,-3,3,1,,
Commander Farsight,Xenos - T'au Empire,,a67c-e2aa-41d7-e91e,70,1,5,8,2,4,,2,10.0,"CHARACTER, EPIC HERO, FLY, VEHICLE, WALKER",,➤ Dawn Blade - strike,Melee,4,2,10,-2,3,1,,
Commander Shadowsun,Xenos - T'au Empire,,4d0d-af9d-53c2-bc31,100,1,4,6,3,5,,1,10.0,"CHARACTER, EPIC HERO, FLY, INFANTRY",,Light missile pod,Ranged,2,2,7,0,2,1,,
Commander Shadowsun,Xenos - T'au Empire,,4d0d-af9d-53c2-bc31,100,1,4,6,3,5,,1,10.0,"CHARACTER, EPIC HERO, FLY, INFANTRY",,High-energy fusion blaster,Ranged,1,2,10,-4,D6,2,Melta 2,
Commander Shadowsun,Xenos - T'au Empire,,4d0d-af9d-53c2-bc31,100,1,4,6,3,5,,1,10.0,"CHARACTER, EPIC HERO, FLY, INFANTRY",,Flechette launcher,Ranged,5,2,3,0,1,1,,
Commander Shadowsun,Xenos - T'au Empire,,4d0d-af9d-53c2-bc31,100,1,4,6,3,5,,1,10.0,"CHARACTER, EPIC HERO, FLY, INFANTRY",,Battlesuit fists,Melee,3,4,5,0,1,1,,
Commander Shadowsun,Xenos - T'au Empire,,4d0d-af9d-53c2-bc31,100,1,4,6,3,5,,1,10.0,"CHARACTER, EPIC HERO, FLY, INFANTRY",,Pulse pistol,Ranged,1,3,5,0,1,1,,
Commander in Coldstar Battlesuit,Xenos - T'au Empire,,3a73-7255-c639-e89e,95,1,5,6,3,,,2,12.0,"CHARACTER, FLY, VEHICLE, WALKER",,Battlesuit fists,Melee,3,4,5,0,1,1,,
Commander in Coldstar Battlesuit,Xenos - T'au Empire,,3a73-7255-c639-e89e,95,1,5,6,3,,,2,12.0,"CHARACTER, FLY, VEHICLE, WALKER",,High-output burst cannon,Ranged,8,3,5,0,1,1,,
Commander in Enforcer Battlesuit,Xenos - T'au Empire,,99fa-35-ba6e-5354,80,1,5,6,2,,,2,8.0,"CHARACTER, FLY, VEHICLE, WALKER",,Battlesuit fists,Melee,3,4,5,0,1,1,,
Commander in Enforcer Battlesuit,Xenos - T'au Empire,,99fa-35-ba6e-5354,80,1,5,6,2,,,2,8.0,"CHARACTER, FLY, VEHICLE, WALKER",,Missile pod,Ranged,2,3,7,-1,2,1,,
Crisis Fireknife Battlesuits,Xenos - T'au Empire,,9373-d0b3-94c9-e47,100,3,5,4,3,,,2,10.0,"FLY, VEHICLE, WALKER",,Battlesuit fists,Melee,3,5,5,0,1,2,,
Crisis Fireknife Battlesuits,Xenos - T'au Empire,,9373-d0b3-94c9-e47,100,3,5,4,3,,,2,10.0,"FLY, VEHICLE, WALKER",,Plasma rifle,Ranged,1,4,8,-3,3,4,,
Crisis Fireknife Battlesuits,Xenos - T'au Empire,,9373-d0b3-94c9-e47,100,3,5,4,3,,,2,10.0,"FLY, VEHICLE, WALKER",,Battlesuit fists,Melee,3,5,5,0,1,1,,
Crisis Fireknife Battlesuits,Xenos - T'au Empire,,9373-d0b3-94c9-e47,100,3,5,4,3,,,2,10.0,"FLY, VEHICLE, WALKER",,Missile pod,Ranged,2,4,7,-1,2,2,,
Crisis Starscythe Battlesuits,Xenos - T'au Empire,,fb32-c683-b38f-d339,100,3,5,4,3,,,2,10.0,"FLY, VEHICLE, WALKER",,Battlesuit fists,Melee,3,5,5,0,1,2,,
Crisis Starscythe Battlesuits,Xenos - T'au Empire,,fb32-c683-b38f-d339,100,3,5,4,3,,,2,10.0,"FLY, VEHICLE, WALKER",,Burst cannon,Ranged,4,4,5,0,1,4,,
Crisis Starscythe Battlesuits,Xenos - T'au Empire,,fb32-c683-b38f-d339,100,3,5,4,3,,,2,10.0,"FLY, VEHICLE, WALKER",,Battlesuit fists,Melee,3,5,5,0,1,1,,
Crisis Starscythe Battlesuits,Xenos - T'au Empire,,fb32-c683-b38f-d339,100,3,5,4,3,,,2,10.0,"FLY, VEHICLE, WALKER",,Burst cannon,Ranged,4,4,5,0,1,2,,
Crisis Sunforge Battlesuits,Xenos - T'au Empire,,e88f-bc7a-c3f5-8e47,125,3,5,4,3,4,,2,10.0,"FLY, VEHICLE, WALKER",,Battlesuit fists,Melee,3,5,5,0,1,2,,
Crisis Sunforge Battlesuits,Xenos - T'au Empire,,e88f-bc7a-c3f5-8e47,125,3,5,4,3,4,,2,10.0,"FLY, VEHICLE, WALKER",,Fusion blaster,Ranged,1,4,9,-4,D6,4,Melta 2,
Crisis Sunforge Battlesuits,Xenos - T'au Empire,,e88f-bc7a-c3f5-8e47,125,3,5,4,3,4,,2,10.0,"FLY, VEHICLE, WALKER",,Fusion blaster,Ranged,1,4,9,-4,D6,2,Melta 2,
Crisis Sunforge Battlesuits,Xenos - T'au Empire,,e88f-bc7a-c3f5-8e47,125,3,5,4,3,4,,2,10.0,"FLY, VEHICLE, WALKER",,Battlesuit fists,Melee,3,5,5,0,1,1,,
Darkstrider,Xenos - T'au Empire,,a0f5-5934-1570-5a21,60,1,3,3,4,,,1,7.0,"CHARACTER, EPIC HERO, INFANTRY",,Shade,Ranged,2,2,5,0,2,1,,
Darkstrider,Xenos - T'au Empire,,a0f5-5934-1570-5a21,60,1,3,3,4,,,1,7.0,"CHARACTER, EPIC HERO, INFANTRY",,Close combat weapon,Melee,3,4,3,0,1,1,,
Devilfish,Xenos - T'au Empire,,14f3-9aa6-21af-7fe3,75,1,9,13,3,,,2,12.0,"FLY, TRANSPORT, VEHICLE",,Accelerator burst cannon,Ranged,4,4,6,-1,1,1,,
Devilfish,Xenos - T'au Empire,,14f3-9aa6-21af-7fe3,75,1,9,13,3,,,2,12.0,"FLY, TRANSPORT, VEHICLE",,Armoured hull,Melee,3,5,6,0,1,1,,
Devilfish,Xenos - T'au Empire,,14f3-9aa6-21af-7fe3,75,1,9,13,3,,,2,12.0,"FLY, TRANSPORT, VEHICLE",,Twin pulse carbine,Ranged,2,4,5,0,1,2,Twin-linked,
Ethereal,Xenos - T'au Empire,,5e66-6f0-a181-cc4d,50,1,3,3,5,5,,1,6.0,"CHARACTER, INFANTRY",,Honour stave,Melee,2,4,5,0,1,1,,
Firesight Team,Xenos - T'au Empire,,5fe4-86de-b88c-a47b,55,1,3,4,4,,,3,6.0,"CHARACTER, INFANTRY",,Close combat weapons,Melee,4,5,3,0,1,1,,
Firesight Team,Xenos - T'au Empire,,5fe4-86de-b88c-a47b,55,1,3,4,4,,,3,6.0,"CHARACTER, INFANTRY",,Longshot pulse rifles,Ranged,3,4,5,-1,2,1,Heavy,
Firesight Team,Xenos - T'au Empire,,5fe4-86de-b88c-a47b,55,1,3,4,4,,,3,6.0,"CHARACTER, INFANTRY",,Pulse pistol,Ranged,1,3,5,0,1,1,,
Ghostkeel Battlesuit,Xenos - T'au Empire,,5268-6e9-8f5c-c810,150,1,8,12,2,,,3,10.0,"FLY, VEHICLE, WALKER",,Ghostkeel fists,Melee,3,5,6,0,2,1,,
Ghostkeel Battlesuit,Xenos - T'au Empire,,5268-6e9-8f5c-c810,150,1,8,12,2,,,3,10.0,"FLY, VEHICLE, WALKER",,Twin burst cannon,Ranged,4,4,5,0,1,1,Twin-linked,
Ghostkeel Battlesuit,Xenos - T'au Empire,,5268-6e9-8f5c-c810,150,1,8,12,2,,,3,10.0,"FLY, VEHICLE, WALKER",,Fusion collider,Ranged,2,4,12,-4,D6,1,Melta 2,
Hammerhead Gunship,Xenos - T'au Empire,,ca9-49ab-17c1-8556,150,1,10,14,3,,,3,10.0,"FLY, VEHICLE",,Armoured hull,Melee,3,5,6,0,1,1,,
Hammerhead Gunship,Xenos - T'au Empire,,ca9-49ab-17c1-8556,150,1,10,14,3,,,3,10.0,"FLY, VEHICLE",,Railgun,Ranged,1,4,20,-5,D6+6,1,"Devastating Wounds, Heavy",
Hammerhead Gunship,Xenos - T'au Empire,,ca9-49ab-17c1-8556,150,1,10,14,3,,,3,10.0,"FLY, VEHICLE",,Twin pulse carbine,Ranged,2,4,5,0,1,2,Twin-linked,
Kroot Carnivores,Xenos - T'au Empire,,d631-3ca5-e206-4e6a,65,10,3,1,6,,,2,7.0,INFANTRY,,Close combat weapon,Melee,2,3,4,0,1,7,,
Kroot Carnivores,Xenos - T'au Empire,,d631-3ca5-e206-4e6a,65,10,3,1,6,,,2,7.0,INFANTRY,,Kroot rifle,Ranged,1,4,4,0,1,7,Rapid Fire 1,
Kroot Carnivores,Xenos - T'au Empire,,d631-3ca5-e206-4e6a,65,10,3,1,6,,,2,7.0,INFANTRY,,Close combat weapon,Melee,2,3,4,0,1,2,,
Kroot Carnivores,Xenos - T'au Empire,,d631-3ca5-e206-4e6a,65,10,3,1,6,,,2,7.0,INFANTRY,,Kroot rifle,Ranged,1,4,4,0,1,2,Rapid Fire 1,
Kroot Carnivores,Xenos - T'au Empire,,d631-3ca5-e206-4e6a,65,10,3,1,6,,,2,7.0,INFANTRY,,Close combat weapon,Melee,2,3,4,0,1,1,,
Kroot Carnivores,Xenos - T'au Empire,,d631-3ca5-e206-4e6a,65,10,3,1,6,,,2,7.0,INFANTRY,,Kroot pistol,Ranged,1,4,4,0,1,1,,
Kroot Carnivores,Xenos - T'au Empire,,d631-3ca5-e206-4e6a,65,10,3,1,6,,,2,7.0,INFANTRY,,Kroot carbine,Ranged,1,4,4,0,2,1,,
Kroot Farstalkers,Xenos - T'au Empire,,72f2-7d0b-80f9-43b7,75,12,3,1,6,,,1,7.0,INFANTRY,,Ripping fangs,Melee,3,3,3,0,1,2,,
Kroot Farstalkers,Xenos - T'au Empire,,72f2-7d0b-80f9-43b7,75,12,3,1,6,,,1,7.0,INFANTRY,,Farstalker firearm,Ranged,1,4,4,0,1,8,Rapid Fire 1,
Kroot Farstalkers,Xenos - T'au Empire,,72f2-7d0b-80f9-43b7,75,12,3,1,6,,,1,7.0,INFANTRY,,Kroot pistol,Ranged,1,4,4,0,1,8,,
Kroot Farstalkers,Xenos - T'au Empire,,72f2-7d0b-80f9-43b7,75,12,3,1,6,,,1,7.0,INFANTRY,,Close combat weapon,Melee,2,3,4,0,1,8,,
Kroot Farstalkers,Xenos - T'au Empire,,72f2-7d0b-80f9-43b7,75,12,3,1,6,,,1,7.0,INFANTRY,,Farstalker firearm,Ranged,1,4,4,0,1,1,Rapid Fire 1,
Kroot Farstalkers,Xenos - T'au Empire,,72f2-7d0b-80f9-43b7,75,12,3,1,6,,,1,7.0,INFANTRY,,Kroot pistol,Ranged,1,4,4,0,1,1,,
Kroot Farstalkers,Xenos - T'au Empire,,72f2-7d0b-80f9-43b7,75,12,3,1,6,,,1,7.0,INFANTRY,,Close combat weapon,Melee,2,3,4,0,1,1,,
Kroot Farstalkers,Xenos - T'au Empire,,72f2-7d0b-80f9-43b7,75,12,3,1,6,,,1,7.0,INFANTRY,,Ritual blade,Melee,3,3,5,0,1,1,,
Kroot Farstalkers,Xenos - T'au Empire,,72f2-7d0b-80f9-43b7,75,12,3,1,6,,,1,7.0,INFANTRY,,Kroot pistol,Ranged,1,4,4,0,1,1,,
Kroot Farstalkers,Xenos - T'au Empire,,72f2-7d0b-80f9-43b7,75,12,3,1,6,,,1,7.0,INFANTRY,,Farstalker firearm,Ranged,1,4,4,0,1,1,Rapid Fire 1,
Kroot Flesh Shaper,Xenos - T'au Empire,,bb34-e371-33ee-397,45,1,3,3,6,,,1,7.0,"CHARACTER, INFANTRY",,Twin ritualistic blades,Melee,4,2,5,-1,1,1,Twin-linked,
Kroot Flesh Shaper,Xenos - T'au Empire,,bb34-e371-33ee-397,45,1,3,3,6,,,1,7.0,"CHARACTER, INFANTRY",,Kroot scattergun,Ranged,2,4,4,0,1,1,,
Kroot Hounds,Xenos - T'au Empire,,6883-85aa-b338-b88,45,5,3,1,6,,,0,12.0,BEAST,,Ripping fangs,Melee,3,3,3,0,1,5,,
Kroot Lone-spear,Xenos - T'au Empire,,4e8a-c3f4-e497-4901,80,1,5,6,5,,,2,12.0,"CHARACTER, MOUNTED",,Close combat weapon,Melee,3,3,4,0,1,1,,
Kroot Lone-spear,Xenos - T'au Empire,,4e8a-c3f4-e497-4901,80,1,5,6,5,,,2,12.0,"CHARACTER, MOUNTED",,Kalamandra's bite,Melee,4,4,5,-1,1,1,,
Kroot Lone-spear,Xenos - T'au Empire,,4e8a-c3f4-e497-4901,80,1,5,6,5,,,2,12.0,"CHARACTER, MOUNTED",,Kroot long gun,Ranged,1,3,6,-2,3,1,Heavy,
Kroot Trail Shaper,Xenos - T'au Empire,,2ebe-a524-656d-7f0e,50,1,3,3,6,,,1,7.0,"CHARACTER, INFANTRY",,Kroot rifle,Ranged,1,4,4,0,1,1,Rapid Fire 1,
Kroot Trail Shaper,Xenos - T'au Empire,,2ebe-a524-656d-7f0e,50,1,3,3,6,,,1,7.0,"CHARACTER, INFANTRY",,Shaper's blade,Melee,4,2,5,0,1,1,,
Kroot War Shaper,Xenos - T'au Empire,,e9bc-7a6e-322c-87fd,60,1,3,3,6,,,1,7.0,"CHARACTER, INFANTRY",,Shaper's blade,Melee,4,2,5,0,1,1,,
Kroot War Shaper,Xenos - T'au Empire,,e9bc-7a6e-322c-87fd,60,1,3,3,6,,,1,7.0,"CHARACTER, INFANTRY",,Kroot pistol,Ranged,1,4,4,0,1,1,,
Kroot War Shaper,Xenos - T'au Empire,,e9bc-7a6e-322c-87fd,60,1,3,3,6,,,1,7.0,"CHARACTER, INFANTRY",,Dart-bow and tri-blade,Ranged,D3+1,4,4,0,2,1,"Heavy, Anti-Infantry 3+",
Krootox Rampagers,Xenos - T'au Empire,,7f73-6728-df6f-1446,85,3,6,5,5,,,2,7.0,MOUNTED,,Hunting blades,Melee,3,3,4,-1,1,3,Lance,
Krootox Rampagers,Xenos - T'au Empire,,7f73-6728-df6f-1446,85,3,6,5,5,,,2,7.0,MOUNTED,,Kroot pistol and hunting javelins,Ranged,2,4,4,0,1,3,,
Krootox Rampagers,Xenos - T'au Empire,,7f73-6728-df6f-1446,85,3,6,5,5,,,2,7.0,MOUNTED,,Rampager fists,Melee,4,3,6,-1,2,3,Sustained Hits 1,
Krootox Riders,Xenos - T'au Empire,,c523-a2e2-a398-ea00,45,1,6,5,5,,,2,7.0,MOUNTED,,Krootox fists,Melee,4,3,6,-1,2,1,,
Krootox Riders,Xenos - T'au Empire,,c523-a2e2-a398-ea00,45,1,6,5,5,,,2,7.0,MOUNTED,,Repeater cannon,Ranged,2,4,7,-1,2,1,Rapid Fire 2,
Krootox Riders,Xenos - T'au Empire,,c523-a2e2-a398-ea00,45,1,6,5,5,,,2,7.0,MOUNTED,,Close combat weapon,Melee,2,3,4,0,1,1,,
Pathfinder Team,Xenos - T'au Empire,,2598-d700-9952-e439,85,10,3,1,4,,,1,7.0,INFANTRY,,Pulse pistol,Ranged,1,4,5,0,1,9,,
Pathfinder Team,Xenos - T'au Empire,,2598-d700-9952-e439,85,10,3,1,4,,,1,7.0,INFANTRY,,Close combat weapon,Melee,1,5,3,0,1,9,,
Pathfinder Team,Xenos - T'au Empire,,2598-d700-9952-e439,85,10,3,1,4,,,1,7.0,INFANTRY,,Pulse carbine,Ranged,2,4,5,0,1,9,,
Pathfinder Team,Xenos - T'au Empire,,2598-d700-9952-e439,85,10,3,1,4,,,1,7.0,INFANTRY,,Pulse carbine,Ranged,2,4,5,0,1,1,,
Pathfinder Team,Xenos - T'au Empire,,2598-d700-9952-e439,85,10,3,1,4,,,1,7.0,INFANTRY,,Close combat weapon,Melee,1,5,3,0,1,1,,
Pathfinder Team,Xenos - T'au Empire,,2598-d700-9952-e439,85,10,3,1,4,,,1,7.0,INFANTRY,,Pulse pistol,Ranged,1,4,5,0,1,1,,
Piranhas,Xenos - T'au Empire,,ad2-6549-8a19-d745,65,1,7,7,4,,,2,14.0,"FLY, VEHICLE",,Armoured hull,Melee,2,5,4,0,1,1,,
Piranhas,Xenos - T'au Empire,,ad2-6549-8a19-d745,65,1,7,7,4,,,2,14.0,"FLY, VEHICLE",,Twin pulse carbine,Ranged,2,4,5,0,1,2,Twin-linked,
Piranhas,Xenos - T'au Empire,,ad2-6549-8a19-d745,65,1,7,7,4,,,2,14.0,"FLY, VEHICLE",,Piranha burst cannon,Ranged,4,4,6,-1,1,1,,
Razorshark Strike Fighter,Xenos - T'au Empire,,cac0-2569-67c8-f492,160,1,10,12,3,,,0,0.0,"AIRCRAFT, FLY, VEHICLE",,➤ Quad ion turret - standard,Ranged,8,4,7,-1,1,1,Twin-linked,
Razorshark Strike Fighter,Xenos - T'au Empire,,cac0-2569-67c8-f492,160,1,10,12,3,,,0,0.0,"AIRCRAFT, FLY, VEHICLE",,Seeker missile,Ranged,1,4,14,-3,D6+1,2,,
Razorshark Strike Fighter,Xenos - T'au Empire,,cac0-2569-67c8-f492,160,1,10,12,3,,,0,0.0,"AIRCRAFT, FLY, VEHICLE",,Armoured hull,Melee,3,5,6,0,1,1,,
Razorshark Strike Fighter,Xenos - T'au Empire,,cac0-2569-67c8-f492,160,1,10,12,3,,,0,0.0,"AIRCRAFT, FLY, VEHICLE",,Missile pod,Ranged,2,4,7,-1,2,1,,
Riptide Battlesuit,Xenos - T'au Empire,,5d8f-5530-263d-651b,190,1,9,14,2,4,,4,10.0,"FLY, VEHICLE, WALKER",,Riptide fists,Melee,6,5,6,0,2,1,,
Riptide Battlesuit,Xenos - T'au Empire,,5d8f-5530-263d-651b,190,1,9,14,2,4,,4,10.0,"FLY, VEHICLE, WALKER",,Heavy burst cannon,Ranged,12,4,6,-1,2,1,,
Riptide Battlesuit,Xenos - T'au Empire,,5d8f-5530-263d-651b,190,1,9,14,2,4,,4,10.0,"FLY, VEHICLE, WALKER",,Twin smart missile system,Ranged,3,4,5,0,1,1,Twin-linked,
Sky Ray Gunship,Xenos - T'au Empire,,bfe0-2e9f-6f57-b48f,140,1,10,14,3,,,3,10.0,"FLY, VEHICLE",,Seeker missile rack,Ranged,3,4,14,-3,D6+1,1,Twin-linked,
Sky Ray Gunship,Xenos - T'au Empire,,bfe0-2e9f-6f57-b48f,140,1,10,14,3,,,3,10.0,"FLY, VEHICLE",,Armoured hull,Melee,3,5,6,0,1,1,,
Sky Ray Gunship,Xenos - T'au Empire,,bfe0-2e9f-6f57-b48f,140,1,10,14,3,,,3,10.0,"FLY, VEHICLE",,Twin pulse carbine,Ranged,2,4,5,0,1,2,Twin-linked,
Stealth Battlesuits,Xenos - T'au Empire,,5d3a-803e-7cbc-b2f1,100,5,4,2,3,,,1,8.0,"FLY, INFANTRY",,Battlesuit fists,Melee,2,5,4,0,1,2,,
Stealth Battlesuits,Xenos - T'au Empire,,5d3a-803e-7cbc-b2f1,100,5,4,2,3,,,1,8.0,"FLY, INFANTRY",,Burst cannon,Ranged,4,4,5,0,1,2,,
Stealth Battlesuits,Xenos - T'au Empire,,5d3a-803e-7cbc-b2f1,100,5,4,2,3,,,1,8.0,"FLY, INFANTRY",,Battlesuit fists,Melee,2,5,4,0,1,2,,
Stealth Battlesuits,Xenos - T'au Empire,,5d3a-803e-7cbc-b2f1,100,5,4,2,3,,,1,8.0,"FLY, INFANTRY",,Burst cannon,Ranged,4,4,5,0,1,2,,
Stealth Battlesuits,Xenos - T'au Empire,,5d3a-803e-7cbc-b2f1,100,5,4,2,3,,,1,8.0,"FLY, INFANTRY",,Battlesuit fists,Melee,2,5,4,0,1,1,,
Stealth Battlesuits,Xenos - T'au Empire,,5d3a-803e-7cbc-b2f1,100,5,4,2,3,,,1,8.0,"FLY, INFANTRY",,Burst cannon,Ranged,4,4,5,0,1,1,,
Stormsurge,Xenos - T'au Empire,,439b-e08-4466-e162,375,1,11,20,2,4,,6,8.0,"TITANIC, VEHICLE, WALKER",,Cluster rocket system,Ranged,4D6,4,5,0,1,1,"Blast, Heavy",
Stormsurge,Xenos - T'au Empire,,439b-e08-4466-e162,375,1,11,20,2,4,,6,8.0,"TITANIC, VEHICLE, WALKER",,Destroyer missiles,Ranged,1,4,16,-4,D6+2,1,Heavy,
Stormsurge,Xenos - T'au Empire,,439b-e08-4466-e162,375,1,11,20,2,4,,6,8.0,"TITANIC, VEHICLE, WALKER",,Thunderous footfalls,Melee,3,5,8,-1,2,1,,
Stormsurge,Xenos - T'au Empire,,439b-e08-4466-e162,375,1,11,20,2,4,,6,8.0,"TITANIC, VEHICLE, WALKER",,Twin smart missile system,Ranged,3,4,5,0,1,2,"Twin-linked, Heavy",
Stormsurge,Xenos - T'au Empire,,439b-e08-4466-e162,375,1,11,20,2,4,,6,8.0,"TITANIC, VEHICLE, WALKER",,Pulse Driver Cannon,Ranged,D6+3,4,12,-3,3,1,"Blast, Heavy",
Stormsurge,Xenos - T'au Empire,,439b-e08-4466-e162,375,1,11,20,2,4,,6,8.0,"TITANIC, VEHICLE, WALKER",,Twin airbursting fragmentation projector,Ranged,D6,4,3,0,1,1,"Twin-linked, Blast, Heavy",
Strike Team,Xenos - T'au Empire,,acdd-2901-1a75-99f4,70,10,3,1,4,,,2,6.0,"BATTLELINE, INFANTRY",,Pulse pistol,Ranged,1,4,5,0,1,9,,
Strike Team,Xenos - T'au Empire,,acdd-2901-1a75-99f4,70,10,3,1,4,,,2,6.0,"BATTLELINE, INFANTRY",,Close combat weapon,Melee,1,5,3,0,1,9,,
Strike Team,Xenos - T'au Empire,,acdd-2901-1a75-99f4,70,10,3,1,4,,,2,6.0,"BATTLELINE, INFANTRY",,Pulse rifle,Ranged,1,4,5,0,1,9,Rapid Fire 1,
Strike Team,Xenos - T'au Empire,,acdd-2901-1a75-99f4,70,10,3,1,4,,,2,6.0,"BATTLELINE, INFANTRY",,Close combat weapon,Melee,1,5,3,0,1,1,,
Strike Team,Xenos - T'au Empire,,acdd-2901-1a75-99f4,70,10,3,1,4,,,2,6.0,"BATTLELINE, INFANTRY",,Pulse pistol,Ranged,1,4,5,0,1,1,,
Strike Team,Xenos - T'au Empire,,acdd-2901-1a75-99f4,70,10,3,1,4,,,2,6.0,"BATTLELINE, INFANTRY",,Pulse rifle,Ranged,1,4,5,0,1,1,Rapid Fire 1,
Strike Team,Xenos - T'au Empire,,acdd-2901-1a75-99f4,70,10,3,1,4,,,2,6.0,"BATTLELINE, INFANTRY",,Support turret,Ranged,2,5,5,0,1,1,Twin-linked,
Sun Shark Bomber,Xenos - T'au Empire,,8d6a-3409-52db-a8c,150,1,9,12,3,,,0,0.0,"AIRCRAFT, FLY, VEHICLE",,➤ Twin ion rifle - standard,Ranged,3,4,7,-1,1,2,Twin-linked,
Sun Shark Bomber,Xenos - T'au Empire,,8d6a-3409-52db-a8c,150,1,9,12,3,,,0,0.0,"AIRCRAFT, FLY, VEHICLE",,Seeker missile,Ranged,1,4,14,-3,D6+1,2,,
Sun Shark Bomber,Xenos - T'au Empire,,8d6a-3409-52db-a8c,150,1,9,12,3,,,0,0.0,"AIRCRAFT, FLY, VEHICLE",,Armoured hull,Melee,3,5,6,0,1,1,,
Sun Shark Bomber,Xenos - T'au Empire,,8d6a-3409-52db-a8c,150,1,9,12,3,,,0,0.0,"AIRCRAFT, FLY, VEHICLE",,Twin missile pod,Ranged,2,4,7,-1,2,1,Twin-linked,
Ta'unar Supremacy Armour,Xenos - T'au Empire,,16d6-79b5-817d-f084,790,1,13,30,2,5,,10,8.0,"TITANIC, VEHICLE, WALKER",,Crushing feet,Melee,6,5,8,-1,2,1,,
Ta'unar Supremacy Armour,Xenos - T'au Empire,,16d6-79b5-817d-f084,790,1,13,30,2,5,,10,8.0,"TITANIC, VEHICLE, WALKER",,Burst cannon,Ranged,4,4,5,0,1,4,,
Ta'unar Supremacy Armour,Xenos - T'au Empire,,16d6-79b5-817d-f084,790,1,13,30,2,5,,10,8.0,"TITANIC, VEHICLE, WALKER",,Smart missile system,Ranged,3,4,5,0,1,4,,
Ta'unar Supremacy Armour,Xenos - T'au Empire,,16d6-79b5-817d-f084,790,1,13,30,2,5,,10,8.0,"TITANIC, VEHICLE, WALKER",,➤ Tri-axis ion cannon - standard,Ranged,D6+3,4,8,-2,2,2,Blast,
Ta'unar Supremacy Armour,Xenos - T'au Empire,,16d6-79b5-817d-f084,790,1,13,30,2,5,,10,8.0,"TITANIC, VEHICLE, WALKER",,Pulse ordnance driver,Ranged,8,4,5,-1,3,3,Anti-Infantry 2+,
The Twin Lance,Xenos - T'au Empire,,6623-c2cb-6705-580b,230,2,6,8,2,4,,2,10.0,"CHARACTER, EPIC HERO, FLY, VEHICLE, WALKER",1x T6 W8 Sv2+ Inv4+ char | 1x T6 W8 Sv2+ Inv4+ char,Fusion eliminator,Ranged,2,2,10,-4,D6,1,Melta 2,
The Twin Lance,Xenos - T'au Empire,,6623-c2cb-6705-580b,230,2,6,8,2,4,,2,10.0,"CHARACTER, EPIC HERO, FLY, VEHICLE, WALKER",1x T6 W8 Sv2+ Inv4+ char | 1x T6 W8 Sv2+ Inv4+ char,Fusion eliminator,Melee,1,4,10,-4,D6+2,1,,
The Twin Lance,Xenos - T'au Empire,,6623-c2cb-6705-580b,230,2,6,8,2,4,,2,10.0,"CHARACTER, EPIC HERO, FLY, VEHICLE, WALKER",1x T6 W8 Sv2+ Inv4+ char | 1x T6 W8 Sv2+ Inv4+ char,Shardstorm burst system,Ranged,D6,2,5,0,1,1,,
The Twin Lance,Xenos - T'au Empire,,6623-c2cb-6705-580b,230,2,6,8,2,4,,2,10.0,"CHARACTER, EPIC HERO, FLY, VEHICLE, WALKER",1x T6 W8 Sv2+ Inv4+ char | 1x T6 W8 Sv2+ Inv4+ char,Twin pulse blaster,Ranged,2,5,6,-1,1,1,Twin-linked,
The Twin Lance,Xenos - T'au Empire,,6623-c2cb-6705-580b,230,2,6,8,2,4,,2,10.0,"CHARACTER, EPIC HERO, FLY, VEHICLE, WALKER",1x T6 W8 Sv2+ Inv4+ char | 1x T6 W8 Sv2+ Inv4+ char,XV pulse pistol,Ranged,2,2,6,-1,2,1,Rapid Fire 2,
The Twin Lance,Xenos - T'au Empire,,6623-c2cb-6705-580b,230,2,6,8,2,4,,2,10.0,"CHARACTER, EPIC HERO, FLY, VEHICLE, WALKER",1x T6 W8 Sv2+ Inv4+ char | 1x T6 W8 Sv2+ Inv4+ char,XV pulse pistol,Melee,4,3,6,-1,2,1,,
The Twin Lance,Xenos - T'au Empire,,6623-c2cb-6705-580b,230,2,6,8,2,4,,2,10.0,"CHARACTER, EPIC HERO, FLY, VEHICLE, WALKER",1x T6 W8 Sv2+ Inv4+ char | 1x T6 W8 Sv2+ Inv4+ char,Ion scattercannon,Melee,3,4,7,-2,2,1,,
The Twin Lance,Xenos - T'au Empire,,6623-c2cb-6705-580b,230,2,6,8,2,4,,2,10.0,"CHARACTER, EPIC HERO, FLY, VEHICLE, WALKER",1x T6 W8 Sv2+ Inv4+ char | 1x T6 W8 Sv2+ Inv4+ char,➤ Ion scattercannon - overcharge,Ranged,4,2,8,-3,3,1,Rapid Fire 2,
The Twin Lance,Xenos - T'au Empire,,6623-c2cb-6705-580b,230,2,6,8,2,4,,2,10.0,"CHARACTER, EPIC HERO, FLY, VEHICLE, WALKER",1x T6 W8 Sv2+ Inv4+ char | 1x T6 W8 Sv2+ Inv4+ char,Shardstorm burst system,Ranged,D6,2,5,0,1,1,,
The Twin Lance,Xenos - T'au Empire,,6623-c2cb-6705-580b,230,2,6,8,2,4,,2,10.0,"CHARACTER, EPIC HERO, FLY, VEHICLE, WALKER",1x T6 W8 Sv2+ Inv4+ char | 1x T6 W8 Sv2+ Inv4+ char,Twin pulse blaster,Ranged,2,5,6,-1,1,1,Twin-linked,
The Twin Lance,Xenos - T'au Empire,,6623-c2cb-6705-580b,230,2,6,8,2,4,,2,10.0,"CHARACTER, EPIC HERO, FLY, VEHICLE, WALKER",1x T6 W8 Sv2+ Inv4+ char | 1x T6 W8 Sv2+ Inv4+ char,XV pulse pistol,Ranged,2,2,6,-1,2,1,Rapid Fire 2,
The Twin Lance,Xenos - T'au Empire,,6623-c2cb-6705-580b,230,2,6,8,2,4,,2,10.0,"CHARACTER, EPIC HERO, FLY, VEHICLE, WALKER",1x T6 W8 Sv2+ Inv4+ char | 1x T6 W8 Sv2+ Inv4+ char,XV pulse pistol,Melee,4,3,6,-1,2,1,,
Tidewall Droneport,Xenos - T'au Empire,,af7f-fc61-e9c0-6a7e,85,1,8,10,3,,,0,4.0,"FLY, TRANSPORT, VEHICLE",,Drone defenders,Ranged,8,5,5,0,1,1,Twin-linked,
Tidewall Gunrig,Xenos - T'au Empire,,e412-ea81-6767-9974,90,1,8,14,3,,,0,4.0,"FLY, TRANSPORT, VEHICLE",,Supremacy railgun,Ranged,1,5,20,-5,D6+6,1,"Devastating Wounds, Twin-linked",
Tiger Shark,Xenos - T'au Empire,,1c73-43dc-bef0-a468,395,1,11,18,3,5,,0,0.0,"AIRCRAFT, FLY, VEHICLE",,Armoured hull,Melee,3,5,6,0,1,1,,
Tiger Shark,Xenos - T'au Empire,,1c73-43dc-bef0-a468,395,1,11,18,3,5,,0,0.0,"AIRCRAFT, FLY, VEHICLE",,Missile pod,Ranged,2,4,7,-1,2,2,,
Tiger Shark,Xenos - T'au Empire,,1c73-43dc-bef0-a468,395,1,11,18,3,5,,0,0.0,"AIRCRAFT, FLY, VEHICLE",,Burst cannon,Ranged,4,4,5,0,1,2,,
Tiger Shark,Xenos - T'au Empire,,1c73-43dc-bef0-a468,395,1,11,18,3,5,,0,0.0,"AIRCRAFT, FLY, VEHICLE",,➤ Ion cannon - standard,Ranged,D6+3,4,7,-1,2,2,Blast,
Tiger Shark,Xenos - T'au Empire,,1c73-43dc-bef0-a468,395,1,11,18,3,5,,0,0.0,"AIRCRAFT, FLY, VEHICLE",,Skyspear missile rack,Ranged,D6+1,4,6,-1,1,2,"Blast, Anti-Fly 3+",
Vespid Stingwings,Xenos - T'au Empire,,b91-ba27-3842-76c,70,5,4,1,4,,,1,12.0,"FLY, INFANTRY",,Stingwing claws,Melee,1,4,4,-1,1,1,,
Vespid Stingwings,Xenos - T'au Empire,,b91-ba27-3842-76c,70,5,4,1,4,,,1,12.0,"FLY, INFANTRY",,Neutron blaster,Ranged,2,4,5,-2,2,1,,
Vespid Stingwings,Xenos - T'au Empire,,b91-ba27-3842-76c,70,5,4,1,4,,,1,12.0,"FLY, INFANTRY",,Stingwing claws,Melee,1,4,4,-1,1,4,,
Vespid Stingwings,Xenos - T'au Empire,,b91-ba27-3842-76c,70,5,4,1,4,,,1,12.0,"FLY, INFANTRY",,Neutron blaster,Ranged,2,4,5,-2,2,4,,
Barbgaunts,Xenos - Tyranids,,6de-ccee-11b4-be3e,55,5,4,2,4,,,1,6.0,INFANTRY,,Barblauncher,Ranged,D6,4,5,0,1,5,"Blast, Heavy",
Barbgaunts,Xenos - Tyranids,,6de-ccee-11b4-be3e,55,5,4,2,4,,,1,6.0,INFANTRY,,Chitinous claws and teeth,Melee,1,4,4,0,1,5,,
Biovores,Xenos - Tyranids,,3f2c-85ec-d83c-4a2f,60,1,6,5,3,,,1,5.0,INFANTRY,,Spore mine launcher,Ranged,D3,4,6,-1,2,1,"Devastating Wounds, Blast, Heavy",
Biovores,Xenos - Tyranids,,3f2c-85ec-d83c-4a2f,60,1,6,5,3,,,1,5.0,INFANTRY,,Chitin-barbed limbs,Melee,2,4,5,0,1,1,,
Broodlord,Xenos - Tyranids,,b86a-b38a-380c-483d,80,1,5,6,4,4,,1,8.0,"CHARACTER, INFANTRY, PSYKER",,Broodlord Claws and Talons,Melee,5,2,6,-2,2,1,"Devastating Wounds, Twin-linked",
Exocrine,Xenos - Tyranids,,bbfd-5b01-5bd3-a28b,135,1,10,14,3,,,4,8.0,MONSTER,,Bio-plasmic cannon,Ranged,D6+3,3,9,-3,3,1,"Blast, Heavy",
Exocrine,Xenos - Tyranids,,bbfd-5b01-5bd3-a28b,135,1,10,14,3,,,4,8.0,MONSTER,,Powerful limbs,Melee,3,3,7,0,2,1,,
Genestealers,Xenos - Tyranids,,853e-48b8-4cc5-3704,75,5,4,2,5,5,,1,8.0,INFANTRY,,Genestealers claws and talons,Melee,4,2,4,-2,1,5,,
Harpy,Xenos - Tyranids,,c679-b06a-750b-e7f7,185,1,9,12,3,,,0,0.0,"AIRCRAFT, FLY, MONSTER",,Stinger salvoes,Ranged,8,3,5,0,1,1,,
Harpy,Xenos - Tyranids,,c679-b06a-750b-e7f7,185,1,9,12,3,,,0,0.0,"AIRCRAFT, FLY, MONSTER",,Scything wings,Melee,4,4,7,-1,2,1,,
Harpy,Xenos - Tyranids,,c679-b06a-750b-e7f7,185,1,9,12,3,,,0,0.0,"AIRCRAFT, FLY, MONSTER",,Twin stranglethorn cannon,Ranged,D6+1,2,7,-1,2,1,"Twin-linked, Blast",
Harridan,Xenos - Tyranids,,9b5c-3b5a-1f80-9a74,610,1,10,30,3,,,0,14.0,"FLY, MONSTER, TITANIC, TRANSPORT",,Dire bio-cannon,Ranged,D6+6,3,10,-3,3,2,Blast,
Harridan,Xenos - Tyranids,,9b5c-3b5a-1f80-9a74,610,1,10,30,3,,,0,14.0,"FLY, MONSTER, TITANIC, TRANSPORT",,Gargantuan scything talons,Melee,6,3,14,-2,D6,1,,
Haruspex,Xenos - Tyranids,,6249-358f-27d7-ef60,125,1,11,14,3,,,4,8.0,MONSTER,,Grasping tongue,Ranged,1,3,6,-2,D6+1,1,,
Haruspex,Xenos - Tyranids,,6249-358f-27d7-ef60,125,1,11,14,3,,,4,8.0,MONSTER,,Shovelling claws,Melee,4,3,14,-2,D6+1,1,,
Haruspex,Xenos - Tyranids,,6249-358f-27d7-ef60,125,1,11,14,3,,,4,8.0,MONSTER,,Ravenous maw,Melee,14,3,7,-1,2,1,,
Hierophant,Xenos - Tyranids,,fbc0-3a2b-1d7d-23d9,810,1,14,30,2,5,,12,12.0,"MONSTER, TITANIC, TRANSPORT",,Bio-plasma torrent,Ranged,3D6,2,7,-2,1,1,Torrent,
Hierophant,Xenos - Tyranids,,fbc0-3a2b-1d7d-23d9,810,1,14,30,2,5,,12,12.0,"MONSTER, TITANIC, TRANSPORT",,Dire bio-cannon,Ranged,D6+6,3,10,-3,3,2,Blast,
Hierophant,Xenos - Tyranids,,fbc0-3a2b-1d7d-23d9,810,1,14,30,2,5,,12,12.0,"MONSTER, TITANIC, TRANSPORT",,Lashwhip pods,Melee,10,3,5,-1,1,1,,
Hierophant,Xenos - Tyranids,,fbc0-3a2b-1d7d-23d9,810,1,14,30,2,5,,12,12.0,"MONSTER, TITANIC, TRANSPORT",,Titanic scything talons,Melee,8,3,20,-2,D6+1,1,,
Hive Crone,Xenos - Tyranids,,93aa-dd13-de9d-402b,170,1,9,12,3,,,0,0.0,"AIRCRAFT, FLY, MONSTER",,Drool cannon,Ranged,2D6,2,6,-1,1,1,Torrent,
Hive Crone,Xenos - Tyranids,,93aa-dd13-de9d-402b,170,1,9,12,3,,,0,0.0,"AIRCRAFT, FLY, MONSTER",,Tentaclids,Ranged,4,3,7,0,2,1,"Devastating Wounds, Anti-Vehicle 4+",
Hive Crone,Xenos - Tyranids,,93aa-dd13-de9d-402b,170,1,9,12,3,,,0,0.0,"AIRCRAFT, FLY, MONSTER",,Thorax spur,Melee,1,3,10,-3,D6,1,Anti-Fly 2+,
Hive Crone,Xenos - Tyranids,,93aa-dd13-de9d-402b,170,1,9,12,3,,,0,0.0,"AIRCRAFT, FLY, MONSTER",,Scything wings,Melee,4,4,7,-1,2,1,,
Hive Crone,Xenos - Tyranids,,93aa-dd13-de9d-402b,170,1,9,12,3,,,0,0.0,"AIRCRAFT, FLY, MONSTER",,Stinger salvoes,Ranged,8,3,5,0,1,1,,
Hive Guard,Xenos - Tyranids,,ac7a-2560-c083-45b8,80,3,7,4,3,,,1,6.0,INFANTRY,,Shockcannon,Ranged,2,3,7,-1,3,3,Anti-Vehicle 2+,
Hive Guard,Xenos - Tyranids,,ac7a-2560-c083-45b8,80,3,7,4,3,,,1,6.0,INFANTRY,,Chitinous claws and teeth,Melee,3,4,5,0,1,3,,
Hive Tyrant,Xenos - Tyranids,,3e96-8098-3401-77af,195,1,10,10,2,4,,3,8.0,"CHARACTER, MONSTER, PSYKER",,Monstrous bonesword and lash whip,Melee,6,2,9,-2,3,1,Twin-linked,
Hive Tyrant,Xenos - Tyranids,,3e96-8098-3401-77af,195,1,10,10,2,4,,3,8.0,"CHARACTER, MONSTER, PSYKER",,Monstrous scything talons,Melee,4,2,7,-2,2,1,,
Hormagaunts,Xenos - Tyranids,,f15b-9f9c-9bf0-8160,70,10,3,1,5,,,2,10.0,"BATTLELINE, INFANTRY",,Hormagaunt talons,Melee,3,4,3,-1,1,10,,
Maleceptor,Xenos - Tyranids,,2c2d-a2f9-61a8-a6c6,180,1,11,14,3,4,,4,8.0,"MONSTER, PSYKER",,➤ Massive scything talons - strike,Melee,3,3,9,-2,D6+1,1,,
Maleceptor,Xenos - Tyranids,,2c2d-a2f9-61a8-a6c6,180,1,11,14,3,4,,4,8.0,"MONSTER, PSYKER",,Psychic overload,Ranged,D6+3,3,10,-2,3,1,Blast,
Neurogaunts,Xenos - Tyranids,,8ccc-3f27-7e4e-da81,45,11,3,1,6,,,1,6.0,INFANTRY,,Chitinous claws and teeth,Melee,1,4,3,0,1,1,,
Neurogaunts,Xenos - Tyranids,,8ccc-3f27-7e4e-da81,45,11,3,1,6,,,1,6.0,INFANTRY,,Chitinous claws and teeth,Melee,1,4,3,0,1,10,,
Neurotyrant,Xenos - Tyranids,,1ae1-ed96-5100-eda5,130,1,8,9,4,4,,3,6.0,"CHARACTER, FLY, MONSTER, PSYKER",,Neurotyrant claws and lashes,Melee,6,3,5,0,1,1,,
Neurotyrant,Xenos - Tyranids,,1ae1-ed96-5100-eda5,130,1,8,9,4,4,,3,6.0,"CHARACTER, FLY, MONSTER, PSYKER",,Psychic scream,Ranged,2D6,2,5,-1,2,1,"Torrent, Ignores Cover",
Norn Assimilator,Xenos - Tyranids,,6a9b-8e2f-edac-fa2d,250,1,11,16,2,,,5,10.0,MONSTER,,Monstrous scything talons,Melee,6,2,9,-2,3,1,,
Norn Assimilator,Xenos - Tyranids,,6a9b-8e2f-edac-fa2d,250,1,11,16,2,,,5,10.0,MONSTER,,Toxinjecter Harpoon,Melee,4,2,12,-3,D6+1,1,,
Norn Assimilator,Xenos - Tyranids,,6a9b-8e2f-edac-fa2d,250,1,11,16,2,,,5,10.0,MONSTER,,Toxinjecter Harpoon,Ranged,2,2,12,-3,D6+1,1,,
Norn Emissary,Xenos - Tyranids,,5720-2873-8c2c-edc3,250,1,11,16,2,4,,5,10.0,"MONSTER, PSYKER",,Monstrous rending claws,Melee,4,2,7,-2,2,1,,
Norn Emissary,Xenos - Tyranids,,5720-2873-8c2c-edc3,250,1,11,16,2,4,,5,10.0,"MONSTER, PSYKER",,Monstrous scything talons,Melee,6,2,9,-2,3,1,,
Norn Emissary,Xenos - Tyranids,,5720-2873-8c2c-edc3,250,1,11,16,2,4,,5,10.0,"MONSTER, PSYKER",,➤ Psychic tendril - neuroparasite,Ranged,2,2,8,-2,D3,1,,
Old One Eye,Xenos - Tyranids,,9184-9ab6-9238-f558,140,1,9,9,2,,,3,8.0,"CHARACTER, EPIC HERO, MONSTER",,➤ Old One Eye’s claws and talons - Strike,Melee,6,3,14,-3,D6+1,1,,
Psychophage,Xenos - Tyranids,,b6ac-f091-a018-dab2,110,1,9,10,3,,,3,12.0,MONSTER,,Talons and betentacled maw,Melee,6,3,6,-2,2,1,"Devastating Wounds, Anti-Psyker 4+",
Psychophage,Xenos - Tyranids,,b6ac-f091-a018-dab2,110,1,9,10,3,,,3,12.0,MONSTER,,Psychoclastic torrent,Ranged,D6,2,6,-1,1,1,"Torrent, Ignores Cover",
Pyrovores,Xenos - Tyranids,,d2c6-bd0b-3205-3319,40,1,6,5,3,,,1,5.0,INFANTRY,,Flamespurt,Ranged,D6+1,2,6,-1,1,1,"Twin-linked, Torrent, Ignores Cover",
Pyrovores,Xenos - Tyranids,,d2c6-bd0b-3205-3319,40,1,6,5,3,,,1,5.0,INFANTRY,,Chitin-barbed limbs,Melee,2,4,5,0,1,1,,
Ripper Swarms,Xenos - Tyranids,,1de2-b57b-aa0a-1f0d,30,1,2,4,6,,,0,6.0,SWARM,,Chitinous claws and teeth,Melee,6,5,2,0,1,1,Sustained Hits 1,
Screamer-killer,Xenos - Tyranids,,8e53-d4a-a69f-e71d,125,1,9,10,2,,,3,8.0,MONSTER,,Bio-plasmic scream,Ranged,D6+3,4,8,-2,1,1,Blast,
Screamer-killer,Xenos - Tyranids,,8e53-d4a-a69f-e71d,125,1,9,10,2,,,3,8.0,MONSTER,,Screamer-killer talons,Melee,10,3,10,-2,3,1,,
Sporocyst,Xenos - Tyranids,,2cdd-3bf1-55e0-7641,145,1,10,10,3,,,0,0.0,MONSTER,,Flensing whips,Melee,6,4,7,-1,2,1,,
Sporocyst,Xenos - Tyranids,,2cdd-3bf1-55e0-7641,145,1,10,10,3,,,0,0.0,MONSTER,,Sporocyst bio-weapon,Ranged,10,4,5,-1,2,1,,
Termagants,Xenos - Tyranids,,359c-db2c-681a-8d62,60,10,3,1,5,,,2,6.0,"BATTLELINE, INFANTRY",,Chitinous claws and teeth,Melee,1,4,3,0,1,7,,
Termagants,Xenos - Tyranids,,359c-db2c-681a-8d62,60,10,3,1,5,,,2,6.0,"BATTLELINE, INFANTRY",,Fleshborer,Ranged,1,4,5,0,1,7,,
Termagants,Xenos - Tyranids,,359c-db2c-681a-8d62,60,10,3,1,5,,,2,6.0,"BATTLELINE, INFANTRY",,Chitinous claws and teeth,Melee,1,4,3,0,1,3,,
Termagants,Xenos - Tyranids,,359c-db2c-681a-8d62,60,10,3,1,5,,,2,6.0,"BATTLELINE, INFANTRY",,Fleshborer,Ranged,1,4,5,0,1,3,,
Tervigon,Xenos - Tyranids,,cd6d-87b3-125a-f372,160,1,11,16,2,,,5,8.0,"CHARACTER, MONSTER, PSYKER",,Stinger salvoes,Ranged,8,3,5,0,1,1,,
Tervigon,Xenos - Tyranids,,cd6d-87b3-125a-f372,160,1,11,16,2,,,5,8.0,"CHARACTER, MONSTER, PSYKER",,➤ Massive scything talons - strike,Melee,4,3,9,-2,D6,1,,
The Swarmlord,Xenos - Tyranids,,13f7-1a3-eff-7393,210,1,10,10,2,4,,3,8.0,"CHARACTER, EPIC HERO, MONSTER, PSYKER",,Bone Sabres,Melee,8,2,9,-2,3,1,Twin-linked,
The Swarmlord,Xenos - Tyranids,,13f7-1a3-eff-7393,210,1,10,10,2,4,,3,8.0,"CHARACTER, EPIC HERO, MONSTER, PSYKER",,Synaptic Pulse,Ranged,D6+3,2,5,-1,2,1,Torrent,
Toxicrene,Xenos - Tyranids,,30d0-521c-1d45-f57b,120,1,11,14,3,,,4,8.0,MONSTER,,Massive toxic lashes,Melee,12,3,6,-1,2,1,Anti-Infantry 2+,
Toxicrene,Xenos - Tyranids,,30d0-521c-1d45-f57b,120,1,11,14,3,,,4,8.0,MONSTER,,Massive toxic lashes,Ranged,2D6,3,6,-1,2,1,Anti-Infantry 2+,
Tyranid Prime with Lash Whip,Xenos - Tyranids,,31f9-9730-853c-6f13,75,1,5,6,3,,,1,10.0,"CHARACTER, INFANTRY",,Rending claw,Melee,4,2,8,-2,3,1,,
Tyranid Prime with Lash Whip,Xenos - Tyranids,,31f9-9730-853c-6f13,75,1,5,6,3,,,1,10.0,"CHARACTER, INFANTRY",,Lash whip,Melee,8,2,4,-2,1,1,,
Tyranid Prime with Lash Whip,Xenos - Tyranids,,31f9-9730-853c-6f13,75,1,5,6,3,,,1,10.0,"CHARACTER, INFANTRY",,Scything talons,Melee,6,2,6,-2,2,1,,
Tyranid Warriors with Melee Bio-Weapons,Xenos - Tyranids,,5815-871c-9260-287a,75,3,5,3,4,,,2,6.0,INFANTRY,,Tyranid Warrior claws and talons,Melee,6,3,5,-2,1,1,Twin-linked,
Tyranid Warriors with Melee Bio-Weapons,Xenos - Tyranids,,5815-871c-9260-287a,75,3,5,3,4,,,2,6.0,INFANTRY,,Tyranid Warrior claws and talons,Melee,6,3,5,-2,1,2,Twin-linked,
Tyranid Warriors with Ranged Bio-Weapons,Xenos - Tyranids,,a125-b6fb-2945-56a,60,3,5,3,4,,,2,6.0,INFANTRY,,Tyranid Warrior claws and talons,Melee,5,3,5,-1,1,1,,
Tyranid Warriors with Ranged Bio-Weapons,Xenos - Tyranids,,a125-b6fb-2945-56a,60,3,5,3,4,,,2,6.0,INFANTRY,,Deathspitter,Ranged,3,4,5,-1,1,1,,
Tyranid Warriors with Ranged Bio-Weapons,Xenos - Tyranids,,a125-b6fb-2945-56a,60,3,5,3,4,,,2,6.0,INFANTRY,,Tyranid Warrior claws and talons,Melee,5,3,5,-1,1,2,,
Tyranid Warriors with Ranged Bio-Weapons,Xenos - Tyranids,,a125-b6fb-2945-56a,60,3,5,3,4,,,2,6.0,INFANTRY,,Deathspitter,Ranged,3,4,5,-1,1,2,,
Tyrannofex,Xenos - Tyranids,,1705-379b-330d-36d4,170,1,12,16,2,,,5,9.0,MONSTER,,Powerful limbs,Melee,4,3,8,0,2,1,,
Tyrannofex,Xenos - Tyranids,,1705-379b-330d-36d4,170,1,12,16,2,,,5,9.0,MONSTER,,Stinger salvoes,Ranged,8,3,5,0,1,1,,
Tyrannofex,Xenos - Tyranids,,1705-379b-330d-36d4,170,1,12,16,2,,,5,9.0,MONSTER,,Fleshborer hive,Ranged,20,3,5,0,1,1,"Sustained Hits 1, Twin-linked, Heavy",
Tyrant Guard,Xenos - Tyranids,,1645-5407-92c8-1441,80,3,8,4,3,,,1,6.0,INFANTRY,,Scything talons and rending claws,Melee,5,3,5,-1,1,3,,
Venomthropes,Xenos - Tyranids,,b563-c6d3-d0e5-1b78,55,3,5,3,4,,,1,6.0,"FLY, INFANTRY",,Toxic lashes,Melee,5,3,3,0,1,3,Anti-Infantry 2+,
Zoanthropes,Xenos - Tyranids,,b622-a22-a04f-6303,90,3,5,3,5,4,,1,5.0,"FLY, INFANTRY, PSYKER",,Chitinous claws and teeth,Melee,2,5,3,0,1,1,,
Zoanthropes,Xenos - Tyranids,,b622-a22-a04f-6303,90,3,5,3,5,4,,1,5.0,"FLY, INFANTRY, PSYKER",,➤ Warp blast - witchfire,Ranged,D3,3,7,-2,D3,1,Blast,
Zoanthropes,Xenos - Tyranids,,b622-a22-a04f-6303,90,3,5,3,5,4,,1,5.0,"FLY, INFANTRY, PSYKER",,Chitinous claws and teeth,Melee,2,5,3,0,1,2,,
Zoanthropes,Xenos - Tyranids,,b622-a22-a04f-6303,90,3,5,3,5,4,,1,5.0,"FLY, INFANTRY, PSYKER",,➤ Warp blast - witchfire,Ranged,D3,3,7,-2,D3,2,Blast,
